r_cm,v_cms,temp,peak,snr,width_us,conf,area,power_percent,latency_ms,rmse_cm,mae_cm,resolution_mm,snr_norm_r,area_norm_r,width_rel,energy_density,stability_std,snr_variance,echo_consistency,gt_distance_cm,material,timestamp
20.0,0.0,25.0,13075.63,16.77,166.65,1.0,104566.6,19.8,156.0,0.04,0.04,0.42,0.8464249999999998,5281.619,8.332500000000001,633.8576657665765,0.0,0.035322750000000076,987.9202030528544,20,Cardboard,2026-02-08T05:24:47.881946
20.0,0.0,25.0,13132.57,16.84,166.65,1.0,105434.6,19.8,156.0,0.04,0.04,0.43,0.8464249999999998,5281.619,8.332500000000001,633.8576657665765,0.0,0.035322750000000076,987.9202030528544,20,Cardboard,2026-02-08T05:24:47.881946
20.0,0.0,25.0,13132.57,16.84,166.65,1.0,105434.6,19.8,156.0,0.04,0.04,0.43,0.8464249999999998,5281.619,8.332500000000001,633.8576657665765,0.0,0.035322750000000076,987.9202030528544,20,Cardboard,2026-02-08T05:24:47.881946
20.0,0.0,25.0,13132.57,16.84,166.65,1.0,105434.6,19.8,156.0,0.04,0.04,0.43,0.8464249999999998,5281.619,8.332500000000001,633.8576657665765,0.0,0.035322750000000076,987.9202030528544,20,Cardboard,2026-02-08T05:24:47.881946
20.0,0.0,25.0,13132.57,16.84,166.65,1.0,105434.6,19.8,156.0,0.04,0.04,0.43,0.8464249999999998,5281.619,8.332500000000001,633.8576657665765,0.0,0.035322750000000076,987.9202030528544,20,Cardboard,2026-02-08T05:24:47.881946
20.0,0.0,25.0,13132.57,16.84,166.65,1.0,105434.6,19.8,156.0,0.04,0.04,0.43,0.8464249999999998,5281.619,8.332500000000001,633.8576657665765,0.0,0.035322750000000076,987.9202030528544,20,Cardboard,2026-02-08T05:24:47.881946
20.0,0.0,25.0,13457.64,17.25,166.65,1.0,107255.7,19.8,156.0,0.04,0.03,0.38,0.8464249999999998,5281.619,8.332500000000001,633.8576657665765,0.0,0.035322750000000076,987.9202030528544,20,Cardboard,2026-02-08T05:24:47.881946
20.0,0.0,25.0,13457.64,17.25,166.65,1.0,107255.7,19.8,156.0,0.04,0.03,0.38,0.8464249999999998,5281.619,8.332500000000001,633.8576657665765,0.0,0.035322750000000076,987.9202030528544,20,Cardboard,2026-02-08T05:24:47.881946
20.0,0.0,25.0,13457.64,17.25,166.65,1.0,107255.7,19.8,156.0,0.04,0.03,0.38,0.8464249999999998,5281.619,8.332500000000001,633.8576657665765,0.0,0.035322750000000076,987.9202030528544,20,Cardboard,2026-02-08T05:24:47.881946
20.0,0.0,25.0,13457.64,17.25,166.65,1.0,107255.7,19.8,156.0,0.04,0.03,0.38,0.8464249999999998,5281.619,8.332500000000001,633.8576657665765,0.0,0.035322750000000076,987.9202030528544,20,Cardboard,2026-02-08T05:24:47.881946
20.0,0.0,25.0,13457.64,17.25,166.65,1.0,107255.7,19.8,156.0,0.04,0.03,0.38,0.8464249999999998,5281.619,8.332500000000001,633.8576657665765,0.0,0.035322750000000076,987.9202030528544,20,Cardboard,2026-02-08T05:24:47.881946
20.0,0.0,25.0,13097.32,16.79,166.65,1.0,104731.6,19.8,156.0,0.03,0.02,0.31,0.8464249999999998,5281.619,8.332500000000001,633.8576657665765,0.0,0.035322750000000076,987.9202030528544,20,Cardboard,2026-02-08T05:24:47.881946
20.0,0.0,25.0,13097.32,16.79,166.65,1.0,104731.6,19.8,156.0,0.03,0.02,0.31,0.8464249999999998,5281.619,8.332500000000001,633.8576657665765,0.0,0.035322750000000076,987.9202030528544,20,Cardboard,2026-02-08T05:24:47.881946
20.0,0.0,25.0,13097.32,16.79,166.65,1.0,104731.6,19.8,156.0,0.03,0.02,0.31,0.8464249999999998,5281.619,8.332500000000001,633.8576657665765,0.0,0.035322750000000076,987.9202030528544,20,Cardboard,2026-02-08T05:24:47.881946
20.0,0.0,25.0,13097.32,16.79,166.65,1.0,104731.6,19.8,156.0,0.03,0.02,0.31,0.8464249999999998,5281.619,8.332500000000001,633.8576657665765,0.0,0.035322750000000076,987.9202030528544,20,Cardboard,2026-02-08T05:24:47.881946
20.0,0.0,25.0,13097.32,16.79,166.65,1.0,104731.6,19.8,156.0,0.03,0.02,0.31,0.8464249999999998,5281.619,8.332500000000001,633.8576657665765,0.0,0.035322750000000076,987.9202030528544,20,Cardboard,2026-02-08T05:24:47.881946
20.0,0.0,25.0,13097.32,16.79,166.65,1.0,104731.6,19.8,156.0,0.03,0.02,0.31,0.8464249999999998,5281.619,8.332500000000001,633.8576657665765,0.0,0.035322750000000076,987.9202030528544,20,Cardboard,2026-02-08T05:24:47.881946
20.0,0.0,25.0,13164.64,16.87,166.65,1.0,105413.3,19.8,156.0,0.01,0.01,0.14,0.8464249999999998,5281.619,8.332500000000001,633.8576657665765,0.0,0.035322750000000076,987.9202030528544,20,Cardboard,2026-02-08T05:24:47.881946
20.0,0.0,25.0,13164.64,16.87,166.65,1.0,105413.3,19.8,156.0,0.01,0.01,0.14,0.8464249999999998,5281.619,8.332500000000001,633.8576657665765,0.0,0.035322750000000076,987.9202030528544,20,Cardboard,2026-02-08T05:24:47.881946
20.0,0.0,25.0,13164.64,16.87,166.65,1.0,105413.3,19.8,156.0,0.01,0.01,0.14,0.8464249999999998,5281.619,8.332500000000001,633.8576657665765,0.0,0.035322750000000076,987.9202030528544,20,Cardboard,2026-02-08T05:24:47.881946
29.9,0.0,25.0,13363.6,30.55,177.76,1.0,113959.6,19.8,156.0,0.0,0.0,0.0,1.027324414715719,3829.4717391304357,6.205250836120401,617.5520232170277,3.552713678800501e-15,0.16262100000000038,707.0071141615206,30,Cardboard,2026-02-08T05:25:00.917187
29.9,0.0,25.0,13119.87,30.2,188.87,1.0,114099.3,19.8,156.0,0.0,0.0,0.0,1.027324414715719,3829.4717391304357,6.205250836120401,617.5520232170277,3.552713678800501e-15,0.16262100000000038,707.0071141615206,30,Cardboard,2026-02-08T05:25:00.917187
29.9,0.0,25.0,13119.87,30.2,188.87,1.0,114099.3,19.8,156.0,0.0,0.0,0.0,1.027324414715719,3829.4717391304357,6.205250836120401,617.5520232170277,3.552713678800501e-15,0.16262100000000038,707.0071141615206,30,Cardboard,2026-02-08T05:25:00.917187
29.9,0.0,25.0,13119.87,30.2,188.87,1.0,114099.3,19.8,156.0,0.0,0.0,0.0,1.027324414715719,3829.4717391304357,6.205250836120401,617.5520232170277,3.552713678800501e-15,0.16262100000000038,707.0071141615206,30,Cardboard,2026-02-08T05:25:00.917187
29.9,0.0,25.0,13119.87,30.2,188.87,1.0,114099.3,19.8,156.0,0.0,0.0,0.0,1.027324414715719,3829.4717391304357,6.205250836120401,617.5520232170277,3.552713678800501e-15,0.16262100000000038,707.0071141615206,30,Cardboard,2026-02-08T05:25:00.917187
29.9,0.0,25.0,13119.87,30.2,188.87,1.0,114099.3,19.8,156.0,0.0,0.0,0.0,1.027324414715719,3829.4717391304357,6.205250836120401,617.5520232170277,3.552713678800501e-15,0.16262100000000038,707.0071141615206,30,Cardboard,2026-02-08T05:25:00.917187
29.9,0.0,25.0,13119.87,30.2,188.87,1.0,114099.3,19.8,156.0,0.0,0.0,0.0,1.027324414715719,3829.4717391304357,6.205250836120401,617.5520232170277,3.552713678800501e-15,0.16262100000000038,707.0071141615206,30,Cardboard,2026-02-08T05:25:00.917187
29.9,0.0,25.0,13237.34,30.67,188.87,1.0,115679.3,19.8,156.0,0.0,0.0,0.0,1.027324414715719,3829.4717391304357,6.205250836120401,617.5520232170277,3.552713678800501e-15,0.16262100000000038,707.0071141615206,30,Cardboard,2026-02-08T05:25:00.917187
29.9,0.0,25.0,13237.34,30.67,188.87,1.0,115679.3,19.8,156.0,0.0,0.0,0.0,1.027324414715719,3829.4717391304357,6.205250836120401,617.5520232170277,3.552713678800501e-15,0.16262100000000038,707.0071141615206,30,Cardboard,2026-02-08T05:25:00.917187
29.9,0.0,25.0,13237.34,30.67,188.87,1.0,115679.3,19.8,156.0,0.0,0.0,0.0,1.027324414715719,3829.4717391304357,6.205250836120401,617.5520232170277,3.552713678800501e-15,0.16262100000000038,707.0071141615206,30,Cardboard,2026-02-08T05:25:00.917187
29.9,0.0,25.0,13237.34,30.67,188.87,1.0,115679.3,19.8,156.0,0.0,0.0,0.0,1.027324414715719,3829.4717391304357,6.205250836120401,617.5520232170277,3.552713678800501e-15,0.16262100000000038,707.0071141615206,30,Cardboard,2026-02-08T05:25:00.917187
29.9,0.0,25.0,13237.34,30.67,188.87,1.0,115679.3,19.8,156.0,0.0,0.0,0.0,1.027324414715719,3829.4717391304357,6.205250836120401,617.5520232170277,3.552713678800501e-15,0.16262100000000038,707.0071141615206,30,Cardboard,2026-02-08T05:25:00.917187
29.9,0.0,25.0,13398.93,31.23,177.76,1.0,113902.2,19.8,156.0,0.0,0.0,0.0,1.027324414715719,3829.4717391304357,6.205250836120401,617.5520232170277,3.552713678800501e-15,0.16262100000000038,707.0071141615206,30,Cardboard,2026-02-08T05:25:00.917187
29.9,0.0,25.0,13398.93,31.23,177.76,1.0,113902.2,19.8,156.0,0.0,0.0,0.0,1.027324414715719,3829.4717391304357,6.205250836120401,617.5520232170277,3.552713678800501e-15,0.16262100000000038,707.0071141615206,30,Cardboard,2026-02-08T05:25:00.917187
29.9,0.0,25.0,13398.93,31.23,177.76,1.0,113902.2,19.8,156.0,0.0,0.0,0.0,1.027324414715719,3829.4717391304357,6.205250836120401,617.5520232170277,3.552713678800501e-15,0.16262100000000038,707.0071141615206,30,Cardboard,2026-02-08T05:25:00.917187
29.9,0.0,25.0,13398.93,31.23,177.76,1.0,113902.2,19.8,156.0,0.0,0.0,0.0,1.027324414715719,3829.4717391304357,6.205250836120401,617.5520232170277,3.552713678800501e-15,0.16262100000000038,707.0071141615206,30,Cardboard,2026-02-08T05:25:00.917187
29.9,0.0,25.0,13398.93,31.23,177.76,1.0,113902.2,19.8,156.0,0.0,0.0,0.0,1.027324414715719,3829.4717391304357,6.205250836120401,617.5520232170277,3.552713678800501e-15,0.16262100000000038,707.0071141615206,30,Cardboard,2026-02-08T05:25:00.917187
29.9,0.0,25.0,13249.64,31.03,188.87,1.0,114520.4,19.8,156.0,0.0,0.0,0.0,1.027324414715719,3829.4717391304357,6.205250836120401,617.5520232170277,3.552713678800501e-15,0.16262100000000038,707.0071141615206,30,Cardboard,2026-02-08T05:25:00.917187
29.9,0.0,25.0,13249.64,31.03,188.87,1.0,114520.4,19.8,156.0,0.0,0.0,0.0,1.027324414715719,3829.4717391304357,6.205250836120401,617.5520232170277,3.552713678800501e-15,0.16262100000000038,707.0071141615206,30,Cardboard,2026-02-08T05:25:00.917187
29.9,0.0,25.0,13249.64,31.03,188.87,1.0,114520.4,19.8,156.0,0.0,0.0,0.0,1.027324414715719,3829.4717391304357,6.205250836120401,617.5520232170277,3.552713678800501e-15,0.16262100000000038,707.0071141615206,30,Cardboard,2026-02-08T05:25:00.917187
36.6,0.22,25.0,5681.42,26.14,566.61,1.0,130254.9,19.8,156.0,0.07,0.06,0.67,0.6728939291863164,3558.0399281383334,16.70782992738977,213.87820623572242,0.04330127018922255,3.0097687499999983,621.6776918146544,40,Cardboard,2026-02-08T05:25:18.426508
36.6,0.22,25.0,5681.42,26.14,566.61,1.0,130254.9,19.8,156.0,0.07,0.06,0.67,0.6728939291863164,3558.0399281383334,16.70782992738977,213.87820623572242,0.04330127018922255,3.0097687499999983,621.6776918146544,40,Cardboard,2026-02-08T05:25:18.426508
36.6,0.22,25.0,5681.42,26.14,566.61,1.0,130254.9,19.8,156.0,0.07,0.06,0.67,0.6728939291863164,3558.0399281383334,16.70782992738977,213.87820623572242,0.04330127018922255,3.0097687499999983,621.6776918146544,40,Cardboard,2026-02-08T05:25:18.426508
36.6,0.22,25.0,5681.42,26.14,566.61,1.0,130254.9,19.8,156.0,0.07,0.06,0.67,0.6728939291863164,3558.0399281383334,16.70782992738977,213.87820623572242,0.04330127018922255,3.0097687499999983,621.6776918146544,40,Cardboard,2026-02-08T05:25:18.426508
36.6,0.22,25.0,5681.42,26.14,566.61,1.0,130254.9,19.8,156.0,0.07,0.06,0.67,0.6728939291863164,3558.0399281383334,16.70782992738977,213.87820623572242,0.04330127018922255,3.0097687499999983,621.6776918146544,40,Cardboard,2026-02-08T05:25:18.426508
36.6,0.0,25.0,5761.35,26.5,577.72,1.0,129154.8,19.8,156.0,0.08,0.07,0.77,0.6728939291863164,3558.0399281383334,16.70782992738977,213.87820623572242,0.04330127018922255,3.0097687499999983,621.6776918146544,40,Cardboard,2026-02-08T05:25:18.426508
36.6,0.0,25.0,5761.35,26.5,577.72,1.0,129154.8,19.8,156.0,0.08,0.07,0.77,0.6728939291863164,3558.0399281383334,16.70782992738977,213.87820623572242,0.04330127018922255,3.0097687499999983,621.6776918146544,40,Cardboard,2026-02-08T05:25:18.426508
36.6,0.0,25.0,5761.35,26.5,577.72,1.0,129154.8,19.8,156.0,0.08,0.07,0.77,0.6728939291863164,3558.0399281383334,16.70782992738977,213.87820623572242,0.04330127018922255,3.0097687499999983,621.6776918146544,40,Cardboard,2026-02-08T05:25:18.426508
36.6,0.0,25.0,5761.35,26.5,577.72,1.0,129154.8,19.8,156.0,0.08,0.07,0.77,0.6728939291863164,3558.0399281383334,16.70782992738977,213.87820623572242,0.04330127018922255,3.0097687499999983,621.6776918146544,40,Cardboard,2026-02-08T05:25:18.426508
36.6,0.0,25.0,5761.35,26.5,577.72,1.0,129154.8,19.8,156.0,0.08,0.07,0.77,0.6728939291863164,3558.0399281383334,16.70782992738977,213.87820623572242,0.04330127018922255,3.0097687499999983,621.6776918146544,40,Cardboard,2026-02-08T05:25:18.426508
36.6,0.0,25.0,5069.11,23.3,633.27,1.0,130881.9,19.8,156.0,0.08,0.08,0.82,0.6728939291863164,3558.0399281383334,16.70782992738977,213.87820623572242,0.04330127018922255,3.0097687499999983,621.6776918146544,40,Cardboard,2026-02-08T05:25:18.426508
36.6,0.0,25.0,5069.11,23.3,633.27,1.0,130881.9,19.8,156.0,0.08,0.08,0.82,0.6728939291863164,3558.0399281383334,16.70782992738977,213.87820623572242,0.04330127018922255,3.0097687499999983,621.6776918146544,40,Cardboard,2026-02-08T05:25:18.426508
36.6,0.0,25.0,5069.11,23.3,633.27,1.0,130881.9,19.8,156.0,0.08,0.08,0.82,0.6728939291863164,3558.0399281383334,16.70782992738977,213.87820623572242,0.04330127018922255,3.0097687499999983,621.6776918146544,40,Cardboard,2026-02-08T05:25:18.426508
36.6,0.0,25.0,5069.11,23.3,633.27,1.0,130881.9,19.8,156.0,0.08,0.08,0.82,0.6728939291863164,3558.0399281383334,16.70782992738977,213.87820623572242,0.04330127018922255,3.0097687499999983,621.6776918146544,40,Cardboard,2026-02-08T05:25:18.426508
36.6,0.0,25.0,5069.11,23.3,633.27,1.0,130881.9,19.8,156.0,0.08,0.08,0.82,0.6728939291863164,3558.0399281383334,16.70782992738977,213.87820623572242,0.04330127018922255,3.0097687499999983,621.6776918146544,40,Cardboard,2026-02-08T05:25:18.426508
36.5,-0.22,25.0,4900.72,22.51,666.6,1.0,130248.6,19.8,156.0,0.08,0.07,0.78,0.6728939291863164,3558.0399281383334,16.70782992738977,213.87820623572242,0.04330127018922255,3.0097687499999983,621.6776918146544,40,Cardboard,2026-02-08T05:25:18.426508
36.5,-0.22,25.0,4900.72,22.51,666.6,1.0,130248.6,19.8,156.0,0.08,0.07,0.78,0.6728939291863164,3558.0399281383334,16.70782992738977,213.87820623572242,0.04330127018922255,3.0097687499999983,621.6776918146544,40,Cardboard,2026-02-08T05:25:18.426508
36.5,-0.22,25.0,4900.72,22.51,666.6,1.0,130248.6,19.8,156.0,0.08,0.07,0.78,0.6728939291863164,3558.0399281383334,16.70782992738977,213.87820623572242,0.04330127018922255,3.0097687499999983,621.6776918146544,40,Cardboard,2026-02-08T05:25:18.426508
36.5,-0.22,25.0,4900.72,22.51,666.6,1.0,130248.6,19.8,156.0,0.08,0.07,0.78,0.6728939291863164,3558.0399281383334,16.70782992738977,213.87820623572242,0.04330127018922255,3.0097687499999983,621.6776918146544,40,Cardboard,2026-02-08T05:25:18.426508
36.5,-0.22,25.0,4900.72,22.51,666.6,1.0,130248.6,19.8,156.0,0.08,0.07,0.78,0.6728939291863164,3558.0399281383334,16.70782992738977,213.87820623572242,0.04330127018922255,3.0097687499999983,621.6776918146544,40,Cardboard,2026-02-08T05:25:18.426508
46.2,0.22,25.0,2341.46,11.7,822.14,1.0,93555.4,19.8,156.0,0.03,0.03,0.32,0.2607271876595021,2024.002062893438,17.757538989394885,114.03896805348082,0.14282856857085904,0.056602750000000056,1412.1425209499935,50,Cardboard,2026-02-08T05:25:34.414053
46.2,0.22,25.0,2341.46,11.7,822.14,1.0,93555.4,19.8,156.0,0.03,0.03,0.32,0.2607271876595021,2024.002062893438,17.757538989394885,114.03896805348082,0.14282856857085904,0.056602750000000056,1412.1425209499935,50,Cardboard,2026-02-08T05:25:34.414053
46.2,0.22,25.0,2341.46,11.7,822.14,1.0,93555.4,19.8,156.0,0.03,0.03,0.32,0.2607271876595021,2024.002062893438,17.757538989394885,114.03896805348082,0.14282856857085904,0.056602750000000056,1412.1425209499935,50,Cardboard,2026-02-08T05:25:34.414053
45.8,-1.97,25.0,2335.36,11.68,844.36,1.0,94419.2,19.8,156.0,0.11,0.06,1.11,0.2607271876595021,2024.002062893438,17.757538989394885,114.03896805348082,0.14282856857085904,0.056602750000000056,1412.1425209499935,50,Cardboard,2026-02-08T05:25:34.414053
45.8,-1.97,25.0,2335.36,11.68,844.36,1.0,94419.2,19.8,156.0,0.11,0.06,1.11,0.2607271876595021,2024.002062893438,17.757538989394885,114.03896805348082,0.14282856857085904,0.056602750000000056,1412.1425209499935,50,Cardboard,2026-02-08T05:25:34.414053
45.8,-1.97,25.0,2335.36,11.68,844.36,1.0,94419.2,19.8,156.0,0.11,0.06,1.11,0.2607271876595021,2024.002062893438,17.757538989394885,114.03896805348082,0.14282856857085904,0.056602750000000056,1412.1425209499935,50,Cardboard,2026-02-08T05:25:34.414053
45.8,-1.97,25.0,2335.36,11.68,844.36,1.0,94419.2,19.8,156.0,0.11,0.06,1.11,0.2607271876595021,2024.002062893438,17.757538989394885,114.03896805348082,0.14282856857085904,0.056602750000000056,1412.1425209499935,50,Cardboard,2026-02-08T05:25:34.414053
45.8,-1.97,25.0,2335.36,11.68,844.36,1.0,94419.2,19.8,156.0,0.11,0.06,1.11,0.2607271876595021,2024.002062893438,17.757538989394885,114.03896805348082,0.14282856857085904,0.056602750000000056,1412.1425209499935,50,Cardboard,2026-02-08T05:25:34.414053
45.8,0.0,25.0,2404.84,12.04,822.14,1.0,93195.9,19.8,156.0,0.15,0.11,1.46,0.2607271876595021,2024.002062893438,17.757538989394885,114.03896805348082,0.14282856857085904,0.056602750000000056,1412.1425209499935,50,Cardboard,2026-02-08T05:25:34.414053
45.8,0.0,25.0,2404.84,12.04,822.14,1.0,93195.9,19.8,156.0,0.15,0.11,1.46,0.2607271876595021,2024.002062893438,17.757538989394885,114.03896805348082,0.14282856857085904,0.056602750000000056,1412.1425209499935,50,Cardboard,2026-02-08T05:25:34.414053
45.8,0.0,25.0,2404.84,12.04,822.14,1.0,93195.9,19.8,156.0,0.15,0.11,1.46,0.2607271876595021,2024.002062893438,17.757538989394885,114.03896805348082,0.14282856857085904,0.056602750000000056,1412.1425209499935,50,Cardboard,2026-02-08T05:25:34.414053
45.8,0.0,25.0,2404.84,12.04,822.14,1.0,93195.9,19.8,156.0,0.15,0.11,1.46,0.2607271876595021,2024.002062893438,17.757538989394885,114.03896805348082,0.14282856857085904,0.056602750000000056,1412.1425209499935,50,Cardboard,2026-02-08T05:25:34.414053
45.8,0.0,25.0,2404.84,12.04,822.14,1.0,93195.9,19.8,156.0,0.15,0.11,1.46,0.2607271876595021,2024.002062893438,17.757538989394885,114.03896805348082,0.14282856857085904,0.056602750000000056,1412.1425209499935,50,Cardboard,2026-02-08T05:25:34.414053
45.8,0.22,25.0,2444.74,12.25,777.7,1.0,90788.9,19.8,156.0,0.16,0.14,1.61,0.2607271876595021,2024.002062893438,17.757538989394885,114.03896805348082,0.14282856857085904,0.056602750000000056,1412.1425209499935,50,Cardboard,2026-02-08T05:25:34.414053
45.8,0.22,25.0,2444.74,12.25,777.7,1.0,90788.9,19.8,156.0,0.16,0.14,1.61,0.2607271876595021,2024.002062893438,17.757538989394885,114.03896805348082,0.14282856857085904,0.056602750000000056,1412.1425209499935,50,Cardboard,2026-02-08T05:25:34.414053
45.8,0.22,25.0,2444.74,12.25,777.7,1.0,90788.9,19.8,156.0,0.16,0.14,1.61,0.2607271876595021,2024.002062893438,17.757538989394885,114.03896805348082,0.14282856857085904,0.056602750000000056,1412.1425209499935,50,Cardboard,2026-02-08T05:25:34.414053
45.8,0.22,25.0,2444.74,12.25,777.7,1.0,90788.9,19.8,156.0,0.16,0.14,1.61,0.2607271876595021,2024.002062893438,17.757538989394885,114.03896805348082,0.14282856857085904,0.056602750000000056,1412.1425209499935,50,Cardboard,2026-02-08T05:25:34.414053
45.8,0.22,25.0,2444.74,12.25,777.7,1.0,90788.9,19.8,156.0,0.16,0.14,1.61,0.2607271876595021,2024.002062893438,17.757538989394885,114.03896805348082,0.14282856857085904,0.056602750000000056,1412.1425209499935,50,Cardboard,2026-02-08T05:25:34.414053
45.8,0.22,25.0,2444.74,12.25,777.7,1.0,90788.9,19.8,156.0,0.16,0.14,1.61,0.2607271876595021,2024.002062893438,17.757538989394885,114.03896805348082,0.14282856857085904,0.056602750000000056,1412.1425209499935,50,Cardboard,2026-02-08T05:25:34.414053
45.8,-0.22,25.0,2380.84,11.93,822.14,1.0,92940.8,19.8,156.0,0.18,0.17,1.76,0.2607271876595021,2024.002062893438,17.757538989394885,114.03896805348082,0.14282856857085904,0.056602750000000056,1412.1425209499935,50,Cardboard,2026-02-08T05:25:34.414053
56.6,0.0,25.0,5056.8,25.47,633.27,1.0,148737.9,19.8,156.0,0.02,0.02,0.24,0.4783802651740204,2758.887978360799,11.329879264517341,243.5544300763122,0.04000000000000057,1.2137227500000018,5570.195296450564,60,Cardboard,2026-02-08T05:25:49.121410
56.6,0.0,25.0,5056.8,25.47,633.27,1.0,148737.9,19.8,156.0,0.02,0.02,0.24,0.4783802651740204,2758.887978360799,11.329879264517341,243.5544300763122,0.04000000000000057,1.2137227500000018,5570.195296450564,60,Cardboard,2026-02-08T05:25:49.121410
56.6,0.0,25.0,5056.8,25.47,633.27,1.0,148737.9,19.8,156.0,0.02,0.02,0.24,0.4783802651740204,2758.887978360799,11.329879264517341,243.5544300763122,0.04000000000000057,1.2137227500000018,5570.195296450564,60,Cardboard,2026-02-08T05:25:49.121410
56.6,0.0,25.0,5056.8,25.47,633.27,1.0,148737.9,19.8,156.0,0.02,0.02,0.24,0.4783802651740204,2758.887978360799,11.329879264517341,243.5544300763122,0.04000000000000057,1.2137227500000018,5570.195296450564,60,Cardboard,2026-02-08T05:25:49.121410
56.6,0.0,25.0,5056.8,25.47,633.27,1.0,148737.9,19.8,156.0,0.02,0.02,0.24,0.4783802651740204,2758.887978360799,11.329879264517341,243.5544300763122,0.04000000000000057,1.2137227500000018,5570.195296450564,60,Cardboard,2026-02-08T05:25:49.121410
56.6,0.0,25.0,5622.56,28.28,622.16,1.0,154162.4,19.8,156.0,0.02,0.02,0.23,0.4783802651740204,2758.887978360799,11.329879264517341,243.5544300763122,0.04000000000000057,1.2137227500000018,5570.195296450564,60,Cardboard,2026-02-08T05:25:49.121410
56.6,0.0,25.0,5622.56,28.28,622.16,1.0,154162.4,19.8,156.0,0.02,0.02,0.23,0.4783802651740204,2758.887978360799,11.329879264517341,243.5544300763122,0.04000000000000057,1.2137227500000018,5570.195296450564,60,Cardboard,2026-02-08T05:25:49.121410
56.6,0.0,25.0,5622.56,28.28,622.16,1.0,154162.4,19.8,156.0,0.02,0.02,0.23,0.4783802651740204,2758.887978360799,11.329879264517341,243.5544300763122,0.04000000000000057,1.2137227500000018,5570.195296450564,60,Cardboard,2026-02-08T05:25:49.121410
56.6,0.0,25.0,5622.56,28.28,622.16,1.0,154162.4,19.8,156.0,0.02,0.02,0.23,0.4783802651740204,2758.887978360799,11.329879264517341,243.5544300763122,0.04000000000000057,1.2137227500000018,5570.195296450564,60,Cardboard,2026-02-08T05:25:49.121410
56.6,0.0,25.0,5622.56,28.28,622.16,1.0,154162.4,19.8,156.0,0.02,0.02,0.23,0.4783802651740204,2758.887978360799,11.329879264517341,243.5544300763122,0.04000000000000057,1.2137227500000018,5570.195296450564,60,Cardboard,2026-02-08T05:25:49.121410
56.6,0.0,25.0,5622.56,28.28,622.16,1.0,154162.4,19.8,156.0,0.02,0.02,0.23,0.4783802651740204,2758.887978360799,11.329879264517341,243.5544300763122,0.04000000000000057,1.2137227500000018,5570.195296450564,60,Cardboard,2026-02-08T05:25:49.121410
56.6,0.0,25.0,5310.82,26.66,677.71,1.0,163915.3,19.8,156.0,0.02,0.02,0.23,0.4783802651740204,2758.887978360799,11.329879264517341,243.5544300763122,0.04000000000000057,1.2137227500000018,5570.195296450564,60,Cardboard,2026-02-08T05:25:49.121410
56.6,0.0,25.0,5310.82,26.66,677.71,1.0,163915.3,19.8,156.0,0.02,0.02,0.23,0.4783802651740204,2758.887978360799,11.329879264517341,243.5544300763122,0.04000000000000057,1.2137227500000018,5570.195296450564,60,Cardboard,2026-02-08T05:25:49.121410
56.6,0.0,25.0,5310.82,26.66,677.71,1.0,163915.3,19.8,156.0,0.02,0.02,0.23,0.4783802651740204,2758.887978360799,11.329879264517341,243.5544300763122,0.04000000000000057,1.2137227500000018,5570.195296450564,60,Cardboard,2026-02-08T05:25:49.121410
56.6,0.0,25.0,5310.82,26.66,677.71,1.0,163915.3,19.8,156.0,0.02,0.02,0.23,0.4783802651740204,2758.887978360799,11.329879264517341,243.5544300763122,0.04000000000000057,1.2137227500000018,5570.195296450564,60,Cardboard,2026-02-08T05:25:49.121410
56.6,0.0,25.0,5310.82,26.66,677.71,1.0,163915.3,19.8,156.0,0.02,0.02,0.23,0.4783802651740204,2758.887978360799,11.329879264517341,243.5544300763122,0.04000000000000057,1.2137227500000018,5570.195296450564,60,Cardboard,2026-02-08T05:25:49.121410
56.5,-0.22,25.0,5526.46,27.75,633.27,1.0,158424.8,19.8,156.0,0.02,0.02,0.24,0.4783802651740204,2758.887978360799,11.329879264517341,243.5544300763122,0.04000000000000057,1.2137227500000018,5570.195296450564,60,Cardboard,2026-02-08T05:25:49.121410
56.5,-0.22,25.0,5526.46,27.75,633.27,1.0,158424.8,19.8,156.0,0.02,0.02,0.24,0.4783802651740204,2758.887978360799,11.329879264517341,243.5544300763122,0.04000000000000057,1.2137227500000018,5570.195296450564,60,Cardboard,2026-02-08T05:25:49.121410
56.5,-0.22,25.0,5526.46,27.75,633.27,1.0,158424.8,19.8,156.0,0.02,0.02,0.24,0.4783802651740204,2758.887978360799,11.329879264517341,243.5544300763122,0.04000000000000057,1.2137227500000018,5570.195296450564,60,Cardboard,2026-02-08T05:25:49.121410
56.5,-0.22,25.0,5526.46,27.75,633.27,1.0,158424.8,19.8,156.0,0.02,0.02,0.24,0.4783802651740204,2758.887978360799,11.329879264517341,243.5544300763122,0.04000000000000057,1.2137227500000018,5570.195296450564,60,Cardboard,2026-02-08T05:25:49.121410
67.4,0.22,25.0,7409.67,36.74,611.05,1.0,204788.0,19.8,156.0,0.03,0.03,0.32,0.5412455302225299,3024.3648356929643,9.11464202097874,331.8657106619753,0.04974937185533524,4.271638999999995,3513.672098332452,70,Cardboard,2026-02-08T05:26:02.473589
67.4,0.22,25.0,7409.67,36.74,611.05,1.0,204788.0,19.8,156.0,0.03,0.03,0.32,0.5412455302225299,3024.3648356929643,9.11464202097874,331.8657106619753,0.04974937185533524,4.271638999999995,3513.672098332452,70,Cardboard,2026-02-08T05:26:02.473589
67.4,0.22,25.0,7409.67,36.74,611.05,1.0,204788.0,19.8,156.0,0.03,0.03,0.32,0.5412455302225299,3024.3648356929643,9.11464202097874,331.8657106619753,0.04974937185533524,4.271638999999995,3513.672098332452,70,Cardboard,2026-02-08T05:26:02.473589
67.4,0.22,25.0,7409.67,36.74,611.05,1.0,204788.0,19.8,156.0,0.03,0.03,0.32,0.5412455302225299,3024.3648356929643,9.11464202097874,331.8657106619753,0.04974937185533524,4.271638999999995,3513.672098332452,70,Cardboard,2026-02-08T05:26:02.473589
67.4,-0.22,25.0,6656.59,33.09,622.16,1.0,198853.2,19.8,156.0,0.04,0.03,0.36,0.5412455302225299,3024.3648356929643,9.11464202097874,331.8657106619753,0.04974937185533524,4.271638999999995,3513.672098332452,70,Cardboard,2026-02-08T05:26:02.473589
67.4,-0.22,25.0,6656.59,33.09,622.16,1.0,198853.2,19.8,156.0,0.04,0.03,0.36,0.5412455302225299,3024.3648356929643,9.11464202097874,331.8657106619753,0.04974937185533524,4.271638999999995,3513.672098332452,70,Cardboard,2026-02-08T05:26:02.473589
67.4,-0.22,25.0,6656.59,33.09,622.16,1.0,198853.2,19.8,156.0,0.04,0.03,0.36,0.5412455302225299,3024.3648356929643,9.11464202097874,331.8657106619753,0.04974937185533524,4.271638999999995,3513.672098332452,70,Cardboard,2026-02-08T05:26:02.473589
67.4,-0.22,25.0,6656.59,33.09,622.16,1.0,198853.2,19.8,156.0,0.04,0.03,0.36,0.5412455302225299,3024.3648356929643,9.11464202097874,331.8657106619753,0.04974937185533524,4.271638999999995,3513.672098332452,70,Cardboard,2026-02-08T05:26:02.473589
67.4,-0.22,25.0,6656.59,33.09,622.16,1.0,198853.2,19.8,156.0,0.04,0.03,0.36,0.5412455302225299,3024.3648356929643,9.11464202097874,331.8657106619753,0.04974937185533524,4.271638999999995,3513.672098332452,70,Cardboard,2026-02-08T05:26:02.473589
67.3,-0.22,25.0,7431.21,37.03,611.05,1.0,202316.2,19.8,156.0,0.04,0.04,0.45,0.5412455302225299,3024.3648356929643,9.11464202097874,331.8657106619753,0.04974937185533524,4.271638999999995,3513.672098332452,70,Cardboard,2026-02-08T05:26:02.473589
67.3,-0.22,25.0,7431.21,37.03,611.05,1.0,202316.2,19.8,156.0,0.04,0.04,0.45,0.5412455302225299,3024.3648356929643,9.11464202097874,331.8657106619753,0.04974937185533524,4.271638999999995,3513.672098332452,70,Cardboard,2026-02-08T05:26:02.473589
67.3,-0.22,25.0,7431.21,37.03,611.05,1.0,202316.2,19.8,156.0,0.04,0.04,0.45,0.5412455302225299,3024.3648356929643,9.11464202097874,331.8657106619753,0.04974937185533524,4.271638999999995,3513.672098332452,70,Cardboard,2026-02-08T05:26:02.473589
67.3,-0.22,25.0,7431.21,37.03,611.05,1.0,202316.2,19.8,156.0,0.04,0.04,0.45,0.5412455302225299,3024.3648356929643,9.11464202097874,331.8657106619753,0.04974937185533524,4.271638999999995,3513.672098332452,70,Cardboard,2026-02-08T05:26:02.473589
67.3,-0.22,25.0,7431.21,37.03,611.05,1.0,202316.2,19.8,156.0,0.04,0.04,0.45,0.5412455302225299,3024.3648356929643,9.11464202097874,331.8657106619753,0.04974937185533524,4.271638999999995,3513.672098332452,70,Cardboard,2026-02-08T05:26:02.473589
67.3,0.0,25.0,7727.52,38.57,611.05,1.0,208081.1,19.8,156.0,0.05,0.04,0.49,0.5412455302225299,3024.3648356929643,9.11464202097874,331.8657106619753,0.04974937185533524,4.271638999999995,3513.672098332452,70,Cardboard,2026-02-08T05:26:02.473589
67.3,0.0,25.0,7727.52,38.57,611.05,1.0,208081.1,19.8,156.0,0.05,0.04,0.49,0.5412455302225299,3024.3648356929643,9.11464202097874,331.8657106619753,0.04974937185533524,4.271638999999995,3513.672098332452,70,Cardboard,2026-02-08T05:26:02.473589
67.3,0.0,25.0,7727.52,38.57,611.05,1.0,208081.1,19.8,156.0,0.05,0.04,0.49,0.5412455302225299,3024.3648356929643,9.11464202097874,331.8657106619753,0.04974937185533524,4.271638999999995,3513.672098332452,70,Cardboard,2026-02-08T05:26:02.473589
67.3,0.0,25.0,7727.52,38.57,611.05,1.0,208081.1,19.8,156.0,0.05,0.04,0.49,0.5412455302225299,3024.3648356929643,9.11464202097874,331.8657106619753,0.04974937185533524,4.271638999999995,3513.672098332452,70,Cardboard,2026-02-08T05:26:02.473589
67.3,0.0,25.0,7727.52,38.57,611.05,1.0,208081.1,19.8,156.0,0.05,0.04,0.49,0.5412455302225299,3024.3648356929643,9.11464202097874,331.8657106619753,0.04974937185533524,4.271638999999995,3513.672098332452,70,Cardboard,2026-02-08T05:26:02.473589
67.3,0.0,25.0,7727.52,38.57,611.05,1.0,208081.1,19.8,156.0,0.05,0.04,0.49,0.5412455302225299,3024.3648356929643,9.11464202097874,331.8657106619753,0.04974937185533524,4.271638999999995,3513.672098332452,70,Cardboard,2026-02-08T05:26:02.473589
76.9,0.22,25.0,12377.74,61.6,555.5,1.0,277506.7,19.8,156.0,0.12,0.11,1.24,0.8145978079138029,3644.4737024808737,7.217100130039012,504.9796849684969,0.04582575694955579,3.432240000000001,2261.4951203296764,80,Cardboard,2026-02-08T05:26:23.078587
76.9,0.22,25.0,12377.74,61.6,555.5,1.0,277506.7,19.8,156.0,0.12,0.11,1.24,0.8145978079138029,3644.4737024808737,7.217100130039012,504.9796849684969,0.04582575694955579,3.432240000000001,2261.4951203296764,80,Cardboard,2026-02-08T05:26:23.078587
76.9,0.22,25.0,12377.74,61.6,555.5,1.0,277506.7,19.8,156.0,0.12,0.11,1.24,0.8145978079138029,3644.4737024808737,7.217100130039012,504.9796849684969,0.04582575694955579,3.432240000000001,2261.4951203296764,80,Cardboard,2026-02-08T05:26:23.078587
76.9,0.22,25.0,12377.74,61.6,555.5,1.0,277506.7,19.8,156.0,0.12,0.11,1.24,0.8145978079138029,3644.4737024808737,7.217100130039012,504.9796849684969,0.04582575694955579,3.432240000000001,2261.4951203296764,80,Cardboard,2026-02-08T05:26:23.078587
76.9,0.22,25.0,12377.74,61.6,555.5,1.0,277506.7,19.8,156.0,0.12,0.11,1.24,0.8145978079138029,3644.4737024808737,7.217100130039012,504.9796849684969,0.04582575694955579,3.432240000000001,2261.4951203296764,80,Cardboard,2026-02-08T05:26:23.078587
76.9,0.22,25.0,12377.74,61.6,555.5,1.0,277506.7,19.8,156.0,0.12,0.11,1.24,0.8145978079138029,3644.4737024808737,7.217100130039012,504.9796849684969,0.04582575694955579,3.432240000000001,2261.4951203296764,80,Cardboard,2026-02-08T05:26:23.078587
77.0,0.22,25.0,12976.6,64.62,555.5,1.0,282426.6,19.8,156.0,0.14,0.13,1.43,0.8145978079138029,3644.4737024808737,7.217100130039012,504.9796849684969,0.04582575694955579,3.432240000000001,2261.4951203296764,80,Cardboard,2026-02-08T05:26:23.078587
77.0,0.22,25.0,12976.6,64.62,555.5,1.0,282426.6,19.8,156.0,0.14,0.13,1.43,0.8145978079138029,3644.4737024808737,7.217100130039012,504.9796849684969,0.04582575694955579,3.432240000000001,2261.4951203296764,80,Cardboard,2026-02-08T05:26:23.078587
77.0,0.22,25.0,12976.6,64.62,555.5,1.0,282426.6,19.8,156.0,0.14,0.13,1.43,0.8145978079138029,3644.4737024808737,7.217100130039012,504.9796849684969,0.04582575694955579,3.432240000000001,2261.4951203296764,80,Cardboard,2026-02-08T05:26:23.078587
77.0,0.22,25.0,12976.6,64.62,555.5,1.0,282426.6,19.8,156.0,0.14,0.13,1.43,0.8145978079138029,3644.4737024808737,7.217100130039012,504.9796849684969,0.04582575694955579,3.432240000000001,2261.4951203296764,80,Cardboard,2026-02-08T05:26:23.078587
77.0,0.22,25.0,12976.6,64.62,555.5,1.0,282426.6,19.8,156.0,0.14,0.13,1.43,0.8145978079138029,3644.4737024808737,7.217100130039012,504.9796849684969,0.04582575694955579,3.432240000000001,2261.4951203296764,80,Cardboard,2026-02-08T05:26:23.078587
77.0,0.0,25.0,12208.13,60.84,555.5,1.0,280364.3,19.8,156.0,0.16,0.14,1.58,0.8145978079138029,3644.4737024808737,7.217100130039012,504.9796849684969,0.04582575694955579,3.432240000000001,2261.4951203296764,80,Cardboard,2026-02-08T05:26:23.078587
77.0,0.0,25.0,12208.13,60.84,555.5,1.0,280364.3,19.8,156.0,0.16,0.14,1.58,0.8145978079138029,3644.4737024808737,7.217100130039012,504.9796849684969,0.04582575694955579,3.432240000000001,2261.4951203296764,80,Cardboard,2026-02-08T05:26:23.078587
77.0,0.0,25.0,12208.13,60.84,555.5,1.0,280364.3,19.8,156.0,0.16,0.14,1.58,0.8145978079138029,3644.4737024808737,7.217100130039012,504.9796849684969,0.04582575694955579,3.432240000000001,2261.4951203296764,80,Cardboard,2026-02-08T05:26:23.078587
77.0,0.0,25.0,12208.13,60.84,555.5,1.0,280364.3,19.8,156.0,0.16,0.14,1.58,0.8145978079138029,3644.4737024808737,7.217100130039012,504.9796849684969,0.04582575694955579,3.432240000000001,2261.4951203296764,80,Cardboard,2026-02-08T05:26:23.078587
77.0,0.0,25.0,12208.13,60.84,555.5,1.0,280364.3,19.8,156.0,0.16,0.14,1.58,0.8145978079138029,3644.4737024808737,7.217100130039012,504.9796849684969,0.04582575694955579,3.432240000000001,2261.4951203296764,80,Cardboard,2026-02-08T05:26:23.078587
77.0,0.0,25.0,12208.13,60.84,555.5,1.0,280364.3,19.8,156.0,0.16,0.14,1.58,0.8145978079138029,3644.4737024808737,7.217100130039012,504.9796849684969,0.04582575694955579,3.432240000000001,2261.4951203296764,80,Cardboard,2026-02-08T05:26:23.078587
77.0,0.0,25.0,13121.31,65.42,555.5,1.0,283655.1,19.8,156.0,0.16,0.14,1.55,0.8145978079138029,3644.4737024808737,7.217100130039012,504.9796849684969,0.04582575694955579,3.432240000000001,2261.4951203296764,80,Cardboard,2026-02-08T05:26:23.078587
77.0,0.0,25.0,13121.31,65.42,555.5,1.0,283655.1,19.8,156.0,0.16,0.14,1.55,0.8145978079138029,3644.4737024808737,7.217100130039012,504.9796849684969,0.04582575694955579,3.432240000000001,2261.4951203296764,80,Cardboard,2026-02-08T05:26:23.078587
77.0,0.0,25.0,13121.31,65.42,555.5,1.0,283655.1,19.8,156.0,0.16,0.14,1.55,0.8145978079138029,3644.4737024808737,7.217100130039012,504.9796849684969,0.04582575694955579,3.432240000000001,2261.4951203296764,80,Cardboard,2026-02-08T05:26:23.078587
85.9,-0.44,25.0,5789.27,29.04,766.59,1.0,203678.2,19.8,156.0,0.06,0.05,0.63,0.34704113988456253,2384.721143195183,8.775590355511778,272.549369696695,0.04769696007085135,1.5103860000000005,2153.421575835766,90,Cardboard,2026-02-08T05:26:39.561541
85.9,-0.44,25.0,5789.27,29.04,766.59,1.0,203678.2,19.8,156.0,0.06,0.05,0.63,0.34704113988456253,2384.721143195183,8.775590355511778,272.549369696695,0.04769696007085135,1.5103860000000005,2153.421575835766,90,Cardboard,2026-02-08T05:26:39.561541
85.8,-0.44,25.0,5872.2,29.44,766.59,1.0,204957.3,19.8,156.0,0.1,0.08,0.96,0.34704113988456253,2384.721143195183,8.775590355511778,272.549369696695,0.04769696007085135,1.5103860000000005,2153.421575835766,90,Cardboard,2026-02-08T05:26:39.561541
85.8,-0.44,25.0,5872.2,29.44,766.59,1.0,204957.3,19.8,156.0,0.1,0.08,0.96,0.34704113988456253,2384.721143195183,8.775590355511778,272.549369696695,0.04769696007085135,1.5103860000000005,2153.421575835766,90,Cardboard,2026-02-08T05:26:39.561541
85.8,-0.44,25.0,5872.2,29.44,766.59,1.0,204957.3,19.8,156.0,0.1,0.08,0.96,0.34704113988456253,2384.721143195183,8.775590355511778,272.549369696695,0.04769696007085135,1.5103860000000005,2153.421575835766,90,Cardboard,2026-02-08T05:26:39.561541
85.8,-0.44,25.0,5872.2,29.44,766.59,1.0,204957.3,19.8,156.0,0.1,0.08,0.96,0.34704113988456253,2384.721143195183,8.775590355511778,272.549369696695,0.04769696007085135,1.5103860000000005,2153.421575835766,90,Cardboard,2026-02-08T05:26:39.561541
85.8,-0.44,25.0,5872.2,29.44,766.59,1.0,204957.3,19.8,156.0,0.1,0.08,0.96,0.34704113988456253,2384.721143195183,8.775590355511778,272.549369696695,0.04769696007085135,1.5103860000000005,2153.421575835766,90,Cardboard,2026-02-08T05:26:39.561541
85.8,-0.44,25.0,5872.2,29.44,766.59,1.0,204957.3,19.8,156.0,0.1,0.08,0.96,0.34704113988456253,2384.721143195183,8.775590355511778,272.549369696695,0.04769696007085135,1.5103860000000005,2153.421575835766,90,Cardboard,2026-02-08T05:26:39.561541
85.9,0.44,25.0,5816.25,29.17,766.59,1.0,202826.5,19.8,156.0,0.1,0.09,0.99,0.34704113988456253,2384.721143195183,8.775590355511778,272.549369696695,0.04769696007085135,1.5103860000000005,2153.421575835766,90,Cardboard,2026-02-08T05:26:39.561541
85.9,0.44,25.0,5816.25,29.17,766.59,1.0,202826.5,19.8,156.0,0.1,0.09,0.99,0.34704113988456253,2384.721143195183,8.775590355511778,272.549369696695,0.04769696007085135,1.5103860000000005,2153.421575835766,90,Cardboard,2026-02-08T05:26:39.561541
85.9,0.44,25.0,5816.25,29.17,766.59,1.0,202826.5,19.8,156.0,0.1,0.09,0.99,0.34704113988456253,2384.721143195183,8.775590355511778,272.549369696695,0.04769696007085135,1.5103860000000005,2153.421575835766,90,Cardboard,2026-02-08T05:26:39.561541
85.9,0.44,25.0,5816.25,29.17,766.59,1.0,202826.5,19.8,156.0,0.1,0.09,0.99,0.34704113988456253,2384.721143195183,8.775590355511778,272.549369696695,0.04769696007085135,1.5103860000000005,2153.421575835766,90,Cardboard,2026-02-08T05:26:39.561541
85.9,0.44,25.0,5816.25,29.17,766.59,1.0,202826.5,19.8,156.0,0.1,0.09,0.99,0.34704113988456253,2384.721143195183,8.775590355511778,272.549369696695,0.04769696007085135,1.5103860000000005,2153.421575835766,90,Cardboard,2026-02-08T05:26:39.561541
85.8,-0.44,25.0,5913.0,29.67,766.59,1.0,207926.4,19.8,156.0,0.11,0.1,1.11,0.34704113988456253,2384.721143195183,8.775590355511778,272.549369696695,0.04769696007085135,1.5103860000000005,2153.421575835766,90,Cardboard,2026-02-08T05:26:39.561541
85.8,-0.44,25.0,5913.0,29.67,766.59,1.0,207926.4,19.8,156.0,0.11,0.1,1.11,0.34704113988456253,2384.721143195183,8.775590355511778,272.549369696695,0.04769696007085135,1.5103860000000005,2153.421575835766,90,Cardboard,2026-02-08T05:26:39.561541
85.8,-0.44,25.0,5913.0,29.67,766.59,1.0,207926.4,19.8,156.0,0.11,0.1,1.11,0.34704113988456253,2384.721143195183,8.775590355511778,272.549369696695,0.04769696007085135,1.5103860000000005,2153.421575835766,90,Cardboard,2026-02-08T05:26:39.561541
85.8,-0.44,25.0,5913.0,29.67,766.59,1.0,207926.4,19.8,156.0,0.11,0.1,1.11,0.34704113988456253,2384.721143195183,8.775590355511778,272.549369696695,0.04769696007085135,1.5103860000000005,2153.421575835766,90,Cardboard,2026-02-08T05:26:39.561541
85.8,-0.44,25.0,5913.0,29.67,766.59,1.0,207926.4,19.8,156.0,0.11,0.1,1.11,0.34704113988456253,2384.721143195183,8.775590355511778,272.549369696695,0.04769696007085135,1.5103860000000005,2153.421575835766,90,Cardboard,2026-02-08T05:26:39.561541
85.8,0.0,25.0,6656.71,33.42,633.27,1.0,201485.8,19.8,156.0,0.11,0.1,1.15,0.34704113988456253,2384.721143195183,8.775590355511778,272.549369696695,0.04769696007085135,1.5103860000000005,2153.421575835766,90,Cardboard,2026-02-08T05:26:39.561541
85.8,0.0,25.0,6656.71,33.42,633.27,1.0,201485.8,19.8,156.0,0.11,0.1,1.15,0.34704113988456253,2384.721143195183,8.775590355511778,272.549369696695,0.04769696007085135,1.5103860000000005,2153.421575835766,90,Cardboard,2026-02-08T05:26:39.561541
97.1,0.22,25.0,9658.5,48.55,555.5,1.0,217613.0,19.8,156.0,0.02,0.02,0.23,0.46931443298969083,2352.148286334632,6.33325557667194,371.83746996713387,0.0299999999999983,2.4198327500000008,6407.3052341429,100,Cardboard,2026-02-08T05:26:51.786881
97.1,0.22,25.0,9658.5,48.55,555.5,1.0,217613.0,19.8,156.0,0.02,0.02,0.23,0.46931443298969083,2352.148286334632,6.33325557667194,371.83746996713387,0.0299999999999983,2.4198327500000008,6407.3052341429,100,Cardboard,2026-02-08T05:26:51.786881
97.0,-0.22,25.0,9046.34,45.5,633.27,1.0,229688.5,19.8,156.0,0.02,0.02,0.22,0.46931443298969083,2352.148286334632,6.33325557667194,371.83746996713387,0.0299999999999983,2.4198327500000008,6407.3052341429,100,Cardboard,2026-02-08T05:26:51.786881
97.0,-0.22,25.0,9046.34,45.5,633.27,1.0,229688.5,19.8,156.0,0.02,0.02,0.22,0.46931443298969083,2352.148286334632,6.33325557667194,371.83746996713387,0.0299999999999983,2.4198327500000008,6407.3052341429,100,Cardboard,2026-02-08T05:26:51.786881
97.0,-0.22,25.0,9046.34,45.5,633.27,1.0,229688.5,19.8,156.0,0.02,0.02,0.22,0.46931443298969083,2352.148286334632,6.33325557667194,371.83746996713387,0.0299999999999983,2.4198327500000008,6407.3052341429,100,Cardboard,2026-02-08T05:26:51.786881
97.0,-0.22,25.0,9046.34,45.5,633.27,1.0,229688.5,19.8,156.0,0.02,0.02,0.22,0.46931443298969083,2352.148286334632,6.33325557667194,371.83746996713387,0.0299999999999983,2.4198327500000008,6407.3052341429,100,Cardboard,2026-02-08T05:26:51.786881
97.0,-0.22,25.0,9046.34,45.5,633.27,1.0,229688.5,19.8,156.0,0.02,0.02,0.22,0.46931443298969083,2352.148286334632,6.33325557667194,371.83746996713387,0.0299999999999983,2.4198327500000008,6407.3052341429,100,Cardboard,2026-02-08T05:26:51.786881
97.0,0.0,25.0,9313.68,46.83,588.83,1.0,220882.4,19.8,156.0,0.02,0.02,0.22,0.46931443298969083,2352.148286334632,6.33325557667194,371.83746996713387,0.0299999999999983,2.4198327500000008,6407.3052341429,100,Cardboard,2026-02-08T05:26:51.786881
97.0,0.0,25.0,9313.68,46.83,588.83,1.0,220882.4,19.8,156.0,0.02,0.02,0.22,0.46931443298969083,2352.148286334632,6.33325557667194,371.83746996713387,0.0299999999999983,2.4198327500000008,6407.3052341429,100,Cardboard,2026-02-08T05:26:51.786881
97.0,0.0,25.0,9313.68,46.83,588.83,1.0,220882.4,19.8,156.0,0.02,0.02,0.22,0.46931443298969083,2352.148286334632,6.33325557667194,371.83746996713387,0.0299999999999983,2.4198327500000008,6407.3052341429,100,Cardboard,2026-02-08T05:26:51.786881
97.0,0.0,25.0,9313.68,46.83,588.83,1.0,220882.4,19.8,156.0,0.02,0.02,0.22,0.46931443298969083,2352.148286334632,6.33325557667194,371.83746996713387,0.0299999999999983,2.4198327500000008,6407.3052341429,100,Cardboard,2026-02-08T05:26:51.786881
97.0,0.0,25.0,9313.68,46.83,588.83,1.0,220882.4,19.8,156.0,0.02,0.02,0.22,0.46931443298969083,2352.148286334632,6.33325557667194,371.83746996713387,0.0299999999999983,2.4198327500000008,6407.3052341429,100,Cardboard,2026-02-08T05:26:51.786881
97.0,0.0,25.0,8684.38,43.66,644.38,1.0,234958.4,19.8,156.0,0.02,0.02,0.22,0.46931443298969083,2352.148286334632,6.33325557667194,371.83746996713387,0.0299999999999983,2.4198327500000008,6407.3052341429,100,Cardboard,2026-02-08T05:26:51.786881
97.0,0.0,25.0,8684.38,43.66,644.38,1.0,234958.4,19.8,156.0,0.02,0.02,0.22,0.46931443298969083,2352.148286334632,6.33325557667194,371.83746996713387,0.0299999999999983,2.4198327500000008,6407.3052341429,100,Cardboard,2026-02-08T05:26:51.786881
97.0,0.0,25.0,8684.38,43.66,644.38,1.0,234958.4,19.8,156.0,0.02,0.02,0.22,0.46931443298969083,2352.148286334632,6.33325557667194,371.83746996713387,0.0299999999999983,2.4198327500000008,6407.3052341429,100,Cardboard,2026-02-08T05:26:51.786881
97.0,0.0,25.0,8684.38,43.66,644.38,1.0,234958.4,19.8,156.0,0.02,0.02,0.22,0.46931443298969083,2352.148286334632,6.33325557667194,371.83746996713387,0.0299999999999983,2.4198327500000008,6407.3052341429,100,Cardboard,2026-02-08T05:26:51.786881
97.0,0.0,25.0,8684.38,43.66,644.38,1.0,234958.4,19.8,156.0,0.02,0.02,0.22,0.46931443298969083,2352.148286334632,6.33325557667194,371.83746996713387,0.0299999999999983,2.4198327500000008,6407.3052341429,100,Cardboard,2026-02-08T05:26:51.786881
97.0,0.0,25.0,8684.38,43.66,644.38,1.0,234958.4,19.8,156.0,0.02,0.02,0.22,0.46931443298969083,2352.148286334632,6.33325557667194,371.83746996713387,0.0299999999999983,2.4198327500000008,6407.3052341429,100,Cardboard,2026-02-08T05:26:51.786881
97.0,-0.22,25.0,8940.1,44.93,599.94,1.0,232892.5,19.8,156.0,0.03,0.02,0.26,0.46931443298969083,2352.148286334632,6.33325557667194,371.83746996713387,0.0299999999999983,2.4198327500000008,6407.3052341429,100,Cardboard,2026-02-08T05:26:51.786881
97.0,-0.22,25.0,8940.1,44.93,599.94,1.0,232892.5,19.8,156.0,0.03,0.02,0.26,0.46931443298969083,2352.148286334632,6.33325557667194,371.83746996713387,0.0299999999999983,2.4198327500000008,6407.3052341429,100,Cardboard,2026-02-08T05:26:51.786881
105.4,-1.31,25.0,4120.62,20.29,855.47,1.0,166316.7,19.8,156.0,0.32,0.27,3.2,0.18707396332634876,1569.5530711260194,8.205615781001285,191.30060815898355,0.02179449471770213,0.23716275000000006,445.3504310933161,110,Cardboard,2026-02-08T05:27:36.393603
105.4,-1.31,25.0,4120.62,20.29,855.47,1.0,166316.7,19.8,156.0,0.32,0.27,3.2,0.18707396332634876,1569.5530711260194,8.205615781001285,191.30060815898355,0.02179449471770213,0.23716275000000006,445.3504310933161,110,Cardboard,2026-02-08T05:27:36.393603
105.4,-1.31,25.0,4120.62,20.29,855.47,1.0,166316.7,19.8,156.0,0.32,0.27,3.2,0.18707396332634876,1569.5530711260194,8.205615781001285,191.30060815898355,0.02179449471770213,0.23716275000000006,445.3504310933161,110,Cardboard,2026-02-08T05:27:36.393603
105.4,-0.22,25.0,4075.24,20.07,855.47,1.0,165086.5,19.8,156.0,0.34,0.3,3.4,0.18707396332634876,1569.5530711260194,8.205615781001285,191.30060815898355,0.02179449471770213,0.23716275000000006,445.3504310933161,110,Cardboard,2026-02-08T05:27:36.393603
105.4,-0.22,25.0,4075.24,20.07,855.47,1.0,165086.5,19.8,156.0,0.34,0.3,3.4,0.18707396332634876,1569.5530711260194,8.205615781001285,191.30060815898355,0.02179449471770213,0.23716275000000006,445.3504310933161,110,Cardboard,2026-02-08T05:27:36.393603
105.4,-0.22,25.0,4075.24,20.07,855.47,1.0,165086.5,19.8,156.0,0.34,0.3,3.4,0.18707396332634876,1569.5530711260194,8.205615781001285,191.30060815898355,0.02179449471770213,0.23716275000000006,445.3504310933161,110,Cardboard,2026-02-08T05:27:36.393603
105.4,-0.22,25.0,4075.24,20.07,855.47,1.0,165086.5,19.8,156.0,0.34,0.3,3.4,0.18707396332634876,1569.5530711260194,8.205615781001285,191.30060815898355,0.02179449471770213,0.23716275000000006,445.3504310933161,110,Cardboard,2026-02-08T05:27:36.393603
105.4,-0.22,25.0,4075.24,20.07,855.47,1.0,165086.5,19.8,156.0,0.34,0.3,3.4,0.18707396332634876,1569.5530711260194,8.205615781001285,191.30060815898355,0.02179449471770213,0.23716275000000006,445.3504310933161,110,Cardboard,2026-02-08T05:27:36.393603
105.4,-0.22,25.0,4075.24,20.07,855.47,1.0,165086.5,19.8,156.0,0.34,0.3,3.4,0.18707396332634876,1569.5530711260194,8.205615781001285,191.30060815898355,0.02179449471770213,0.23716275000000006,445.3504310933161,110,Cardboard,2026-02-08T05:27:36.393603
105.4,0.22,25.0,3858.28,19.0,877.69,1.0,165677.6,19.8,156.0,0.35,0.32,3.53,0.18707396332634876,1569.5530711260194,8.205615781001285,191.30060815898355,0.02179449471770213,0.23716275000000006,445.3504310933161,110,Cardboard,2026-02-08T05:27:36.393603
105.4,0.22,25.0,3858.28,19.0,877.69,1.0,165677.6,19.8,156.0,0.35,0.32,3.53,0.18707396332634876,1569.5530711260194,8.205615781001285,191.30060815898355,0.02179449471770213,0.23716275000000006,445.3504310933161,110,Cardboard,2026-02-08T05:27:36.393603
105.4,0.22,25.0,3858.28,19.0,877.69,1.0,165677.6,19.8,156.0,0.35,0.32,3.53,0.18707396332634876,1569.5530711260194,8.205615781001285,191.30060815898355,0.02179449471770213,0.23716275000000006,445.3504310933161,110,Cardboard,2026-02-08T05:27:36.393603
105.4,0.22,25.0,3858.28,19.0,877.69,1.0,165677.6,19.8,156.0,0.35,0.32,3.53,0.18707396332634876,1569.5530711260194,8.205615781001285,191.30060815898355,0.02179449471770213,0.23716275000000006,445.3504310933161,110,Cardboard,2026-02-08T05:27:36.393603
105.4,0.22,25.0,3858.28,19.0,877.69,1.0,165677.6,19.8,156.0,0.35,0.32,3.53,0.18707396332634876,1569.5530711260194,8.205615781001285,191.30060815898355,0.02179449471770213,0.23716275000000006,445.3504310933161,110,Cardboard,2026-02-08T05:27:36.393603
105.4,0.0,25.0,4014.54,19.8,866.58,1.0,165219.7,19.8,156.0,0.34,0.31,3.45,0.18707396332634876,1569.5530711260194,8.205615781001285,191.30060815898355,0.02179449471770213,0.23716275000000006,445.3504310933161,110,Cardboard,2026-02-08T05:27:36.393603
105.4,0.0,25.0,4014.54,19.8,866.58,1.0,165219.7,19.8,156.0,0.34,0.31,3.45,0.18707396332634876,1569.5530711260194,8.205615781001285,191.30060815898355,0.02179449471770213,0.23716275000000006,445.3504310933161,110,Cardboard,2026-02-08T05:27:36.393603
105.4,0.0,25.0,4014.54,19.8,866.58,1.0,165219.7,19.8,156.0,0.34,0.31,3.45,0.18707396332634876,1569.5530711260194,8.205615781001285,191.30060815898355,0.02179449471770213,0.23716275000000006,445.3504310933161,110,Cardboard,2026-02-08T05:27:36.393603
105.4,0.0,25.0,4014.54,19.8,866.58,1.0,165219.7,19.8,156.0,0.34,0.31,3.45,0.18707396332634876,1569.5530711260194,8.205615781001285,191.30060815898355,0.02179449471770213,0.23716275000000006,445.3504310933161,110,Cardboard,2026-02-08T05:27:36.393603
105.4,0.0,25.0,4014.54,19.8,866.58,1.0,165219.7,19.8,156.0,0.34,0.31,3.45,0.18707396332634876,1569.5530711260194,8.205615781001285,191.30060815898355,0.02179449471770213,0.23716275000000006,445.3504310933161,110,Cardboard,2026-02-08T05:27:36.393603
105.5,0.22,25.0,3866.24,19.08,877.69,1.0,164818.5,19.8,156.0,0.31,0.27,3.1,0.18707396332634876,1569.5530711260194,8.205615781001285,191.30060815898355,0.02179449471770213,0.23716275000000006,445.3504310933161,110,Cardboard,2026-02-08T05:27:36.393603
117.7,0.44,25.0,6481.77,32.12,833.25,1.0,249917.6,19.8,156.0,0.25,0.22,2.55,0.26511261372561457,2119.7435530276125,7.170611804341405,295.7131123745286,0.11169153951844657,1.0584189999999984,2355.680106381161,120,Cardboard,2026-02-08T05:27:49.001757
117.7,0.44,25.0,6481.77,32.12,833.25,1.0,249917.6,19.8,156.0,0.25,0.22,2.55,0.26511261372561457,2119.7435530276125,7.170611804341405,295.7131123745286,0.11169153951844657,1.0584189999999984,2355.680106381161,120,Cardboard,2026-02-08T05:27:49.001757
117.7,0.44,25.0,6481.77,32.12,833.25,1.0,249917.6,19.8,156.0,0.25,0.22,2.55,0.26511261372561457,2119.7435530276125,7.170611804341405,295.7131123745286,0.11169153951844657,1.0584189999999984,2355.680106381161,120,Cardboard,2026-02-08T05:27:49.001757
117.7,0.44,25.0,6481.77,32.12,833.25,1.0,249917.6,19.8,156.0,0.25,0.22,2.55,0.26511261372561457,2119.7435530276125,7.170611804341405,295.7131123745286,0.11169153951844657,1.0584189999999984,2355.680106381161,120,Cardboard,2026-02-08T05:27:49.001757
117.6,-0.22,25.0,5947.12,29.46,877.69,1.0,253197.3,19.8,156.0,0.25,0.22,2.52,0.26511261372561457,2119.7435530276125,7.170611804341405,295.7131123745286,0.11169153951844657,1.0584189999999984,2355.680106381161,120,Cardboard,2026-02-08T05:27:49.001757
117.6,-0.22,25.0,5947.12,29.46,877.69,1.0,253197.3,19.8,156.0,0.25,0.22,2.52,0.26511261372561457,2119.7435530276125,7.170611804341405,295.7131123745286,0.11169153951844657,1.0584189999999984,2355.680106381161,120,Cardboard,2026-02-08T05:27:49.001757
117.6,-0.22,25.0,5947.12,29.46,877.69,1.0,253197.3,19.8,156.0,0.25,0.22,2.52,0.26511261372561457,2119.7435530276125,7.170611804341405,295.7131123745286,0.11169153951844657,1.0584189999999984,2355.680106381161,120,Cardboard,2026-02-08T05:27:49.001757
117.6,-0.22,25.0,5947.12,29.46,877.69,1.0,253197.3,19.8,156.0,0.25,0.22,2.52,0.26511261372561457,2119.7435530276125,7.170611804341405,295.7131123745286,0.11169153951844657,1.0584189999999984,2355.680106381161,120,Cardboard,2026-02-08T05:27:49.001757
117.6,-0.22,25.0,5947.12,29.46,877.69,1.0,253197.3,19.8,156.0,0.25,0.22,2.52,0.26511261372561457,2119.7435530276125,7.170611804341405,295.7131123745286,0.11169153951844657,1.0584189999999984,2355.680106381161,120,Cardboard,2026-02-08T05:27:49.001757
117.8,1.09,25.0,6402.09,31.7,833.25,1.0,248845.7,19.8,156.0,0.25,0.21,2.55,0.26511261372561457,2119.7435530276125,7.170611804341405,295.7131123745286,0.11169153951844657,1.0584189999999984,2355.680106381161,120,Cardboard,2026-02-08T05:27:49.001757
117.8,1.09,25.0,6402.09,31.7,833.25,1.0,248845.7,19.8,156.0,0.25,0.21,2.55,0.26511261372561457,2119.7435530276125,7.170611804341405,295.7131123745286,0.11169153951844657,1.0584189999999984,2355.680106381161,120,Cardboard,2026-02-08T05:27:49.001757
117.8,1.09,25.0,6402.09,31.7,833.25,1.0,248845.7,19.8,156.0,0.25,0.21,2.55,0.26511261372561457,2119.7435530276125,7.170611804341405,295.7131123745286,0.11169153951844657,1.0584189999999984,2355.680106381161,120,Cardboard,2026-02-08T05:27:49.001757
117.8,1.09,25.0,6402.09,31.7,833.25,1.0,248845.7,19.8,156.0,0.25,0.21,2.55,0.26511261372561457,2119.7435530276125,7.170611804341405,295.7131123745286,0.11169153951844657,1.0584189999999984,2355.680106381161,120,Cardboard,2026-02-08T05:27:49.001757
117.8,1.09,25.0,6402.09,31.7,833.25,1.0,248845.7,19.8,156.0,0.25,0.21,2.55,0.26511261372561457,2119.7435530276125,7.170611804341405,295.7131123745286,0.11169153951844657,1.0584189999999984,2355.680106381161,120,Cardboard,2026-02-08T05:27:49.001757
117.8,1.09,25.0,6402.09,31.7,833.25,1.0,248845.7,19.8,156.0,0.25,0.21,2.55,0.26511261372561457,2119.7435530276125,7.170611804341405,295.7131123745286,0.11169153951844657,1.0584189999999984,2355.680106381161,120,Cardboard,2026-02-08T05:27:49.001757
117.9,0.22,25.0,6397.96,31.68,833.25,1.0,246685.7,19.8,156.0,0.22,0.19,2.22,0.26511261372561457,2119.7435530276125,7.170611804341405,295.7131123745286,0.11169153951844657,1.0584189999999984,2355.680106381161,120,Cardboard,2026-02-08T05:27:49.001757
117.9,0.22,25.0,6397.96,31.68,833.25,1.0,246685.7,19.8,156.0,0.22,0.19,2.22,0.26511261372561457,2119.7435530276125,7.170611804341405,295.7131123745286,0.11169153951844657,1.0584189999999984,2355.680106381161,120,Cardboard,2026-02-08T05:27:49.001757
117.9,0.22,25.0,6397.96,31.68,833.25,1.0,246685.7,19.8,156.0,0.22,0.19,2.22,0.26511261372561457,2119.7435530276125,7.170611804341405,295.7131123745286,0.11169153951844657,1.0584189999999984,2355.680106381161,120,Cardboard,2026-02-08T05:27:49.001757
117.9,0.22,25.0,6397.96,31.68,833.25,1.0,246685.7,19.8,156.0,0.22,0.19,2.22,0.26511261372561457,2119.7435530276125,7.170611804341405,295.7131123745286,0.11169153951844657,1.0584189999999984,2355.680106381161,120,Cardboard,2026-02-08T05:27:49.001757
117.9,0.22,25.0,6397.96,31.68,833.25,1.0,246685.7,19.8,156.0,0.22,0.19,2.22,0.26511261372561457,2119.7435530276125,7.170611804341405,295.7131123745286,0.11169153951844657,1.0584189999999984,2355.680106381161,120,Cardboard,2026-02-08T05:27:49.001757
126.9,0.22,25.0,6372.96,31.43,755.48,1.0,223518.9,19.8,156.0,0.06,0.06,0.65,0.23362096138691876,1763.6774231678487,6.2378841607565,283.13538975976564,1.4210854715202004e-14,1.7801727500000006,3082.396209002829,130,Cardboard,2026-02-08T05:28:04.689936
126.9,0.22,25.0,6372.96,31.43,755.48,1.0,223518.9,19.8,156.0,0.06,0.06,0.65,0.23362096138691876,1763.6774231678487,6.2378841607565,283.13538975976564,1.4210854715202004e-14,1.7801727500000006,3082.396209002829,130,Cardboard,2026-02-08T05:28:04.689936
126.9,0.22,25.0,6372.96,31.43,755.48,1.0,223518.9,19.8,156.0,0.06,0.06,0.65,0.23362096138691876,1763.6774231678487,6.2378841607565,283.13538975976564,1.4210854715202004e-14,1.7801727500000006,3082.396209002829,130,Cardboard,2026-02-08T05:28:04.689936
126.9,0.22,25.0,6372.96,31.43,755.48,1.0,223518.9,19.8,156.0,0.06,0.06,0.65,0.23362096138691876,1763.6774231678487,6.2378841607565,283.13538975976564,1.4210854715202004e-14,1.7801727500000006,3082.396209002829,130,Cardboard,2026-02-08T05:28:04.689936
126.9,0.0,25.0,6006.05,29.61,811.03,1.0,227479.7,19.8,156.0,0.06,0.06,0.65,0.23362096138691876,1763.6774231678487,6.2378841607565,283.13538975976564,1.4210854715202004e-14,1.7801727500000006,3082.396209002829,130,Cardboard,2026-02-08T05:28:04.689936
126.9,0.0,25.0,6006.05,29.61,811.03,1.0,227479.7,19.8,156.0,0.06,0.06,0.65,0.23362096138691876,1763.6774231678487,6.2378841607565,283.13538975976564,1.4210854715202004e-14,1.7801727500000006,3082.396209002829,130,Cardboard,2026-02-08T05:28:04.689936
126.9,0.0,25.0,6006.05,29.61,811.03,1.0,227479.7,19.8,156.0,0.06,0.06,0.65,0.23362096138691876,1763.6774231678487,6.2378841607565,283.13538975976564,1.4210854715202004e-14,1.7801727500000006,3082.396209002829,130,Cardboard,2026-02-08T05:28:04.689936
126.9,0.0,25.0,6006.05,29.61,811.03,1.0,227479.7,19.8,156.0,0.06,0.06,0.65,0.23362096138691876,1763.6774231678487,6.2378841607565,283.13538975976564,1.4210854715202004e-14,1.7801727500000006,3082.396209002829,130,Cardboard,2026-02-08T05:28:04.689936
126.9,0.0,25.0,6006.05,29.61,811.03,1.0,227479.7,19.8,156.0,0.06,0.06,0.65,0.23362096138691876,1763.6774231678487,6.2378841607565,283.13538975976564,1.4210854715202004e-14,1.7801727500000006,3082.396209002829,130,Cardboard,2026-02-08T05:28:04.689936
126.9,0.0,25.0,6006.05,29.61,811.03,1.0,227479.7,19.8,156.0,0.06,0.06,0.65,0.23362096138691876,1763.6774231678487,6.2378841607565,283.13538975976564,1.4210854715202004e-14,1.7801727500000006,3082.396209002829,130,Cardboard,2026-02-08T05:28:04.689936
126.9,0.0,25.0,6144.71,30.3,755.48,1.0,219167.6,19.8,156.0,0.06,0.06,0.65,0.23362096138691876,1763.6774231678487,6.2378841607565,283.13538975976564,1.4210854715202004e-14,1.7801727500000006,3082.396209002829,130,Cardboard,2026-02-08T05:28:04.689936
126.9,0.0,25.0,6144.71,30.3,755.48,1.0,219167.6,19.8,156.0,0.06,0.06,0.65,0.23362096138691876,1763.6774231678487,6.2378841607565,283.13538975976564,1.4210854715202004e-14,1.7801727500000006,3082.396209002829,130,Cardboard,2026-02-08T05:28:04.689936
126.9,0.0,25.0,6144.71,30.3,755.48,1.0,219167.6,19.8,156.0,0.06,0.06,0.65,0.23362096138691876,1763.6774231678487,6.2378841607565,283.13538975976564,1.4210854715202004e-14,1.7801727500000006,3082.396209002829,130,Cardboard,2026-02-08T05:28:04.689936
126.9,0.0,25.0,6144.71,30.3,755.48,1.0,219167.6,19.8,156.0,0.06,0.06,0.65,0.23362096138691876,1763.6774231678487,6.2378841607565,283.13538975976564,1.4210854715202004e-14,1.7801727500000006,3082.396209002829,130,Cardboard,2026-02-08T05:28:04.689936
126.9,0.0,25.0,6144.71,30.3,755.48,1.0,219167.6,19.8,156.0,0.06,0.06,0.65,0.23362096138691876,1763.6774231678487,6.2378841607565,283.13538975976564,1.4210854715202004e-14,1.7801727500000006,3082.396209002829,130,Cardboard,2026-02-08T05:28:04.689936
126.9,0.0,25.0,5599.03,27.61,833.25,1.0,224284.3,19.8,156.0,0.07,0.06,0.68,0.23362096138691876,1763.6774231678487,6.2378841607565,283.13538975976564,1.4210854715202004e-14,1.7801727500000006,3082.396209002829,130,Cardboard,2026-02-08T05:28:04.689936
126.9,0.0,25.0,5599.03,27.61,833.25,1.0,224284.3,19.8,156.0,0.07,0.06,0.68,0.23362096138691876,1763.6774231678487,6.2378841607565,283.13538975976564,1.4210854715202004e-14,1.7801727500000006,3082.396209002829,130,Cardboard,2026-02-08T05:28:04.689936
126.9,0.0,25.0,5599.03,27.61,833.25,1.0,224284.3,19.8,156.0,0.07,0.06,0.68,0.23362096138691876,1763.6774231678487,6.2378841607565,283.13538975976564,1.4210854715202004e-14,1.7801727500000006,3082.396209002829,130,Cardboard,2026-02-08T05:28:04.689936
126.9,0.0,25.0,5599.03,27.61,833.25,1.0,224284.3,19.8,156.0,0.07,0.06,0.68,0.23362096138691876,1763.6774231678487,6.2378841607565,283.13538975976564,1.4210854715202004e-14,1.7801727500000006,3082.396209002829,130,Cardboard,2026-02-08T05:28:04.689936
126.9,0.0,25.0,5599.03,27.61,833.25,1.0,224284.3,19.8,156.0,0.07,0.06,0.68,0.23362096138691876,1763.6774231678487,6.2378841607565,283.13538975976564,1.4210854715202004e-14,1.7801727500000006,3082.396209002829,130,Cardboard,2026-02-08T05:28:04.689936
137.0,0.0,25.0,4186.49,20.95,888.8,1.0,181367.1,19.8,156.0,0.11,0.08,1.14,0.14699485382852828,1307.802483772016,6.48475616822877,201.6717371737174,0.12000000000000453,0.3834009999999997,1894.2890664837807,140,Cardboard,2026-02-08T05:28:17.314470
137.0,0.0,25.0,4186.49,20.95,888.8,1.0,181367.1,19.8,156.0,0.11,0.08,1.14,0.14699485382852828,1307.802483772016,6.48475616822877,201.6717371737174,0.12000000000000453,0.3834009999999997,1894.2890664837807,140,Cardboard,2026-02-08T05:28:17.314470
137.0,0.0,25.0,4186.49,20.95,888.8,1.0,181367.1,19.8,156.0,0.11,0.08,1.14,0.14699485382852828,1307.802483772016,6.48475616822877,201.6717371737174,0.12000000000000453,0.3834009999999997,1894.2890664837807,140,Cardboard,2026-02-08T05:28:17.314470
137.0,0.0,25.0,4186.49,20.95,888.8,1.0,181367.1,19.8,156.0,0.11,0.08,1.14,0.14699485382852828,1307.802483772016,6.48475616822877,201.6717371737174,0.12000000000000453,0.3834009999999997,1894.2890664837807,140,Cardboard,2026-02-08T05:28:17.314470
137.0,0.0,25.0,4186.49,20.95,888.8,1.0,181367.1,19.8,156.0,0.11,0.08,1.14,0.14699485382852828,1307.802483772016,6.48475616822877,201.6717371737174,0.12000000000000453,0.3834009999999997,1894.2890664837807,140,Cardboard,2026-02-08T05:28:17.314470
137.0,-0.22,25.0,4092.29,20.47,888.8,1.0,180270.1,19.8,156.0,0.12,0.1,1.21,0.14699485382852828,1307.802483772016,6.48475616822877,201.6717371737174,0.12000000000000453,0.3834009999999997,1894.2890664837807,140,Cardboard,2026-02-08T05:28:17.314470
137.0,-0.22,25.0,4092.29,20.47,888.8,1.0,180270.1,19.8,156.0,0.12,0.1,1.21,0.14699485382852828,1307.802483772016,6.48475616822877,201.6717371737174,0.12000000000000453,0.3834009999999997,1894.2890664837807,140,Cardboard,2026-02-08T05:28:17.314470
137.0,-0.22,25.0,4092.29,20.47,888.8,1.0,180270.1,19.8,156.0,0.12,0.1,1.21,0.14699485382852828,1307.802483772016,6.48475616822877,201.6717371737174,0.12000000000000453,0.3834009999999997,1894.2890664837807,140,Cardboard,2026-02-08T05:28:17.314470
137.0,-0.22,25.0,4092.29,20.47,888.8,1.0,180270.1,19.8,156.0,0.12,0.1,1.21,0.14699485382852828,1307.802483772016,6.48475616822877,201.6717371737174,0.12000000000000453,0.3834009999999997,1894.2890664837807,140,Cardboard,2026-02-08T05:28:17.314470
137.0,-0.22,25.0,4092.29,20.47,888.8,1.0,180270.1,19.8,156.0,0.12,0.1,1.21,0.14699485382852828,1307.802483772016,6.48475616822877,201.6717371737174,0.12000000000000453,0.3834009999999997,1894.2890664837807,140,Cardboard,2026-02-08T05:28:17.314470
137.0,0.22,25.0,3875.42,19.36,888.8,1.0,178807.0,19.8,156.0,0.12,0.1,1.22,0.14699485382852828,1307.802483772016,6.48475616822877,201.6717371737174,0.12000000000000453,0.3834009999999997,1894.2890664837807,140,Cardboard,2026-02-08T05:28:17.314470
137.0,0.22,25.0,3875.42,19.36,888.8,1.0,178807.0,19.8,156.0,0.12,0.1,1.22,0.14699485382852828,1307.802483772016,6.48475616822877,201.6717371737174,0.12000000000000453,0.3834009999999997,1894.2890664837807,140,Cardboard,2026-02-08T05:28:17.314470
137.0,0.22,25.0,3875.42,19.36,888.8,1.0,178807.0,19.8,156.0,0.12,0.1,1.22,0.14699485382852828,1307.802483772016,6.48475616822877,201.6717371737174,0.12000000000000453,0.3834009999999997,1894.2890664837807,140,Cardboard,2026-02-08T05:28:17.314470
137.0,0.22,25.0,3875.42,19.36,888.8,1.0,178807.0,19.8,156.0,0.12,0.1,1.22,0.14699485382852828,1307.802483772016,6.48475616822877,201.6717371737174,0.12000000000000453,0.3834009999999997,1894.2890664837807,140,Cardboard,2026-02-08T05:28:17.314470
137.0,0.22,25.0,3875.42,19.36,888.8,1.0,178807.0,19.8,156.0,0.12,0.1,1.22,0.14699485382852828,1307.802483772016,6.48475616822877,201.6717371737174,0.12000000000000453,0.3834009999999997,1894.2890664837807,140,Cardboard,2026-02-08T05:28:17.314470
137.0,0.22,25.0,3875.42,19.36,888.8,1.0,178807.0,19.8,156.0,0.12,0.1,1.22,0.14699485382852828,1307.802483772016,6.48475616822877,201.6717371737174,0.12000000000000453,0.3834009999999997,1894.2890664837807,140,Cardboard,2026-02-08T05:28:17.314470
137.3,1.09,25.0,3990.15,19.92,888.8,1.0,175972.2,19.8,156.0,0.11,0.09,1.12,0.14699485382852828,1307.802483772016,6.48475616822877,201.6717371737174,0.12000000000000453,0.3834009999999997,1894.2890664837807,140,Cardboard,2026-02-08T05:28:17.314470
137.3,1.09,25.0,3990.15,19.92,888.8,1.0,175972.2,19.8,156.0,0.11,0.09,1.12,0.14699485382852828,1307.802483772016,6.48475616822877,201.6717371737174,0.12000000000000453,0.3834009999999997,1894.2890664837807,140,Cardboard,2026-02-08T05:28:17.314470
137.3,1.09,25.0,3990.15,19.92,888.8,1.0,175972.2,19.8,156.0,0.11,0.09,1.12,0.14699485382852828,1307.802483772016,6.48475616822877,201.6717371737174,0.12000000000000453,0.3834009999999997,1894.2890664837807,140,Cardboard,2026-02-08T05:28:17.314470
137.3,1.09,25.0,3990.15,19.92,888.8,1.0,175972.2,19.8,156.0,0.11,0.09,1.12,0.14699485382852828,1307.802483772016,6.48475616822877,201.6717371737174,0.12000000000000453,0.3834009999999997,1894.2890664837807,140,Cardboard,2026-02-08T05:28:17.314470
147.3,0.0,25.0,2644.4,13.4,1011.01,1.0,145671.9,19.8,156.0,0.06,0.06,0.63,0.0914969450101833,988.1304820095045,6.840984385607603,144.44607251933985,2.842170943040401e-14,0.04420875000000006,103.4263728456133,150,Cardboard,2026-02-08T05:28:26.974398
147.3,0.0,25.0,2644.4,13.4,1011.01,1.0,145671.9,19.8,156.0,0.06,0.06,0.63,0.0914969450101833,988.1304820095045,6.840984385607603,144.44607251933985,2.842170943040401e-14,0.04420875000000006,103.4263728456133,150,Cardboard,2026-02-08T05:28:26.974398
147.3,0.0,25.0,2644.4,13.4,1011.01,1.0,145671.9,19.8,156.0,0.06,0.06,0.63,0.0914969450101833,988.1304820095045,6.840984385607603,144.44607251933985,2.842170943040401e-14,0.04420875000000006,103.4263728456133,150,Cardboard,2026-02-08T05:28:26.974398
147.3,0.0,25.0,2701.93,13.67,1011.01,1.0,145578.9,19.8,156.0,0.06,0.06,0.63,0.0914969450101833,988.1304820095045,6.840984385607603,144.44607251933985,2.842170943040401e-14,0.04420875000000006,103.4263728456133,150,Cardboard,2026-02-08T05:28:26.974398
147.3,0.0,25.0,2701.93,13.67,1011.01,1.0,145578.9,19.8,156.0,0.06,0.06,0.63,0.0914969450101833,988.1304820095045,6.840984385607603,144.44607251933985,2.842170943040401e-14,0.04420875000000006,103.4263728456133,150,Cardboard,2026-02-08T05:28:26.974398
147.3,0.0,25.0,2701.93,13.67,1011.01,1.0,145578.9,19.8,156.0,0.06,0.06,0.63,0.0914969450101833,988.1304820095045,6.840984385607603,144.44607251933985,2.842170943040401e-14,0.04420875000000006,103.4263728456133,150,Cardboard,2026-02-08T05:28:26.974398
147.3,0.0,25.0,2701.93,13.67,1011.01,1.0,145578.9,19.8,156.0,0.06,0.06,0.63,0.0914969450101833,988.1304820095045,6.840984385607603,144.44607251933985,2.842170943040401e-14,0.04420875000000006,103.4263728456133,150,Cardboard,2026-02-08T05:28:26.974398
147.3,0.0,25.0,2701.93,13.67,1011.01,1.0,145578.9,19.8,156.0,0.06,0.06,0.63,0.0914969450101833,988.1304820095045,6.840984385607603,144.44607251933985,2.842170943040401e-14,0.04420875000000006,103.4263728456133,150,Cardboard,2026-02-08T05:28:26.974398
147.3,0.0,25.0,2701.93,13.67,1011.01,1.0,145578.9,19.8,156.0,0.06,0.06,0.63,0.0914969450101833,988.1304820095045,6.840984385607603,144.44607251933985,2.842170943040401e-14,0.04420875000000006,103.4263728456133,150,Cardboard,2026-02-08T05:28:26.974398
147.3,0.0,25.0,2607.38,13.17,1011.01,1.0,145579.3,19.8,156.0,0.06,0.06,0.63,0.0914969450101833,988.1304820095045,6.840984385607603,144.44607251933985,2.842170943040401e-14,0.04420875000000006,103.4263728456133,150,Cardboard,2026-02-08T05:28:26.974398
147.3,0.0,25.0,2607.38,13.17,1011.01,1.0,145579.3,19.8,156.0,0.06,0.06,0.63,0.0914969450101833,988.1304820095045,6.840984385607603,144.44607251933985,2.842170943040401e-14,0.04420875000000006,103.4263728456133,150,Cardboard,2026-02-08T05:28:26.974398
147.3,0.0,25.0,2607.38,13.17,1011.01,1.0,145579.3,19.8,156.0,0.06,0.06,0.63,0.0914969450101833,988.1304820095045,6.840984385607603,144.44607251933985,2.842170943040401e-14,0.04420875000000006,103.4263728456133,150,Cardboard,2026-02-08T05:28:26.974398
147.3,0.0,25.0,2607.38,13.17,1011.01,1.0,145579.3,19.8,156.0,0.06,0.06,0.63,0.0914969450101833,988.1304820095045,6.840984385607603,144.44607251933985,2.842170943040401e-14,0.04420875000000006,103.4263728456133,150,Cardboard,2026-02-08T05:28:26.974398
147.3,0.0,25.0,2607.38,13.17,1011.01,1.0,145579.3,19.8,156.0,0.06,0.06,0.63,0.0914969450101833,988.1304820095045,6.840984385607603,144.44607251933985,2.842170943040401e-14,0.04420875000000006,103.4263728456133,150,Cardboard,2026-02-08T05:28:26.974398
147.3,0.0,25.0,2706.36,13.64,999.9,1.0,145495.6,19.8,156.0,0.06,0.06,0.63,0.0914969450101833,988.1304820095045,6.840984385607603,144.44607251933985,2.842170943040401e-14,0.04420875000000006,103.4263728456133,150,Cardboard,2026-02-08T05:28:26.974398
147.3,0.0,25.0,2706.36,13.64,999.9,1.0,145495.6,19.8,156.0,0.06,0.06,0.63,0.0914969450101833,988.1304820095045,6.840984385607603,144.44607251933985,2.842170943040401e-14,0.04420875000000006,103.4263728456133,150,Cardboard,2026-02-08T05:28:26.974398
147.3,0.0,25.0,2706.36,13.64,999.9,1.0,145495.6,19.8,156.0,0.06,0.06,0.63,0.0914969450101833,988.1304820095045,6.840984385607603,144.44607251933985,2.842170943040401e-14,0.04420875000000006,103.4263728456133,150,Cardboard,2026-02-08T05:28:26.974398
147.3,0.0,25.0,2706.36,13.64,999.9,1.0,145495.6,19.8,156.0,0.06,0.06,0.63,0.0914969450101833,988.1304820095045,6.840984385607603,144.44607251933985,2.842170943040401e-14,0.04420875000000006,103.4263728456133,150,Cardboard,2026-02-08T05:28:26.974398
147.3,0.0,25.0,2706.36,13.64,999.9,1.0,145495.6,19.8,156.0,0.06,0.06,0.63,0.0914969450101833,988.1304820095045,6.840984385607603,144.44607251933985,2.842170943040401e-14,0.04420875000000006,103.4263728456133,150,Cardboard,2026-02-08T05:28:26.974398
147.3,0.0,25.0,2636.3,13.28,999.9,1.0,145168.8,19.8,156.0,0.07,0.06,0.65,0.0914969450101833,988.1304820095045,6.840984385607603,144.44607251933985,2.842170943040401e-14,0.04420875000000006,103.4263728456133,150,Cardboard,2026-02-08T05:28:26.974398
156.1,-0.44,25.0,2432.98,12.12,1066.56,1.0,142206.6,19.8,156.0,0.31,0.29,3.09,0.07797311806659404,909.1906985666783,6.857916300832541,132.5823570667566,0.22422087324778558,0.011844749999999984,965.1380449966717,160,Cardboard,2026-02-08T05:28:44.114624
156.1,-0.44,25.0,2432.98,12.12,1066.56,1.0,142206.6,19.8,156.0,0.31,0.29,3.09,0.07797311806659404,909.1906985666783,6.857916300832541,132.5823570667566,0.22422087324778558,0.011844749999999984,965.1380449966717,160,Cardboard,2026-02-08T05:28:44.114624
156.1,-0.44,25.0,2432.98,12.12,1066.56,1.0,142206.6,19.8,156.0,0.31,0.29,3.09,0.07797311806659404,909.1906985666783,6.857916300832541,132.5823570667566,0.22422087324778558,0.011844749999999984,965.1380449966717,160,Cardboard,2026-02-08T05:28:44.114624
156.1,-0.44,25.0,2432.98,12.12,1066.56,1.0,142206.6,19.8,156.0,0.31,0.29,3.09,0.07797311806659404,909.1906985666783,6.857916300832541,132.5823570667566,0.22422087324778558,0.011844749999999984,965.1380449966717,160,Cardboard,2026-02-08T05:28:44.114624
156.1,-0.44,25.0,2432.98,12.12,1066.56,1.0,142206.6,19.8,156.0,0.31,0.29,3.09,0.07797311806659404,909.1906985666783,6.857916300832541,132.5823570667566,0.22422087324778558,0.011844749999999984,965.1380449966717,160,Cardboard,2026-02-08T05:28:44.114624
155.8,-1.31,25.0,2473.3,12.33,1077.67,1.0,142898.4,19.8,156.0,0.29,0.27,2.93,0.07797311806659404,909.1906985666783,6.857916300832541,132.5823570667566,0.22422087324778558,0.011844749999999984,965.1380449966717,160,Cardboard,2026-02-08T05:28:44.114624
155.8,-1.31,25.0,2473.3,12.33,1077.67,1.0,142898.4,19.8,156.0,0.29,0.27,2.93,0.07797311806659404,909.1906985666783,6.857916300832541,132.5823570667566,0.22422087324778558,0.011844749999999984,965.1380449966717,160,Cardboard,2026-02-08T05:28:44.114624
155.8,-1.31,25.0,2473.3,12.33,1077.67,1.0,142898.4,19.8,156.0,0.29,0.27,2.93,0.07797311806659404,909.1906985666783,6.857916300832541,132.5823570667566,0.22422087324778558,0.011844749999999984,965.1380449966717,160,Cardboard,2026-02-08T05:28:44.114624
155.8,-1.31,25.0,2473.3,12.33,1077.67,1.0,142898.4,19.8,156.0,0.29,0.27,2.93,0.07797311806659404,909.1906985666783,6.857916300832541,132.5823570667566,0.22422087324778558,0.011844749999999984,965.1380449966717,160,Cardboard,2026-02-08T05:28:44.114624
155.8,-1.31,25.0,2473.3,12.33,1077.67,1.0,142898.4,19.8,156.0,0.29,0.27,2.93,0.07797311806659404,909.1906985666783,6.857916300832541,132.5823570667566,0.22422087324778558,0.011844749999999984,965.1380449966717,160,Cardboard,2026-02-08T05:28:44.114624
155.5,-1.31,25.0,2420.87,12.07,1055.45,1.0,140756.6,19.8,156.0,0.28,0.26,2.83,0.07797311806659404,909.1906985666783,6.857916300832541,132.5823570667566,0.22422087324778558,0.011844749999999984,965.1380449966717,160,Cardboard,2026-02-08T05:28:44.114624
155.5,-1.31,25.0,2420.87,12.07,1055.45,1.0,140756.6,19.8,156.0,0.28,0.26,2.83,0.07797311806659404,909.1906985666783,6.857916300832541,132.5823570667566,0.22422087324778558,0.011844749999999984,965.1380449966717,160,Cardboard,2026-02-08T05:28:44.114624
155.5,-1.31,25.0,2420.87,12.07,1055.45,1.0,140756.6,19.8,156.0,0.28,0.26,2.83,0.07797311806659404,909.1906985666783,6.857916300832541,132.5823570667566,0.22422087324778558,0.011844749999999984,965.1380449966717,160,Cardboard,2026-02-08T05:28:44.114624
155.5,-1.31,25.0,2420.87,12.07,1055.45,1.0,140756.6,19.8,156.0,0.28,0.26,2.83,0.07797311806659404,909.1906985666783,6.857916300832541,132.5823570667566,0.22422087324778558,0.011844749999999984,965.1380449966717,160,Cardboard,2026-02-08T05:28:44.114624
155.5,-1.31,25.0,2420.87,12.07,1055.45,1.0,140756.6,19.8,156.0,0.28,0.26,2.83,0.07797311806659404,909.1906985666783,6.857916300832541,132.5823570667566,0.22422087324778558,0.011844749999999984,965.1380449966717,160,Cardboard,2026-02-08T05:28:44.114624
155.5,-1.31,25.0,2420.87,12.07,1055.45,1.0,140756.6,19.8,156.0,0.28,0.26,2.83,0.07797311806659404,909.1906985666783,6.857916300832541,132.5823570667566,0.22422087324778558,0.011844749999999984,965.1380449966717,160,Cardboard,2026-02-08T05:28:44.114624
155.7,0.66,25.0,2419.19,12.06,1077.67,1.0,140587.4,19.8,156.0,0.27,0.24,2.69,0.07797311806659404,909.1906985666783,6.857916300832541,132.5823570667566,0.22422087324778558,0.011844749999999984,965.1380449966717,160,Cardboard,2026-02-08T05:28:44.114624
155.7,0.66,25.0,2419.19,12.06,1077.67,1.0,140587.4,19.8,156.0,0.27,0.24,2.69,0.07797311806659404,909.1906985666783,6.857916300832541,132.5823570667566,0.22422087324778558,0.011844749999999984,965.1380449966717,160,Cardboard,2026-02-08T05:28:44.114624
155.7,0.66,25.0,2419.19,12.06,1077.67,1.0,140587.4,19.8,156.0,0.27,0.24,2.69,0.07797311806659404,909.1906985666783,6.857916300832541,132.5823570667566,0.22422087324778558,0.011844749999999984,965.1380449966717,160,Cardboard,2026-02-08T05:28:44.114624
155.7,0.66,25.0,2419.19,12.06,1077.67,1.0,140587.4,19.8,156.0,0.27,0.24,2.69,0.07797311806659404,909.1906985666783,6.857916300832541,132.5823570667566,0.22422087324778558,0.011844749999999984,965.1380449966717,160,Cardboard,2026-02-08T05:28:44.114624
165.0,0.0,25.0,2011.75,9.96,966.57,1.0,104243.6,19.8,156.0,0.1,0.1,1.05,0.05933030303030303,638.3157878787881,6.009499999999999,106.27174083003914,0.0,0.032314750000000135,994.7769305100514,170,Cardboard,2026-02-08T05:28:58.930594
165.0,0.0,25.0,2011.75,9.96,966.57,1.0,104243.6,19.8,156.0,0.1,0.1,1.05,0.05933030303030303,638.3157878787881,6.009499999999999,106.27174083003914,0.0,0.032314750000000135,994.7769305100514,170,Cardboard,2026-02-08T05:28:58.930594
165.0,0.0,25.0,2011.75,9.96,966.57,1.0,104243.6,19.8,156.0,0.1,0.1,1.05,0.05933030303030303,638.3157878787881,6.009499999999999,106.27174083003914,0.0,0.032314750000000135,994.7769305100514,170,Cardboard,2026-02-08T05:28:58.930594
165.0,0.0,25.0,2011.75,9.96,966.57,1.0,104243.6,19.8,156.0,0.1,0.1,1.05,0.05933030303030303,638.3157878787881,6.009499999999999,106.27174083003914,0.0,0.032314750000000135,994.7769305100514,170,Cardboard,2026-02-08T05:28:58.930594
165.0,0.0,25.0,2011.75,9.96,966.57,1.0,104243.6,19.8,156.0,0.1,0.1,1.05,0.05933030303030303,638.3157878787881,6.009499999999999,106.27174083003914,0.0,0.032314750000000135,994.7769305100514,170,Cardboard,2026-02-08T05:28:58.930594
165.0,0.0,25.0,1990.92,9.87,977.68,1.0,105165.3,19.8,156.0,0.1,0.09,0.95,0.05933030303030303,638.3157878787881,6.009499999999999,106.27174083003914,0.0,0.032314750000000135,994.7769305100514,170,Cardboard,2026-02-08T05:28:58.930594
165.0,0.0,25.0,1990.92,9.87,977.68,1.0,105165.3,19.8,156.0,0.1,0.09,0.95,0.05933030303030303,638.3157878787881,6.009499999999999,106.27174083003914,0.0,0.032314750000000135,994.7769305100514,170,Cardboard,2026-02-08T05:28:58.930594
165.0,0.0,25.0,1990.92,9.87,977.68,1.0,105165.3,19.8,156.0,0.1,0.09,0.95,0.05933030303030303,638.3157878787881,6.009499999999999,106.27174083003914,0.0,0.032314750000000135,994.7769305100514,170,Cardboard,2026-02-08T05:28:58.930594
165.0,0.0,25.0,1990.92,9.87,977.68,1.0,105165.3,19.8,156.0,0.1,0.09,0.95,0.05933030303030303,638.3157878787881,6.009499999999999,106.27174083003914,0.0,0.032314750000000135,994.7769305100514,170,Cardboard,2026-02-08T05:28:58.930594
165.0,0.0,25.0,1990.92,9.87,977.68,1.0,105165.3,19.8,156.0,0.1,0.09,0.95,0.05933030303030303,638.3157878787881,6.009499999999999,106.27174083003914,0.0,0.032314750000000135,994.7769305100514,170,Cardboard,2026-02-08T05:28:58.930594
165.0,0.0,25.0,1915.68,9.52,1033.23,1.0,106757.8,19.8,156.0,0.09,0.08,0.86,0.05933030303030303,638.3157878787881,6.009499999999999,106.27174083003914,0.0,0.032314750000000135,994.7769305100514,170,Cardboard,2026-02-08T05:28:58.930594
165.0,0.0,25.0,1915.68,9.52,1033.23,1.0,106757.8,19.8,156.0,0.09,0.08,0.86,0.05933030303030303,638.3157878787881,6.009499999999999,106.27174083003914,0.0,0.032314750000000135,994.7769305100514,170,Cardboard,2026-02-08T05:28:58.930594
165.0,0.0,25.0,1915.68,9.52,1033.23,1.0,106757.8,19.8,156.0,0.09,0.08,0.86,0.05933030303030303,638.3157878787881,6.009499999999999,106.27174083003914,0.0,0.032314750000000135,994.7769305100514,170,Cardboard,2026-02-08T05:28:58.930594
165.0,0.0,25.0,1915.68,9.52,1033.23,1.0,106757.8,19.8,156.0,0.09,0.08,0.86,0.05933030303030303,638.3157878787881,6.009499999999999,106.27174083003914,0.0,0.032314750000000135,994.7769305100514,170,Cardboard,2026-02-08T05:28:58.930594
165.0,0.0,25.0,1915.68,9.52,1033.23,1.0,106757.8,19.8,156.0,0.09,0.08,0.86,0.05933030303030303,638.3157878787881,6.009499999999999,106.27174083003914,0.0,0.032314750000000135,994.7769305100514,170,Cardboard,2026-02-08T05:28:58.930594
165.0,0.0,25.0,1915.68,9.52,1033.23,1.0,106757.8,19.8,156.0,0.09,0.08,0.86,0.05933030303030303,638.3157878787881,6.009499999999999,106.27174083003914,0.0,0.032314750000000135,994.7769305100514,170,Cardboard,2026-02-08T05:28:58.930594
165.0,-0.22,25.0,1986.31,9.88,977.68,1.0,104712.7,19.8,156.0,0.07,0.05,0.65,0.05933030303030303,638.3157878787881,6.009499999999999,106.27174083003914,0.0,0.032314750000000135,994.7769305100514,170,Cardboard,2026-02-08T05:28:58.930594
165.0,-0.22,25.0,1986.31,9.88,977.68,1.0,104712.7,19.8,156.0,0.07,0.05,0.65,0.05933030303030303,638.3157878787881,6.009499999999999,106.27174083003914,0.0,0.032314750000000135,994.7769305100514,170,Cardboard,2026-02-08T05:28:58.930594
165.0,-0.22,25.0,1986.31,9.88,977.68,1.0,104712.7,19.8,156.0,0.07,0.05,0.65,0.05933030303030303,638.3157878787881,6.009499999999999,106.27174083003914,0.0,0.032314750000000135,994.7769305100514,170,Cardboard,2026-02-08T05:28:58.930594
165.0,-0.22,25.0,1986.31,9.88,977.68,1.0,104712.7,19.8,156.0,0.07,0.05,0.65,0.05933030303030303,638.3157878787881,6.009499999999999,106.27174083003914,0.0,0.032314750000000135,994.7769305100514,170,Cardboard,2026-02-08T05:28:58.930594
177.0,0.0,25.0,4885.25,24.4,966.57,1.0,231048.1,19.8,156.0,0.02,0.02,0.19,0.13814659597341983,1302.0387459604997,5.245981892830825,248.36325000764606,0.049999999999997165,0.7123890000000004,1734.6803573281156,180,Cardboard,2026-02-08T05:29:10.962677
177.0,0.0,25.0,4885.25,24.4,966.57,1.0,231048.1,19.8,156.0,0.02,0.02,0.19,0.13814659597341983,1302.0387459604997,5.245981892830825,248.36325000764606,0.049999999999997165,0.7123890000000004,1734.6803573281156,180,Cardboard,2026-02-08T05:29:10.962677
177.0,0.0,25.0,4885.25,24.4,966.57,1.0,231048.1,19.8,156.0,0.02,0.02,0.19,0.13814659597341983,1302.0387459604997,5.245981892830825,248.36325000764606,0.049999999999997165,0.7123890000000004,1734.6803573281156,180,Cardboard,2026-02-08T05:29:10.962677
177.0,0.0,25.0,4885.25,24.4,966.57,1.0,231048.1,19.8,156.0,0.02,0.02,0.19,0.13814659597341983,1302.0387459604997,5.245981892830825,248.36325000764606,0.049999999999997165,0.7123890000000004,1734.6803573281156,180,Cardboard,2026-02-08T05:29:10.962677
177.1,0.44,25.0,4832.03,24.12,922.13,1.0,229147.5,19.8,156.0,0.03,0.02,0.26,0.13814659597341983,1302.0387459604997,5.245981892830825,248.36325000764606,0.049999999999997165,0.7123890000000004,1734.6803573281156,180,Cardboard,2026-02-08T05:29:10.962677
177.1,0.44,25.0,4832.03,24.12,922.13,1.0,229147.5,19.8,156.0,0.03,0.02,0.26,0.13814659597341983,1302.0387459604997,5.245981892830825,248.36325000764606,0.049999999999997165,0.7123890000000004,1734.6803573281156,180,Cardboard,2026-02-08T05:29:10.962677
177.1,0.44,25.0,4832.03,24.12,922.13,1.0,229147.5,19.8,156.0,0.03,0.02,0.26,0.13814659597341983,1302.0387459604997,5.245981892830825,248.36325000764606,0.049999999999997165,0.7123890000000004,1734.6803573281156,180,Cardboard,2026-02-08T05:29:10.962677
177.1,0.44,25.0,4832.03,24.12,922.13,1.0,229147.5,19.8,156.0,0.03,0.02,0.26,0.13814659597341983,1302.0387459604997,5.245981892830825,248.36325000764606,0.049999999999997165,0.7123890000000004,1734.6803573281156,180,Cardboard,2026-02-08T05:29:10.962677
177.1,0.44,25.0,4832.03,24.12,922.13,1.0,229147.5,19.8,156.0,0.03,0.02,0.26,0.13814659597341983,1302.0387459604997,5.245981892830825,248.36325000764606,0.049999999999997165,0.7123890000000004,1734.6803573281156,180,Cardboard,2026-02-08T05:29:10.962677
177.0,-0.22,25.0,4735.56,23.63,933.24,1.0,229066.2,19.8,156.0,0.03,0.02,0.26,0.13814659597341983,1302.0387459604997,5.245981892830825,248.36325000764606,0.049999999999997165,0.7123890000000004,1734.6803573281156,180,Cardboard,2026-02-08T05:29:10.962677
177.0,-0.22,25.0,4735.56,23.63,933.24,1.0,229066.2,19.8,156.0,0.03,0.02,0.26,0.13814659597341983,1302.0387459604997,5.245981892830825,248.36325000764606,0.049999999999997165,0.7123890000000004,1734.6803573281156,180,Cardboard,2026-02-08T05:29:10.962677
177.0,-0.22,25.0,4735.56,23.63,933.24,1.0,229066.2,19.8,156.0,0.03,0.02,0.26,0.13814659597341983,1302.0387459604997,5.245981892830825,248.36325000764606,0.049999999999997165,0.7123890000000004,1734.6803573281156,180,Cardboard,2026-02-08T05:29:10.962677
177.0,-0.22,25.0,4735.56,23.63,933.24,1.0,229066.2,19.8,156.0,0.03,0.02,0.26,0.13814659597341983,1302.0387459604997,5.245981892830825,248.36325000764606,0.049999999999997165,0.7123890000000004,1734.6803573281156,180,Cardboard,2026-02-08T05:29:10.962677
177.0,-0.22,25.0,4735.56,23.63,933.24,1.0,229066.2,19.8,156.0,0.03,0.02,0.26,0.13814659597341983,1302.0387459604997,5.245981892830825,248.36325000764606,0.049999999999997165,0.7123890000000004,1734.6803573281156,180,Cardboard,2026-02-08T05:29:10.962677
177.0,-0.22,25.0,4735.56,23.63,933.24,1.0,229066.2,19.8,156.0,0.03,0.02,0.26,0.13814659597341983,1302.0387459604997,5.245981892830825,248.36325000764606,0.049999999999997165,0.7123890000000004,1734.6803573281156,180,Cardboard,2026-02-08T05:29:10.962677
177.1,0.22,25.0,5175.72,25.84,899.91,1.0,233239.1,19.8,156.0,0.03,0.02,0.3,0.13814659597341983,1302.0387459604997,5.245981892830825,248.36325000764606,0.049999999999997165,0.7123890000000004,1734.6803573281156,180,Cardboard,2026-02-08T05:29:10.962677
177.1,0.22,25.0,5175.72,25.84,899.91,1.0,233239.1,19.8,156.0,0.03,0.02,0.3,0.13814659597341983,1302.0387459604997,5.245981892830825,248.36325000764606,0.049999999999997165,0.7123890000000004,1734.6803573281156,180,Cardboard,2026-02-08T05:29:10.962677
177.1,0.22,25.0,5175.72,25.84,899.91,1.0,233239.1,19.8,156.0,0.03,0.02,0.3,0.13814659597341983,1302.0387459604997,5.245981892830825,248.36325000764606,0.049999999999997165,0.7123890000000004,1734.6803573281156,180,Cardboard,2026-02-08T05:29:10.962677
177.1,0.22,25.0,5175.72,25.84,899.91,1.0,233239.1,19.8,156.0,0.03,0.02,0.3,0.13814659597341983,1302.0387459604997,5.245981892830825,248.36325000764606,0.049999999999997165,0.7123890000000004,1734.6803573281156,180,Cardboard,2026-02-08T05:29:10.962677
177.1,0.22,25.0,5175.72,25.84,899.91,1.0,233239.1,19.8,156.0,0.03,0.02,0.3,0.13814659597341983,1302.0387459604997,5.245981892830825,248.36325000764606,0.049999999999997165,0.7123890000000004,1734.6803573281156,180,Cardboard,2026-02-08T05:29:10.962677
184.3,-1.75,25.0,1665.18,8.3,1044.34,1.0,89549.2,19.8,156.0,0.2,0.15,2.04,0.04467459903130233,486.07712876539597,5.748146475330375,84.56764285401104,0.3269556544854397,0.03831274999999998,191.1915573449853,190,Cardboard,2026-02-08T05:29:26.415329
184.3,-1.75,25.0,1665.18,8.3,1044.34,1.0,89549.2,19.8,156.0,0.2,0.15,2.04,0.04467459903130233,486.07712876539597,5.748146475330375,84.56764285401104,0.3269556544854397,0.03831274999999998,191.1915573449853,190,Cardboard,2026-02-08T05:29:26.415329
184.3,-1.75,25.0,1665.18,8.3,1044.34,1.0,89549.2,19.8,156.0,0.2,0.15,2.04,0.04467459903130233,486.07712876539597,5.748146475330375,84.56764285401104,0.3269556544854397,0.03831274999999998,191.1915573449853,190,Cardboard,2026-02-08T05:29:26.415329
184.3,-1.75,25.0,1665.18,8.3,1044.34,1.0,89549.2,19.8,156.0,0.2,0.15,2.04,0.04467459903130233,486.07712876539597,5.748146475330375,84.56764285401104,0.3269556544854397,0.03831274999999998,191.1915573449853,190,Cardboard,2026-02-08T05:29:26.415329
184.0,-1.75,25.0,1598.41,7.98,1066.56,1.0,89405.3,19.8,156.0,0.34,0.26,3.39,0.04467459903130233,486.07712876539597,5.748146475330375,84.56764285401104,0.3269556544854397,0.03831274999999998,191.1915573449853,190,Cardboard,2026-02-08T05:29:26.415329
184.0,-1.75,25.0,1598.41,7.98,1066.56,1.0,89405.3,19.8,156.0,0.34,0.26,3.39,0.04467459903130233,486.07712876539597,5.748146475330375,84.56764285401104,0.3269556544854397,0.03831274999999998,191.1915573449853,190,Cardboard,2026-02-08T05:29:26.415329
184.0,-1.75,25.0,1598.41,7.98,1066.56,1.0,89405.3,19.8,156.0,0.34,0.26,3.39,0.04467459903130233,486.07712876539597,5.748146475330375,84.56764285401104,0.3269556544854397,0.03831274999999998,191.1915573449853,190,Cardboard,2026-02-08T05:29:26.415329
184.0,-1.75,25.0,1598.41,7.98,1066.56,1.0,89405.3,19.8,156.0,0.34,0.26,3.39,0.04467459903130233,486.07712876539597,5.748146475330375,84.56764285401104,0.3269556544854397,0.03831274999999998,191.1915573449853,190,Cardboard,2026-02-08T05:29:26.415329
184.0,-1.75,25.0,1598.41,7.98,1066.56,1.0,89405.3,19.8,156.0,0.34,0.26,3.39,0.04467459903130233,486.07712876539597,5.748146475330375,84.56764285401104,0.3269556544854397,0.03831274999999998,191.1915573449853,190,Cardboard,2026-02-08T05:29:26.415329
184.0,-1.75,25.0,1598.41,7.98,1066.56,1.0,89405.3,19.8,156.0,0.34,0.26,3.39,0.04467459903130233,486.07712876539597,5.748146475330375,84.56764285401104,0.3269556544854397,0.03831274999999998,191.1915573449853,190,Cardboard,2026-02-08T05:29:26.415329
183.5,-1.97,25.0,1629.72,8.14,1055.45,1.0,89026.9,19.8,156.0,0.5,0.42,4.99,0.04467459903130233,486.07712876539597,5.748146475330375,84.56764285401104,0.3269556544854397,0.03831274999999998,191.1915573449853,190,Cardboard,2026-02-08T05:29:26.415329
183.5,-1.97,25.0,1629.72,8.14,1055.45,1.0,89026.9,19.8,156.0,0.5,0.42,4.99,0.04467459903130233,486.07712876539597,5.748146475330375,84.56764285401104,0.3269556544854397,0.03831274999999998,191.1915573449853,190,Cardboard,2026-02-08T05:29:26.415329
183.5,-1.97,25.0,1629.72,8.14,1055.45,1.0,89026.9,19.8,156.0,0.5,0.42,4.99,0.04467459903130233,486.07712876539597,5.748146475330375,84.56764285401104,0.3269556544854397,0.03831274999999998,191.1915573449853,190,Cardboard,2026-02-08T05:29:26.415329
183.5,-1.97,25.0,1629.72,8.14,1055.45,1.0,89026.9,19.8,156.0,0.5,0.42,4.99,0.04467459903130233,486.07712876539597,5.748146475330375,84.56764285401104,0.3269556544854397,0.03831274999999998,191.1915573449853,190,Cardboard,2026-02-08T05:29:26.415329
183.5,-1.97,25.0,1629.72,8.14,1055.45,1.0,89026.9,19.8,156.0,0.5,0.42,4.99,0.04467459903130233,486.07712876539597,5.748146475330375,84.56764285401104,0.3269556544854397,0.03831274999999998,191.1915573449853,190,Cardboard,2026-02-08T05:29:26.415329
183.5,0.0,25.0,1700.9,8.49,1055.45,1.0,89430.5,19.8,156.0,0.59,0.53,5.92,0.04467459903130233,486.07712876539597,5.748146475330375,84.56764285401104,0.3269556544854397,0.03831274999999998,191.1915573449853,190,Cardboard,2026-02-08T05:29:26.415329
183.5,0.0,25.0,1700.9,8.49,1055.45,1.0,89430.5,19.8,156.0,0.59,0.53,5.92,0.04467459903130233,486.07712876539597,5.748146475330375,84.56764285401104,0.3269556544854397,0.03831274999999998,191.1915573449853,190,Cardboard,2026-02-08T05:29:26.415329
183.5,0.0,25.0,1700.9,8.49,1055.45,1.0,89430.5,19.8,156.0,0.59,0.53,5.92,0.04467459903130233,486.07712876539597,5.748146475330375,84.56764285401104,0.3269556544854397,0.03831274999999998,191.1915573449853,190,Cardboard,2026-02-08T05:29:26.415329
183.5,0.0,25.0,1700.9,8.49,1055.45,1.0,89430.5,19.8,156.0,0.59,0.53,5.92,0.04467459903130233,486.07712876539597,5.748146475330375,84.56764285401104,0.3269556544854397,0.03831274999999998,191.1915573449853,190,Cardboard,2026-02-08T05:29:26.415329
183.5,0.0,25.0,1700.9,8.49,1055.45,1.0,89430.5,19.8,156.0,0.59,0.53,5.92,0.04467459903130233,486.07712876539597,5.748146475330375,84.56764285401104,0.3269556544854397,0.03831274999999998,191.1915573449853,190,Cardboard,2026-02-08T05:29:26.415329
194.8,0.0,25.0,2000.25,10.09,1011.01,1.0,106282.2,19.8,156.0,0.06,0.05,0.57,0.04812805582755357,549.1410197590892,5.471289255664862,100.39311689021228,0.2051828452868381,0.07811100000000001,1338.9365075592602,200,Cardboard,2026-02-08T05:29:47.437564
194.8,0.0,25.0,2000.25,10.09,1011.01,1.0,106282.2,19.8,156.0,0.06,0.05,0.57,0.04812805582755357,549.1410197590892,5.471289255664862,100.39311689021228,0.2051828452868381,0.07811100000000001,1338.9365075592602,200,Cardboard,2026-02-08T05:29:47.437564
194.4,-1.75,25.0,1852.22,9.34,1077.67,1.0,108301.9,19.8,156.0,0.12,0.08,1.19,0.04812805582755357,549.1410197590892,5.471289255664862,100.39311689021228,0.2051828452868381,0.07811100000000001,1338.9365075592602,200,Cardboard,2026-02-08T05:29:47.437564
194.4,-1.75,25.0,1852.22,9.34,1077.67,1.0,108301.9,19.8,156.0,0.12,0.08,1.19,0.04812805582755357,549.1410197590892,5.471289255664862,100.39311689021228,0.2051828452868381,0.07811100000000001,1338.9365075592602,200,Cardboard,2026-02-08T05:29:47.437564
194.4,-1.75,25.0,1852.22,9.34,1077.67,1.0,108301.9,19.8,156.0,0.12,0.08,1.19,0.04812805582755357,549.1410197590892,5.471289255664862,100.39311689021228,0.2051828452868381,0.07811100000000001,1338.9365075592602,200,Cardboard,2026-02-08T05:29:47.437564
194.4,-1.75,25.0,1852.22,9.34,1077.67,1.0,108301.9,19.8,156.0,0.12,0.08,1.19,0.04812805582755357,549.1410197590892,5.471289255664862,100.39311689021228,0.2051828452868381,0.07811100000000001,1338.9365075592602,200,Cardboard,2026-02-08T05:29:47.437564
194.4,-1.75,25.0,1852.22,9.34,1077.67,1.0,108301.9,19.8,156.0,0.12,0.08,1.19,0.04812805582755357,549.1410197590892,5.471289255664862,100.39311689021228,0.2051828452868381,0.07811100000000001,1338.9365075592602,200,Cardboard,2026-02-08T05:29:47.437564
194.4,0.0,25.0,1872.65,9.44,1077.67,1.0,107680.0,19.8,156.0,0.15,0.12,1.53,0.04812805582755357,549.1410197590892,5.471289255664862,100.39311689021228,0.2051828452868381,0.07811100000000001,1338.9365075592602,200,Cardboard,2026-02-08T05:29:47.437564
194.4,0.0,25.0,1872.65,9.44,1077.67,1.0,107680.0,19.8,156.0,0.15,0.12,1.53,0.04812805582755357,549.1410197590892,5.471289255664862,100.39311689021228,0.2051828452868381,0.07811100000000001,1338.9365075592602,200,Cardboard,2026-02-08T05:29:47.437564
194.4,0.0,25.0,1872.65,9.44,1077.67,1.0,107680.0,19.8,156.0,0.15,0.12,1.53,0.04812805582755357,549.1410197590892,5.471289255664862,100.39311689021228,0.2051828452868381,0.07811100000000001,1338.9365075592602,200,Cardboard,2026-02-08T05:29:47.437564
194.4,0.0,25.0,1872.65,9.44,1077.67,1.0,107680.0,19.8,156.0,0.15,0.12,1.53,0.04812805582755357,549.1410197590892,5.471289255664862,100.39311689021228,0.2051828452868381,0.07811100000000001,1338.9365075592602,200,Cardboard,2026-02-08T05:29:47.437564
194.4,0.0,25.0,1872.65,9.44,1077.67,1.0,107680.0,19.8,156.0,0.15,0.12,1.53,0.04812805582755357,549.1410197590892,5.471289255664862,100.39311689021228,0.2051828452868381,0.07811100000000001,1338.9365075592602,200,Cardboard,2026-02-08T05:29:47.437564
194.1,-1.53,25.0,1804.46,9.1,1055.45,1.0,105381.6,19.8,156.0,0.24,0.2,2.42,0.04812805582755357,549.1410197590892,5.471289255664862,100.39311689021228,0.2051828452868381,0.07811100000000001,1338.9365075592602,200,Cardboard,2026-02-08T05:29:47.437564
194.1,-1.53,25.0,1804.46,9.1,1055.45,1.0,105381.6,19.8,156.0,0.24,0.2,2.42,0.04812805582755357,549.1410197590892,5.471289255664862,100.39311689021228,0.2051828452868381,0.07811100000000001,1338.9365075592602,200,Cardboard,2026-02-08T05:29:47.437564
194.1,-1.53,25.0,1804.46,9.1,1055.45,1.0,105381.6,19.8,156.0,0.24,0.2,2.42,0.04812805582755357,549.1410197590892,5.471289255664862,100.39311689021228,0.2051828452868381,0.07811100000000001,1338.9365075592602,200,Cardboard,2026-02-08T05:29:47.437564
194.1,-1.53,25.0,1804.46,9.1,1055.45,1.0,105381.6,19.8,156.0,0.24,0.2,2.42,0.04812805582755357,549.1410197590892,5.471289255664862,100.39311689021228,0.2051828452868381,0.07811100000000001,1338.9365075592602,200,Cardboard,2026-02-08T05:29:47.437564
194.1,-1.53,25.0,1804.46,9.1,1055.45,1.0,105381.6,19.8,156.0,0.24,0.2,2.42,0.04812805582755357,549.1410197590892,5.471289255664862,100.39311689021228,0.2051828452868381,0.07811100000000001,1338.9365075592602,200,Cardboard,2026-02-08T05:29:47.437564
194.1,-1.53,25.0,1804.46,9.1,1055.45,1.0,105381.6,19.8,156.0,0.24,0.2,2.42,0.04812805582755357,549.1410197590892,5.471289255664862,100.39311689021228,0.2051828452868381,0.07811100000000001,1338.9365075592602,200,Cardboard,2026-02-08T05:29:47.437564
194.2,0.44,25.0,1820.45,9.19,1066.56,1.0,104770.1,19.8,156.0,0.28,0.26,2.78,0.04812805582755357,549.1410197590892,5.471289255664862,100.39311689021228,0.2051828452868381,0.07811100000000001,1338.9365075592602,200,Cardboard,2026-02-08T05:29:47.437564
194.2,0.44,25.0,1820.45,9.19,1066.56,1.0,104770.1,19.8,156.0,0.28,0.26,2.78,0.04812805582755357,549.1410197590892,5.471289255664862,100.39311689021228,0.2051828452868381,0.07811100000000001,1338.9365075592602,200,Cardboard,2026-02-08T05:29:47.437564
204.1,0.0,25.0,1451.88,7.3,1122.11,1.0,75376.9,19.8,156.0,0.0,0.0,0.0,0.03544830965213131,371.934076433121,5.628486036256739,66.3795659375337,2.842170943040401e-14,0.005875000000000001,3432.2423156698924,210,Cardboard,2026-02-08T05:30:14.916281
204.1,0.0,25.0,1451.88,7.3,1122.11,1.0,75376.9,19.8,156.0,0.0,0.0,0.0,0.03544830965213131,371.934076433121,5.628486036256739,66.3795659375337,2.842170943040401e-14,0.005875000000000001,3432.2423156698924,210,Cardboard,2026-02-08T05:30:14.916281
204.1,0.0,25.0,1451.88,7.3,1122.11,1.0,75376.9,19.8,156.0,0.0,0.0,0.0,0.03544830965213131,371.934076433121,5.628486036256739,66.3795659375337,2.842170943040401e-14,0.005875000000000001,3432.2423156698924,210,Cardboard,2026-02-08T05:30:14.916281
204.1,0.0,25.0,1451.88,7.3,1122.11,1.0,75376.9,19.8,156.0,0.0,0.0,0.0,0.03544830965213131,371.934076433121,5.628486036256739,66.3795659375337,2.842170943040401e-14,0.005875000000000001,3432.2423156698924,210,Cardboard,2026-02-08T05:30:14.916281
204.1,0.0,25.0,1451.88,7.3,1122.11,1.0,75376.9,19.8,156.0,0.0,0.0,0.0,0.03544830965213131,371.934076433121,5.628486036256739,66.3795659375337,2.842170943040401e-14,0.005875000000000001,3432.2423156698924,210,Cardboard,2026-02-08T05:30:14.916281
204.1,0.0,25.0,1436.3,7.22,1310.98,1.0,80923.6,19.8,156.0,0.0,0.0,0.0,0.03544830965213131,371.934076433121,5.628486036256739,66.3795659375337,2.842170943040401e-14,0.005875000000000001,3432.2423156698924,210,Cardboard,2026-02-08T05:30:14.916281
204.1,0.0,25.0,1436.3,7.22,1310.98,1.0,80923.6,19.8,156.0,0.0,0.0,0.0,0.03544830965213131,371.934076433121,5.628486036256739,66.3795659375337,2.842170943040401e-14,0.005875000000000001,3432.2423156698924,210,Cardboard,2026-02-08T05:30:14.916281
204.1,0.0,25.0,1436.3,7.22,1310.98,1.0,80923.6,19.8,156.0,0.0,0.0,0.0,0.03544830965213131,371.934076433121,5.628486036256739,66.3795659375337,2.842170943040401e-14,0.005875000000000001,3432.2423156698924,210,Cardboard,2026-02-08T05:30:14.916281
204.1,0.0,25.0,1436.3,7.22,1310.98,1.0,80923.6,19.8,156.0,0.0,0.0,0.0,0.03544830965213131,371.934076433121,5.628486036256739,66.3795659375337,2.842170943040401e-14,0.005875000000000001,3432.2423156698924,210,Cardboard,2026-02-08T05:30:14.916281
204.1,0.0,25.0,1436.3,7.22,1310.98,1.0,80923.6,19.8,156.0,0.0,0.0,0.0,0.03544830965213131,371.934076433121,5.628486036256739,66.3795659375337,2.842170943040401e-14,0.005875000000000001,3432.2423156698924,210,Cardboard,2026-02-08T05:30:14.916281
204.1,0.0,25.0,1436.3,7.22,1310.98,1.0,80923.6,19.8,156.0,0.0,0.0,0.0,0.03544830965213131,371.934076433121,5.628486036256739,66.3795659375337,2.842170943040401e-14,0.005875000000000001,3432.2423156698924,210,Cardboard,2026-02-08T05:30:14.916281
204.1,0.0,25.0,1418.2,7.12,1055.45,1.0,72792.0,19.8,156.0,0.0,0.0,0.0,0.03544830965213131,371.934076433121,5.628486036256739,66.3795659375337,2.842170943040401e-14,0.005875000000000001,3432.2423156698924,210,Cardboard,2026-02-08T05:30:14.916281
204.1,0.0,25.0,1418.2,7.12,1055.45,1.0,72792.0,19.8,156.0,0.0,0.0,0.0,0.03544830965213131,371.934076433121,5.628486036256739,66.3795659375337,2.842170943040401e-14,0.005875000000000001,3432.2423156698924,210,Cardboard,2026-02-08T05:30:14.916281
204.1,0.0,25.0,1418.2,7.12,1055.45,1.0,72792.0,19.8,156.0,0.0,0.0,0.0,0.03544830965213131,371.934076433121,5.628486036256739,66.3795659375337,2.842170943040401e-14,0.005875000000000001,3432.2423156698924,210,Cardboard,2026-02-08T05:30:14.916281
204.1,0.0,25.0,1418.2,7.12,1055.45,1.0,72792.0,19.8,156.0,0.0,0.0,0.0,0.03544830965213131,371.934076433121,5.628486036256739,66.3795659375337,2.842170943040401e-14,0.005875000000000001,3432.2423156698924,210,Cardboard,2026-02-08T05:30:14.916281
204.1,0.0,25.0,1418.2,7.12,1055.45,1.0,72792.0,19.8,156.0,0.0,0.0,0.0,0.03544830965213131,371.934076433121,5.628486036256739,66.3795659375337,2.842170943040401e-14,0.005875000000000001,3432.2423156698924,210,Cardboard,2026-02-08T05:30:14.916281
204.1,0.0,25.0,1460.35,7.32,1055.45,1.0,72962.2,19.8,156.0,0.0,0.0,0.0,0.03544830965213131,371.934076433121,5.628486036256739,66.3795659375337,2.842170943040401e-14,0.005875000000000001,3432.2423156698924,210,Cardboard,2026-02-08T05:30:14.916281
204.1,0.0,25.0,1460.35,7.32,1055.45,1.0,72962.2,19.8,156.0,0.0,0.0,0.0,0.03544830965213131,371.934076433121,5.628486036256739,66.3795659375337,2.842170943040401e-14,0.005875000000000001,3432.2423156698924,210,Cardboard,2026-02-08T05:30:14.916281
204.1,0.0,25.0,1460.35,7.32,1055.45,1.0,72962.2,19.8,156.0,0.0,0.0,0.0,0.03544830965213131,371.934076433121,5.628486036256739,66.3795659375337,2.842170943040401e-14,0.005875000000000001,3432.2423156698924,210,Cardboard,2026-02-08T05:30:14.916281
204.1,0.0,25.0,1460.35,7.32,1055.45,1.0,72962.2,19.8,156.0,0.0,0.0,0.0,0.03544830965213131,371.934076433121,5.628486036256739,66.3795659375337,2.842170943040401e-14,0.005875000000000001,3432.2423156698924,210,Cardboard,2026-02-08T05:30:14.916281
214.9,0.0,25.0,1764.6,8.89,999.9,1.0,87911.0,19.8,156.0,0.06,0.05,0.58,0.04202806605560185,403.94363705130564,4.496215449046066,89.89969195555189,0.04330127018921947,0.02662499999999997,947.395833574859,220,Cardboard,2026-02-08T05:30:29.097245
214.9,0.0,25.0,1764.6,8.89,999.9,1.0,87911.0,19.8,156.0,0.06,0.05,0.58,0.04202806605560185,403.94363705130564,4.496215449046066,89.89969195555189,0.04330127018921947,0.02662499999999997,947.395833574859,220,Cardboard,2026-02-08T05:30:29.097245
214.9,0.0,25.0,1764.6,8.89,999.9,1.0,87911.0,19.8,156.0,0.06,0.05,0.58,0.04202806605560185,403.94363705130564,4.496215449046066,89.89969195555189,0.04330127018921947,0.02662499999999997,947.395833574859,220,Cardboard,2026-02-08T05:30:29.097245
214.9,0.0,25.0,1764.6,8.89,999.9,1.0,87911.0,19.8,156.0,0.06,0.05,0.58,0.04202806605560185,403.94363705130564,4.496215449046066,89.89969195555189,0.04330127018921947,0.02662499999999997,947.395833574859,220,Cardboard,2026-02-08T05:30:29.097245
214.9,0.0,25.0,1764.6,8.89,999.9,1.0,87911.0,19.8,156.0,0.06,0.05,0.58,0.04202806605560185,403.94363705130564,4.496215449046066,89.89969195555189,0.04330127018921947,0.02662499999999997,947.395833574859,220,Cardboard,2026-02-08T05:30:29.097245
215.0,0.22,25.0,1774.02,8.94,988.79,1.0,87486.0,19.8,156.0,0.06,0.05,0.57,0.04202806605560185,403.94363705130564,4.496215449046066,89.89969195555189,0.04330127018921947,0.02662499999999997,947.395833574859,220,Cardboard,2026-02-08T05:30:29.097245
215.0,0.22,25.0,1774.02,8.94,988.79,1.0,87486.0,19.8,156.0,0.06,0.05,0.57,0.04202806605560185,403.94363705130564,4.496215449046066,89.89969195555189,0.04330127018921947,0.02662499999999997,947.395833574859,220,Cardboard,2026-02-08T05:30:29.097245
215.0,0.22,25.0,1774.02,8.94,988.79,1.0,87486.0,19.8,156.0,0.06,0.05,0.57,0.04202806605560185,403.94363705130564,4.496215449046066,89.89969195555189,0.04330127018921947,0.02662499999999997,947.395833574859,220,Cardboard,2026-02-08T05:30:29.097245
215.0,0.22,25.0,1774.02,8.94,988.79,1.0,87486.0,19.8,156.0,0.06,0.05,0.57,0.04202806605560185,403.94363705130564,4.496215449046066,89.89969195555189,0.04330127018921947,0.02662499999999997,947.395833574859,220,Cardboard,2026-02-08T05:30:29.097245
215.0,0.22,25.0,1774.02,8.94,988.79,1.0,87486.0,19.8,156.0,0.06,0.05,0.57,0.04202806605560185,403.94363705130564,4.496215449046066,89.89969195555189,0.04330127018921947,0.02662499999999997,947.395833574859,220,Cardboard,2026-02-08T05:30:29.097245
215.0,0.22,25.0,1774.02,8.94,988.79,1.0,87486.0,19.8,156.0,0.06,0.05,0.57,0.04202806605560185,403.94363705130564,4.496215449046066,89.89969195555189,0.04330127018921947,0.02662499999999997,947.395833574859,220,Cardboard,2026-02-08T05:30:29.097245
215.0,0.0,25.0,1794.34,9.05,933.24,1.0,85694.5,19.8,156.0,0.05,0.04,0.48,0.04202806605560185,403.94363705130564,4.496215449046066,89.89969195555189,0.04330127018921947,0.02662499999999997,947.395833574859,220,Cardboard,2026-02-08T05:30:29.097245
215.0,0.0,25.0,1794.34,9.05,933.24,1.0,85694.5,19.8,156.0,0.05,0.04,0.48,0.04202806605560185,403.94363705130564,4.496215449046066,89.89969195555189,0.04330127018921947,0.02662499999999997,947.395833574859,220,Cardboard,2026-02-08T05:30:29.097245
215.0,0.0,25.0,1794.34,9.05,933.24,1.0,85694.5,19.8,156.0,0.05,0.04,0.48,0.04202806605560185,403.94363705130564,4.496215449046066,89.89969195555189,0.04330127018921947,0.02662499999999997,947.395833574859,220,Cardboard,2026-02-08T05:30:29.097245
215.0,0.0,25.0,1794.34,9.05,933.24,1.0,85694.5,19.8,156.0,0.05,0.04,0.48,0.04202806605560185,403.94363705130564,4.496215449046066,89.89969195555189,0.04330127018921947,0.02662499999999997,947.395833574859,220,Cardboard,2026-02-08T05:30:29.097245
215.0,0.0,25.0,1794.34,9.05,933.24,1.0,85694.5,19.8,156.0,0.05,0.04,0.48,0.04202806605560185,403.94363705130564,4.496215449046066,89.89969195555189,0.04330127018921947,0.02662499999999997,947.395833574859,220,Cardboard,2026-02-08T05:30:29.097245
215.0,0.0,25.0,1849.22,9.34,933.24,1.0,85952.4,19.8,156.0,0.04,0.03,0.43,0.04202806605560185,403.94363705130564,4.496215449046066,89.89969195555189,0.04330127018921947,0.02662499999999997,947.395833574859,220,Cardboard,2026-02-08T05:30:29.097245
215.0,0.0,25.0,1849.22,9.34,933.24,1.0,85952.4,19.8,156.0,0.04,0.03,0.43,0.04202806605560185,403.94363705130564,4.496215449046066,89.89969195555189,0.04330127018921947,0.02662499999999997,947.395833574859,220,Cardboard,2026-02-08T05:30:29.097245
215.0,0.0,25.0,1849.22,9.34,933.24,1.0,85952.4,19.8,156.0,0.04,0.03,0.43,0.04202806605560185,403.94363705130564,4.496215449046066,89.89969195555189,0.04330127018921947,0.02662499999999997,947.395833574859,220,Cardboard,2026-02-08T05:30:29.097245
215.0,0.0,25.0,1849.22,9.34,933.24,1.0,85952.4,19.8,156.0,0.04,0.03,0.43,0.04202806605560185,403.94363705130564,4.496215449046066,89.89969195555189,0.04330127018921947,0.02662499999999997,947.395833574859,220,Cardboard,2026-02-08T05:30:29.097245
224.3,-0.44,25.0,1455.54,7.28,1033.23,1.0,76393.3,19.8,156.0,0.32,0.27,3.16,0.032068076989502876,344.7561142053081,4.601077529690513,74.93998801418705,0.11224972160322096,0.002652750000000016,574.974760228654,230,Cardboard,2026-02-08T05:30:45.125411
224.3,-0.44,25.0,1455.54,7.28,1033.23,1.0,76393.3,19.8,156.0,0.32,0.27,3.16,0.032068076989502876,344.7561142053081,4.601077529690513,74.93998801418705,0.11224972160322096,0.002652750000000016,574.974760228654,230,Cardboard,2026-02-08T05:30:45.125411
224.3,0.0,25.0,1423.55,7.13,1044.34,1.0,77390.8,19.8,156.0,0.28,0.22,2.8,0.032068076989502876,344.7561142053081,4.601077529690513,74.93998801418705,0.11224972160322096,0.002652750000000016,574.974760228654,230,Cardboard,2026-02-08T05:30:45.125411
224.3,0.0,25.0,1423.55,7.13,1044.34,1.0,77390.8,19.8,156.0,0.28,0.22,2.8,0.032068076989502876,344.7561142053081,4.601077529690513,74.93998801418705,0.11224972160322096,0.002652750000000016,574.974760228654,230,Cardboard,2026-02-08T05:30:45.125411
224.3,0.0,25.0,1423.55,7.13,1044.34,1.0,77390.8,19.8,156.0,0.28,0.22,2.8,0.032068076989502876,344.7561142053081,4.601077529690513,74.93998801418705,0.11224972160322096,0.002652750000000016,574.974760228654,230,Cardboard,2026-02-08T05:30:45.125411
224.3,0.0,25.0,1423.55,7.13,1044.34,1.0,77390.8,19.8,156.0,0.28,0.22,2.8,0.032068076989502876,344.7561142053081,4.601077529690513,74.93998801418705,0.11224972160322096,0.002652750000000016,574.974760228654,230,Cardboard,2026-02-08T05:30:45.125411
224.3,0.0,25.0,1423.55,7.13,1044.34,1.0,77390.8,19.8,156.0,0.28,0.22,2.8,0.032068076989502876,344.7561142053081,4.601077529690513,74.93998801418705,0.11224972160322096,0.002652750000000016,574.974760228654,230,Cardboard,2026-02-08T05:30:45.125411
224.3,0.0,25.0,1423.55,7.13,1044.34,1.0,77390.8,19.8,156.0,0.28,0.22,2.8,0.032068076989502876,344.7561142053081,4.601077529690513,74.93998801418705,0.11224972160322096,0.002652750000000016,574.974760228654,230,Cardboard,2026-02-08T05:30:45.125411
224.5,1.09,25.0,1431.09,7.18,1044.34,1.0,78193.7,19.8,156.0,0.19,0.16,1.94,0.032068076989502876,344.7561142053081,4.601077529690513,74.93998801418705,0.11224972160322096,0.002652750000000016,574.974760228654,230,Cardboard,2026-02-08T05:30:45.125411
224.5,1.09,25.0,1431.09,7.18,1044.34,1.0,78193.7,19.8,156.0,0.19,0.16,1.94,0.032068076989502876,344.7561142053081,4.601077529690513,74.93998801418705,0.11224972160322096,0.002652750000000016,574.974760228654,230,Cardboard,2026-02-08T05:30:45.125411
224.5,1.09,25.0,1431.09,7.18,1044.34,1.0,78193.7,19.8,156.0,0.19,0.16,1.94,0.032068076989502876,344.7561142053081,4.601077529690513,74.93998801418705,0.11224972160322096,0.002652750000000016,574.974760228654,230,Cardboard,2026-02-08T05:30:45.125411
224.5,1.09,25.0,1431.09,7.18,1044.34,1.0,78193.7,19.8,156.0,0.19,0.16,1.94,0.032068076989502876,344.7561142053081,4.601077529690513,74.93998801418705,0.11224972160322096,0.002652750000000016,574.974760228654,230,Cardboard,2026-02-08T05:30:45.125411
224.5,1.09,25.0,1431.09,7.18,1044.34,1.0,78193.7,19.8,156.0,0.19,0.16,1.94,0.032068076989502876,344.7561142053081,4.601077529690513,74.93998801418705,0.11224972160322096,0.002652750000000016,574.974760228654,230,Cardboard,2026-02-08T05:30:45.125411
224.2,-1.53,25.0,1444.84,7.24,1011.01,1.0,76986.5,19.8,156.0,0.14,0.12,1.42,0.032068076989502876,344.7561142053081,4.601077529690513,74.93998801418705,0.11224972160322096,0.002652750000000016,574.974760228654,230,Cardboard,2026-02-08T05:30:45.125411
224.2,-1.53,25.0,1444.84,7.24,1011.01,1.0,76986.5,19.8,156.0,0.14,0.12,1.42,0.032068076989502876,344.7561142053081,4.601077529690513,74.93998801418705,0.11224972160322096,0.002652750000000016,574.974760228654,230,Cardboard,2026-02-08T05:30:45.125411
224.2,-1.53,25.0,1444.84,7.24,1011.01,1.0,76986.5,19.8,156.0,0.14,0.12,1.42,0.032068076989502876,344.7561142053081,4.601077529690513,74.93998801418705,0.11224972160322096,0.002652750000000016,574.974760228654,230,Cardboard,2026-02-08T05:30:45.125411
224.2,-1.53,25.0,1444.84,7.24,1011.01,1.0,76986.5,19.8,156.0,0.14,0.12,1.42,0.032068076989502876,344.7561142053081,4.601077529690513,74.93998801418705,0.11224972160322096,0.002652750000000016,574.974760228654,230,Cardboard,2026-02-08T05:30:45.125411
224.2,-1.53,25.0,1444.84,7.24,1011.01,1.0,76986.5,19.8,156.0,0.14,0.12,1.42,0.032068076989502876,344.7561142053081,4.601077529690513,74.93998801418705,0.11224972160322096,0.002652750000000016,574.974760228654,230,Cardboard,2026-02-08T05:30:45.125411
224.2,-1.53,25.0,1444.84,7.24,1011.01,1.0,76986.5,19.8,156.0,0.14,0.12,1.42,0.032068076989502876,344.7561142053081,4.601077529690513,74.93998801418705,0.11224972160322096,0.002652750000000016,574.974760228654,230,Cardboard,2026-02-08T05:30:45.125411
224.3,0.44,25.0,1431.8,7.19,1022.12,1.0,76699.3,19.8,156.0,0.13,0.11,1.3,0.032068076989502876,344.7561142053081,4.601077529690513,74.93998801418705,0.11224972160322096,0.002652750000000016,574.974760228654,230,Cardboard,2026-02-08T05:30:45.125411
235.2,0.22,25.0,1299.73,6.49,1222.1,1.0,77500.0,19.8,156.0,0.16,0.14,1.62,0.02859757473903083,325.06960587254224,5.080547645216455,64.01061739397706,0.17853571071357005,0.025368750000000016,1218.2567904592192,240,Cardboard,2026-02-08T05:30:56.586258
235.2,0.22,25.0,1299.73,6.49,1222.1,1.0,77500.0,19.8,156.0,0.16,0.14,1.62,0.02859757473903083,325.06960587254224,5.080547645216455,64.01061739397706,0.17853571071357005,0.025368750000000016,1218.2567904592192,240,Cardboard,2026-02-08T05:30:56.586258
235.2,0.22,25.0,1299.73,6.49,1222.1,1.0,77500.0,19.8,156.0,0.16,0.14,1.62,0.02859757473903083,325.06960587254224,5.080547645216455,64.01061739397706,0.17853571071357005,0.025368750000000016,1218.2567904592192,240,Cardboard,2026-02-08T05:30:56.586258
235.2,0.22,25.0,1299.73,6.49,1222.1,1.0,77500.0,19.8,156.0,0.16,0.14,1.62,0.02859757473903083,325.06960587254224,5.080547645216455,64.01061739397706,0.17853571071357005,0.025368750000000016,1218.2567904592192,240,Cardboard,2026-02-08T05:30:56.586258
235.2,0.22,25.0,1299.73,6.49,1222.1,1.0,77500.0,19.8,156.0,0.16,0.14,1.62,0.02859757473903083,325.06960587254224,5.080547645216455,64.01061739397706,0.17853571071357005,0.025368750000000016,1218.2567904592192,240,Cardboard,2026-02-08T05:30:56.586258
235.3,0.22,25.0,1346.65,6.73,1210.99,1.0,77146.8,19.8,156.0,0.17,0.15,1.67,0.02859757473903083,325.06960587254224,5.080547645216455,64.01061739397706,0.17853571071357005,0.025368750000000016,1218.2567904592192,240,Cardboard,2026-02-08T05:30:56.586258
235.3,0.22,25.0,1346.65,6.73,1210.99,1.0,77146.8,19.8,156.0,0.17,0.15,1.67,0.02859757473903083,325.06960587254224,5.080547645216455,64.01061739397706,0.17853571071357005,0.025368750000000016,1218.2567904592192,240,Cardboard,2026-02-08T05:30:56.586258
235.3,0.22,25.0,1346.65,6.73,1210.99,1.0,77146.8,19.8,156.0,0.17,0.15,1.67,0.02859757473903083,325.06960587254224,5.080547645216455,64.01061739397706,0.17853571071357005,0.025368750000000016,1218.2567904592192,240,Cardboard,2026-02-08T05:30:56.586258
235.3,0.22,25.0,1346.65,6.73,1210.99,1.0,77146.8,19.8,156.0,0.17,0.15,1.67,0.02859757473903083,325.06960587254224,5.080547645216455,64.01061739397706,0.17853571071357005,0.025368750000000016,1218.2567904592192,240,Cardboard,2026-02-08T05:30:56.586258
235.3,0.22,25.0,1346.65,6.73,1210.99,1.0,77146.8,19.8,156.0,0.17,0.15,1.67,0.02859757473903083,325.06960587254224,5.080547645216455,64.01061739397706,0.17853571071357005,0.025368750000000016,1218.2567904592192,240,Cardboard,2026-02-08T05:30:56.586258
234.9,-1.75,25.0,1345.91,6.73,1210.99,1.0,76645.8,19.8,156.0,0.24,0.22,2.4,0.02859757473903083,325.06960587254224,5.080547645216455,64.01061739397706,0.17853571071357005,0.025368750000000016,1218.2567904592192,240,Cardboard,2026-02-08T05:30:56.586258
234.9,-1.75,25.0,1345.91,6.73,1210.99,1.0,76645.8,19.8,156.0,0.24,0.22,2.4,0.02859757473903083,325.06960587254224,5.080547645216455,64.01061739397706,0.17853571071357005,0.025368750000000016,1218.2567904592192,240,Cardboard,2026-02-08T05:30:56.586258
234.9,-1.75,25.0,1345.91,6.73,1210.99,1.0,76645.8,19.8,156.0,0.24,0.22,2.4,0.02859757473903083,325.06960587254224,5.080547645216455,64.01061739397706,0.17853571071357005,0.025368750000000016,1218.2567904592192,240,Cardboard,2026-02-08T05:30:56.586258
234.9,-1.75,25.0,1345.91,6.73,1210.99,1.0,76645.8,19.8,156.0,0.24,0.22,2.4,0.02859757473903083,325.06960587254224,5.080547645216455,64.01061739397706,0.17853571071357005,0.025368750000000016,1218.2567904592192,240,Cardboard,2026-02-08T05:30:56.586258
234.9,-1.75,25.0,1345.91,6.73,1210.99,1.0,76645.8,19.8,156.0,0.24,0.22,2.4,0.02859757473903083,325.06960587254224,5.080547645216455,64.01061739397706,0.17853571071357005,0.025368750000000016,1218.2567904592192,240,Cardboard,2026-02-08T05:30:56.586258
234.9,0.0,25.0,1387.26,6.94,1133.22,1.0,74372.8,19.8,156.0,0.28,0.25,2.8,0.02859757473903083,325.06960587254224,5.080547645216455,64.01061739397706,0.17853571071357005,0.025368750000000016,1218.2567904592192,240,Cardboard,2026-02-08T05:30:56.586258
234.9,0.0,25.0,1387.26,6.94,1133.22,1.0,74372.8,19.8,156.0,0.28,0.25,2.8,0.02859757473903083,325.06960587254224,5.080547645216455,64.01061739397706,0.17853571071357005,0.025368750000000016,1218.2567904592192,240,Cardboard,2026-02-08T05:30:56.586258
234.9,0.0,25.0,1387.26,6.94,1133.22,1.0,74372.8,19.8,156.0,0.28,0.25,2.8,0.02859757473903083,325.06960587254224,5.080547645216455,64.01061739397706,0.17853571071357005,0.025368750000000016,1218.2567904592192,240,Cardboard,2026-02-08T05:30:56.586258
234.9,0.0,25.0,1387.26,6.94,1133.22,1.0,74372.8,19.8,156.0,0.28,0.25,2.8,0.02859757473903083,325.06960587254224,5.080547645216455,64.01061739397706,0.17853571071357005,0.025368750000000016,1218.2567904592192,240,Cardboard,2026-02-08T05:30:56.586258
234.9,0.0,25.0,1387.26,6.94,1133.22,1.0,74372.8,19.8,156.0,0.28,0.25,2.8,0.02859757473903083,325.06960587254224,5.080547645216455,64.01061739397706,0.17853571071357005,0.025368750000000016,1218.2567904592192,240,Cardboard,2026-02-08T05:30:56.586258
244.5,-0.22,25.0,972.24,4.9,1399.86,1.0,62266.6,19.8,156.0,0.35,0.32,3.46,0.019901862228219526,284.31641608435467,6.712926772477749,42.67316493471237,0.04330127018921947,0.008922750000000005,6759.936076169656,250,Cardboard,2026-02-08T05:31:28.018068
244.5,-0.22,25.0,972.24,4.9,1399.86,1.0,62266.6,19.8,156.0,0.35,0.32,3.46,0.019901862228219526,284.31641608435467,6.712926772477749,42.67316493471237,0.04330127018921947,0.008922750000000005,6759.936076169656,250,Cardboard,2026-02-08T05:31:28.018068
244.5,-0.22,25.0,972.24,4.9,1399.86,1.0,62266.6,19.8,156.0,0.35,0.32,3.46,0.019901862228219526,284.31641608435467,6.712926772477749,42.67316493471237,0.04330127018921947,0.008922750000000005,6759.936076169656,250,Cardboard,2026-02-08T05:31:28.018068
244.5,-0.22,25.0,972.24,4.9,1399.86,1.0,62266.6,19.8,156.0,0.35,0.32,3.46,0.019901862228219526,284.31641608435467,6.712926772477749,42.67316493471237,0.04330127018921947,0.008922750000000005,6759.936076169656,250,Cardboard,2026-02-08T05:31:28.018068
244.5,0.0,25.0,990.18,4.98,1399.86,1.0,63110.4,19.8,156.0,0.37,0.36,3.68,0.019901862228219526,284.31641608435467,6.712926772477749,42.67316493471237,0.04330127018921947,0.008922750000000005,6759.936076169656,250,Cardboard,2026-02-08T05:31:28.018068
244.5,0.0,25.0,990.18,4.98,1399.86,1.0,63110.4,19.8,156.0,0.37,0.36,3.68,0.019901862228219526,284.31641608435467,6.712926772477749,42.67316493471237,0.04330127018921947,0.008922750000000005,6759.936076169656,250,Cardboard,2026-02-08T05:31:28.018068
244.5,0.0,25.0,990.18,4.98,1399.86,1.0,63110.4,19.8,156.0,0.37,0.36,3.68,0.019901862228219526,284.31641608435467,6.712926772477749,42.67316493471237,0.04330127018921947,0.008922750000000005,6759.936076169656,250,Cardboard,2026-02-08T05:31:28.018068
244.5,0.0,25.0,990.18,4.98,1399.86,1.0,63110.4,19.8,156.0,0.37,0.36,3.68,0.019901862228219526,284.31641608435467,6.712926772477749,42.67316493471237,0.04330127018921947,0.008922750000000005,6759.936076169656,250,Cardboard,2026-02-08T05:31:28.018068
244.5,0.0,25.0,990.18,4.98,1399.86,1.0,63110.4,19.8,156.0,0.37,0.36,3.68,0.019901862228219526,284.31641608435467,6.712926772477749,42.67316493471237,0.04330127018921947,0.008922750000000005,6759.936076169656,250,Cardboard,2026-02-08T05:31:28.018068
244.5,0.0,25.0,990.18,4.98,1399.86,1.0,63110.4,19.8,156.0,0.37,0.36,3.68,0.019901862228219526,284.31641608435467,6.712926772477749,42.67316493471237,0.04330127018921947,0.008922750000000005,6759.936076169656,250,Cardboard,2026-02-08T05:31:28.018068
244.5,0.22,25.0,941.44,4.73,1888.7,1.0,75974.8,19.8,156.0,0.36,0.34,3.63,0.019901862228219526,284.31641608435467,6.712926772477749,42.67316493471237,0.04330127018921947,0.008922750000000005,6759.936076169656,250,Cardboard,2026-02-08T05:31:28.018068
244.5,0.22,25.0,941.44,4.73,1888.7,1.0,75974.8,19.8,156.0,0.36,0.34,3.63,0.019901862228219526,284.31641608435467,6.712926772477749,42.67316493471237,0.04330127018921947,0.008922750000000005,6759.936076169656,250,Cardboard,2026-02-08T05:31:28.018068
244.5,0.22,25.0,941.44,4.73,1888.7,1.0,75974.8,19.8,156.0,0.36,0.34,3.63,0.019901862228219526,284.31641608435467,6.712926772477749,42.67316493471237,0.04330127018921947,0.008922750000000005,6759.936076169656,250,Cardboard,2026-02-08T05:31:28.018068
244.5,0.22,25.0,941.44,4.73,1888.7,1.0,75974.8,19.8,156.0,0.36,0.34,3.63,0.019901862228219526,284.31641608435467,6.712926772477749,42.67316493471237,0.04330127018921947,0.008922750000000005,6759.936076169656,250,Cardboard,2026-02-08T05:31:28.018068
244.5,0.22,25.0,941.44,4.73,1888.7,1.0,75974.8,19.8,156.0,0.36,0.34,3.63,0.019901862228219526,284.31641608435467,6.712926772477749,42.67316493471237,0.04330127018921947,0.008922750000000005,6759.936076169656,250,Cardboard,2026-02-08T05:31:28.018068
244.6,0.22,25.0,963.79,4.84,1877.59,1.0,76572.2,19.8,156.0,0.32,0.28,3.19,0.019901862228219526,284.31641608435467,6.712926772477749,42.67316493471237,0.04330127018921947,0.008922750000000005,6759.936076169656,250,Cardboard,2026-02-08T05:31:28.018068
244.6,0.22,25.0,963.79,4.84,1877.59,1.0,76572.2,19.8,156.0,0.32,0.28,3.19,0.019901862228219526,284.31641608435467,6.712926772477749,42.67316493471237,0.04330127018921947,0.008922750000000005,6759.936076169656,250,Cardboard,2026-02-08T05:31:28.018068
244.6,0.22,25.0,963.79,4.84,1877.59,1.0,76572.2,19.8,156.0,0.32,0.28,3.19,0.019901862228219526,284.31641608435467,6.712926772477749,42.67316493471237,0.04330127018921947,0.008922750000000005,6759.936076169656,250,Cardboard,2026-02-08T05:31:28.018068
244.6,0.22,25.0,963.79,4.84,1877.59,1.0,76572.2,19.8,156.0,0.32,0.28,3.19,0.019901862228219526,284.31641608435467,6.712926772477749,42.67316493471237,0.04330127018921947,0.008922750000000005,6759.936076169656,250,Cardboard,2026-02-08T05:31:28.018068
244.6,0.22,25.0,963.79,4.84,1877.59,1.0,76572.2,19.8,156.0,0.32,0.28,3.19,0.019901862228219526,284.31641608435467,6.712926772477749,42.67316493471237,0.04330127018921947,0.008922750000000005,6759.936076169656,250,Cardboard,2026-02-08T05:31:28.018068
256.0,-1.97,25.0,1259.41,6.36,1111.0,1.0,66867.1,19.8,156.0,0.62,0.56,6.16,0.02404932819881673,258.63239577661017,4.357945284885799,59.34708219516822,0.3316624790355447,0.020694749999999994,973.8501180879964,260,Cardboard,2026-02-08T05:31:48.517918
256.0,-1.97,25.0,1259.41,6.36,1111.0,1.0,66867.1,19.8,156.0,0.62,0.56,6.16,0.02404932819881673,258.63239577661017,4.357945284885799,59.34708219516822,0.3316624790355447,0.020694749999999994,973.8501180879964,260,Cardboard,2026-02-08T05:31:48.517918
256.0,-1.97,25.0,1259.41,6.36,1111.0,1.0,66867.1,19.8,156.0,0.62,0.56,6.16,0.02404932819881673,258.63239577661017,4.357945284885799,59.34708219516822,0.3316624790355447,0.020694749999999994,973.8501180879964,260,Cardboard,2026-02-08T05:31:48.517918
256.0,-1.97,25.0,1259.41,6.36,1111.0,1.0,66867.1,19.8,156.0,0.62,0.56,6.16,0.02404932819881673,258.63239577661017,4.357945284885799,59.34708219516822,0.3316624790355447,0.020694749999999994,973.8501180879964,260,Cardboard,2026-02-08T05:31:48.517918
256.0,0.0,25.0,1226.05,6.2,1122.11,1.0,67128.6,19.8,156.0,0.64,0.6,6.41,0.02404932819881673,258.63239577661017,4.357945284885799,59.34708219516822,0.3316624790355447,0.020694749999999994,973.8501180879964,260,Cardboard,2026-02-08T05:31:48.517918
256.0,0.0,25.0,1226.05,6.2,1122.11,1.0,67128.6,19.8,156.0,0.64,0.6,6.41,0.02404932819881673,258.63239577661017,4.357945284885799,59.34708219516822,0.3316624790355447,0.020694749999999994,973.8501180879964,260,Cardboard,2026-02-08T05:31:48.517918
256.0,0.0,25.0,1226.05,6.2,1122.11,1.0,67128.6,19.8,156.0,0.64,0.6,6.41,0.02404932819881673,258.63239577661017,4.357945284885799,59.34708219516822,0.3316624790355447,0.020694749999999994,973.8501180879964,260,Cardboard,2026-02-08T05:31:48.517918
256.0,0.0,25.0,1226.05,6.2,1122.11,1.0,67128.6,19.8,156.0,0.64,0.6,6.41,0.02404932819881673,258.63239577661017,4.357945284885799,59.34708219516822,0.3316624790355447,0.020694749999999994,973.8501180879964,260,Cardboard,2026-02-08T05:31:48.517918
256.0,0.0,25.0,1226.05,6.2,1122.11,1.0,67128.6,19.8,156.0,0.64,0.6,6.41,0.02404932819881673,258.63239577661017,4.357945284885799,59.34708219516822,0.3316624790355447,0.020694749999999994,973.8501180879964,260,Cardboard,2026-02-08T05:31:48.517918
256.0,0.0,25.0,1226.05,6.2,1122.11,1.0,67128.6,19.8,156.0,0.64,0.6,6.41,0.02404932819881673,258.63239577661017,4.357945284885799,59.34708219516822,0.3316624790355447,0.020694749999999994,973.8501180879964,260,Cardboard,2026-02-08T05:31:48.517918
255.6,-1.97,25.0,1173.6,5.94,1122.11,1.0,65785.3,19.8,156.0,0.6,0.53,5.97,0.02404932819881673,258.63239577661017,4.357945284885799,59.34708219516822,0.3316624790355447,0.020694749999999994,973.8501180879964,260,Cardboard,2026-02-08T05:31:48.517918
255.6,-1.97,25.0,1173.6,5.94,1122.11,1.0,65785.3,19.8,156.0,0.6,0.53,5.97,0.02404932819881673,258.63239577661017,4.357945284885799,59.34708219516822,0.3316624790355447,0.020694749999999994,973.8501180879964,260,Cardboard,2026-02-08T05:31:48.517918
255.6,-1.97,25.0,1173.6,5.94,1122.11,1.0,65785.3,19.8,156.0,0.6,0.53,5.97,0.02404932819881673,258.63239577661017,4.357945284885799,59.34708219516822,0.3316624790355447,0.020694749999999994,973.8501180879964,260,Cardboard,2026-02-08T05:31:48.517918
255.6,-1.97,25.0,1173.6,5.94,1122.11,1.0,65785.3,19.8,156.0,0.6,0.53,5.97,0.02404932819881673,258.63239577661017,4.357945284885799,59.34708219516822,0.3316624790355447,0.020694749999999994,973.8501180879964,260,Cardboard,2026-02-08T05:31:48.517918
255.6,-1.97,25.0,1173.6,5.94,1122.11,1.0,65785.3,19.8,156.0,0.6,0.53,5.97,0.02404932819881673,258.63239577661017,4.357945284885799,59.34708219516822,0.3316624790355447,0.020694749999999994,973.8501180879964,260,Cardboard,2026-02-08T05:31:48.517918
255.2,-1.97,25.0,1212.21,6.13,1099.89,1.0,64700.5,19.8,156.0,0.55,0.48,5.52,0.02404932819881673,258.63239577661017,4.357945284885799,59.34708219516822,0.3316624790355447,0.020694749999999994,973.8501180879964,260,Cardboard,2026-02-08T05:31:48.517918
255.2,-1.97,25.0,1212.21,6.13,1099.89,1.0,64700.5,19.8,156.0,0.55,0.48,5.52,0.02404932819881673,258.63239577661017,4.357945284885799,59.34708219516822,0.3316624790355447,0.020694749999999994,973.8501180879964,260,Cardboard,2026-02-08T05:31:48.517918
255.2,-1.97,25.0,1212.21,6.13,1099.89,1.0,64700.5,19.8,156.0,0.55,0.48,5.52,0.02404932819881673,258.63239577661017,4.357945284885799,59.34708219516822,0.3316624790355447,0.020694749999999994,973.8501180879964,260,Cardboard,2026-02-08T05:31:48.517918
255.2,-1.97,25.0,1212.21,6.13,1099.89,1.0,64700.5,19.8,156.0,0.55,0.48,5.52,0.02404932819881673,258.63239577661017,4.357945284885799,59.34708219516822,0.3316624790355447,0.020694749999999994,973.8501180879964,260,Cardboard,2026-02-08T05:31:48.517918
255.2,-1.97,25.0,1212.21,6.13,1099.89,1.0,64700.5,19.8,156.0,0.55,0.48,5.52,0.02404932819881673,258.63239577661017,4.357945284885799,59.34708219516822,0.3316624790355447,0.020694749999999994,973.8501180879964,260,Cardboard,2026-02-08T05:31:48.517918
265.7,0.66,25.0,1262.77,6.28,1388.75,1.0,84392.5,19.8,156.0,0.26,0.18,2.58,0.024420514347579955,326.9289596131915,5.266984707261338,62.08486802901679,0.04000000000000909,0.04139474999999994,1499.5781227648672,270,Cardboard,2026-02-08T05:32:03.436208
265.7,0.66,25.0,1262.77,6.28,1388.75,1.0,84392.5,19.8,156.0,0.26,0.18,2.58,0.024420514347579955,326.9289596131915,5.266984707261338,62.08486802901679,0.04000000000000909,0.04139474999999994,1499.5781227648672,270,Cardboard,2026-02-08T05:32:03.436208
265.7,0.66,25.0,1262.77,6.28,1388.75,1.0,84392.5,19.8,156.0,0.26,0.18,2.58,0.024420514347579955,326.9289596131915,5.266984707261338,62.08486802901679,0.04000000000000909,0.04139474999999994,1499.5781227648672,270,Cardboard,2026-02-08T05:32:03.436208
265.7,0.66,25.0,1262.77,6.28,1388.75,1.0,84392.5,19.8,156.0,0.26,0.18,2.58,0.024420514347579955,326.9289596131915,5.266984707261338,62.08486802901679,0.04000000000000909,0.04139474999999994,1499.5781227648672,270,Cardboard,2026-02-08T05:32:03.436208
265.8,0.66,25.0,1369.01,6.81,1388.75,1.0,86861.4,19.8,156.0,0.19,0.17,1.93,0.024420514347579955,326.9289596131915,5.266984707261338,62.08486802901679,0.04000000000000909,0.04139474999999994,1499.5781227648672,270,Cardboard,2026-02-08T05:32:03.436208
265.8,0.66,25.0,1369.01,6.81,1388.75,1.0,86861.4,19.8,156.0,0.19,0.17,1.93,0.024420514347579955,326.9289596131915,5.266984707261338,62.08486802901679,0.04000000000000909,0.04139474999999994,1499.5781227648672,270,Cardboard,2026-02-08T05:32:03.436208
265.8,0.66,25.0,1369.01,6.81,1388.75,1.0,86861.4,19.8,156.0,0.19,0.17,1.93,0.024420514347579955,326.9289596131915,5.266984707261338,62.08486802901679,0.04000000000000909,0.04139474999999994,1499.5781227648672,270,Cardboard,2026-02-08T05:32:03.436208
265.8,0.66,25.0,1369.01,6.81,1388.75,1.0,86861.4,19.8,156.0,0.19,0.17,1.93,0.024420514347579955,326.9289596131915,5.266984707261338,62.08486802901679,0.04000000000000909,0.04139474999999994,1499.5781227648672,270,Cardboard,2026-02-08T05:32:03.436208
265.8,0.66,25.0,1369.01,6.81,1388.75,1.0,86861.4,19.8,156.0,0.19,0.17,1.93,0.024420514347579955,326.9289596131915,5.266984707261338,62.08486802901679,0.04000000000000909,0.04139474999999994,1499.5781227648672,270,Cardboard,2026-02-08T05:32:03.436208
265.8,0.0,25.0,1274.18,6.34,1444.3,1.0,88711.3,19.8,156.0,0.19,0.17,1.94,0.024420514347579955,326.9289596131915,5.266984707261338,62.08486802901679,0.04000000000000909,0.04139474999999994,1499.5781227648672,270,Cardboard,2026-02-08T05:32:03.436208
265.8,0.0,25.0,1274.18,6.34,1444.3,1.0,88711.3,19.8,156.0,0.19,0.17,1.94,0.024420514347579955,326.9289596131915,5.266984707261338,62.08486802901679,0.04000000000000909,0.04139474999999994,1499.5781227648672,270,Cardboard,2026-02-08T05:32:03.436208
265.8,0.0,25.0,1274.18,6.34,1444.3,1.0,88711.3,19.8,156.0,0.19,0.17,1.94,0.024420514347579955,326.9289596131915,5.266984707261338,62.08486802901679,0.04000000000000909,0.04139474999999994,1499.5781227648672,270,Cardboard,2026-02-08T05:32:03.436208
265.8,0.0,25.0,1274.18,6.34,1444.3,1.0,88711.3,19.8,156.0,0.19,0.17,1.94,0.024420514347579955,326.9289596131915,5.266984707261338,62.08486802901679,0.04000000000000909,0.04139474999999994,1499.5781227648672,270,Cardboard,2026-02-08T05:32:03.436208
265.8,0.0,25.0,1274.18,6.34,1444.3,1.0,88711.3,19.8,156.0,0.19,0.17,1.94,0.024420514347579955,326.9289596131915,5.266984707261338,62.08486802901679,0.04000000000000909,0.04139474999999994,1499.5781227648672,270,Cardboard,2026-02-08T05:32:03.436208
265.8,0.0,25.0,1274.18,6.34,1444.3,1.0,88711.3,19.8,156.0,0.19,0.17,1.94,0.024420514347579955,326.9289596131915,5.266984707261338,62.08486802901679,0.04000000000000909,0.04139474999999994,1499.5781227648672,270,Cardboard,2026-02-08T05:32:03.436208
265.8,-0.44,25.0,1312.3,6.52,1366.53,1.0,86736.5,19.8,156.0,0.18,0.16,1.85,0.024420514347579955,326.9289596131915,5.266984707261338,62.08486802901679,0.04000000000000909,0.04139474999999994,1499.5781227648672,270,Cardboard,2026-02-08T05:32:03.436208
265.8,-0.44,25.0,1312.3,6.52,1366.53,1.0,86736.5,19.8,156.0,0.18,0.16,1.85,0.024420514347579955,326.9289596131915,5.266984707261338,62.08486802901679,0.04000000000000909,0.04139474999999994,1499.5781227648672,270,Cardboard,2026-02-08T05:32:03.436208
265.8,-0.44,25.0,1312.3,6.52,1366.53,1.0,86736.5,19.8,156.0,0.18,0.16,1.85,0.024420514347579955,326.9289596131915,5.266984707261338,62.08486802901679,0.04000000000000909,0.04139474999999994,1499.5781227648672,270,Cardboard,2026-02-08T05:32:03.436208
265.8,-0.44,25.0,1312.3,6.52,1366.53,1.0,86736.5,19.8,156.0,0.18,0.16,1.85,0.024420514347579955,326.9289596131915,5.266984707261338,62.08486802901679,0.04000000000000909,0.04139474999999994,1499.5781227648672,270,Cardboard,2026-02-08T05:32:03.436208
265.8,-0.44,25.0,1312.3,6.52,1366.53,1.0,86736.5,19.8,156.0,0.18,0.16,1.85,0.024420514347579955,326.9289596131915,5.266984707261338,62.08486802901679,0.04000000000000909,0.04139474999999994,1499.5781227648672,270,Cardboard,2026-02-08T05:32:03.436208
277.1,-0.22,25.0,1204.53,6.02,1877.59,1.0,86029.2,19.8,156.0,0.09,0.08,0.93,0.021639893325273236,303.01173618068515,6.240225971804416,49.30287034956158,0.04769696007085813,0.028605000000000026,9697.295802123137,280,Cardboard,2026-02-08T05:32:23.490016
277.1,0.0,25.0,1184.42,5.92,1288.76,1.0,70399.7,19.8,156.0,0.06,0.05,0.62,0.021639893325273236,303.01173618068515,6.240225971804416,49.30287034956158,0.04769696007085813,0.028605000000000026,9697.295802123137,280,Cardboard,2026-02-08T05:32:23.490016
277.1,0.0,25.0,1184.42,5.92,1288.76,1.0,70399.7,19.8,156.0,0.06,0.05,0.62,0.021639893325273236,303.01173618068515,6.240225971804416,49.30287034956158,0.04769696007085813,0.028605000000000026,9697.295802123137,280,Cardboard,2026-02-08T05:32:23.490016
277.1,0.0,25.0,1184.42,5.92,1288.76,1.0,70399.7,19.8,156.0,0.06,0.05,0.62,0.021639893325273236,303.01173618068515,6.240225971804416,49.30287034956158,0.04769696007085813,0.028605000000000026,9697.295802123137,280,Cardboard,2026-02-08T05:32:23.490016
277.1,0.0,25.0,1184.42,5.92,1288.76,1.0,70399.7,19.8,156.0,0.06,0.05,0.62,0.021639893325273236,303.01173618068515,6.240225971804416,49.30287034956158,0.04769696007085813,0.028605000000000026,9697.295802123137,280,Cardboard,2026-02-08T05:32:23.490016
277.1,0.0,25.0,1184.42,5.92,1288.76,1.0,70399.7,19.8,156.0,0.06,0.05,0.62,0.021639893325273236,303.01173618068515,6.240225971804416,49.30287034956158,0.04769696007085813,0.028605000000000026,9697.295802123137,280,Cardboard,2026-02-08T05:32:23.490016
277.1,0.0,25.0,1184.42,5.92,1288.76,1.0,70399.7,19.8,156.0,0.06,0.05,0.62,0.021639893325273236,303.01173618068515,6.240225971804416,49.30287034956158,0.04769696007085813,0.028605000000000026,9697.295802123137,280,Cardboard,2026-02-08T05:32:23.490016
277.0,-0.44,25.0,1154.82,5.78,2033.13,1.0,92100.9,19.8,156.0,0.06,0.05,0.62,0.021639893325273236,303.01173618068515,6.240225971804416,49.30287034956158,0.04769696007085813,0.028605000000000026,9697.295802123137,280,Cardboard,2026-02-08T05:32:23.490016
277.0,-0.44,25.0,1154.82,5.78,2033.13,1.0,92100.9,19.8,156.0,0.06,0.05,0.62,0.021639893325273236,303.01173618068515,6.240225971804416,49.30287034956158,0.04769696007085813,0.028605000000000026,9697.295802123137,280,Cardboard,2026-02-08T05:32:23.490016
277.0,-0.44,25.0,1154.82,5.78,2033.13,1.0,92100.9,19.8,156.0,0.06,0.05,0.62,0.021639893325273236,303.01173618068515,6.240225971804416,49.30287034956158,0.04769696007085813,0.028605000000000026,9697.295802123137,280,Cardboard,2026-02-08T05:32:23.490016
277.0,-0.44,25.0,1154.82,5.78,2033.13,1.0,92100.9,19.8,156.0,0.06,0.05,0.62,0.021639893325273236,303.01173618068515,6.240225971804416,49.30287034956158,0.04769696007085813,0.028605000000000026,9697.295802123137,280,Cardboard,2026-02-08T05:32:23.490016
277.0,-0.44,25.0,1154.82,5.78,2033.13,1.0,92100.9,19.8,156.0,0.06,0.05,0.62,0.021639893325273236,303.01173618068515,6.240225971804416,49.30287034956158,0.04769696007085813,0.028605000000000026,9697.295802123137,280,Cardboard,2026-02-08T05:32:23.490016
277.0,-0.22,25.0,1228.06,6.15,1966.47,1.0,92026.3,19.7,157.0,0.08,0.07,0.83,0.021639893325273236,303.01173618068515,6.240225971804416,49.30287034956158,0.04769696007085813,0.028605000000000026,9697.295802123137,280,Cardboard,2026-02-08T05:32:23.490016
277.0,-0.22,25.0,1228.06,6.15,1966.47,1.0,92026.3,19.7,157.0,0.08,0.07,0.83,0.021639893325273236,303.01173618068515,6.240225971804416,49.30287034956158,0.04769696007085813,0.028605000000000026,9697.295802123137,280,Cardboard,2026-02-08T05:32:23.490016
277.0,-0.22,25.0,1228.06,6.15,1966.47,1.0,92026.3,19.7,157.0,0.08,0.07,0.83,0.021639893325273236,303.01173618068515,6.240225971804416,49.30287034956158,0.04769696007085813,0.028605000000000026,9697.295802123137,280,Cardboard,2026-02-08T05:32:23.490016
277.0,-0.22,25.0,1228.06,6.15,1966.47,1.0,92026.3,19.7,157.0,0.08,0.07,0.83,0.021639893325273236,303.01173618068515,6.240225971804416,49.30287034956158,0.04769696007085813,0.028605000000000026,9697.295802123137,280,Cardboard,2026-02-08T05:32:23.490016
277.0,-0.22,25.0,1228.06,6.15,1966.47,1.0,92026.3,19.7,157.0,0.08,0.07,0.83,0.021639893325273236,303.01173618068515,6.240225971804416,49.30287034956158,0.04769696007085813,0.028605000000000026,9697.295802123137,280,Cardboard,2026-02-08T05:32:23.490016
277.0,-0.22,25.0,1228.06,6.15,1966.47,1.0,92026.3,19.7,157.0,0.08,0.07,0.83,0.021639893325273236,303.01173618068515,6.240225971804416,49.30287034956158,0.04769696007085813,0.028605000000000026,9697.295802123137,280,Cardboard,2026-02-08T05:32:23.490016
277.0,0.0,25.0,1251.43,6.28,1499.85,1.0,78889.4,19.8,156.0,0.09,0.08,0.94,0.021639893325273236,303.01173618068515,6.240225971804416,49.30287034956158,0.04769696007085813,0.028605000000000026,9697.295802123137,280,Cardboard,2026-02-08T05:32:23.490016
277.0,0.0,25.0,1251.43,6.28,1499.85,1.0,78889.4,19.8,156.0,0.09,0.08,0.94,0.021639893325273236,303.01173618068515,6.240225971804416,49.30287034956158,0.04769696007085813,0.028605000000000026,9697.295802123137,280,Cardboard,2026-02-08T05:32:23.490016
285.2,0.86,25.0,873.62,4.41,11321.09,1.0,391644.7,19.3,160.0,0.25,0.19,2.55,0.01612095819013653,1109.100385859228,32.31811733944589,34.39397214082929,0.13076696830622778,0.026394749999999967,127967.07629680222,290,Cardboard,2026-02-08T05:33:47.868280
285.2,0.86,25.0,873.62,4.41,11321.09,1.0,391644.7,19.3,160.0,0.25,0.19,2.55,0.01612095819013653,1109.100385859228,32.31811733944589,34.39397214082929,0.13076696830622778,0.026394749999999967,127967.07629680222,290,Cardboard,2026-02-08T05:33:47.868280
285.2,0.86,25.0,873.62,4.41,11321.09,1.0,391644.7,19.3,160.0,0.25,0.19,2.55,0.01612095819013653,1109.100385859228,32.31811733944589,34.39397214082929,0.13076696830622778,0.026394749999999967,127967.07629680222,290,Cardboard,2026-02-08T05:33:47.868280
285.2,0.86,25.0,873.62,4.41,11321.09,1.0,391644.7,19.3,160.0,0.25,0.19,2.55,0.01612095819013653,1109.100385859228,32.31811733944589,34.39397214082929,0.13076696830622778,0.026394749999999967,127967.07629680222,290,Cardboard,2026-02-08T05:33:47.868280
285.2,0.86,25.0,873.62,4.41,11321.09,1.0,391644.7,19.3,160.0,0.25,0.19,2.55,0.01612095819013653,1109.100385859228,32.31811733944589,34.39397214082929,0.13076696830622778,0.026394749999999967,127967.07629680222,290,Cardboard,2026-02-08T05:33:47.868280
285.2,0.86,25.0,873.62,4.41,11321.09,1.0,391644.7,19.3,160.0,0.25,0.19,2.55,0.01612095819013653,1109.100385859228,32.31811733944589,34.39397214082929,0.13076696830622778,0.026394749999999967,127967.07629680222,290,Cardboard,2026-02-08T05:33:47.868280
285.4,0.87,25.0,942.27,4.77,2733.06,1.0,94872.8,19.7,157.0,0.18,0.14,1.82,0.01612095819013653,1109.100385859228,32.31811733944589,34.39397214082929,0.13076696830622778,0.026394749999999967,127967.07629680222,290,Cardboard,2026-02-08T05:33:47.868280
285.4,0.87,25.0,942.27,4.77,2733.06,1.0,94872.8,19.7,157.0,0.18,0.14,1.82,0.01612095819013653,1109.100385859228,32.31811733944589,34.39397214082929,0.13076696830622778,0.026394749999999967,127967.07629680222,290,Cardboard,2026-02-08T05:33:47.868280
285.4,0.87,25.0,942.27,4.77,2733.06,1.0,94872.8,19.7,157.0,0.18,0.14,1.82,0.01612095819013653,1109.100385859228,32.31811733944589,34.39397214082929,0.13076696830622778,0.026394749999999967,127967.07629680222,290,Cardboard,2026-02-08T05:33:47.868280
285.4,0.87,25.0,942.27,4.77,2733.06,1.0,94872.8,19.7,157.0,0.18,0.14,1.82,0.01612095819013653,1109.100385859228,32.31811733944589,34.39397214082929,0.13076696830622778,0.026394749999999967,127967.07629680222,290,Cardboard,2026-02-08T05:33:47.868280
285.4,0.87,25.0,942.27,4.77,2733.06,1.0,94872.8,19.7,157.0,0.18,0.14,1.82,0.01612095819013653,1109.100385859228,32.31811733944589,34.39397214082929,0.13076696830622778,0.026394749999999967,127967.07629680222,290,Cardboard,2026-02-08T05:33:47.868280
285.4,0.21,25.0,896.37,4.54,11421.08,1.0,387867.1,19.3,160.0,0.18,0.14,1.82,0.01612095819013653,1109.100385859228,32.31811733944589,34.39397214082929,0.13076696830622778,0.026394749999999967,127967.07629680222,290,Cardboard,2026-02-08T05:33:47.868280
285.4,0.21,25.0,896.37,4.54,11421.08,1.0,387867.1,19.3,160.0,0.18,0.14,1.82,0.01612095819013653,1109.100385859228,32.31811733944589,34.39397214082929,0.13076696830622778,0.026394749999999967,127967.07629680222,290,Cardboard,2026-02-08T05:33:47.868280
285.4,0.21,25.0,896.37,4.54,11421.08,1.0,387867.1,19.3,160.0,0.18,0.14,1.82,0.01612095819013653,1109.100385859228,32.31811733944589,34.39397214082929,0.13076696830622778,0.026394749999999967,127967.07629680222,290,Cardboard,2026-02-08T05:33:47.868280
285.4,0.21,25.0,896.37,4.54,11421.08,1.0,387867.1,19.3,160.0,0.18,0.14,1.82,0.01612095819013653,1109.100385859228,32.31811733944589,34.39397214082929,0.13076696830622778,0.026394749999999967,127967.07629680222,290,Cardboard,2026-02-08T05:33:47.868280
285.4,0.21,25.0,896.37,4.54,11421.08,1.0,387867.1,19.3,160.0,0.18,0.14,1.82,0.01612095819013653,1109.100385859228,32.31811733944589,34.39397214082929,0.13076696830622778,0.026394749999999967,127967.07629680222,290,Cardboard,2026-02-08T05:33:47.868280
285.4,0.21,25.0,896.37,4.54,11421.08,1.0,387867.1,19.3,160.0,0.18,0.14,1.82,0.01612095819013653,1109.100385859228,32.31811733944589,34.39397214082929,0.13076696830622778,0.026394749999999967,127967.07629680222,290,Cardboard,2026-02-08T05:33:47.868280
285.6,0.86,25.0,949.85,4.82,11443.3,1.0,392829.2,19.3,160.0,0.23,0.19,2.32,0.01612095819013653,1109.100385859228,32.31811733944589,34.39397214082929,0.13076696830622778,0.026394749999999967,127967.07629680222,290,Cardboard,2026-02-08T05:33:47.868280
285.6,0.86,25.0,949.85,4.82,11443.3,1.0,392829.2,19.3,160.0,0.23,0.19,2.32,0.01612095819013653,1109.100385859228,32.31811733944589,34.39397214082929,0.13076696830622778,0.026394749999999967,127967.07629680222,290,Cardboard,2026-02-08T05:33:47.868280
285.6,0.86,25.0,949.85,4.82,11443.3,1.0,392829.2,19.3,160.0,0.23,0.19,2.32,0.01612095819013653,1109.100385859228,32.31811733944589,34.39397214082929,0.13076696830622778,0.026394749999999967,127967.07629680222,290,Cardboard,2026-02-08T05:33:47.868280
296.3,0.0,25.0,1267.05,6.33,1477.63,1.0,76449.4,19.8,156.0,0.2,0.18,1.98,0.02106479919001012,349.89080323995944,8.10471312858589,44.902904095661285,5.684341886080802e-14,0.004362749999999991,22567.00717420179,300,Cardboard,2026-02-08T05:35:42.648646
296.3,0.0,25.0,1267.05,6.33,1477.63,1.0,76449.4,19.8,156.0,0.2,0.18,1.98,0.02106479919001012,349.89080323995944,8.10471312858589,44.902904095661285,5.684341886080802e-14,0.004362749999999991,22567.00717420179,300,Cardboard,2026-02-08T05:35:42.648646
296.3,0.0,25.0,1261.39,6.3,1477.63,1.0,76151.3,19.8,156.0,0.18,0.14,1.82,0.02106479919001012,349.89080323995944,8.10471312858589,44.902904095661285,5.684341886080802e-14,0.004362749999999991,22567.00717420179,300,Cardboard,2026-02-08T05:35:42.648646
296.3,0.0,25.0,1261.39,6.3,1477.63,1.0,76151.3,19.8,156.0,0.18,0.14,1.82,0.02106479919001012,349.89080323995944,8.10471312858589,44.902904095661285,5.684341886080802e-14,0.004362749999999991,22567.00717420179,300,Cardboard,2026-02-08T05:35:42.648646
296.3,0.0,25.0,1261.39,6.3,1477.63,1.0,76151.3,19.8,156.0,0.18,0.14,1.82,0.02106479919001012,349.89080323995944,8.10471312858589,44.902904095661285,5.684341886080802e-14,0.004362749999999991,22567.00717420179,300,Cardboard,2026-02-08T05:35:42.648646
296.3,0.0,25.0,1261.39,6.3,1477.63,1.0,76151.3,19.8,156.0,0.18,0.14,1.82,0.02106479919001012,349.89080323995944,8.10471312858589,44.902904095661285,5.684341886080802e-14,0.004362749999999991,22567.00717420179,300,Cardboard,2026-02-08T05:35:42.648646
296.3,0.0,25.0,1261.39,6.3,1477.63,1.0,76151.3,19.8,156.0,0.18,0.14,1.82,0.02106479919001012,349.89080323995944,8.10471312858589,44.902904095661285,5.684341886080802e-14,0.004362749999999991,22567.00717420179,300,Cardboard,2026-02-08T05:35:42.648646
296.3,0.0,25.0,1261.39,6.3,1477.63,1.0,76151.3,19.8,156.0,0.18,0.14,1.82,0.02106479919001012,349.89080323995944,8.10471312858589,44.902904095661285,5.684341886080802e-14,0.004362749999999991,22567.00717420179,300,Cardboard,2026-02-08T05:35:42.648646
296.3,0.0,25.0,1240.04,6.2,2899.71,1.0,119975.7,19.7,157.0,0.15,0.1,1.54,0.02106479919001012,349.89080323995944,8.10471312858589,44.902904095661285,5.684341886080802e-14,0.004362749999999991,22567.00717420179,300,Cardboard,2026-02-08T05:35:42.648646
296.3,0.0,25.0,1240.04,6.2,2899.71,1.0,119975.7,19.7,157.0,0.15,0.1,1.54,0.02106479919001012,349.89080323995944,8.10471312858589,44.902904095661285,5.684341886080802e-14,0.004362749999999991,22567.00717420179,300,Cardboard,2026-02-08T05:35:42.648646
296.3,0.0,25.0,1240.04,6.2,2899.71,1.0,119975.7,19.7,157.0,0.15,0.1,1.54,0.02106479919001012,349.89080323995944,8.10471312858589,44.902904095661285,5.684341886080802e-14,0.004362749999999991,22567.00717420179,300,Cardboard,2026-02-08T05:35:42.648646
296.3,0.0,25.0,1240.04,6.2,2899.71,1.0,119975.7,19.7,157.0,0.15,0.1,1.54,0.02106479919001012,349.89080323995944,8.10471312858589,44.902904095661285,5.684341886080802e-14,0.004362749999999991,22567.00717420179,300,Cardboard,2026-02-08T05:35:42.648646
296.3,0.0,25.0,1240.04,6.2,2899.71,1.0,119975.7,19.7,157.0,0.15,0.1,1.54,0.02106479919001012,349.89080323995944,8.10471312858589,44.902904095661285,5.684341886080802e-14,0.004362749999999991,22567.00717420179,300,Cardboard,2026-02-08T05:35:42.648646
296.3,0.0,25.0,1233.06,6.17,3066.36,1.0,121800.9,19.7,157.0,0.04,0.04,0.44,0.02106479919001012,349.89080323995944,8.10471312858589,44.902904095661285,5.684341886080802e-14,0.004362749999999991,22567.00717420179,300,Cardboard,2026-02-08T05:35:42.648646
296.3,0.0,25.0,1233.06,6.17,3066.36,1.0,121800.9,19.7,157.0,0.04,0.04,0.44,0.02106479919001012,349.89080323995944,8.10471312858589,44.902904095661285,5.684341886080802e-14,0.004362749999999991,22567.00717420179,300,Cardboard,2026-02-08T05:35:42.648646
296.3,0.0,25.0,1233.06,6.17,3066.36,1.0,121800.9,19.7,157.0,0.04,0.04,0.44,0.02106479919001012,349.89080323995944,8.10471312858589,44.902904095661285,5.684341886080802e-14,0.004362749999999991,22567.00717420179,300,Cardboard,2026-02-08T05:35:42.648646
296.3,0.0,25.0,1233.06,6.17,3066.36,1.0,121800.9,19.7,157.0,0.04,0.04,0.44,0.02106479919001012,349.89080323995944,8.10471312858589,44.902904095661285,5.684341886080802e-14,0.004362749999999991,22567.00717420179,300,Cardboard,2026-02-08T05:35:42.648646
296.3,0.0,25.0,1233.06,6.17,3066.36,1.0,121800.9,19.7,157.0,0.04,0.04,0.44,0.02106479919001012,349.89080323995944,8.10471312858589,44.902904095661285,5.684341886080802e-14,0.004362749999999991,22567.00717420179,300,Cardboard,2026-02-08T05:35:42.648646
296.3,0.0,25.0,1233.06,6.17,3066.36,1.0,121800.9,19.7,157.0,0.04,0.04,0.44,0.02106479919001012,349.89080323995944,8.10471312858589,44.902904095661285,5.684341886080802e-14,0.004362749999999991,22567.00717420179,300,Cardboard,2026-02-08T05:35:42.648646
296.3,0.0,25.0,1269.91,6.35,3310.78,1.0,132962.4,19.7,157.0,0.04,0.03,0.38,0.02106479919001012,349.89080323995944,8.10471312858589,44.902904095661285,5.684341886080802e-14,0.004362749999999991,22567.00717420179,300,Cardboard,2026-02-08T05:35:42.648646
305.4,0.43,25.0,913.49,4.56,9776.8,1.0,358955.6,19.3,160.0,0.11,0.1,1.11,0.014991814014407334,898.5662082514737,24.157156188605114,38.343610208316306,5.684341886080802e-14,0.002582749999999993,130302.63014633508,310,Cardboard,2026-02-08T05:36:22.035223
305.4,0.43,25.0,913.49,4.56,9776.8,1.0,358955.6,19.3,160.0,0.11,0.1,1.11,0.014991814014407334,898.5662082514737,24.157156188605114,38.343610208316306,5.684341886080802e-14,0.002582749999999993,130302.63014633508,310,Cardboard,2026-02-08T05:36:22.035223
305.4,0.43,25.0,913.49,4.56,9776.8,1.0,358955.6,19.3,160.0,0.11,0.1,1.11,0.014991814014407334,898.5662082514737,24.157156188605114,38.343610208316306,5.684341886080802e-14,0.002582749999999993,130302.63014633508,310,Cardboard,2026-02-08T05:36:22.035223
305.4,0.0,25.0,920.06,4.6,9765.69,1.0,359858.6,19.3,160.0,0.13,0.11,1.28,0.014991814014407334,898.5662082514737,24.157156188605114,38.343610208316306,5.684341886080802e-14,0.002582749999999993,130302.63014633508,310,Cardboard,2026-02-08T05:36:22.035223
305.4,0.0,25.0,920.06,4.6,9765.69,1.0,359858.6,19.3,160.0,0.13,0.11,1.28,0.014991814014407334,898.5662082514737,24.157156188605114,38.343610208316306,5.684341886080802e-14,0.002582749999999993,130302.63014633508,310,Cardboard,2026-02-08T05:36:22.035223
305.4,0.0,25.0,920.06,4.6,9765.69,1.0,359858.6,19.3,160.0,0.13,0.11,1.28,0.014991814014407334,898.5662082514737,24.157156188605114,38.343610208316306,5.684341886080802e-14,0.002582749999999993,130302.63014633508,310,Cardboard,2026-02-08T05:36:22.035223
305.4,0.0,25.0,920.06,4.6,9765.69,1.0,359858.6,19.3,160.0,0.13,0.11,1.28,0.014991814014407334,898.5662082514737,24.157156188605114,38.343610208316306,5.684341886080802e-14,0.002582749999999993,130302.63014633508,310,Cardboard,2026-02-08T05:36:22.035223
305.4,0.0,25.0,920.06,4.6,9765.69,1.0,359858.6,19.3,160.0,0.13,0.11,1.28,0.014991814014407334,898.5662082514737,24.157156188605114,38.343610208316306,5.684341886080802e-14,0.002582749999999993,130302.63014633508,310,Cardboard,2026-02-08T05:36:22.035223
305.4,0.0,25.0,920.06,4.6,9765.69,1.0,359858.6,19.3,160.0,0.13,0.11,1.28,0.014991814014407334,898.5662082514737,24.157156188605114,38.343610208316306,5.684341886080802e-14,0.002582749999999993,130302.63014633508,310,Cardboard,2026-02-08T05:36:22.035223
305.4,0.0,25.0,899.93,4.5,9765.69,1.0,360026.1,19.4,159.0,0.14,0.12,1.35,0.014991814014407334,898.5662082514737,24.157156188605114,38.343610208316306,5.684341886080802e-14,0.002582749999999993,130302.63014633508,310,Cardboard,2026-02-08T05:36:22.035223
305.4,0.0,25.0,899.93,4.5,9765.69,1.0,360026.1,19.4,159.0,0.14,0.12,1.35,0.014991814014407334,898.5662082514737,24.157156188605114,38.343610208316306,5.684341886080802e-14,0.002582749999999993,130302.63014633508,310,Cardboard,2026-02-08T05:36:22.035223
305.4,0.0,25.0,899.93,4.5,9765.69,1.0,360026.1,19.4,159.0,0.14,0.12,1.35,0.014991814014407334,898.5662082514737,24.157156188605114,38.343610208316306,5.684341886080802e-14,0.002582749999999993,130302.63014633508,310,Cardboard,2026-02-08T05:36:22.035223
305.4,0.0,25.0,899.93,4.5,9765.69,1.0,360026.1,19.4,159.0,0.14,0.12,1.35,0.014991814014407334,898.5662082514737,24.157156188605114,38.343610208316306,5.684341886080802e-14,0.002582749999999993,130302.63014633508,310,Cardboard,2026-02-08T05:36:22.035223
305.4,0.0,25.0,899.93,4.5,9765.69,1.0,360026.1,19.4,159.0,0.14,0.12,1.35,0.014991814014407334,898.5662082514737,24.157156188605114,38.343610208316306,5.684341886080802e-14,0.002582749999999993,130302.63014633508,310,Cardboard,2026-02-08T05:36:22.035223
305.4,0.0,25.0,926.19,4.63,1799.82,1.0,75374.1,19.7,157.0,0.14,0.12,1.36,0.014991814014407334,898.5662082514737,24.157156188605114,38.343610208316306,5.684341886080802e-14,0.002582749999999993,130302.63014633508,310,Cardboard,2026-02-08T05:36:22.035223
305.4,0.0,25.0,926.19,4.63,1799.82,1.0,75374.1,19.7,157.0,0.14,0.12,1.36,0.014991814014407334,898.5662082514737,24.157156188605114,38.343610208316306,5.684341886080802e-14,0.002582749999999993,130302.63014633508,310,Cardboard,2026-02-08T05:36:22.035223
305.4,0.0,25.0,926.19,4.63,1799.82,1.0,75374.1,19.7,157.0,0.14,0.12,1.36,0.014991814014407334,898.5662082514737,24.157156188605114,38.343610208316306,5.684341886080802e-14,0.002582749999999993,130302.63014633508,310,Cardboard,2026-02-08T05:36:22.035223
305.4,0.0,25.0,926.19,4.63,1799.82,1.0,75374.1,19.7,157.0,0.14,0.12,1.36,0.014991814014407334,898.5662082514737,24.157156188605114,38.343610208316306,5.684341886080802e-14,0.002582749999999993,130302.63014633508,310,Cardboard,2026-02-08T05:36:22.035223
305.4,0.0,25.0,926.19,4.63,1799.82,1.0,75374.1,19.7,157.0,0.14,0.12,1.36,0.014991814014407334,898.5662082514737,24.157156188605114,38.343610208316306,5.684341886080802e-14,0.002582749999999993,130302.63014633508,310,Cardboard,2026-02-08T05:36:22.035223
305.4,0.0,25.0,928.58,4.64,1799.82,1.0,75423.0,19.7,157.0,0.11,0.1,1.13,0.014991814014407334,898.5662082514737,24.157156188605114,38.343610208316306,5.684341886080802e-14,0.002582749999999993,130302.63014633508,310,Cardboard,2026-02-08T05:36:22.035223
316.7,0.22,25.0,1878.65,9.41,1344.31,1.0,115420.7,19.8,156.0,0.24,0.22,2.44,0.030618761800182304,333.46442041945556,3.6561359554383173,91.8851393944014,0.1608570794214483,0.028359999999999885,6887.453935256121,320,Cardboard,2026-02-08T05:39:31.255545
316.7,-0.22,25.0,1905.98,9.55,1310.98,1.0,112872.6,19.8,156.0,0.26,0.25,2.57,0.030618761800182304,333.46442041945556,3.6561359554383173,91.8851393944014,0.1608570794214483,0.028359999999999885,6887.453935256121,320,Cardboard,2026-02-08T05:39:31.255545
316.7,-0.22,25.0,1905.98,9.55,1310.98,1.0,112872.6,19.8,156.0,0.26,0.25,2.57,0.030618761800182304,333.46442041945556,3.6561359554383173,91.8851393944014,0.1608570794214483,0.028359999999999885,6887.453935256121,320,Cardboard,2026-02-08T05:39:31.255545
316.7,-0.22,25.0,1905.98,9.55,1310.98,1.0,112872.6,19.8,156.0,0.26,0.25,2.57,0.030618761800182304,333.46442041945556,3.6561359554383173,91.8851393944014,0.1608570794214483,0.028359999999999885,6887.453935256121,320,Cardboard,2026-02-08T05:39:31.255545
316.7,-0.22,25.0,1905.98,9.55,1310.98,1.0,112872.6,19.8,156.0,0.26,0.25,2.57,0.030618761800182304,333.46442041945556,3.6561359554383173,91.8851393944014,0.1608570794214483,0.028359999999999885,6887.453935256121,320,Cardboard,2026-02-08T05:39:31.255545
316.7,-0.22,25.0,1905.98,9.55,1310.98,1.0,112872.6,19.8,156.0,0.26,0.25,2.57,0.030618761800182304,333.46442041945556,3.6561359554383173,91.8851393944014,0.1608570794214483,0.028359999999999885,6887.453935256121,320,Cardboard,2026-02-08T05:39:31.255545
316.3,-1.53,25.0,1961.16,9.83,1222.1,1.0,108574.1,19.8,156.0,0.24,0.23,2.42,0.030618761800182304,333.46442041945556,3.6561359554383173,91.8851393944014,0.1608570794214483,0.028359999999999885,6887.453935256121,320,Cardboard,2026-02-08T05:39:31.255545
316.3,-1.53,25.0,1961.16,9.83,1222.1,1.0,108574.1,19.8,156.0,0.24,0.23,2.42,0.030618761800182304,333.46442041945556,3.6561359554383173,91.8851393944014,0.1608570794214483,0.028359999999999885,6887.453935256121,320,Cardboard,2026-02-08T05:39:31.255545
316.3,-1.53,25.0,1961.16,9.83,1222.1,1.0,108574.1,19.8,156.0,0.24,0.23,2.42,0.030618761800182304,333.46442041945556,3.6561359554383173,91.8851393944014,0.1608570794214483,0.028359999999999885,6887.453935256121,320,Cardboard,2026-02-08T05:39:31.255545
316.3,-1.53,25.0,1961.16,9.83,1222.1,1.0,108574.1,19.8,156.0,0.24,0.23,2.42,0.030618761800182304,333.46442041945556,3.6561359554383173,91.8851393944014,0.1608570794214483,0.028359999999999885,6887.453935256121,320,Cardboard,2026-02-08T05:39:31.255545
316.3,-1.53,25.0,1961.16,9.83,1222.1,1.0,108574.1,19.8,156.0,0.24,0.23,2.42,0.030618761800182304,333.46442041945556,3.6561359554383173,91.8851393944014,0.1608570794214483,0.028359999999999885,6887.453935256121,320,Cardboard,2026-02-08T05:39:31.255545
316.3,-1.53,25.0,1961.16,9.83,1222.1,1.0,108574.1,19.8,156.0,0.24,0.23,2.42,0.030618761800182304,333.46442041945556,3.6561359554383173,91.8851393944014,0.1608570794214483,0.028359999999999885,6887.453935256121,320,Cardboard,2026-02-08T05:39:31.255545
316.4,0.44,25.0,1964.13,9.85,988.79,1.0,97740.7,19.8,156.0,0.23,0.21,2.27,0.030618761800182304,333.46442041945556,3.6561359554383173,91.8851393944014,0.1608570794214483,0.028359999999999885,6887.453935256121,320,Cardboard,2026-02-08T05:39:31.255545
316.4,0.44,25.0,1964.13,9.85,988.79,1.0,97740.7,19.8,156.0,0.23,0.21,2.27,0.030618761800182304,333.46442041945556,3.6561359554383173,91.8851393944014,0.1608570794214483,0.028359999999999885,6887.453935256121,320,Cardboard,2026-02-08T05:39:31.255545
316.4,0.44,25.0,1964.13,9.85,988.79,1.0,97740.7,19.8,156.0,0.23,0.21,2.27,0.030618761800182304,333.46442041945556,3.6561359554383173,91.8851393944014,0.1608570794214483,0.028359999999999885,6887.453935256121,320,Cardboard,2026-02-08T05:39:31.255545
316.4,0.44,25.0,1964.13,9.85,988.79,1.0,97740.7,19.8,156.0,0.23,0.21,2.27,0.030618761800182304,333.46442041945556,3.6561359554383173,91.8851393944014,0.1608570794214483,0.028359999999999885,6887.453935256121,320,Cardboard,2026-02-08T05:39:31.255545
316.4,0.44,25.0,1964.13,9.85,988.79,1.0,97740.7,19.8,156.0,0.23,0.21,2.27,0.030618761800182304,333.46442041945556,3.6561359554383173,91.8851393944014,0.1608570794214483,0.028359999999999885,6887.453935256121,320,Cardboard,2026-02-08T05:39:31.255545
316.5,0.44,25.0,1887.17,9.47,988.79,1.0,96920.3,19.8,156.0,0.21,0.19,2.09,0.030618761800182304,333.46442041945556,3.6561359554383173,91.8851393944014,0.1608570794214483,0.028359999999999885,6887.453935256121,320,Cardboard,2026-02-08T05:39:31.255545
316.5,0.44,25.0,1887.17,9.47,988.79,1.0,96920.3,19.8,156.0,0.21,0.19,2.09,0.030618761800182304,333.46442041945556,3.6561359554383173,91.8851393944014,0.1608570794214483,0.028359999999999885,6887.453935256121,320,Cardboard,2026-02-08T05:39:31.255545
316.5,0.44,25.0,1887.17,9.47,988.79,1.0,96920.3,19.8,156.0,0.21,0.19,2.09,0.030618761800182304,333.46442041945556,3.6561359554383173,91.8851393944014,0.1608570794214483,0.028359999999999885,6887.453935256121,320,Cardboard,2026-02-08T05:39:31.255545
327.5,-0.22,25.0,1499.91,7.68,1444.3,1.0,98288.6,19.8,156.0,0.09,0.09,0.93,0.023618759825068843,296.47904845028677,4.412705216747954,67.19149599222227,0.07810249675906537,0.008272749999999983,1578.5583074121762,330,Cardboard,2026-02-08T05:39:46.655477
327.5,-0.22,25.0,1499.91,7.68,1444.3,1.0,98288.6,19.8,156.0,0.09,0.09,0.93,0.023618759825068843,296.47904845028677,4.412705216747954,67.19149599222227,0.07810249675906537,0.008272749999999983,1578.5583074121762,330,Cardboard,2026-02-08T05:39:46.655477
327.5,-0.22,25.0,1499.91,7.68,1444.3,1.0,98288.6,19.8,156.0,0.09,0.09,0.93,0.023618759825068843,296.47904845028677,4.412705216747954,67.19149599222227,0.07810249675906537,0.008272749999999983,1578.5583074121762,330,Cardboard,2026-02-08T05:39:46.655477
327.5,-0.22,25.0,1499.91,7.68,1444.3,1.0,98288.6,19.8,156.0,0.09,0.09,0.93,0.023618759825068843,296.47904845028677,4.412705216747954,67.19149599222227,0.07810249675906537,0.008272749999999983,1578.5583074121762,330,Cardboard,2026-02-08T05:39:46.655477
327.5,-0.22,25.0,1499.91,7.68,1444.3,1.0,98288.6,19.8,156.0,0.09,0.09,0.93,0.023618759825068843,296.47904845028677,4.412705216747954,67.19149599222227,0.07810249675906537,0.008272749999999983,1578.5583074121762,330,Cardboard,2026-02-08T05:39:46.655477
327.5,0.0,25.0,1542.0,7.89,1455.41,1.0,98173.2,19.8,156.0,0.1,0.1,0.99,0.023618759825068843,296.47904845028677,4.412705216747954,67.19149599222227,0.07810249675906537,0.008272749999999983,1578.5583074121762,330,Cardboard,2026-02-08T05:39:46.655477
327.5,0.0,25.0,1542.0,7.89,1455.41,1.0,98173.2,19.8,156.0,0.1,0.1,0.99,0.023618759825068843,296.47904845028677,4.412705216747954,67.19149599222227,0.07810249675906537,0.008272749999999983,1578.5583074121762,330,Cardboard,2026-02-08T05:39:46.655477
327.5,0.0,25.0,1542.0,7.89,1455.41,1.0,98173.2,19.8,156.0,0.1,0.1,0.99,0.023618759825068843,296.47904845028677,4.412705216747954,67.19149599222227,0.07810249675906537,0.008272749999999983,1578.5583074121762,330,Cardboard,2026-02-08T05:39:46.655477
327.5,0.0,25.0,1542.0,7.89,1455.41,1.0,98173.2,19.8,156.0,0.1,0.1,0.99,0.023618759825068843,296.47904845028677,4.412705216747954,67.19149599222227,0.07810249675906537,0.008272749999999983,1578.5583074121762,330,Cardboard,2026-02-08T05:39:46.655477
327.5,0.0,25.0,1542.0,7.89,1455.41,1.0,98173.2,19.8,156.0,0.1,0.1,0.99,0.023618759825068843,296.47904845028677,4.412705216747954,67.19149599222227,0.07810249675906537,0.008272749999999983,1578.5583074121762,330,Cardboard,2026-02-08T05:39:46.655477
327.4,-0.22,25.0,1499.14,7.67,1466.52,1.0,97164.4,19.8,156.0,0.11,0.1,1.06,0.023618759825068843,296.47904845028677,4.412705216747954,67.19149599222227,0.07810249675906537,0.008272749999999983,1578.5583074121762,330,Cardboard,2026-02-08T05:39:46.655477
327.4,-0.22,25.0,1499.14,7.67,1466.52,1.0,97164.4,19.8,156.0,0.11,0.1,1.06,0.023618759825068843,296.47904845028677,4.412705216747954,67.19149599222227,0.07810249675906537,0.008272749999999983,1578.5583074121762,330,Cardboard,2026-02-08T05:39:46.655477
327.4,-0.22,25.0,1499.14,7.67,1466.52,1.0,97164.4,19.8,156.0,0.11,0.1,1.06,0.023618759825068843,296.47904845028677,4.412705216747954,67.19149599222227,0.07810249675906537,0.008272749999999983,1578.5583074121762,330,Cardboard,2026-02-08T05:39:46.655477
327.4,-0.22,25.0,1499.14,7.67,1466.52,1.0,97164.4,19.8,156.0,0.11,0.1,1.06,0.023618759825068843,296.47904845028677,4.412705216747954,67.19149599222227,0.07810249675906537,0.008272749999999983,1578.5583074121762,330,Cardboard,2026-02-08T05:39:46.655477
327.4,-0.22,25.0,1499.14,7.67,1466.52,1.0,97164.4,19.8,156.0,0.11,0.1,1.06,0.023618759825068843,296.47904845028677,4.412705216747954,67.19149599222227,0.07810249675906537,0.008272749999999983,1578.5583074121762,330,Cardboard,2026-02-08T05:39:46.655477
327.4,-0.22,25.0,1499.14,7.67,1466.52,1.0,97164.4,19.8,156.0,0.11,0.1,1.06,0.023618759825068843,296.47904845028677,4.412705216747954,67.19149599222227,0.07810249675906537,0.008272749999999983,1578.5583074121762,330,Cardboard,2026-02-08T05:39:46.655477
327.3,-0.44,25.0,1504.99,7.7,1399.86,1.0,94058.6,19.8,156.0,0.12,0.1,1.19,0.023618759825068843,296.47904845028677,4.412705216747954,67.19149599222227,0.07810249675906537,0.008272749999999983,1578.5583074121762,330,Cardboard,2026-02-08T05:39:46.655477
327.3,-0.44,25.0,1504.99,7.7,1399.86,1.0,94058.6,19.8,156.0,0.12,0.1,1.19,0.023618759825068843,296.47904845028677,4.412705216747954,67.19149599222227,0.07810249675906537,0.008272749999999983,1578.5583074121762,330,Cardboard,2026-02-08T05:39:46.655477
327.3,-0.44,25.0,1504.99,7.7,1399.86,1.0,94058.6,19.8,156.0,0.12,0.1,1.19,0.023618759825068843,296.47904845028677,4.412705216747954,67.19149599222227,0.07810249675906537,0.008272749999999983,1578.5583074121762,330,Cardboard,2026-02-08T05:39:46.655477
327.3,-0.44,25.0,1504.99,7.7,1399.86,1.0,94058.6,19.8,156.0,0.12,0.1,1.19,0.023618759825068843,296.47904845028677,4.412705216747954,67.19149599222227,0.07810249675906537,0.008272749999999983,1578.5583074121762,330,Cardboard,2026-02-08T05:39:46.655477
338.8,0.43,25.0,930.61,4.68,11165.55,1.0,382569.9,19.3,160.0,0.12,0.1,1.18,0.014296044864226684,979.8960743801654,26.42396103896104,37.269393005398626,5.684341886080802e-14,0.023112750000000015,25438.912390664434,340,Cardboard,2026-02-08T05:40:32.416139
338.8,0.43,25.0,930.61,4.68,11165.55,1.0,382569.9,19.3,160.0,0.12,0.1,1.18,0.014296044864226684,979.8960743801654,26.42396103896104,37.269393005398626,5.684341886080802e-14,0.023112750000000015,25438.912390664434,340,Cardboard,2026-02-08T05:40:32.416139
338.8,0.43,25.0,930.61,4.68,11165.55,1.0,382569.9,19.3,160.0,0.12,0.1,1.18,0.014296044864226684,979.8960743801654,26.42396103896104,37.269393005398626,5.684341886080802e-14,0.023112750000000015,25438.912390664434,340,Cardboard,2026-02-08T05:40:32.416139
338.8,0.43,25.0,930.61,4.68,11165.55,1.0,382569.9,19.3,160.0,0.12,0.1,1.18,0.014296044864226684,979.8960743801654,26.42396103896104,37.269393005398626,5.684341886080802e-14,0.023112750000000015,25438.912390664434,340,Cardboard,2026-02-08T05:40:32.416139
338.8,0.0,25.0,991.01,4.98,8399.16,1.0,315242.8,19.4,159.0,0.12,0.1,1.24,0.014296044864226684,979.8960743801654,26.42396103896104,37.269393005398626,5.684341886080802e-14,0.023112750000000015,25438.912390664434,340,Cardboard,2026-02-08T05:40:32.416139
338.8,0.0,25.0,991.01,4.98,8399.16,1.0,315242.8,19.4,159.0,0.12,0.1,1.24,0.014296044864226684,979.8960743801654,26.42396103896104,37.269393005398626,5.684341886080802e-14,0.023112750000000015,25438.912390664434,340,Cardboard,2026-02-08T05:40:32.416139
338.8,0.0,25.0,991.01,4.98,8399.16,1.0,315242.8,19.4,159.0,0.12,0.1,1.24,0.014296044864226684,979.8960743801654,26.42396103896104,37.269393005398626,5.684341886080802e-14,0.023112750000000015,25438.912390664434,340,Cardboard,2026-02-08T05:40:32.416139
338.8,0.0,25.0,991.01,4.98,8399.16,1.0,315242.8,19.4,159.0,0.12,0.1,1.24,0.014296044864226684,979.8960743801654,26.42396103896104,37.269393005398626,5.684341886080802e-14,0.023112750000000015,25438.912390664434,340,Cardboard,2026-02-08T05:40:32.416139
338.8,0.0,25.0,991.01,4.98,8399.16,1.0,315242.8,19.4,159.0,0.12,0.1,1.24,0.014296044864226684,979.8960743801654,26.42396103896104,37.269393005398626,5.684341886080802e-14,0.023112750000000015,25438.912390664434,340,Cardboard,2026-02-08T05:40:32.416139
338.8,0.0,25.0,933.16,4.7,8399.16,1.0,319745.2,19.4,159.0,0.12,0.1,1.18,0.014296044864226684,979.8960743801654,26.42396103896104,37.269393005398626,5.684341886080802e-14,0.023112750000000015,25438.912390664434,340,Cardboard,2026-02-08T05:40:32.416139
338.8,0.0,25.0,933.16,4.7,8399.16,1.0,319745.2,19.4,159.0,0.12,0.1,1.18,0.014296044864226684,979.8960743801654,26.42396103896104,37.269393005398626,5.684341886080802e-14,0.023112750000000015,25438.912390664434,340,Cardboard,2026-02-08T05:40:32.416139
338.8,0.0,25.0,933.16,4.7,8399.16,1.0,319745.2,19.4,159.0,0.12,0.1,1.18,0.014296044864226684,979.8960743801654,26.42396103896104,37.269393005398626,5.684341886080802e-14,0.023112750000000015,25438.912390664434,340,Cardboard,2026-02-08T05:40:32.416139
338.8,0.0,25.0,933.16,4.7,8399.16,1.0,319745.2,19.4,159.0,0.12,0.1,1.18,0.014296044864226684,979.8960743801654,26.42396103896104,37.269393005398626,5.684341886080802e-14,0.023112750000000015,25438.912390664434,340,Cardboard,2026-02-08T05:40:32.416139
338.8,0.0,25.0,933.16,4.7,8399.16,1.0,319745.2,19.4,159.0,0.12,0.1,1.18,0.014296044864226684,979.8960743801654,26.42396103896104,37.269393005398626,5.684341886080802e-14,0.023112750000000015,25438.912390664434,340,Cardboard,2026-02-08T05:40:32.416139
338.8,0.0,25.0,933.16,4.7,8399.16,1.0,319745.2,19.4,159.0,0.12,0.1,1.18,0.014296044864226684,979.8960743801654,26.42396103896104,37.269393005398626,5.684341886080802e-14,0.023112750000000015,25438.912390664434,340,Cardboard,2026-02-08T05:40:32.416139
338.8,0.0,25.0,995.84,5.01,8399.16,1.0,322962.2,19.4,159.0,0.11,0.1,1.09,0.014296044864226684,979.8960743801654,26.42396103896104,37.269393005398626,5.684341886080802e-14,0.023112750000000015,25438.912390664434,340,Cardboard,2026-02-08T05:40:32.416139
338.8,0.0,25.0,995.84,5.01,8399.16,1.0,322962.2,19.4,159.0,0.11,0.1,1.09,0.014296044864226684,979.8960743801654,26.42396103896104,37.269393005398626,5.684341886080802e-14,0.023112750000000015,25438.912390664434,340,Cardboard,2026-02-08T05:40:32.416139
338.8,0.0,25.0,995.84,5.01,8399.16,1.0,322962.2,19.4,159.0,0.11,0.1,1.09,0.014296044864226684,979.8960743801654,26.42396103896104,37.269393005398626,5.684341886080802e-14,0.023112750000000015,25438.912390664434,340,Cardboard,2026-02-08T05:40:32.416139
338.8,0.0,25.0,995.84,5.01,8399.16,1.0,322962.2,19.4,159.0,0.11,0.1,1.09,0.014296044864226684,979.8960743801654,26.42396103896104,37.269393005398626,5.684341886080802e-14,0.023112750000000015,25438.912390664434,340,Cardboard,2026-02-08T05:40:32.416139
338.8,0.0,25.0,995.84,5.01,8399.16,1.0,322962.2,19.4,159.0,0.11,0.1,1.09,0.014296044864226684,979.8960743801654,26.42396103896104,37.269393005398626,5.684341886080802e-14,0.023112750000000015,25438.912390664434,340,Cardboard,2026-02-08T05:40:32.416139
347.1,-1.94,25.0,1066.97,5.36,7910.32,1.0,307455.8,19.4,159.0,0.52,0.46,5.25,0.014935144092087415,922.0947649950191,24.569461108553742,37.58242184483315,0.22383029285599973,0.015132750000000039,13912.171810598082,350,Cardboard,2026-02-08T05:40:56.985391
347.1,-1.94,25.0,1066.97,5.36,7910.32,1.0,307455.8,19.4,159.0,0.52,0.46,5.25,0.014935144092087415,922.0947649950191,24.569461108553742,37.58242184483315,0.22383029285599973,0.015132750000000039,13912.171810598082,350,Cardboard,2026-02-08T05:40:56.985391
347.1,-1.94,25.0,1066.97,5.36,7910.32,1.0,307455.8,19.4,159.0,0.52,0.46,5.25,0.014935144092087415,922.0947649950191,24.569461108553742,37.58242184483315,0.22383029285599973,0.015132750000000039,13912.171810598082,350,Cardboard,2026-02-08T05:40:56.985391
347.1,-1.94,25.0,1066.97,5.36,7910.32,1.0,307455.8,19.4,159.0,0.52,0.46,5.25,0.014935144092087415,922.0947649950191,24.569461108553742,37.58242184483315,0.22383029285599973,0.015132750000000039,13912.171810598082,350,Cardboard,2026-02-08T05:40:56.985391
347.1,-1.94,25.0,1066.97,5.36,7910.32,1.0,307455.8,19.4,159.0,0.52,0.46,5.25,0.014935144092087415,922.0947649950191,24.569461108553742,37.58242184483315,0.22383029285599973,0.015132750000000039,13912.171810598082,350,Cardboard,2026-02-08T05:40:56.985391
346.7,-1.51,25.0,1041.95,5.23,8365.83,1.0,314280.2,19.4,159.0,0.49,0.42,4.91,0.014935144092087415,922.0947649950191,24.569461108553742,37.58242184483315,0.22383029285599973,0.015132750000000039,13912.171810598082,350,Cardboard,2026-02-08T05:40:56.985391
346.7,-1.51,25.0,1041.95,5.23,8365.83,1.0,314280.2,19.4,159.0,0.49,0.42,4.91,0.014935144092087415,922.0947649950191,24.569461108553742,37.58242184483315,0.22383029285599973,0.015132750000000039,13912.171810598082,350,Cardboard,2026-02-08T05:40:56.985391
346.7,-1.51,25.0,1041.95,5.23,8365.83,1.0,314280.2,19.4,159.0,0.49,0.42,4.91,0.014935144092087415,922.0947649950191,24.569461108553742,37.58242184483315,0.22383029285599973,0.015132750000000039,13912.171810598082,350,Cardboard,2026-02-08T05:40:56.985391
346.7,-1.51,25.0,1041.95,5.23,8365.83,1.0,314280.2,19.4,159.0,0.49,0.42,4.91,0.014935144092087415,922.0947649950191,24.569461108553742,37.58242184483315,0.22383029285599973,0.015132750000000039,13912.171810598082,350,Cardboard,2026-02-08T05:40:56.985391
346.7,-1.51,25.0,1041.95,5.23,8365.83,1.0,314280.2,19.4,159.0,0.49,0.42,4.91,0.014935144092087415,922.0947649950191,24.569461108553742,37.58242184483315,0.22383029285599973,0.015132750000000039,13912.171810598082,350,Cardboard,2026-02-08T05:40:56.985391
347.2,2.16,25.0,1016.49,5.1,8499.15,1.0,317446.2,19.4,159.0,0.43,0.35,4.32,0.014935144092087415,922.0947649950191,24.569461108553742,37.58242184483315,0.22383029285599973,0.015132750000000039,13912.171810598082,350,Cardboard,2026-02-08T05:40:56.985391
347.2,2.16,25.0,1016.49,5.1,8499.15,1.0,317446.2,19.4,159.0,0.43,0.35,4.32,0.014935144092087415,922.0947649950191,24.569461108553742,37.58242184483315,0.22383029285599973,0.015132750000000039,13912.171810598082,350,Cardboard,2026-02-08T05:40:56.985391
347.2,2.16,25.0,1016.49,5.1,8499.15,1.0,317446.2,19.4,159.0,0.43,0.35,4.32,0.014935144092087415,922.0947649950191,24.569461108553742,37.58242184483315,0.22383029285599973,0.015132750000000039,13912.171810598082,350,Cardboard,2026-02-08T05:40:56.985391
347.2,2.16,25.0,1016.49,5.1,8499.15,1.0,317446.2,19.4,159.0,0.43,0.35,4.32,0.014935144092087415,922.0947649950191,24.569461108553742,37.58242184483315,0.22383029285599973,0.015132750000000039,13912.171810598082,350,Cardboard,2026-02-08T05:40:56.985391
347.2,2.16,25.0,1016.49,5.1,8499.15,1.0,317446.2,19.4,159.0,0.43,0.35,4.32,0.014935144092087415,922.0947649950191,24.569461108553742,37.58242184483315,0.22383029285599973,0.015132750000000039,13912.171810598082,350,Cardboard,2026-02-08T05:40:56.985391
347.2,2.16,25.0,1016.49,5.1,8499.15,1.0,317446.2,19.4,159.0,0.43,0.35,4.32,0.014935144092087415,922.0947649950191,24.569461108553742,37.58242184483315,0.22383029285599973,0.015132750000000039,13912.171810598082,350,Cardboard,2026-02-08T05:40:56.985391
347.3,0.22,25.0,1002.18,5.03,9543.49,1.0,346839.8,19.4,159.0,0.34,0.28,3.45,0.014935144092087415,922.0947649950191,24.569461108553742,37.58242184483315,0.22383029285599973,0.015132750000000039,13912.171810598082,350,Cardboard,2026-02-08T05:40:56.985391
347.3,0.22,25.0,1002.18,5.03,9543.49,1.0,346839.8,19.4,159.0,0.34,0.28,3.45,0.014935144092087415,922.0947649950191,24.569461108553742,37.58242184483315,0.22383029285599973,0.015132750000000039,13912.171810598082,350,Cardboard,2026-02-08T05:40:56.985391
347.3,0.22,25.0,1002.18,5.03,9543.49,1.0,346839.8,19.4,159.0,0.34,0.28,3.45,0.014935144092087415,922.0947649950191,24.569461108553742,37.58242184483315,0.22383029285599973,0.015132750000000039,13912.171810598082,350,Cardboard,2026-02-08T05:40:56.985391
347.3,0.22,25.0,1002.18,5.03,9543.49,1.0,346839.8,19.4,159.0,0.34,0.28,3.45,0.014935144092087415,922.0947649950191,24.569461108553742,37.58242184483315,0.22383029285599973,0.015132750000000039,13912.171810598082,350,Cardboard,2026-02-08T05:40:56.985391
357.5,0.0,25.0,957.09,4.84,8588.03,1.0,313920.4,19.4,159.0,0.39,0.29,3.88,0.012929331294207166,875.7337841180597,23.998385792533515,36.489726749676485,0.15124483462253668,0.027114749999999927,5628.4106816644835,360,Cardboard,2026-02-08T05:41:15.093182
357.5,0.0,25.0,943.41,4.77,8776.9,1.0,321826.6,19.4,159.0,0.28,0.23,2.77,0.012929331294207166,875.7337841180597,23.998385792533515,36.489726749676485,0.15124483462253668,0.027114749999999927,5628.4106816644835,360,Cardboard,2026-02-08T05:41:15.093182
357.5,0.0,25.0,943.41,4.77,8776.9,1.0,321826.6,19.4,159.0,0.28,0.23,2.77,0.012929331294207166,875.7337841180597,23.998385792533515,36.489726749676485,0.15124483462253668,0.027114749999999927,5628.4106816644835,360,Cardboard,2026-02-08T05:41:15.093182
357.5,0.0,25.0,943.41,4.77,8776.9,1.0,321826.6,19.4,159.0,0.28,0.23,2.77,0.012929331294207166,875.7337841180597,23.998385792533515,36.489726749676485,0.15124483462253668,0.027114749999999927,5628.4106816644835,360,Cardboard,2026-02-08T05:41:15.093182
357.5,0.0,25.0,943.41,4.77,8776.9,1.0,321826.6,19.4,159.0,0.28,0.23,2.77,0.012929331294207166,875.7337841180597,23.998385792533515,36.489726749676485,0.15124483462253668,0.027114749999999927,5628.4106816644835,360,Cardboard,2026-02-08T05:41:15.093182
357.5,0.0,25.0,943.41,4.77,8776.9,1.0,321826.6,19.4,159.0,0.28,0.23,2.77,0.012929331294207166,875.7337841180597,23.998385792533515,36.489726749676485,0.15124483462253668,0.027114749999999927,5628.4106816644835,360,Cardboard,2026-02-08T05:41:15.093182
357.6,0.43,25.0,864.6,4.36,8521.37,1.0,314019.2,19.4,159.0,0.23,0.2,2.3,0.012929331294207166,875.7337841180597,23.998385792533515,36.489726749676485,0.15124483462253668,0.027114749999999927,5628.4106816644835,360,Cardboard,2026-02-08T05:41:15.093182
357.6,0.43,25.0,864.6,4.36,8521.37,1.0,314019.2,19.4,159.0,0.23,0.2,2.3,0.012929331294207166,875.7337841180597,23.998385792533515,36.489726749676485,0.15124483462253668,0.027114749999999927,5628.4106816644835,360,Cardboard,2026-02-08T05:41:15.093182
357.6,0.43,25.0,864.6,4.36,8521.37,1.0,314019.2,19.4,159.0,0.23,0.2,2.3,0.012929331294207166,875.7337841180597,23.998385792533515,36.489726749676485,0.15124483462253668,0.027114749999999927,5628.4106816644835,360,Cardboard,2026-02-08T05:41:15.093182
357.6,0.43,25.0,864.6,4.36,8521.37,1.0,314019.2,19.4,159.0,0.23,0.2,2.3,0.012929331294207166,875.7337841180597,23.998385792533515,36.489726749676485,0.15124483462253668,0.027114749999999927,5628.4106816644835,360,Cardboard,2026-02-08T05:41:15.093182
357.6,0.43,25.0,864.6,4.36,8521.37,1.0,314019.2,19.4,159.0,0.23,0.2,2.3,0.012929331294207166,875.7337841180597,23.998385792533515,36.489726749676485,0.15124483462253668,0.027114749999999927,5628.4106816644835,360,Cardboard,2026-02-08T05:41:15.093182
357.8,0.65,25.0,917.66,4.63,8510.26,1.0,308581.0,19.4,159.0,0.23,0.19,2.26,0.012929331294207166,875.7337841180597,23.998385792533515,36.489726749676485,0.15124483462253668,0.027114749999999927,5628.4106816644835,360,Cardboard,2026-02-08T05:41:15.093182
357.8,0.65,25.0,917.66,4.63,8510.26,1.0,308581.0,19.4,159.0,0.23,0.19,2.26,0.012929331294207166,875.7337841180597,23.998385792533515,36.489726749676485,0.15124483462253668,0.027114749999999927,5628.4106816644835,360,Cardboard,2026-02-08T05:41:15.093182
357.8,0.65,25.0,917.66,4.63,8510.26,1.0,308581.0,19.4,159.0,0.23,0.19,2.26,0.012929331294207166,875.7337841180597,23.998385792533515,36.489726749676485,0.15124483462253668,0.027114749999999927,5628.4106816644835,360,Cardboard,2026-02-08T05:41:15.093182
357.8,0.65,25.0,917.66,4.63,8510.26,1.0,308581.0,19.4,159.0,0.23,0.19,2.26,0.012929331294207166,875.7337841180597,23.998385792533515,36.489726749676485,0.15124483462253668,0.027114749999999927,5628.4106816644835,360,Cardboard,2026-02-08T05:41:15.093182
357.8,0.65,25.0,917.66,4.63,8510.26,1.0,308581.0,19.4,159.0,0.23,0.19,2.26,0.012929331294207166,875.7337841180597,23.998385792533515,36.489726749676485,0.15124483462253668,0.027114749999999927,5628.4106816644835,360,Cardboard,2026-02-08T05:41:15.093182
357.8,0.65,25.0,917.66,4.63,8510.26,1.0,308581.0,19.4,159.0,0.23,0.19,2.26,0.012929331294207166,875.7337841180597,23.998385792533515,36.489726749676485,0.15124483462253668,0.027114749999999927,5628.4106816644835,360,Cardboard,2026-02-08T05:41:15.093182
357.9,0.65,25.0,938.6,4.74,8510.26,1.0,306626.9,19.4,159.0,0.16,0.15,1.57,0.012929331294207166,875.7337841180597,23.998385792533515,36.489726749676485,0.15124483462253668,0.027114749999999927,5628.4106816644835,360,Cardboard,2026-02-08T05:41:15.093182
357.9,0.65,25.0,938.6,4.74,8510.26,1.0,306626.9,19.4,159.0,0.16,0.15,1.57,0.012929331294207166,875.7337841180597,23.998385792533515,36.489726749676485,0.15124483462253668,0.027114749999999927,5628.4106816644835,360,Cardboard,2026-02-08T05:41:15.093182
357.9,0.65,25.0,938.6,4.74,8510.26,1.0,306626.9,19.4,159.0,0.16,0.15,1.57,0.012929331294207166,875.7337841180597,23.998385792533515,36.489726749676485,0.15124483462253668,0.027114749999999927,5628.4106816644835,360,Cardboard,2026-02-08T05:41:15.093182
366.9,-0.87,25.0,1502.59,7.58,2133.12,1.0,125407.4,19.7,157.0,0.32,0.29,3.22,0.020886136704119165,322.2120158843177,5.237451072876463,63.433418998342894,0.1013656746635734,0.029861000000000016,17098.212073847808,370,Cardboard,2026-02-08T05:41:59.846512
366.9,-0.87,25.0,1502.59,7.58,2133.12,1.0,125407.4,19.7,157.0,0.32,0.29,3.22,0.020886136704119165,322.2120158843177,5.237451072876463,63.433418998342894,0.1013656746635734,0.029861000000000016,17098.212073847808,370,Cardboard,2026-02-08T05:41:59.846512
366.9,-0.87,25.0,1502.59,7.58,2133.12,1.0,125407.4,19.7,157.0,0.32,0.29,3.22,0.020886136704119165,322.2120158843177,5.237451072876463,63.433418998342894,0.1013656746635734,0.029861000000000016,17098.212073847808,370,Cardboard,2026-02-08T05:41:59.846512
366.9,-0.87,25.0,1502.59,7.58,2133.12,1.0,125407.4,19.7,157.0,0.32,0.29,3.22,0.020886136704119165,322.2120158843177,5.237451072876463,63.433418998342894,0.1013656746635734,0.029861000000000016,17098.212073847808,370,Cardboard,2026-02-08T05:41:59.846512
367.2,1.52,25.0,1530.62,7.72,2199.78,1.0,130371.8,19.7,157.0,0.31,0.29,3.15,0.020886136704119165,322.2120158843177,5.237451072876463,63.433418998342894,0.1013656746635734,0.029861000000000016,17098.212073847808,370,Cardboard,2026-02-08T05:41:59.846512
367.2,1.52,25.0,1530.62,7.72,2199.78,1.0,130371.8,19.7,157.0,0.31,0.29,3.15,0.020886136704119165,322.2120158843177,5.237451072876463,63.433418998342894,0.1013656746635734,0.029861000000000016,17098.212073847808,370,Cardboard,2026-02-08T05:41:59.846512
367.2,1.52,25.0,1530.62,7.72,2199.78,1.0,130371.8,19.7,157.0,0.31,0.29,3.15,0.020886136704119165,322.2120158843177,5.237451072876463,63.433418998342894,0.1013656746635734,0.029861000000000016,17098.212073847808,370,Cardboard,2026-02-08T05:41:59.846512
367.2,1.52,25.0,1530.62,7.72,2199.78,1.0,130371.8,19.7,157.0,0.31,0.29,3.15,0.020886136704119165,322.2120158843177,5.237451072876463,63.433418998342894,0.1013656746635734,0.029861000000000016,17098.212073847808,370,Cardboard,2026-02-08T05:41:59.846512
367.2,1.52,25.0,1530.62,7.72,2199.78,1.0,130371.8,19.7,157.0,0.31,0.29,3.15,0.020886136704119165,322.2120158843177,5.237451072876463,63.433418998342894,0.1013656746635734,0.029861000000000016,17098.212073847808,370,Cardboard,2026-02-08T05:41:59.846512
367.1,-0.43,25.0,1482.71,7.47,2199.78,1.0,128013.1,19.7,157.0,0.3,0.27,3.02,0.020886136704119165,322.2120158843177,5.237451072876463,63.433418998342894,0.1013656746635734,0.029861000000000016,17098.212073847808,370,Cardboard,2026-02-08T05:41:59.846512
367.1,-0.43,25.0,1482.71,7.47,2199.78,1.0,128013.1,19.7,157.0,0.3,0.27,3.02,0.020886136704119165,322.2120158843177,5.237451072876463,63.433418998342894,0.1013656746635734,0.029861000000000016,17098.212073847808,370,Cardboard,2026-02-08T05:41:59.846512
367.1,-0.43,25.0,1482.71,7.47,2199.78,1.0,128013.1,19.7,157.0,0.3,0.27,3.02,0.020886136704119165,322.2120158843177,5.237451072876463,63.433418998342894,0.1013656746635734,0.029861000000000016,17098.212073847808,370,Cardboard,2026-02-08T05:41:59.846512
367.1,-0.43,25.0,1482.71,7.47,2199.78,1.0,128013.1,19.7,157.0,0.3,0.27,3.02,0.020886136704119165,322.2120158843177,5.237451072876463,63.433418998342894,0.1013656746635734,0.029861000000000016,17098.212073847808,370,Cardboard,2026-02-08T05:41:59.846512
367.1,-0.43,25.0,1482.71,7.47,2199.78,1.0,128013.1,19.7,157.0,0.3,0.27,3.02,0.020886136704119165,322.2120158843177,5.237451072876463,63.433418998342894,0.1013656746635734,0.029861000000000016,17098.212073847808,370,Cardboard,2026-02-08T05:41:59.846512
367.1,-0.43,25.0,1482.71,7.47,2199.78,1.0,128013.1,19.7,157.0,0.3,0.27,3.02,0.020886136704119165,322.2120158843177,5.237451072876463,63.433418998342894,0.1013656746635734,0.029861000000000016,17098.212073847808,370,Cardboard,2026-02-08T05:41:59.846512
367.1,0.0,25.0,1570.21,7.92,1144.33,1.0,88803.5,19.8,156.0,0.27,0.23,2.74,0.020886136704119165,322.2120158843177,5.237451072876463,63.433418998342894,0.1013656746635734,0.029861000000000016,17098.212073847808,370,Cardboard,2026-02-08T05:41:59.846512
367.1,0.0,25.0,1570.21,7.92,1144.33,1.0,88803.5,19.8,156.0,0.27,0.23,2.74,0.020886136704119165,322.2120158843177,5.237451072876463,63.433418998342894,0.1013656746635734,0.029861000000000016,17098.212073847808,370,Cardboard,2026-02-08T05:41:59.846512
367.1,0.0,25.0,1570.21,7.92,1144.33,1.0,88803.5,19.8,156.0,0.27,0.23,2.74,0.020886136704119165,322.2120158843177,5.237451072876463,63.433418998342894,0.1013656746635734,0.029861000000000016,17098.212073847808,370,Cardboard,2026-02-08T05:41:59.846512
367.1,0.0,25.0,1570.21,7.92,1144.33,1.0,88803.5,19.8,156.0,0.27,0.23,2.74,0.020886136704119165,322.2120158843177,5.237451072876463,63.433418998342894,0.1013656746635734,0.029861000000000016,17098.212073847808,370,Cardboard,2026-02-08T05:41:59.846512
367.1,0.0,25.0,1570.21,7.92,1144.33,1.0,88803.5,19.8,156.0,0.27,0.23,2.74,0.020886136704119165,322.2120158843177,5.237451072876463,63.433418998342894,0.1013656746635734,0.029861000000000016,17098.212073847808,370,Cardboard,2026-02-08T05:41:59.846512
376.8,-0.22,25.0,929.57,4.69,9432.39,1.0,325219.7,19.4,159.0,0.38,0.36,3.83,0.013805560318363348,785.768395385075,21.162714867903517,37.32828075211474,0.17492855684536565,0.03689474999999999,24020.564556818295,380,Cardboard,2026-02-08T05:42:21.357102
376.8,-0.21,25.0,1000.26,5.05,9421.28,1.0,332723.2,19.4,159.0,0.37,0.35,3.75,0.013805560318363348,785.768395385075,21.162714867903517,37.32828075211474,0.17492855684536565,0.03689474999999999,24020.564556818295,380,Cardboard,2026-02-08T05:42:21.357102
376.8,-0.21,25.0,1000.26,5.05,9421.28,1.0,332723.2,19.4,159.0,0.37,0.35,3.75,0.013805560318363348,785.768395385075,21.162714867903517,37.32828075211474,0.17492855684536565,0.03689474999999999,24020.564556818295,380,Cardboard,2026-02-08T05:42:21.357102
376.8,-0.21,25.0,1000.26,5.05,9421.28,1.0,332723.2,19.4,159.0,0.37,0.35,3.75,0.013805560318363348,785.768395385075,21.162714867903517,37.32828075211474,0.17492855684536565,0.03689474999999999,24020.564556818295,380,Cardboard,2026-02-08T05:42:21.357102
376.8,-0.21,25.0,1000.26,5.05,9421.28,1.0,332723.2,19.4,159.0,0.37,0.35,3.75,0.013805560318363348,785.768395385075,21.162714867903517,37.32828075211474,0.17492855684536565,0.03689474999999999,24020.564556818295,380,Cardboard,2026-02-08T05:42:21.357102
376.8,-0.21,25.0,1000.26,5.05,9421.28,1.0,332723.2,19.4,159.0,0.37,0.35,3.75,0.013805560318363348,785.768395385075,21.162714867903517,37.32828075211474,0.17492855684536565,0.03689474999999999,24020.564556818295,380,Cardboard,2026-02-08T05:42:21.357102
376.9,0.43,25.0,1023.42,5.17,7554.8,1.0,283445.5,19.4,159.0,0.35,0.33,3.45,0.013805560318363348,785.768395385075,21.162714867903517,37.32828075211474,0.17492855684536565,0.03689474999999999,24020.564556818295,380,Cardboard,2026-02-08T05:42:21.357102
376.9,0.43,25.0,1023.42,5.17,7554.8,1.0,283445.5,19.4,159.0,0.35,0.33,3.45,0.013805560318363348,785.768395385075,21.162714867903517,37.32828075211474,0.17492855684536565,0.03689474999999999,24020.564556818295,380,Cardboard,2026-02-08T05:42:21.357102
376.9,0.43,25.0,1023.42,5.17,7554.8,1.0,283445.5,19.4,159.0,0.35,0.33,3.45,0.013805560318363348,785.768395385075,21.162714867903517,37.32828075211474,0.17492855684536565,0.03689474999999999,24020.564556818295,380,Cardboard,2026-02-08T05:42:21.357102
376.9,0.43,25.0,1023.42,5.17,7554.8,1.0,283445.5,19.4,159.0,0.35,0.33,3.45,0.013805560318363348,785.768395385075,21.162714867903517,37.32828075211474,0.17492855684536565,0.03689474999999999,24020.564556818295,380,Cardboard,2026-02-08T05:42:21.357102
376.9,0.43,25.0,1023.42,5.17,7554.8,1.0,283445.5,19.4,159.0,0.35,0.33,3.45,0.013805560318363348,785.768395385075,21.162714867903517,37.32828075211474,0.17492855684536565,0.03689474999999999,24020.564556818295,380,Cardboard,2026-02-08T05:42:21.357102
376.9,0.43,25.0,1023.42,5.17,7554.8,1.0,283445.5,19.4,159.0,0.35,0.33,3.45,0.013805560318363348,785.768395385075,21.162714867903517,37.32828075211474,0.17492855684536565,0.03689474999999999,24020.564556818295,380,Cardboard,2026-02-08T05:42:21.357102
377.1,0.86,25.0,1052.34,5.32,7543.69,1.0,286970.1,19.4,159.0,0.33,0.31,3.27,0.013805560318363348,785.768395385075,21.162714867903517,37.32828075211474,0.17492855684536565,0.03689474999999999,24020.564556818295,380,Cardboard,2026-02-08T05:42:21.357102
377.1,0.86,25.0,1052.34,5.32,7543.69,1.0,286970.1,19.4,159.0,0.33,0.31,3.27,0.013805560318363348,785.768395385075,21.162714867903517,37.32828075211474,0.17492855684536565,0.03689474999999999,24020.564556818295,380,Cardboard,2026-02-08T05:42:21.357102
377.1,0.86,25.0,1052.34,5.32,7543.69,1.0,286970.1,19.4,159.0,0.33,0.31,3.27,0.013805560318363348,785.768395385075,21.162714867903517,37.32828075211474,0.17492855684536565,0.03689474999999999,24020.564556818295,380,Cardboard,2026-02-08T05:42:21.357102
377.1,0.86,25.0,1052.34,5.32,7543.69,1.0,286970.1,19.4,159.0,0.33,0.31,3.27,0.013805560318363348,785.768395385075,21.162714867903517,37.32828075211474,0.17492855684536565,0.03689474999999999,24020.564556818295,380,Cardboard,2026-02-08T05:42:21.357102
377.1,0.86,25.0,1052.34,5.32,7543.69,1.0,286970.1,19.4,159.0,0.33,0.31,3.27,0.013805560318363348,785.768395385075,21.162714867903517,37.32828075211474,0.17492855684536565,0.03689474999999999,24020.564556818295,380,Cardboard,2026-02-08T05:42:21.357102
377.3,0.87,25.0,1088.48,5.51,6654.89,1.0,266614.7,19.5,158.0,0.32,0.29,3.19,0.013805560318363348,785.768395385075,21.162714867903517,37.32828075211474,0.17492855684536565,0.03689474999999999,24020.564556818295,380,Cardboard,2026-02-08T05:42:21.357102
377.3,0.87,25.0,1088.48,5.51,6654.89,1.0,266614.7,19.5,158.0,0.32,0.29,3.19,0.013805560318363348,785.768395385075,21.162714867903517,37.32828075211474,0.17492855684536565,0.03689474999999999,24020.564556818295,380,Cardboard,2026-02-08T05:42:21.357102
377.3,0.87,25.0,1088.48,5.51,6654.89,1.0,266614.7,19.5,158.0,0.32,0.29,3.19,0.013805560318363348,785.768395385075,21.162714867903517,37.32828075211474,0.17492855684536565,0.03689474999999999,24020.564556818295,380,Cardboard,2026-02-08T05:42:21.357102
385.8,1.31,25.0,3106.48,15.49,1077.67,1.0,164547.0,19.8,156.0,0.21,0.17,2.05,0.03800924284493645,440.9387371087879,2.983907522508707,147.79416068101972,0.05099019513593275,0.07805274999999995,1336.3230459361262,390,Cardboard,2026-02-08T05:43:19.865583
386.0,1.09,25.0,2891.88,14.42,1166.55,1.0,170517.7,19.8,156.0,0.29,0.25,2.94,0.03800924284493645,440.9387371087879,2.983907522508707,147.79416068101972,0.05099019513593275,0.07805274999999995,1336.3230459361262,390,Cardboard,2026-02-08T05:43:19.865583
386.0,1.09,25.0,2891.88,14.42,1166.55,1.0,170517.7,19.8,156.0,0.29,0.25,2.94,0.03800924284493645,440.9387371087879,2.983907522508707,147.79416068101972,0.05099019513593275,0.07805274999999995,1336.3230459361262,390,Cardboard,2026-02-08T05:43:19.865583
386.0,1.09,25.0,2891.88,14.42,1166.55,1.0,170517.7,19.8,156.0,0.29,0.25,2.94,0.03800924284493645,440.9387371087879,2.983907522508707,147.79416068101972,0.05099019513593275,0.07805274999999995,1336.3230459361262,390,Cardboard,2026-02-08T05:43:19.865583
386.0,1.09,25.0,2891.88,14.42,1166.55,1.0,170517.7,19.8,156.0,0.29,0.25,2.94,0.03800924284493645,440.9387371087879,2.983907522508707,147.79416068101972,0.05099019513593275,0.07805274999999995,1336.3230459361262,390,Cardboard,2026-02-08T05:43:19.865583
386.0,1.09,25.0,2891.88,14.42,1166.55,1.0,170517.7,19.8,156.0,0.29,0.25,2.94,0.03800924284493645,440.9387371087879,2.983907522508707,147.79416068101972,0.05099019513593275,0.07805274999999995,1336.3230459361262,390,Cardboard,2026-02-08T05:43:19.865583
385.9,-0.44,25.0,2979.86,14.87,1144.33,1.0,169901.9,19.8,156.0,0.32,0.28,3.24,0.03800924284493645,440.9387371087879,2.983907522508707,147.79416068101972,0.05099019513593275,0.07805274999999995,1336.3230459361262,390,Cardboard,2026-02-08T05:43:19.865583
385.9,-0.44,25.0,2979.86,14.87,1144.33,1.0,169901.9,19.8,156.0,0.32,0.28,3.24,0.03800924284493645,440.9387371087879,2.983907522508707,147.79416068101972,0.05099019513593275,0.07805274999999995,1336.3230459361262,390,Cardboard,2026-02-08T05:43:19.865583
385.9,-0.44,25.0,2979.86,14.87,1144.33,1.0,169901.9,19.8,156.0,0.32,0.28,3.24,0.03800924284493645,440.9387371087879,2.983907522508707,147.79416068101972,0.05099019513593275,0.07805274999999995,1336.3230459361262,390,Cardboard,2026-02-08T05:43:19.865583
385.9,-0.44,25.0,2979.86,14.87,1144.33,1.0,169901.9,19.8,156.0,0.32,0.28,3.24,0.03800924284493645,440.9387371087879,2.983907522508707,147.79416068101972,0.05099019513593275,0.07805274999999995,1336.3230459361262,390,Cardboard,2026-02-08T05:43:19.865583
385.9,-0.44,25.0,2979.86,14.87,1144.33,1.0,169901.9,19.8,156.0,0.32,0.28,3.24,0.03800924284493645,440.9387371087879,2.983907522508707,147.79416068101972,0.05099019513593275,0.07805274999999995,1336.3230459361262,390,Cardboard,2026-02-08T05:43:19.865583
385.9,0.0,25.0,2953.08,14.74,1155.44,1.0,170840.1,19.8,156.0,0.33,0.3,3.34,0.03800924284493645,440.9387371087879,2.983907522508707,147.79416068101972,0.05099019513593275,0.07805274999999995,1336.3230459361262,390,Cardboard,2026-02-08T05:43:19.865583
385.9,0.0,25.0,2953.08,14.74,1155.44,1.0,170840.1,19.8,156.0,0.33,0.3,3.34,0.03800924284493645,440.9387371087879,2.983907522508707,147.79416068101972,0.05099019513593275,0.07805274999999995,1336.3230459361262,390,Cardboard,2026-02-08T05:43:19.865583
385.9,0.0,25.0,2953.08,14.74,1155.44,1.0,170840.1,19.8,156.0,0.33,0.3,3.34,0.03800924284493645,440.9387371087879,2.983907522508707,147.79416068101972,0.05099019513593275,0.07805274999999995,1336.3230459361262,390,Cardboard,2026-02-08T05:43:19.865583
385.9,0.0,25.0,2953.08,14.74,1155.44,1.0,170840.1,19.8,156.0,0.33,0.3,3.34,0.03800924284493645,440.9387371087879,2.983907522508707,147.79416068101972,0.05099019513593275,0.07805274999999995,1336.3230459361262,390,Cardboard,2026-02-08T05:43:19.865583
385.9,0.0,25.0,2953.08,14.74,1155.44,1.0,170840.1,19.8,156.0,0.33,0.3,3.34,0.03800924284493645,440.9387371087879,2.983907522508707,147.79416068101972,0.05099019513593275,0.07805274999999995,1336.3230459361262,390,Cardboard,2026-02-08T05:43:19.865583
385.9,0.0,25.0,2953.08,14.74,1155.44,1.0,170840.1,19.8,156.0,0.33,0.3,3.34,0.03800924284493645,440.9387371087879,2.983907522508707,147.79416068101972,0.05099019513593275,0.07805274999999995,1336.3230459361262,390,Cardboard,2026-02-08T05:43:19.865583
385.9,-0.22,25.0,2866.72,14.33,1155.44,1.0,170552.6,19.8,156.0,0.31,0.29,3.07,0.03800924284493645,440.9387371087879,2.983907522508707,147.79416068101972,0.05099019513593275,0.07805274999999995,1336.3230459361262,390,Cardboard,2026-02-08T05:43:19.865583
385.9,-0.22,25.0,2866.72,14.33,1155.44,1.0,170552.6,19.8,156.0,0.31,0.29,3.07,0.03800924284493645,440.9387371087879,2.983907522508707,147.79416068101972,0.05099019513593275,0.07805274999999995,1336.3230459361262,390,Cardboard,2026-02-08T05:43:19.865583
385.9,-0.22,25.0,2866.72,14.33,1155.44,1.0,170552.6,19.8,156.0,0.31,0.29,3.07,0.03800924284493645,440.9387371087879,2.983907522508707,147.79416068101972,0.05099019513593275,0.07805274999999995,1336.3230459361262,390,Cardboard,2026-02-08T05:43:19.865583
397.6,-3.84,25.0,752.21,3.78,14254.13,1.0,451987.8,19.2,161.0,0.29,0.24,2.87,0.009190869244815445,1135.647119670723,36.110163902541835,31.568542134446595,0.9313431161500088,0.006970999999999984,31519.477943780665,400,Cardboard,2026-02-08T05:43:32.270774
397.6,-3.84,25.0,752.21,3.78,14254.13,1.0,451987.8,19.2,161.0,0.29,0.24,2.87,0.009190869244815445,1135.647119670723,36.110163902541835,31.568542134446595,0.9313431161500088,0.006970999999999984,31519.477943780665,400,Cardboard,2026-02-08T05:43:32.270774
397.6,-3.84,25.0,752.21,3.78,14254.13,1.0,451987.8,19.2,161.0,0.29,0.24,2.87,0.009190869244815445,1135.647119670723,36.110163902541835,31.568542134446595,0.9313431161500088,0.006970999999999984,31519.477943780665,400,Cardboard,2026-02-08T05:43:32.270774
397.6,-3.84,25.0,752.21,3.78,14254.13,1.0,451987.8,19.2,161.0,0.29,0.24,2.87,0.009190869244815445,1135.647119670723,36.110163902541835,31.568542134446595,0.9313431161500088,0.006970999999999984,31519.477943780665,400,Cardboard,2026-02-08T05:43:32.270774
397.6,-3.84,25.0,752.21,3.78,14254.13,1.0,451987.8,19.2,161.0,0.29,0.24,2.87,0.009190869244815445,1135.647119670723,36.110163902541835,31.568542134446595,0.9313431161500088,0.006970999999999984,31519.477943780665,400,Cardboard,2026-02-08T05:43:32.270774
396.7,-3.84,25.0,717.68,3.6,15087.38,1.0,469227.7,19.1,162.0,0.53,0.39,5.34,0.009190869244815445,1135.647119670723,36.110163902541835,31.568542134446595,0.9313431161500088,0.006970999999999984,31519.477943780665,400,Cardboard,2026-02-08T05:43:32.270774
396.7,-3.84,25.0,717.68,3.6,15087.38,1.0,469227.7,19.1,162.0,0.53,0.39,5.34,0.009190869244815445,1135.647119670723,36.110163902541835,31.568542134446595,0.9313431161500088,0.006970999999999984,31519.477943780665,400,Cardboard,2026-02-08T05:43:32.270774
396.7,-3.84,25.0,717.68,3.6,15087.38,1.0,469227.7,19.1,162.0,0.53,0.39,5.34,0.009190869244815445,1135.647119670723,36.110163902541835,31.568542134446595,0.9313431161500088,0.006970999999999984,31519.477943780665,400,Cardboard,2026-02-08T05:43:32.270774
396.7,-3.84,25.0,717.68,3.6,15087.38,1.0,469227.7,19.1,162.0,0.53,0.39,5.34,0.009190869244815445,1135.647119670723,36.110163902541835,31.568542134446595,0.9313431161500088,0.006970999999999984,31519.477943780665,400,Cardboard,2026-02-08T05:43:32.270774
396.7,-3.84,25.0,717.68,3.6,15087.38,1.0,469227.7,19.1,162.0,0.53,0.39,5.34,0.009190869244815445,1135.647119670723,36.110163902541835,31.568542134446595,0.9313431161500088,0.006970999999999984,31519.477943780665,400,Cardboard,2026-02-08T05:43:32.270774
396.7,-3.84,25.0,717.68,3.6,15087.38,1.0,469227.7,19.1,162.0,0.53,0.39,5.34,0.009190869244815445,1135.647119670723,36.110163902541835,31.568542134446595,0.9313431161500088,0.006970999999999984,31519.477943780665,400,Cardboard,2026-02-08T05:43:32.270774
395.8,-3.81,25.0,709.29,3.56,15653.99,1.0,474122.9,19.1,162.0,0.86,0.7,8.62,0.009190869244815445,1135.647119670723,36.110163902541835,31.568542134446595,0.9313431161500088,0.006970999999999984,31519.477943780665,400,Cardboard,2026-02-08T05:43:32.270774
395.8,-3.81,25.0,709.29,3.56,15653.99,1.0,474122.9,19.1,162.0,0.86,0.7,8.62,0.009190869244815445,1135.647119670723,36.110163902541835,31.568542134446595,0.9313431161500088,0.006970999999999984,31519.477943780665,400,Cardboard,2026-02-08T05:43:32.270774
395.8,-3.81,25.0,709.29,3.56,15653.99,1.0,474122.9,19.1,162.0,0.86,0.7,8.62,0.009190869244815445,1135.647119670723,36.110163902541835,31.568542134446595,0.9313431161500088,0.006970999999999984,31519.477943780665,400,Cardboard,2026-02-08T05:43:32.270774
395.8,-3.81,25.0,709.29,3.56,15653.99,1.0,474122.9,19.1,162.0,0.86,0.7,8.62,0.009190869244815445,1135.647119670723,36.110163902541835,31.568542134446595,0.9313431161500088,0.006970999999999984,31519.477943780665,400,Cardboard,2026-02-08T05:43:32.270774
395.8,-3.81,25.0,709.29,3.56,15653.99,1.0,474122.9,19.1,162.0,0.86,0.7,8.62,0.009190869244815445,1135.647119670723,36.110163902541835,31.568542134446595,0.9313431161500088,0.006970999999999984,31519.477943780665,400,Cardboard,2026-02-08T05:43:32.270774
395.0,-3.86,25.0,725.45,3.64,11554.4,1.0,389331.8,19.3,160.0,1.21,1.03,12.13,0.009190869244815445,1135.647119670723,36.110163902541835,31.568542134446595,0.9313431161500088,0.006970999999999984,31519.477943780665,400,Cardboard,2026-02-08T05:43:32.270774
395.0,-3.86,25.0,725.45,3.64,11554.4,1.0,389331.8,19.3,160.0,1.21,1.03,12.13,0.009190869244815445,1135.647119670723,36.110163902541835,31.568542134446595,0.9313431161500088,0.006970999999999984,31519.477943780665,400,Cardboard,2026-02-08T05:43:32.270774
395.0,-3.86,25.0,725.45,3.64,11554.4,1.0,389331.8,19.3,160.0,1.21,1.03,12.13,0.009190869244815445,1135.647119670723,36.110163902541835,31.568542134446595,0.9313431161500088,0.006970999999999984,31519.477943780665,400,Cardboard,2026-02-08T05:43:32.270774
395.0,-3.86,25.0,725.45,3.64,11554.4,1.0,389331.8,19.3,160.0,1.21,1.03,12.13,0.009190869244815445,1135.647119670723,36.110163902541835,31.568542134446595,0.9313431161500088,0.006970999999999984,31519.477943780665,400,Cardboard,2026-02-08T05:43:32.270774
