r_cm,v_cms,temp,peak,snr,width_us,area,power_percent,snr_norm_r,area_norm_r,width_rel,energy_density,stability_std,snr_variance,echo_consistency,gt_distance_cm,material
20.0,0.0,25.0,13075.63,16.77,166.65,104566.6,19.8,0.8464249999999998,5281.619,8.332500000000001,633.8576657665765,0.0,0.03532275,987.9202030528544,20,Cardboard
20.0,0.0,25.0,13132.57,16.84,166.65,105434.6,19.8,0.8464249999999998,5281.619,8.332500000000001,633.8576657665765,0.0,0.03532275,987.9202030528544,20,Cardboard
20.0,0.0,25.0,13132.57,16.84,166.65,105434.6,19.8,0.8464249999999998,5281.619,8.332500000000001,633.8576657665765,0.0,0.03532275,987.9202030528544,20,Cardboard
20.0,0.0,25.0,13132.57,16.84,166.65,105434.6,19.8,0.8464249999999998,5281.619,8.332500000000001,633.8576657665765,0.0,0.03532275,987.9202030528544,20,Cardboard
20.0,0.0,25.0,13132.57,16.84,166.65,105434.6,19.8,0.8464249999999998,5281.619,8.332500000000001,633.8576657665765,0.0,0.03532275,987.9202030528544,20,Cardboard
20.0,0.0,25.0,13132.57,16.84,166.65,105434.6,19.8,0.8464249999999998,5281.619,8.332500000000001,633.8576657665765,0.0,0.03532275,987.9202030528544,20,Cardboard
20.0,0.0,25.0,13457.64,17.25,166.65,107255.7,19.8,0.8464249999999998,5281.619,8.332500000000001,633.8576657665765,0.0,0.03532275,987.9202030528544,20,Cardboard
20.0,0.0,25.0,13457.64,17.25,166.65,107255.7,19.8,0.8464249999999998,5281.619,8.332500000000001,633.8576657665765,0.0,0.03532275,987.9202030528544,20,Cardboard
20.0,0.0,25.0,13457.64,17.25,166.65,107255.7,19.8,0.8464249999999998,5281.619,8.332500000000001,633.8576657665765,0.0,0.03532275,987.9202030528544,20,Cardboard
20.0,0.0,25.0,13457.64,17.25,166.65,107255.7,19.8,0.8464249999999998,5281.619,8.332500000000001,633.8576657665765,0.0,0.03532275,987.9202030528544,20,Cardboard
20.0,0.0,25.0,13457.64,17.25,166.65,107255.7,19.8,0.8464249999999998,5281.619,8.332500000000001,633.8576657665765,0.0,0.03532275,987.9202030528544,20,Cardboard
20.0,0.0,25.0,13097.32,16.79,166.65,104731.6,19.8,0.8464249999999998,5281.619,8.332500000000001,633.8576657665765,0.0,0.03532275,987.9202030528544,20,Cardboard
20.0,0.0,25.0,13097.32,16.79,166.65,104731.6,19.8,0.8464249999999998,5281.619,8.332500000000001,633.8576657665765,0.0,0.03532275,987.9202030528544,20,Cardboard
20.0,0.0,25.0,13097.32,16.79,166.65,104731.6,19.8,0.8464249999999998,5281.619,8.332500000000001,633.8576657665765,0.0,0.03532275,987.9202030528544,20,Cardboard
20.0,0.0,25.0,13097.32,16.79,166.65,104731.6,19.8,0.8464249999999998,5281.619,8.332500000000001,633.8576657665765,0.0,0.03532275,987.9202030528544,20,Cardboard
20.0,0.0,25.0,13097.32,16.79,166.65,104731.6,19.8,0.8464249999999998,5281.619,8.332500000000001,633.8576657665765,0.0,0.03532275,987.9202030528544,20,Cardboard
20.0,0.0,25.0,13097.32,16.79,166.65,104731.6,19.8,0.8464249999999998,5281.619,8.332500000000001,633.8576657665765,0.0,0.03532275,987.9202030528544,20,Cardboard
20.0,0.0,25.0,13164.64,16.87,166.65,105413.3,19.8,0.8464249999999998,5281.619,8.332500000000001,633.8576657665765,0.0,0.03532275,987.9202030528544,20,Cardboard
20.0,0.0,25.0,13164.64,16.87,166.65,105413.3,19.8,0.8464249999999998,5281.619,8.332500000000001,633.8576657665765,0.0,0.03532275,987.9202030528544,20,Cardboard
20.0,0.0,25.0,13164.64,16.87,166.65,105413.3,19.8,0.8464249999999998,5281.619,8.332500000000001,633.8576657665765,0.0,0.03532275,987.9202030528544,20,Cardboard
29.9,0.0,25.0,13363.6,30.55,177.76,113959.6,19.8,1.027324414715719,3829.471739130436,6.205250836120401,617.5520232170277,3.552713678800501e-15,0.1626210000000003,707.0071141615206,30,Cardboard
29.9,0.0,25.0,13119.87,30.2,188.87,114099.3,19.8,1.027324414715719,3829.471739130436,6.205250836120401,617.5520232170277,3.552713678800501e-15,0.1626210000000003,707.0071141615206,30,Cardboard
29.9,0.0,25.0,13119.87,30.2,188.87,114099.3,19.8,1.027324414715719,3829.471739130436,6.205250836120401,617.5520232170277,3.552713678800501e-15,0.1626210000000003,707.0071141615206,30,Cardboard
29.9,0.0,25.0,13119.87,30.2,188.87,114099.3,19.8,1.027324414715719,3829.471739130436,6.205250836120401,617.5520232170277,3.552713678800501e-15,0.1626210000000003,707.0071141615206,30,Cardboard
29.9,0.0,25.0,13119.87,30.2,188.87,114099.3,19.8,1.027324414715719,3829.471739130436,6.205250836120401,617.5520232170277,3.552713678800501e-15,0.1626210000000003,707.0071141615206,30,Cardboard
29.9,0.0,25.0,13119.87,30.2,188.87,114099.3,19.8,1.027324414715719,3829.471739130436,6.205250836120401,617.5520232170277,3.552713678800501e-15,0.1626210000000003,707.0071141615206,30,Cardboard
29.9,0.0,25.0,13119.87,30.2,188.87,114099.3,19.8,1.027324414715719,3829.471739130436,6.205250836120401,617.5520232170277,3.552713678800501e-15,0.1626210000000003,707.0071141615206,30,Cardboard
29.9,0.0,25.0,13237.34,30.67,188.87,115679.3,19.8,1.027324414715719,3829.471739130436,6.205250836120401,617.5520232170277,3.552713678800501e-15,0.1626210000000003,707.0071141615206,30,Cardboard
29.9,0.0,25.0,13237.34,30.67,188.87,115679.3,19.8,1.027324414715719,3829.471739130436,6.205250836120401,617.5520232170277,3.552713678800501e-15,0.1626210000000003,707.0071141615206,30,Cardboard
29.9,0.0,25.0,13237.34,30.67,188.87,115679.3,19.8,1.027324414715719,3829.471739130436,6.205250836120401,617.5520232170277,3.552713678800501e-15,0.1626210000000003,707.0071141615206,30,Cardboard
29.9,0.0,25.0,13237.34,30.67,188.87,115679.3,19.8,1.027324414715719,3829.471739130436,6.205250836120401,617.5520232170277,3.552713678800501e-15,0.1626210000000003,707.0071141615206,30,Cardboard
29.9,0.0,25.0,13237.34,30.67,188.87,115679.3,19.8,1.027324414715719,3829.471739130436,6.205250836120401,617.5520232170277,3.552713678800501e-15,0.1626210000000003,707.0071141615206,30,Cardboard
29.9,0.0,25.0,13398.93,31.23,177.76,113902.2,19.8,1.027324414715719,3829.471739130436,6.205250836120401,617.5520232170277,3.552713678800501e-15,0.1626210000000003,707.0071141615206,30,Cardboard
29.9,0.0,25.0,13398.93,31.23,177.76,113902.2,19.8,1.027324414715719,3829.471739130436,6.205250836120401,617.5520232170277,3.552713678800501e-15,0.1626210000000003,707.0071141615206,30,Cardboard
29.9,0.0,25.0,13398.93,31.23,177.76,113902.2,19.8,1.027324414715719,3829.471739130436,6.205250836120401,617.5520232170277,3.552713678800501e-15,0.1626210000000003,707.0071141615206,30,Cardboard
29.9,0.0,25.0,13398.93,31.23,177.76,113902.2,19.8,1.027324414715719,3829.471739130436,6.205250836120401,617.5520232170277,3.552713678800501e-15,0.1626210000000003,707.0071141615206,30,Cardboard
29.9,0.0,25.0,13398.93,31.23,177.76,113902.2,19.8,1.027324414715719,3829.471739130436,6.205250836120401,617.5520232170277,3.552713678800501e-15,0.1626210000000003,707.0071141615206,30,Cardboard
29.9,0.0,25.0,13249.64,31.03,188.87,114520.4,19.8,1.027324414715719,3829.471739130436,6.205250836120401,617.5520232170277,3.552713678800501e-15,0.1626210000000003,707.0071141615206,30,Cardboard
29.9,0.0,25.0,13249.64,31.03,188.87,114520.4,19.8,1.027324414715719,3829.471739130436,6.205250836120401,617.5520232170277,3.552713678800501e-15,0.1626210000000003,707.0071141615206,30,Cardboard
29.9,0.0,25.0,13249.64,31.03,188.87,114520.4,19.8,1.027324414715719,3829.471739130436,6.205250836120401,617.5520232170277,3.552713678800501e-15,0.1626210000000003,707.0071141615206,30,Cardboard
36.6,0.22,25.0,5681.42,26.14,566.61,130254.9,19.8,0.6728939291863164,3558.0399281383334,16.70782992738977,213.8782062357224,0.0433012701892225,3.0097687499999983,621.6776918146544,40,Cardboard
36.6,0.22,25.0,5681.42,26.14,566.61,130254.9,19.8,0.6728939291863164,3558.0399281383334,16.70782992738977,213.8782062357224,0.0433012701892225,3.0097687499999983,621.6776918146544,40,Cardboard
36.6,0.22,25.0,5681.42,26.14,566.61,130254.9,19.8,0.6728939291863164,3558.0399281383334,16.70782992738977,213.8782062357224,0.0433012701892225,3.0097687499999983,621.6776918146544,40,Cardboard
36.6,0.22,25.0,5681.42,26.14,566.61,130254.9,19.8,0.6728939291863164,3558.0399281383334,16.70782992738977,213.8782062357224,0.0433012701892225,3.0097687499999983,621.6776918146544,40,Cardboard
36.6,0.22,25.0,5681.42,26.14,566.61,130254.9,19.8,0.6728939291863164,3558.0399281383334,16.70782992738977,213.8782062357224,0.0433012701892225,3.0097687499999983,621.6776918146544,40,Cardboard
36.6,0.0,25.0,5761.35,26.5,577.72,129154.8,19.8,0.6728939291863164,3558.0399281383334,16.70782992738977,213.8782062357224,0.0433012701892225,3.0097687499999983,621.6776918146544,40,Cardboard
36.6,0.0,25.0,5761.35,26.5,577.72,129154.8,19.8,0.6728939291863164,3558.0399281383334,16.70782992738977,213.8782062357224,0.0433012701892225,3.0097687499999983,621.6776918146544,40,Cardboard
36.6,0.0,25.0,5761.35,26.5,577.72,129154.8,19.8,0.6728939291863164,3558.0399281383334,16.70782992738977,213.8782062357224,0.0433012701892225,3.0097687499999983,621.6776918146544,40,Cardboard
36.6,0.0,25.0,5761.35,26.5,577.72,129154.8,19.8,0.6728939291863164,3558.0399281383334,16.70782992738977,213.8782062357224,0.0433012701892225,3.0097687499999983,621.6776918146544,40,Cardboard
36.6,0.0,25.0,5761.35,26.5,577.72,129154.8,19.8,0.6728939291863164,3558.0399281383334,16.70782992738977,213.8782062357224,0.0433012701892225,3.0097687499999983,621.6776918146544,40,Cardboard
36.6,0.0,25.0,5069.11,23.3,633.27,130881.9,19.8,0.6728939291863164,3558.0399281383334,16.70782992738977,213.8782062357224,0.0433012701892225,3.0097687499999983,621.6776918146544,40,Cardboard
36.6,0.0,25.0,5069.11,23.3,633.27,130881.9,19.8,0.6728939291863164,3558.0399281383334,16.70782992738977,213.8782062357224,0.0433012701892225,3.0097687499999983,621.6776918146544,40,Cardboard
36.6,0.0,25.0,5069.11,23.3,633.27,130881.9,19.8,0.6728939291863164,3558.0399281383334,16.70782992738977,213.8782062357224,0.0433012701892225,3.0097687499999983,621.6776918146544,40,Cardboard
36.6,0.0,25.0,5069.11,23.3,633.27,130881.9,19.8,0.6728939291863164,3558.0399281383334,16.70782992738977,213.8782062357224,0.0433012701892225,3.0097687499999983,621.6776918146544,40,Cardboard
36.6,0.0,25.0,5069.11,23.3,633.27,130881.9,19.8,0.6728939291863164,3558.0399281383334,16.70782992738977,213.8782062357224,0.0433012701892225,3.0097687499999983,621.6776918146544,40,Cardboard
36.5,-0.22,25.0,4900.72,22.51,666.6,130248.6,19.8,0.6728939291863164,3558.0399281383334,16.70782992738977,213.8782062357224,0.0433012701892225,3.0097687499999983,621.6776918146544,40,Cardboard
36.5,-0.22,25.0,4900.72,22.51,666.6,130248.6,19.8,0.6728939291863164,3558.0399281383334,16.70782992738977,213.8782062357224,0.0433012701892225,3.0097687499999983,621.6776918146544,40,Cardboard
36.5,-0.22,25.0,4900.72,22.51,666.6,130248.6,19.8,0.6728939291863164,3558.0399281383334,16.70782992738977,213.8782062357224,0.0433012701892225,3.0097687499999983,621.6776918146544,40,Cardboard
36.5,-0.22,25.0,4900.72,22.51,666.6,130248.6,19.8,0.6728939291863164,3558.0399281383334,16.70782992738977,213.8782062357224,0.0433012701892225,3.0097687499999983,621.6776918146544,40,Cardboard
36.5,-0.22,25.0,4900.72,22.51,666.6,130248.6,19.8,0.6728939291863164,3558.0399281383334,16.70782992738977,213.8782062357224,0.0433012701892225,3.0097687499999983,621.6776918146544,40,Cardboard
46.2,0.22,25.0,2341.46,11.7,822.14,93555.4,19.8,0.2607271876595021,2024.002062893438,17.757538989394885,114.03896805348082,0.142828568570859,0.05660275,1412.1425209499937,50,Cardboard
46.2,0.22,25.0,2341.46,11.7,822.14,93555.4,19.8,0.2607271876595021,2024.002062893438,17.757538989394885,114.03896805348082,0.142828568570859,0.05660275,1412.1425209499937,50,Cardboard
46.2,0.22,25.0,2341.46,11.7,822.14,93555.4,19.8,0.2607271876595021,2024.002062893438,17.757538989394885,114.03896805348082,0.142828568570859,0.05660275,1412.1425209499937,50,Cardboard
45.8,-1.97,25.0,2335.36,11.68,844.36,94419.2,19.8,0.2607271876595021,2024.002062893438,17.757538989394885,114.03896805348082,0.142828568570859,0.05660275,1412.1425209499937,50,Cardboard
45.8,-1.97,25.0,2335.36,11.68,844.36,94419.2,19.8,0.2607271876595021,2024.002062893438,17.757538989394885,114.03896805348082,0.142828568570859,0.05660275,1412.1425209499937,50,Cardboard
45.8,-1.97,25.0,2335.36,11.68,844.36,94419.2,19.8,0.2607271876595021,2024.002062893438,17.757538989394885,114.03896805348082,0.142828568570859,0.05660275,1412.1425209499937,50,Cardboard
45.8,-1.97,25.0,2335.36,11.68,844.36,94419.2,19.8,0.2607271876595021,2024.002062893438,17.757538989394885,114.03896805348082,0.142828568570859,0.05660275,1412.1425209499937,50,Cardboard
45.8,-1.97,25.0,2335.36,11.68,844.36,94419.2,19.8,0.2607271876595021,2024.002062893438,17.757538989394885,114.03896805348082,0.142828568570859,0.05660275,1412.1425209499937,50,Cardboard
45.8,0.0,25.0,2404.84,12.04,822.14,93195.9,19.8,0.2607271876595021,2024.002062893438,17.757538989394885,114.03896805348082,0.142828568570859,0.05660275,1412.1425209499937,50,Cardboard
45.8,0.0,25.0,2404.84,12.04,822.14,93195.9,19.8,0.2607271876595021,2024.002062893438,17.757538989394885,114.03896805348082,0.142828568570859,0.05660275,1412.1425209499937,50,Cardboard
45.8,0.0,25.0,2404.84,12.04,822.14,93195.9,19.8,0.2607271876595021,2024.002062893438,17.757538989394885,114.03896805348082,0.142828568570859,0.05660275,1412.1425209499937,50,Cardboard
45.8,0.0,25.0,2404.84,12.04,822.14,93195.9,19.8,0.2607271876595021,2024.002062893438,17.757538989394885,114.03896805348082,0.142828568570859,0.05660275,1412.1425209499937,50,Cardboard
45.8,0.0,25.0,2404.84,12.04,822.14,93195.9,19.8,0.2607271876595021,2024.002062893438,17.757538989394885,114.03896805348082,0.142828568570859,0.05660275,1412.1425209499937,50,Cardboard
45.8,0.22,25.0,2444.74,12.25,777.7,90788.9,19.8,0.2607271876595021,2024.002062893438,17.757538989394885,114.03896805348082,0.142828568570859,0.05660275,1412.1425209499937,50,Cardboard
45.8,0.22,25.0,2444.74,12.25,777.7,90788.9,19.8,0.2607271876595021,2024.002062893438,17.757538989394885,114.03896805348082,0.142828568570859,0.05660275,1412.1425209499937,50,Cardboard
45.8,0.22,25.0,2444.74,12.25,777.7,90788.9,19.8,0.2607271876595021,2024.002062893438,17.757538989394885,114.03896805348082,0.142828568570859,0.05660275,1412.1425209499937,50,Cardboard
45.8,0.22,25.0,2444.74,12.25,777.7,90788.9,19.8,0.2607271876595021,2024.002062893438,17.757538989394885,114.03896805348082,0.142828568570859,0.05660275,1412.1425209499937,50,Cardboard
45.8,0.22,25.0,2444.74,12.25,777.7,90788.9,19.8,0.2607271876595021,2024.002062893438,17.757538989394885,114.03896805348082,0.142828568570859,0.05660275,1412.1425209499937,50,Cardboard
45.8,0.22,25.0,2444.74,12.25,777.7,90788.9,19.8,0.2607271876595021,2024.002062893438,17.757538989394885,114.03896805348082,0.142828568570859,0.05660275,1412.1425209499937,50,Cardboard
45.8,-0.22,25.0,2380.84,11.93,822.14,92940.8,19.8,0.2607271876595021,2024.002062893438,17.757538989394885,114.03896805348082,0.142828568570859,0.05660275,1412.1425209499937,50,Cardboard
56.6,0.0,25.0,5056.8,25.47,633.27,148737.9,19.8,0.4783802651740204,2758.887978360799,11.32987926451734,243.5544300763122,0.0400000000000005,1.2137227500000018,5570.195296450564,60,Cardboard
56.6,0.0,25.0,5056.8,25.47,633.27,148737.9,19.8,0.4783802651740204,2758.887978360799,11.32987926451734,243.5544300763122,0.0400000000000005,1.2137227500000018,5570.195296450564,60,Cardboard
56.6,0.0,25.0,5056.8,25.47,633.27,148737.9,19.8,0.4783802651740204,2758.887978360799,11.32987926451734,243.5544300763122,0.0400000000000005,1.2137227500000018,5570.195296450564,60,Cardboard
56.6,0.0,25.0,5056.8,25.47,633.27,148737.9,19.8,0.4783802651740204,2758.887978360799,11.32987926451734,243.5544300763122,0.0400000000000005,1.2137227500000018,5570.195296450564,60,Cardboard
56.6,0.0,25.0,5056.8,25.47,633.27,148737.9,19.8,0.4783802651740204,2758.887978360799,11.32987926451734,243.5544300763122,0.0400000000000005,1.2137227500000018,5570.195296450564,60,Cardboard
56.6,0.0,25.0,5622.56,28.28,622.16,154162.4,19.8,0.4783802651740204,2758.887978360799,11.32987926451734,243.5544300763122,0.0400000000000005,1.2137227500000018,5570.195296450564,60,Cardboard
56.6,0.0,25.0,5622.56,28.28,622.16,154162.4,19.8,0.4783802651740204,2758.887978360799,11.32987926451734,243.5544300763122,0.0400000000000005,1.2137227500000018,5570.195296450564,60,Cardboard
56.6,0.0,25.0,5622.56,28.28,622.16,154162.4,19.8,0.4783802651740204,2758.887978360799,11.32987926451734,243.5544300763122,0.0400000000000005,1.2137227500000018,5570.195296450564,60,Cardboard
56.6,0.0,25.0,5622.56,28.28,622.16,154162.4,19.8,0.4783802651740204,2758.887978360799,11.32987926451734,243.5544300763122,0.0400000000000005,1.2137227500000018,5570.195296450564,60,Cardboard
56.6,0.0,25.0,5622.56,28.28,622.16,154162.4,19.8,0.4783802651740204,2758.887978360799,11.32987926451734,243.5544300763122,0.0400000000000005,1.2137227500000018,5570.195296450564,60,Cardboard
56.6,0.0,25.0,5622.56,28.28,622.16,154162.4,19.8,0.4783802651740204,2758.887978360799,11.32987926451734,243.5544300763122,0.0400000000000005,1.2137227500000018,5570.195296450564,60,Cardboard
56.6,0.0,25.0,5310.82,26.66,677.71,163915.3,19.8,0.4783802651740204,2758.887978360799,11.32987926451734,243.5544300763122,0.0400000000000005,1.2137227500000018,5570.195296450564,60,Cardboard
56.6,0.0,25.0,5310.82,26.66,677.71,163915.3,19.8,0.4783802651740204,2758.887978360799,11.32987926451734,243.5544300763122,0.0400000000000005,1.2137227500000018,5570.195296450564,60,Cardboard
56.6,0.0,25.0,5310.82,26.66,677.71,163915.3,19.8,0.4783802651740204,2758.887978360799,11.32987926451734,243.5544300763122,0.0400000000000005,1.2137227500000018,5570.195296450564,60,Cardboard
56.6,0.0,25.0,5310.82,26.66,677.71,163915.3,19.8,0.4783802651740204,2758.887978360799,11.32987926451734,243.5544300763122,0.0400000000000005,1.2137227500000018,5570.195296450564,60,Cardboard
56.6,0.0,25.0,5310.82,26.66,677.71,163915.3,19.8,0.4783802651740204,2758.887978360799,11.32987926451734,243.5544300763122,0.0400000000000005,1.2137227500000018,5570.195296450564,60,Cardboard
56.5,-0.22,25.0,5526.46,27.75,633.27,158424.8,19.8,0.4783802651740204,2758.887978360799,11.32987926451734,243.5544300763122,0.0400000000000005,1.2137227500000018,5570.195296450564,60,Cardboard
56.5,-0.22,25.0,5526.46,27.75,633.27,158424.8,19.8,0.4783802651740204,2758.887978360799,11.32987926451734,243.5544300763122,0.0400000000000005,1.2137227500000018,5570.195296450564,60,Cardboard
56.5,-0.22,25.0,5526.46,27.75,633.27,158424.8,19.8,0.4783802651740204,2758.887978360799,11.32987926451734,243.5544300763122,0.0400000000000005,1.2137227500000018,5570.195296450564,60,Cardboard
56.5,-0.22,25.0,5526.46,27.75,633.27,158424.8,19.8,0.4783802651740204,2758.887978360799,11.32987926451734,243.5544300763122,0.0400000000000005,1.2137227500000018,5570.195296450564,60,Cardboard
67.4,0.22,25.0,7409.67,36.74,611.05,204788.0,19.8,0.5412455302225299,3024.3648356929643,9.11464202097874,331.8657106619753,0.0497493718553352,4.271638999999995,3513.672098332452,70,Cardboard
67.4,0.22,25.0,7409.67,36.74,611.05,204788.0,19.8,0.5412455302225299,3024.3648356929643,9.11464202097874,331.8657106619753,0.0497493718553352,4.271638999999995,3513.672098332452,70,Cardboard
67.4,0.22,25.0,7409.67,36.74,611.05,204788.0,19.8,0.5412455302225299,3024.3648356929643,9.11464202097874,331.8657106619753,0.0497493718553352,4.271638999999995,3513.672098332452,70,Cardboard
67.4,0.22,25.0,7409.67,36.74,611.05,204788.0,19.8,0.5412455302225299,3024.3648356929643,9.11464202097874,331.8657106619753,0.0497493718553352,4.271638999999995,3513.672098332452,70,Cardboard
67.4,-0.22,25.0,6656.59,33.09,622.16,198853.2,19.8,0.5412455302225299,3024.3648356929643,9.11464202097874,331.8657106619753,0.0497493718553352,4.271638999999995,3513.672098332452,70,Cardboard
67.4,-0.22,25.0,6656.59,33.09,622.16,198853.2,19.8,0.5412455302225299,3024.3648356929643,9.11464202097874,331.8657106619753,0.0497493718553352,4.271638999999995,3513.672098332452,70,Cardboard
67.4,-0.22,25.0,6656.59,33.09,622.16,198853.2,19.8,0.5412455302225299,3024.3648356929643,9.11464202097874,331.8657106619753,0.0497493718553352,4.271638999999995,3513.672098332452,70,Cardboard
67.4,-0.22,25.0,6656.59,33.09,622.16,198853.2,19.8,0.5412455302225299,3024.3648356929643,9.11464202097874,331.8657106619753,0.0497493718553352,4.271638999999995,3513.672098332452,70,Cardboard
67.4,-0.22,25.0,6656.59,33.09,622.16,198853.2,19.8,0.5412455302225299,3024.3648356929643,9.11464202097874,331.8657106619753,0.0497493718553352,4.271638999999995,3513.672098332452,70,Cardboard
67.3,-0.22,25.0,7431.21,37.03,611.05,202316.2,19.8,0.5412455302225299,3024.3648356929643,9.11464202097874,331.8657106619753,0.0497493718553352,4.271638999999995,3513.672098332452,70,Cardboard
67.3,-0.22,25.0,7431.21,37.03,611.05,202316.2,19.8,0.5412455302225299,3024.3648356929643,9.11464202097874,331.8657106619753,0.0497493718553352,4.271638999999995,3513.672098332452,70,Cardboard
67.3,-0.22,25.0,7431.21,37.03,611.05,202316.2,19.8,0.5412455302225299,3024.3648356929643,9.11464202097874,331.8657106619753,0.0497493718553352,4.271638999999995,3513.672098332452,70,Cardboard
67.3,-0.22,25.0,7431.21,37.03,611.05,202316.2,19.8,0.5412455302225299,3024.3648356929643,9.11464202097874,331.8657106619753,0.0497493718553352,4.271638999999995,3513.672098332452,70,Cardboard
67.3,-0.22,25.0,7431.21,37.03,611.05,202316.2,19.8,0.5412455302225299,3024.3648356929643,9.11464202097874,331.8657106619753,0.0497493718553352,4.271638999999995,3513.672098332452,70,Cardboard
67.3,0.0,25.0,7727.52,38.57,611.05,208081.1,19.8,0.5412455302225299,3024.3648356929643,9.11464202097874,331.8657106619753,0.0497493718553352,4.271638999999995,3513.672098332452,70,Cardboard
67.3,0.0,25.0,7727.52,38.57,611.05,208081.1,19.8,0.5412455302225299,3024.3648356929643,9.11464202097874,331.8657106619753,0.0497493718553352,4.271638999999995,3513.672098332452,70,Cardboard
67.3,0.0,25.0,7727.52,38.57,611.05,208081.1,19.8,0.5412455302225299,3024.3648356929643,9.11464202097874,331.8657106619753,0.0497493718553352,4.271638999999995,3513.672098332452,70,Cardboard
67.3,0.0,25.0,7727.52,38.57,611.05,208081.1,19.8,0.5412455302225299,3024.3648356929643,9.11464202097874,331.8657106619753,0.0497493718553352,4.271638999999995,3513.672098332452,70,Cardboard
67.3,0.0,25.0,7727.52,38.57,611.05,208081.1,19.8,0.5412455302225299,3024.3648356929643,9.11464202097874,331.8657106619753,0.0497493718553352,4.271638999999995,3513.672098332452,70,Cardboard
67.3,0.0,25.0,7727.52,38.57,611.05,208081.1,19.8,0.5412455302225299,3024.3648356929643,9.11464202097874,331.8657106619753,0.0497493718553352,4.271638999999995,3513.672098332452,70,Cardboard
76.9,0.22,25.0,12377.74,61.6,555.5,277506.7,19.8,0.8145978079138029,3644.4737024808737,7.217100130039012,504.9796849684969,0.0458257569495557,3.432240000000001,2261.4951203296764,80,Cardboard
76.9,0.22,25.0,12377.74,61.6,555.5,277506.7,19.8,0.8145978079138029,3644.4737024808737,7.217100130039012,504.9796849684969,0.0458257569495557,3.432240000000001,2261.4951203296764,80,Cardboard
76.9,0.22,25.0,12377.74,61.6,555.5,277506.7,19.8,0.8145978079138029,3644.4737024808737,7.217100130039012,504.9796849684969,0.0458257569495557,3.432240000000001,2261.4951203296764,80,Cardboard
76.9,0.22,25.0,12377.74,61.6,555.5,277506.7,19.8,0.8145978079138029,3644.4737024808737,7.217100130039012,504.9796849684969,0.0458257569495557,3.432240000000001,2261.4951203296764,80,Cardboard
76.9,0.22,25.0,12377.74,61.6,555.5,277506.7,19.8,0.8145978079138029,3644.4737024808737,7.217100130039012,504.9796849684969,0.0458257569495557,3.432240000000001,2261.4951203296764,80,Cardboard
76.9,0.22,25.0,12377.74,61.6,555.5,277506.7,19.8,0.8145978079138029,3644.4737024808737,7.217100130039012,504.9796849684969,0.0458257569495557,3.432240000000001,2261.4951203296764,80,Cardboard
77.0,0.22,25.0,12976.6,64.62,555.5,282426.6,19.8,0.8145978079138029,3644.4737024808737,7.217100130039012,504.9796849684969,0.0458257569495557,3.432240000000001,2261.4951203296764,80,Cardboard
77.0,0.22,25.0,12976.6,64.62,555.5,282426.6,19.8,0.8145978079138029,3644.4737024808737,7.217100130039012,504.9796849684969,0.0458257569495557,3.432240000000001,2261.4951203296764,80,Cardboard
77.0,0.22,25.0,12976.6,64.62,555.5,282426.6,19.8,0.8145978079138029,3644.4737024808737,7.217100130039012,504.9796849684969,0.0458257569495557,3.432240000000001,2261.4951203296764,80,Cardboard
77.0,0.22,25.0,12976.6,64.62,555.5,282426.6,19.8,0.8145978079138029,3644.4737024808737,7.217100130039012,504.9796849684969,0.0458257569495557,3.432240000000001,2261.4951203296764,80,Cardboard
77.0,0.22,25.0,12976.6,64.62,555.5,282426.6,19.8,0.8145978079138029,3644.4737024808737,7.217100130039012,504.9796849684969,0.0458257569495557,3.432240000000001,2261.4951203296764,80,Cardboard
77.0,0.0,25.0,12208.13,60.84,555.5,280364.3,19.8,0.8145978079138029,3644.4737024808737,7.217100130039012,504.9796849684969,0.0458257569495557,3.432240000000001,2261.4951203296764,80,Cardboard
77.0,0.0,25.0,12208.13,60.84,555.5,280364.3,19.8,0.8145978079138029,3644.4737024808737,7.217100130039012,504.9796849684969,0.0458257569495557,3.432240000000001,2261.4951203296764,80,Cardboard
77.0,0.0,25.0,12208.13,60.84,555.5,280364.3,19.8,0.8145978079138029,3644.4737024808737,7.217100130039012,504.9796849684969,0.0458257569495557,3.432240000000001,2261.4951203296764,80,Cardboard
77.0,0.0,25.0,12208.13,60.84,555.5,280364.3,19.8,0.8145978079138029,3644.4737024808737,7.217100130039012,504.9796849684969,0.0458257569495557,3.432240000000001,2261.4951203296764,80,Cardboard
77.0,0.0,25.0,12208.13,60.84,555.5,280364.3,19.8,0.8145978079138029,3644.4737024808737,7.217100130039012,504.9796849684969,0.0458257569495557,3.432240000000001,2261.4951203296764,80,Cardboard
77.0,0.0,25.0,12208.13,60.84,555.5,280364.3,19.8,0.8145978079138029,3644.4737024808737,7.217100130039012,504.9796849684969,0.0458257569495557,3.432240000000001,2261.4951203296764,80,Cardboard
77.0,0.0,25.0,13121.31,65.42,555.5,283655.1,19.8,0.8145978079138029,3644.4737024808737,7.217100130039012,504.9796849684969,0.0458257569495557,3.432240000000001,2261.4951203296764,80,Cardboard
77.0,0.0,25.0,13121.31,65.42,555.5,283655.1,19.8,0.8145978079138029,3644.4737024808737,7.217100130039012,504.9796849684969,0.0458257569495557,3.432240000000001,2261.4951203296764,80,Cardboard
77.0,0.0,25.0,13121.31,65.42,555.5,283655.1,19.8,0.8145978079138029,3644.4737024808737,7.217100130039012,504.9796849684969,0.0458257569495557,3.432240000000001,2261.4951203296764,80,Cardboard
85.9,-0.44,25.0,5789.27,29.04,766.59,203678.2,19.8,0.3470411398845625,2384.721143195183,8.775590355511778,272.549369696695,0.0476969600708513,1.5103860000000005,2153.421575835766,90,Cardboard
85.9,-0.44,25.0,5789.27,29.04,766.59,203678.2,19.8,0.3470411398845625,2384.721143195183,8.775590355511778,272.549369696695,0.0476969600708513,1.5103860000000005,2153.421575835766,90,Cardboard
85.8,-0.44,25.0,5872.2,29.44,766.59,204957.3,19.8,0.3470411398845625,2384.721143195183,8.775590355511778,272.549369696695,0.0476969600708513,1.5103860000000005,2153.421575835766,90,Cardboard
85.8,-0.44,25.0,5872.2,29.44,766.59,204957.3,19.8,0.3470411398845625,2384.721143195183,8.775590355511778,272.549369696695,0.0476969600708513,1.5103860000000005,2153.421575835766,90,Cardboard
85.8,-0.44,25.0,5872.2,29.44,766.59,204957.3,19.8,0.3470411398845625,2384.721143195183,8.775590355511778,272.549369696695,0.0476969600708513,1.5103860000000005,2153.421575835766,90,Cardboard
85.8,-0.44,25.0,5872.2,29.44,766.59,204957.3,19.8,0.3470411398845625,2384.721143195183,8.775590355511778,272.549369696695,0.0476969600708513,1.5103860000000005,2153.421575835766,90,Cardboard
85.8,-0.44,25.0,5872.2,29.44,766.59,204957.3,19.8,0.3470411398845625,2384.721143195183,8.775590355511778,272.549369696695,0.0476969600708513,1.5103860000000005,2153.421575835766,90,Cardboard
85.8,-0.44,25.0,5872.2,29.44,766.59,204957.3,19.8,0.3470411398845625,2384.721143195183,8.775590355511778,272.549369696695,0.0476969600708513,1.5103860000000005,2153.421575835766,90,Cardboard
85.9,0.44,25.0,5816.25,29.17,766.59,202826.5,19.8,0.3470411398845625,2384.721143195183,8.775590355511778,272.549369696695,0.0476969600708513,1.5103860000000005,2153.421575835766,90,Cardboard
85.9,0.44,25.0,5816.25,29.17,766.59,202826.5,19.8,0.3470411398845625,2384.721143195183,8.775590355511778,272.549369696695,0.0476969600708513,1.5103860000000005,2153.421575835766,90,Cardboard
85.9,0.44,25.0,5816.25,29.17,766.59,202826.5,19.8,0.3470411398845625,2384.721143195183,8.775590355511778,272.549369696695,0.0476969600708513,1.5103860000000005,2153.421575835766,90,Cardboard
85.9,0.44,25.0,5816.25,29.17,766.59,202826.5,19.8,0.3470411398845625,2384.721143195183,8.775590355511778,272.549369696695,0.0476969600708513,1.5103860000000005,2153.421575835766,90,Cardboard
85.9,0.44,25.0,5816.25,29.17,766.59,202826.5,19.8,0.3470411398845625,2384.721143195183,8.775590355511778,272.549369696695,0.0476969600708513,1.5103860000000005,2153.421575835766,90,Cardboard
85.8,-0.44,25.0,5913.0,29.67,766.59,207926.4,19.8,0.3470411398845625,2384.721143195183,8.775590355511778,272.549369696695,0.0476969600708513,1.5103860000000005,2153.421575835766,90,Cardboard
85.8,-0.44,25.0,5913.0,29.67,766.59,207926.4,19.8,0.3470411398845625,2384.721143195183,8.775590355511778,272.549369696695,0.0476969600708513,1.5103860000000005,2153.421575835766,90,Cardboard
85.8,-0.44,25.0,5913.0,29.67,766.59,207926.4,19.8,0.3470411398845625,2384.721143195183,8.775590355511778,272.549369696695,0.0476969600708513,1.5103860000000005,2153.421575835766,90,Cardboard
85.8,-0.44,25.0,5913.0,29.67,766.59,207926.4,19.8,0.3470411398845625,2384.721143195183,8.775590355511778,272.549369696695,0.0476969600708513,1.5103860000000005,2153.421575835766,90,Cardboard
85.8,-0.44,25.0,5913.0,29.67,766.59,207926.4,19.8,0.3470411398845625,2384.721143195183,8.775590355511778,272.549369696695,0.0476969600708513,1.5103860000000005,2153.421575835766,90,Cardboard
85.8,0.0,25.0,6656.71,33.42,633.27,201485.8,19.8,0.3470411398845625,2384.721143195183,8.775590355511778,272.549369696695,0.0476969600708513,1.5103860000000005,2153.421575835766,90,Cardboard
85.8,0.0,25.0,6656.71,33.42,633.27,201485.8,19.8,0.3470411398845625,2384.721143195183,8.775590355511778,272.549369696695,0.0476969600708513,1.5103860000000005,2153.421575835766,90,Cardboard
97.1,0.22,25.0,9658.5,48.55,555.5,217613.0,19.8,0.4693144329896908,2352.148286334632,6.33325557667194,371.8374699671338,0.0299999999999983,2.4198327500000008,6407.3052341429,100,Cardboard
97.1,0.22,25.0,9658.5,48.55,555.5,217613.0,19.8,0.4693144329896908,2352.148286334632,6.33325557667194,371.8374699671338,0.0299999999999983,2.4198327500000008,6407.3052341429,100,Cardboard
97.0,-0.22,25.0,9046.34,45.5,633.27,229688.5,19.8,0.4693144329896908,2352.148286334632,6.33325557667194,371.8374699671338,0.0299999999999983,2.4198327500000008,6407.3052341429,100,Cardboard
97.0,-0.22,25.0,9046.34,45.5,633.27,229688.5,19.8,0.4693144329896908,2352.148286334632,6.33325557667194,371.8374699671338,0.0299999999999983,2.4198327500000008,6407.3052341429,100,Cardboard
97.0,-0.22,25.0,9046.34,45.5,633.27,229688.5,19.8,0.4693144329896908,2352.148286334632,6.33325557667194,371.8374699671338,0.0299999999999983,2.4198327500000008,6407.3052341429,100,Cardboard
97.0,-0.22,25.0,9046.34,45.5,633.27,229688.5,19.8,0.4693144329896908,2352.148286334632,6.33325557667194,371.8374699671338,0.0299999999999983,2.4198327500000008,6407.3052341429,100,Cardboard
97.0,-0.22,25.0,9046.34,45.5,633.27,229688.5,19.8,0.4693144329896908,2352.148286334632,6.33325557667194,371.8374699671338,0.0299999999999983,2.4198327500000008,6407.3052341429,100,Cardboard
97.0,0.0,25.0,9313.68,46.83,588.83,220882.4,19.8,0.4693144329896908,2352.148286334632,6.33325557667194,371.8374699671338,0.0299999999999983,2.4198327500000008,6407.3052341429,100,Cardboard
97.0,0.0,25.0,9313.68,46.83,588.83,220882.4,19.8,0.4693144329896908,2352.148286334632,6.33325557667194,371.8374699671338,0.0299999999999983,2.4198327500000008,6407.3052341429,100,Cardboard
97.0,0.0,25.0,9313.68,46.83,588.83,220882.4,19.8,0.4693144329896908,2352.148286334632,6.33325557667194,371.8374699671338,0.0299999999999983,2.4198327500000008,6407.3052341429,100,Cardboard
97.0,0.0,25.0,9313.68,46.83,588.83,220882.4,19.8,0.4693144329896908,2352.148286334632,6.33325557667194,371.8374699671338,0.0299999999999983,2.4198327500000008,6407.3052341429,100,Cardboard
97.0,0.0,25.0,9313.68,46.83,588.83,220882.4,19.8,0.4693144329896908,2352.148286334632,6.33325557667194,371.8374699671338,0.0299999999999983,2.4198327500000008,6407.3052341429,100,Cardboard
97.0,0.0,25.0,8684.38,43.66,644.38,234958.4,19.8,0.4693144329896908,2352.148286334632,6.33325557667194,371.8374699671338,0.0299999999999983,2.4198327500000008,6407.3052341429,100,Cardboard
97.0,0.0,25.0,8684.38,43.66,644.38,234958.4,19.8,0.4693144329896908,2352.148286334632,6.33325557667194,371.8374699671338,0.0299999999999983,2.4198327500000008,6407.3052341429,100,Cardboard
97.0,0.0,25.0,8684.38,43.66,644.38,234958.4,19.8,0.4693144329896908,2352.148286334632,6.33325557667194,371.8374699671338,0.0299999999999983,2.4198327500000008,6407.3052341429,100,Cardboard
97.0,0.0,25.0,8684.38,43.66,644.38,234958.4,19.8,0.4693144329896908,2352.148286334632,6.33325557667194,371.8374699671338,0.0299999999999983,2.4198327500000008,6407.3052341429,100,Cardboard
97.0,0.0,25.0,8684.38,43.66,644.38,234958.4,19.8,0.4693144329896908,2352.148286334632,6.33325557667194,371.8374699671338,0.0299999999999983,2.4198327500000008,6407.3052341429,100,Cardboard
97.0,0.0,25.0,8684.38,43.66,644.38,234958.4,19.8,0.4693144329896908,2352.148286334632,6.33325557667194,371.8374699671338,0.0299999999999983,2.4198327500000008,6407.3052341429,100,Cardboard
97.0,-0.22,25.0,8940.1,44.93,599.94,232892.5,19.8,0.4693144329896908,2352.148286334632,6.33325557667194,371.8374699671338,0.0299999999999983,2.4198327500000008,6407.3052341429,100,Cardboard
97.0,-0.22,25.0,8940.1,44.93,599.94,232892.5,19.8,0.4693144329896908,2352.148286334632,6.33325557667194,371.8374699671338,0.0299999999999983,2.4198327500000008,6407.3052341429,100,Cardboard
105.4,-1.31,25.0,4120.62,20.29,855.47,166316.7,19.8,0.1870739633263487,1569.5530711260194,8.205615781001285,191.30060815898355,0.0217944947177021,0.23716275,445.3504310933161,110,Cardboard
105.4,-1.31,25.0,4120.62,20.29,855.47,166316.7,19.8,0.1870739633263487,1569.5530711260194,8.205615781001285,191.30060815898355,0.0217944947177021,0.23716275,445.3504310933161,110,Cardboard
105.4,-1.31,25.0,4120.62,20.29,855.47,166316.7,19.8,0.1870739633263487,1569.5530711260194,8.205615781001285,191.30060815898355,0.0217944947177021,0.23716275,445.3504310933161,110,Cardboard
105.4,-0.22,25.0,4075.24,20.07,855.47,165086.5,19.8,0.1870739633263487,1569.5530711260194,8.205615781001285,191.30060815898355,0.0217944947177021,0.23716275,445.3504310933161,110,Cardboard
105.4,-0.22,25.0,4075.24,20.07,855.47,165086.5,19.8,0.1870739633263487,1569.5530711260194,8.205615781001285,191.30060815898355,0.0217944947177021,0.23716275,445.3504310933161,110,Cardboard
105.4,-0.22,25.0,4075.24,20.07,855.47,165086.5,19.8,0.1870739633263487,1569.5530711260194,8.205615781001285,191.30060815898355,0.0217944947177021,0.23716275,445.3504310933161,110,Cardboard
105.4,-0.22,25.0,4075.24,20.07,855.47,165086.5,19.8,0.1870739633263487,1569.5530711260194,8.205615781001285,191.30060815898355,0.0217944947177021,0.23716275,445.3504310933161,110,Cardboard
105.4,-0.22,25.0,4075.24,20.07,855.47,165086.5,19.8,0.1870739633263487,1569.5530711260194,8.205615781001285,191.30060815898355,0.0217944947177021,0.23716275,445.3504310933161,110,Cardboard
105.4,-0.22,25.0,4075.24,20.07,855.47,165086.5,19.8,0.1870739633263487,1569.5530711260194,8.205615781001285,191.30060815898355,0.0217944947177021,0.23716275,445.3504310933161,110,Cardboard
105.4,0.22,25.0,3858.28,19.0,877.69,165677.6,19.8,0.1870739633263487,1569.5530711260194,8.205615781001285,191.30060815898355,0.0217944947177021,0.23716275,445.3504310933161,110,Cardboard
105.4,0.22,25.0,3858.28,19.0,877.69,165677.6,19.8,0.1870739633263487,1569.5530711260194,8.205615781001285,191.30060815898355,0.0217944947177021,0.23716275,445.3504310933161,110,Cardboard
105.4,0.22,25.0,3858.28,19.0,877.69,165677.6,19.8,0.1870739633263487,1569.5530711260194,8.205615781001285,191.30060815898355,0.0217944947177021,0.23716275,445.3504310933161,110,Cardboard
105.4,0.22,25.0,3858.28,19.0,877.69,165677.6,19.8,0.1870739633263487,1569.5530711260194,8.205615781001285,191.30060815898355,0.0217944947177021,0.23716275,445.3504310933161,110,Cardboard
105.4,0.22,25.0,3858.28,19.0,877.69,165677.6,19.8,0.1870739633263487,1569.5530711260194,8.205615781001285,191.30060815898355,0.0217944947177021,0.23716275,445.3504310933161,110,Cardboard
105.4,0.0,25.0,4014.54,19.8,866.58,165219.7,19.8,0.1870739633263487,1569.5530711260194,8.205615781001285,191.30060815898355,0.0217944947177021,0.23716275,445.3504310933161,110,Cardboard
105.4,0.0,25.0,4014.54,19.8,866.58,165219.7,19.8,0.1870739633263487,1569.5530711260194,8.205615781001285,191.30060815898355,0.0217944947177021,0.23716275,445.3504310933161,110,Cardboard
105.4,0.0,25.0,4014.54,19.8,866.58,165219.7,19.8,0.1870739633263487,1569.5530711260194,8.205615781001285,191.30060815898355,0.0217944947177021,0.23716275,445.3504310933161,110,Cardboard
105.4,0.0,25.0,4014.54,19.8,866.58,165219.7,19.8,0.1870739633263487,1569.5530711260194,8.205615781001285,191.30060815898355,0.0217944947177021,0.23716275,445.3504310933161,110,Cardboard
105.4,0.0,25.0,4014.54,19.8,866.58,165219.7,19.8,0.1870739633263487,1569.5530711260194,8.205615781001285,191.30060815898355,0.0217944947177021,0.23716275,445.3504310933161,110,Cardboard
105.5,0.22,25.0,3866.24,19.08,877.69,164818.5,19.8,0.1870739633263487,1569.5530711260194,8.205615781001285,191.30060815898355,0.0217944947177021,0.23716275,445.3504310933161,110,Cardboard
117.7,0.44,25.0,6481.77,32.12,833.25,249917.6,19.8,0.2651126137256145,2119.7435530276125,7.170611804341405,295.7131123745286,0.1116915395184465,1.0584189999999984,2355.680106381161,120,Cardboard
117.7,0.44,25.0,6481.77,32.12,833.25,249917.6,19.8,0.2651126137256145,2119.7435530276125,7.170611804341405,295.7131123745286,0.1116915395184465,1.0584189999999984,2355.680106381161,120,Cardboard
117.7,0.44,25.0,6481.77,32.12,833.25,249917.6,19.8,0.2651126137256145,2119.7435530276125,7.170611804341405,295.7131123745286,0.1116915395184465,1.0584189999999984,2355.680106381161,120,Cardboard
117.7,0.44,25.0,6481.77,32.12,833.25,249917.6,19.8,0.2651126137256145,2119.7435530276125,7.170611804341405,295.7131123745286,0.1116915395184465,1.0584189999999984,2355.680106381161,120,Cardboard
117.6,-0.22,25.0,5947.12,29.46,877.69,253197.3,19.8,0.2651126137256145,2119.7435530276125,7.170611804341405,295.7131123745286,0.1116915395184465,1.0584189999999984,2355.680106381161,120,Cardboard
117.6,-0.22,25.0,5947.12,29.46,877.69,253197.3,19.8,0.2651126137256145,2119.7435530276125,7.170611804341405,295.7131123745286,0.1116915395184465,1.0584189999999984,2355.680106381161,120,Cardboard
117.6,-0.22,25.0,5947.12,29.46,877.69,253197.3,19.8,0.2651126137256145,2119.7435530276125,7.170611804341405,295.7131123745286,0.1116915395184465,1.0584189999999984,2355.680106381161,120,Cardboard
117.6,-0.22,25.0,5947.12,29.46,877.69,253197.3,19.8,0.2651126137256145,2119.7435530276125,7.170611804341405,295.7131123745286,0.1116915395184465,1.0584189999999984,2355.680106381161,120,Cardboard
117.6,-0.22,25.0,5947.12,29.46,877.69,253197.3,19.8,0.2651126137256145,2119.7435530276125,7.170611804341405,295.7131123745286,0.1116915395184465,1.0584189999999984,2355.680106381161,120,Cardboard
117.8,1.09,25.0,6402.09,31.7,833.25,248845.7,19.8,0.2651126137256145,2119.7435530276125,7.170611804341405,295.7131123745286,0.1116915395184465,1.0584189999999984,2355.680106381161,120,Cardboard
117.8,1.09,25.0,6402.09,31.7,833.25,248845.7,19.8,0.2651126137256145,2119.7435530276125,7.170611804341405,295.7131123745286,0.1116915395184465,1.0584189999999984,2355.680106381161,120,Cardboard
117.8,1.09,25.0,6402.09,31.7,833.25,248845.7,19.8,0.2651126137256145,2119.7435530276125,7.170611804341405,295.7131123745286,0.1116915395184465,1.0584189999999984,2355.680106381161,120,Cardboard
117.8,1.09,25.0,6402.09,31.7,833.25,248845.7,19.8,0.2651126137256145,2119.7435530276125,7.170611804341405,295.7131123745286,0.1116915395184465,1.0584189999999984,2355.680106381161,120,Cardboard
117.8,1.09,25.0,6402.09,31.7,833.25,248845.7,19.8,0.2651126137256145,2119.7435530276125,7.170611804341405,295.7131123745286,0.1116915395184465,1.0584189999999984,2355.680106381161,120,Cardboard
117.8,1.09,25.0,6402.09,31.7,833.25,248845.7,19.8,0.2651126137256145,2119.7435530276125,7.170611804341405,295.7131123745286,0.1116915395184465,1.0584189999999984,2355.680106381161,120,Cardboard
117.9,0.22,25.0,6397.96,31.68,833.25,246685.7,19.8,0.2651126137256145,2119.7435530276125,7.170611804341405,295.7131123745286,0.1116915395184465,1.0584189999999984,2355.680106381161,120,Cardboard
117.9,0.22,25.0,6397.96,31.68,833.25,246685.7,19.8,0.2651126137256145,2119.7435530276125,7.170611804341405,295.7131123745286,0.1116915395184465,1.0584189999999984,2355.680106381161,120,Cardboard
117.9,0.22,25.0,6397.96,31.68,833.25,246685.7,19.8,0.2651126137256145,2119.7435530276125,7.170611804341405,295.7131123745286,0.1116915395184465,1.0584189999999984,2355.680106381161,120,Cardboard
117.9,0.22,25.0,6397.96,31.68,833.25,246685.7,19.8,0.2651126137256145,2119.7435530276125,7.170611804341405,295.7131123745286,0.1116915395184465,1.0584189999999984,2355.680106381161,120,Cardboard
117.9,0.22,25.0,6397.96,31.68,833.25,246685.7,19.8,0.2651126137256145,2119.7435530276125,7.170611804341405,295.7131123745286,0.1116915395184465,1.0584189999999984,2355.680106381161,120,Cardboard
126.9,0.22,25.0,6372.96,31.43,755.48,223518.9,19.8,0.2336209613869187,1763.6774231678487,6.2378841607565,283.13538975976564,1.4210854715202004e-14,1.7801727500000006,3082.396209002829,130,Cardboard
126.9,0.22,25.0,6372.96,31.43,755.48,223518.9,19.8,0.2336209613869187,1763.6774231678487,6.2378841607565,283.13538975976564,1.4210854715202004e-14,1.7801727500000006,3082.396209002829,130,Cardboard
126.9,0.22,25.0,6372.96,31.43,755.48,223518.9,19.8,0.2336209613869187,1763.6774231678487,6.2378841607565,283.13538975976564,1.4210854715202004e-14,1.7801727500000006,3082.396209002829,130,Cardboard
126.9,0.22,25.0,6372.96,31.43,755.48,223518.9,19.8,0.2336209613869187,1763.6774231678487,6.2378841607565,283.13538975976564,1.4210854715202004e-14,1.7801727500000006,3082.396209002829,130,Cardboard
126.9,0.0,25.0,6006.05,29.61,811.03,227479.7,19.8,0.2336209613869187,1763.6774231678487,6.2378841607565,283.13538975976564,1.4210854715202004e-14,1.7801727500000006,3082.396209002829,130,Cardboard
126.9,0.0,25.0,6006.05,29.61,811.03,227479.7,19.8,0.2336209613869187,1763.6774231678487,6.2378841607565,283.13538975976564,1.4210854715202004e-14,1.7801727500000006,3082.396209002829,130,Cardboard
126.9,0.0,25.0,6006.05,29.61,811.03,227479.7,19.8,0.2336209613869187,1763.6774231678487,6.2378841607565,283.13538975976564,1.4210854715202004e-14,1.7801727500000006,3082.396209002829,130,Cardboard
126.9,0.0,25.0,6006.05,29.61,811.03,227479.7,19.8,0.2336209613869187,1763.6774231678487,6.2378841607565,283.13538975976564,1.4210854715202004e-14,1.7801727500000006,3082.396209002829,130,Cardboard
126.9,0.0,25.0,6006.05,29.61,811.03,227479.7,19.8,0.2336209613869187,1763.6774231678487,6.2378841607565,283.13538975976564,1.4210854715202004e-14,1.7801727500000006,3082.396209002829,130,Cardboard
126.9,0.0,25.0,6006.05,29.61,811.03,227479.7,19.8,0.2336209613869187,1763.6774231678487,6.2378841607565,283.13538975976564,1.4210854715202004e-14,1.7801727500000006,3082.396209002829,130,Cardboard
126.9,0.0,25.0,6144.71,30.3,755.48,219167.6,19.8,0.2336209613869187,1763.6774231678487,6.2378841607565,283.13538975976564,1.4210854715202004e-14,1.7801727500000006,3082.396209002829,130,Cardboard
126.9,0.0,25.0,6144.71,30.3,755.48,219167.6,19.8,0.2336209613869187,1763.6774231678487,6.2378841607565,283.13538975976564,1.4210854715202004e-14,1.7801727500000006,3082.396209002829,130,Cardboard
126.9,0.0,25.0,6144.71,30.3,755.48,219167.6,19.8,0.2336209613869187,1763.6774231678487,6.2378841607565,283.13538975976564,1.4210854715202004e-14,1.7801727500000006,3082.396209002829,130,Cardboard
126.9,0.0,25.0,6144.71,30.3,755.48,219167.6,19.8,0.2336209613869187,1763.6774231678487,6.2378841607565,283.13538975976564,1.4210854715202004e-14,1.7801727500000006,3082.396209002829,130,Cardboard
126.9,0.0,25.0,6144.71,30.3,755.48,219167.6,19.8,0.2336209613869187,1763.6774231678487,6.2378841607565,283.13538975976564,1.4210854715202004e-14,1.7801727500000006,3082.396209002829,130,Cardboard
126.9,0.0,25.0,5599.03,27.61,833.25,224284.3,19.8,0.2336209613869187,1763.6774231678487,6.2378841607565,283.13538975976564,1.4210854715202004e-14,1.7801727500000006,3082.396209002829,130,Cardboard
126.9,0.0,25.0,5599.03,27.61,833.25,224284.3,19.8,0.2336209613869187,1763.6774231678487,6.2378841607565,283.13538975976564,1.4210854715202004e-14,1.7801727500000006,3082.396209002829,130,Cardboard
126.9,0.0,25.0,5599.03,27.61,833.25,224284.3,19.8,0.2336209613869187,1763.6774231678487,6.2378841607565,283.13538975976564,1.4210854715202004e-14,1.7801727500000006,3082.396209002829,130,Cardboard
126.9,0.0,25.0,5599.03,27.61,833.25,224284.3,19.8,0.2336209613869187,1763.6774231678487,6.2378841607565,283.13538975976564,1.4210854715202004e-14,1.7801727500000006,3082.396209002829,130,Cardboard
126.9,0.0,25.0,5599.03,27.61,833.25,224284.3,19.8,0.2336209613869187,1763.6774231678487,6.2378841607565,283.13538975976564,1.4210854715202004e-14,1.7801727500000006,3082.396209002829,130,Cardboard
137.0,0.0,25.0,4186.49,20.95,888.8,181367.1,19.8,0.1469948538285282,1307.802483772016,6.48475616822877,201.6717371737174,0.1200000000000045,0.3834009999999997,1894.2890664837807,140,Cardboard
137.0,0.0,25.0,4186.49,20.95,888.8,181367.1,19.8,0.1469948538285282,1307.802483772016,6.48475616822877,201.6717371737174,0.1200000000000045,0.3834009999999997,1894.2890664837807,140,Cardboard
137.0,0.0,25.0,4186.49,20.95,888.8,181367.1,19.8,0.1469948538285282,1307.802483772016,6.48475616822877,201.6717371737174,0.1200000000000045,0.3834009999999997,1894.2890664837807,140,Cardboard
137.0,0.0,25.0,4186.49,20.95,888.8,181367.1,19.8,0.1469948538285282,1307.802483772016,6.48475616822877,201.6717371737174,0.1200000000000045,0.3834009999999997,1894.2890664837807,140,Cardboard
137.0,0.0,25.0,4186.49,20.95,888.8,181367.1,19.8,0.1469948538285282,1307.802483772016,6.48475616822877,201.6717371737174,0.1200000000000045,0.3834009999999997,1894.2890664837807,140,Cardboard
137.0,-0.22,25.0,4092.29,20.47,888.8,180270.1,19.8,0.1469948538285282,1307.802483772016,6.48475616822877,201.6717371737174,0.1200000000000045,0.3834009999999997,1894.2890664837807,140,Cardboard
137.0,-0.22,25.0,4092.29,20.47,888.8,180270.1,19.8,0.1469948538285282,1307.802483772016,6.48475616822877,201.6717371737174,0.1200000000000045,0.3834009999999997,1894.2890664837807,140,Cardboard
137.0,-0.22,25.0,4092.29,20.47,888.8,180270.1,19.8,0.1469948538285282,1307.802483772016,6.48475616822877,201.6717371737174,0.1200000000000045,0.3834009999999997,1894.2890664837807,140,Cardboard
137.0,-0.22,25.0,4092.29,20.47,888.8,180270.1,19.8,0.1469948538285282,1307.802483772016,6.48475616822877,201.6717371737174,0.1200000000000045,0.3834009999999997,1894.2890664837807,140,Cardboard
137.0,-0.22,25.0,4092.29,20.47,888.8,180270.1,19.8,0.1469948538285282,1307.802483772016,6.48475616822877,201.6717371737174,0.1200000000000045,0.3834009999999997,1894.2890664837807,140,Cardboard
137.0,0.22,25.0,3875.42,19.36,888.8,178807.0,19.8,0.1469948538285282,1307.802483772016,6.48475616822877,201.6717371737174,0.1200000000000045,0.3834009999999997,1894.2890664837807,140,Cardboard
137.0,0.22,25.0,3875.42,19.36,888.8,178807.0,19.8,0.1469948538285282,1307.802483772016,6.48475616822877,201.6717371737174,0.1200000000000045,0.3834009999999997,1894.2890664837807,140,Cardboard
137.0,0.22,25.0,3875.42,19.36,888.8,178807.0,19.8,0.1469948538285282,1307.802483772016,6.48475616822877,201.6717371737174,0.1200000000000045,0.3834009999999997,1894.2890664837807,140,Cardboard
137.0,0.22,25.0,3875.42,19.36,888.8,178807.0,19.8,0.1469948538285282,1307.802483772016,6.48475616822877,201.6717371737174,0.1200000000000045,0.3834009999999997,1894.2890664837807,140,Cardboard
137.0,0.22,25.0,3875.42,19.36,888.8,178807.0,19.8,0.1469948538285282,1307.802483772016,6.48475616822877,201.6717371737174,0.1200000000000045,0.3834009999999997,1894.2890664837807,140,Cardboard
137.0,0.22,25.0,3875.42,19.36,888.8,178807.0,19.8,0.1469948538285282,1307.802483772016,6.48475616822877,201.6717371737174,0.1200000000000045,0.3834009999999997,1894.2890664837807,140,Cardboard
137.3,1.09,25.0,3990.15,19.92,888.8,175972.2,19.8,0.1469948538285282,1307.802483772016,6.48475616822877,201.6717371737174,0.1200000000000045,0.3834009999999997,1894.2890664837807,140,Cardboard
137.3,1.09,25.0,3990.15,19.92,888.8,175972.2,19.8,0.1469948538285282,1307.802483772016,6.48475616822877,201.6717371737174,0.1200000000000045,0.3834009999999997,1894.2890664837807,140,Cardboard
137.3,1.09,25.0,3990.15,19.92,888.8,175972.2,19.8,0.1469948538285282,1307.802483772016,6.48475616822877,201.6717371737174,0.1200000000000045,0.3834009999999997,1894.2890664837807,140,Cardboard
137.3,1.09,25.0,3990.15,19.92,888.8,175972.2,19.8,0.1469948538285282,1307.802483772016,6.48475616822877,201.6717371737174,0.1200000000000045,0.3834009999999997,1894.2890664837807,140,Cardboard
147.3,0.0,25.0,2644.4,13.4,1011.01,145671.9,19.8,0.0914969450101833,988.1304820095044,6.840984385607603,144.44607251933985,2.8421709430404014e-14,0.04420875,103.4263728456133,150,Cardboard
147.3,0.0,25.0,2644.4,13.4,1011.01,145671.9,19.8,0.0914969450101833,988.1304820095044,6.840984385607603,144.44607251933985,2.8421709430404014e-14,0.04420875,103.4263728456133,150,Cardboard
147.3,0.0,25.0,2644.4,13.4,1011.01,145671.9,19.8,0.0914969450101833,988.1304820095044,6.840984385607603,144.44607251933985,2.8421709430404014e-14,0.04420875,103.4263728456133,150,Cardboard
147.3,0.0,25.0,2701.93,13.67,1011.01,145578.9,19.8,0.0914969450101833,988.1304820095044,6.840984385607603,144.44607251933985,2.8421709430404014e-14,0.04420875,103.4263728456133,150,Cardboard
147.3,0.0,25.0,2701.93,13.67,1011.01,145578.9,19.8,0.0914969450101833,988.1304820095044,6.840984385607603,144.44607251933985,2.8421709430404014e-14,0.04420875,103.4263728456133,150,Cardboard
147.3,0.0,25.0,2701.93,13.67,1011.01,145578.9,19.8,0.0914969450101833,988.1304820095044,6.840984385607603,144.44607251933985,2.8421709430404014e-14,0.04420875,103.4263728456133,150,Cardboard
147.3,0.0,25.0,2701.93,13.67,1011.01,145578.9,19.8,0.0914969450101833,988.1304820095044,6.840984385607603,144.44607251933985,2.8421709430404014e-14,0.04420875,103.4263728456133,150,Cardboard
147.3,0.0,25.0,2701.93,13.67,1011.01,145578.9,19.8,0.0914969450101833,988.1304820095044,6.840984385607603,144.44607251933985,2.8421709430404014e-14,0.04420875,103.4263728456133,150,Cardboard
147.3,0.0,25.0,2701.93,13.67,1011.01,145578.9,19.8,0.0914969450101833,988.1304820095044,6.840984385607603,144.44607251933985,2.8421709430404014e-14,0.04420875,103.4263728456133,150,Cardboard
147.3,0.0,25.0,2607.38,13.17,1011.01,145579.3,19.8,0.0914969450101833,988.1304820095044,6.840984385607603,144.44607251933985,2.8421709430404014e-14,0.04420875,103.4263728456133,150,Cardboard
147.3,0.0,25.0,2607.38,13.17,1011.01,145579.3,19.8,0.0914969450101833,988.1304820095044,6.840984385607603,144.44607251933985,2.8421709430404014e-14,0.04420875,103.4263728456133,150,Cardboard
147.3,0.0,25.0,2607.38,13.17,1011.01,145579.3,19.8,0.0914969450101833,988.1304820095044,6.840984385607603,144.44607251933985,2.8421709430404014e-14,0.04420875,103.4263728456133,150,Cardboard
147.3,0.0,25.0,2607.38,13.17,1011.01,145579.3,19.8,0.0914969450101833,988.1304820095044,6.840984385607603,144.44607251933985,2.8421709430404014e-14,0.04420875,103.4263728456133,150,Cardboard
147.3,0.0,25.0,2607.38,13.17,1011.01,145579.3,19.8,0.0914969450101833,988.1304820095044,6.840984385607603,144.44607251933985,2.8421709430404014e-14,0.04420875,103.4263728456133,150,Cardboard
147.3,0.0,25.0,2706.36,13.64,999.9,145495.6,19.8,0.0914969450101833,988.1304820095044,6.840984385607603,144.44607251933985,2.8421709430404014e-14,0.04420875,103.4263728456133,150,Cardboard
147.3,0.0,25.0,2706.36,13.64,999.9,145495.6,19.8,0.0914969450101833,988.1304820095044,6.840984385607603,144.44607251933985,2.8421709430404014e-14,0.04420875,103.4263728456133,150,Cardboard
147.3,0.0,25.0,2706.36,13.64,999.9,145495.6,19.8,0.0914969450101833,988.1304820095044,6.840984385607603,144.44607251933985,2.8421709430404014e-14,0.04420875,103.4263728456133,150,Cardboard
147.3,0.0,25.0,2706.36,13.64,999.9,145495.6,19.8,0.0914969450101833,988.1304820095044,6.840984385607603,144.44607251933985,2.8421709430404014e-14,0.04420875,103.4263728456133,150,Cardboard
147.3,0.0,25.0,2706.36,13.64,999.9,145495.6,19.8,0.0914969450101833,988.1304820095044,6.840984385607603,144.44607251933985,2.8421709430404014e-14,0.04420875,103.4263728456133,150,Cardboard
147.3,0.0,25.0,2636.3,13.28,999.9,145168.8,19.8,0.0914969450101833,988.1304820095044,6.840984385607603,144.44607251933985,2.8421709430404014e-14,0.04420875,103.4263728456133,150,Cardboard
156.1,-0.44,25.0,2432.98,12.12,1066.56,142206.6,19.8,0.077973118066594,909.1906985666784,6.857916300832541,132.5823570667566,0.2242208732477855,0.0118447499999999,965.1380449966716,160,Cardboard
156.1,-0.44,25.0,2432.98,12.12,1066.56,142206.6,19.8,0.077973118066594,909.1906985666784,6.857916300832541,132.5823570667566,0.2242208732477855,0.0118447499999999,965.1380449966716,160,Cardboard
156.1,-0.44,25.0,2432.98,12.12,1066.56,142206.6,19.8,0.077973118066594,909.1906985666784,6.857916300832541,132.5823570667566,0.2242208732477855,0.0118447499999999,965.1380449966716,160,Cardboard
156.1,-0.44,25.0,2432.98,12.12,1066.56,142206.6,19.8,0.077973118066594,909.1906985666784,6.857916300832541,132.5823570667566,0.2242208732477855,0.0118447499999999,965.1380449966716,160,Cardboard
156.1,-0.44,25.0,2432.98,12.12,1066.56,142206.6,19.8,0.077973118066594,909.1906985666784,6.857916300832541,132.5823570667566,0.2242208732477855,0.0118447499999999,965.1380449966716,160,Cardboard
155.8,-1.31,25.0,2473.3,12.33,1077.67,142898.4,19.8,0.077973118066594,909.1906985666784,6.857916300832541,132.5823570667566,0.2242208732477855,0.0118447499999999,965.1380449966716,160,Cardboard
155.8,-1.31,25.0,2473.3,12.33,1077.67,142898.4,19.8,0.077973118066594,909.1906985666784,6.857916300832541,132.5823570667566,0.2242208732477855,0.0118447499999999,965.1380449966716,160,Cardboard
155.8,-1.31,25.0,2473.3,12.33,1077.67,142898.4,19.8,0.077973118066594,909.1906985666784,6.857916300832541,132.5823570667566,0.2242208732477855,0.0118447499999999,965.1380449966716,160,Cardboard
155.8,-1.31,25.0,2473.3,12.33,1077.67,142898.4,19.8,0.077973118066594,909.1906985666784,6.857916300832541,132.5823570667566,0.2242208732477855,0.0118447499999999,965.1380449966716,160,Cardboard
155.8,-1.31,25.0,2473.3,12.33,1077.67,142898.4,19.8,0.077973118066594,909.1906985666784,6.857916300832541,132.5823570667566,0.2242208732477855,0.0118447499999999,965.1380449966716,160,Cardboard
155.5,-1.31,25.0,2420.87,12.07,1055.45,140756.6,19.8,0.077973118066594,909.1906985666784,6.857916300832541,132.5823570667566,0.2242208732477855,0.0118447499999999,965.1380449966716,160,Cardboard
155.5,-1.31,25.0,2420.87,12.07,1055.45,140756.6,19.8,0.077973118066594,909.1906985666784,6.857916300832541,132.5823570667566,0.2242208732477855,0.0118447499999999,965.1380449966716,160,Cardboard
155.5,-1.31,25.0,2420.87,12.07,1055.45,140756.6,19.8,0.077973118066594,909.1906985666784,6.857916300832541,132.5823570667566,0.2242208732477855,0.0118447499999999,965.1380449966716,160,Cardboard
155.5,-1.31,25.0,2420.87,12.07,1055.45,140756.6,19.8,0.077973118066594,909.1906985666784,6.857916300832541,132.5823570667566,0.2242208732477855,0.0118447499999999,965.1380449966716,160,Cardboard
155.5,-1.31,25.0,2420.87,12.07,1055.45,140756.6,19.8,0.077973118066594,909.1906985666784,6.857916300832541,132.5823570667566,0.2242208732477855,0.0118447499999999,965.1380449966716,160,Cardboard
155.5,-1.31,25.0,2420.87,12.07,1055.45,140756.6,19.8,0.077973118066594,909.1906985666784,6.857916300832541,132.5823570667566,0.2242208732477855,0.0118447499999999,965.1380449966716,160,Cardboard
155.7,0.66,25.0,2419.19,12.06,1077.67,140587.4,19.8,0.077973118066594,909.1906985666784,6.857916300832541,132.5823570667566,0.2242208732477855,0.0118447499999999,965.1380449966716,160,Cardboard
155.7,0.66,25.0,2419.19,12.06,1077.67,140587.4,19.8,0.077973118066594,909.1906985666784,6.857916300832541,132.5823570667566,0.2242208732477855,0.0118447499999999,965.1380449966716,160,Cardboard
155.7,0.66,25.0,2419.19,12.06,1077.67,140587.4,19.8,0.077973118066594,909.1906985666784,6.857916300832541,132.5823570667566,0.2242208732477855,0.0118447499999999,965.1380449966716,160,Cardboard
155.7,0.66,25.0,2419.19,12.06,1077.67,140587.4,19.8,0.077973118066594,909.1906985666784,6.857916300832541,132.5823570667566,0.2242208732477855,0.0118447499999999,965.1380449966716,160,Cardboard
165.0,0.0,25.0,2011.75,9.96,966.57,104243.6,19.8,0.059330303030303,638.3157878787881,6.009499999999999,106.27174083003914,0.0,0.0323147500000001,994.7769305100514,170,Cardboard
165.0,0.0,25.0,2011.75,9.96,966.57,104243.6,19.8,0.059330303030303,638.3157878787881,6.009499999999999,106.27174083003914,0.0,0.0323147500000001,994.7769305100514,170,Cardboard
165.0,0.0,25.0,2011.75,9.96,966.57,104243.6,19.8,0.059330303030303,638.3157878787881,6.009499999999999,106.27174083003914,0.0,0.0323147500000001,994.7769305100514,170,Cardboard
165.0,0.0,25.0,2011.75,9.96,966.57,104243.6,19.8,0.059330303030303,638.3157878787881,6.009499999999999,106.27174083003914,0.0,0.0323147500000001,994.7769305100514,170,Cardboard
165.0,0.0,25.0,2011.75,9.96,966.57,104243.6,19.8,0.059330303030303,638.3157878787881,6.009499999999999,106.27174083003914,0.0,0.0323147500000001,994.7769305100514,170,Cardboard
165.0,0.0,25.0,1990.92,9.87,977.68,105165.3,19.8,0.059330303030303,638.3157878787881,6.009499999999999,106.27174083003914,0.0,0.0323147500000001,994.7769305100514,170,Cardboard
165.0,0.0,25.0,1990.92,9.87,977.68,105165.3,19.8,0.059330303030303,638.3157878787881,6.009499999999999,106.27174083003914,0.0,0.0323147500000001,994.7769305100514,170,Cardboard
165.0,0.0,25.0,1990.92,9.87,977.68,105165.3,19.8,0.059330303030303,638.3157878787881,6.009499999999999,106.27174083003914,0.0,0.0323147500000001,994.7769305100514,170,Cardboard
165.0,0.0,25.0,1990.92,9.87,977.68,105165.3,19.8,0.059330303030303,638.3157878787881,6.009499999999999,106.27174083003914,0.0,0.0323147500000001,994.7769305100514,170,Cardboard
165.0,0.0,25.0,1990.92,9.87,977.68,105165.3,19.8,0.059330303030303,638.3157878787881,6.009499999999999,106.27174083003914,0.0,0.0323147500000001,994.7769305100514,170,Cardboard
165.0,0.0,25.0,1915.68,9.52,1033.23,106757.8,19.8,0.059330303030303,638.3157878787881,6.009499999999999,106.27174083003914,0.0,0.0323147500000001,994.7769305100514,170,Cardboard
165.0,0.0,25.0,1915.68,9.52,1033.23,106757.8,19.8,0.059330303030303,638.3157878787881,6.009499999999999,106.27174083003914,0.0,0.0323147500000001,994.7769305100514,170,Cardboard
165.0,0.0,25.0,1915.68,9.52,1033.23,106757.8,19.8,0.059330303030303,638.3157878787881,6.009499999999999,106.27174083003914,0.0,0.0323147500000001,994.7769305100514,170,Cardboard
165.0,0.0,25.0,1915.68,9.52,1033.23,106757.8,19.8,0.059330303030303,638.3157878787881,6.009499999999999,106.27174083003914,0.0,0.0323147500000001,994.7769305100514,170,Cardboard
165.0,0.0,25.0,1915.68,9.52,1033.23,106757.8,19.8,0.059330303030303,638.3157878787881,6.009499999999999,106.27174083003914,0.0,0.0323147500000001,994.7769305100514,170,Cardboard
165.0,0.0,25.0,1915.68,9.52,1033.23,106757.8,19.8,0.059330303030303,638.3157878787881,6.009499999999999,106.27174083003914,0.0,0.0323147500000001,994.7769305100514,170,Cardboard
165.0,-0.22,25.0,1986.31,9.88,977.68,104712.7,19.8,0.059330303030303,638.3157878787881,6.009499999999999,106.27174083003914,0.0,0.0323147500000001,994.7769305100514,170,Cardboard
165.0,-0.22,25.0,1986.31,9.88,977.68,104712.7,19.8,0.059330303030303,638.3157878787881,6.009499999999999,106.27174083003914,0.0,0.0323147500000001,994.7769305100514,170,Cardboard
165.0,-0.22,25.0,1986.31,9.88,977.68,104712.7,19.8,0.059330303030303,638.3157878787881,6.009499999999999,106.27174083003914,0.0,0.0323147500000001,994.7769305100514,170,Cardboard
165.0,-0.22,25.0,1986.31,9.88,977.68,104712.7,19.8,0.059330303030303,638.3157878787881,6.009499999999999,106.27174083003914,0.0,0.0323147500000001,994.7769305100514,170,Cardboard
177.0,0.0,25.0,4885.25,24.4,966.57,231048.1,19.8,0.1381465959734198,1302.0387459604997,5.245981892830825,248.3632500076461,0.0499999999999971,0.7123890000000004,1734.6803573281156,180,Cardboard
177.0,0.0,25.0,4885.25,24.4,966.57,231048.1,19.8,0.1381465959734198,1302.0387459604997,5.245981892830825,248.3632500076461,0.0499999999999971,0.7123890000000004,1734.6803573281156,180,Cardboard
177.0,0.0,25.0,4885.25,24.4,966.57,231048.1,19.8,0.1381465959734198,1302.0387459604997,5.245981892830825,248.3632500076461,0.0499999999999971,0.7123890000000004,1734.6803573281156,180,Cardboard
177.0,0.0,25.0,4885.25,24.4,966.57,231048.1,19.8,0.1381465959734198,1302.0387459604997,5.245981892830825,248.3632500076461,0.0499999999999971,0.7123890000000004,1734.6803573281156,180,Cardboard
177.1,0.44,25.0,4832.03,24.12,922.13,229147.5,19.8,0.1381465959734198,1302.0387459604997,5.245981892830825,248.3632500076461,0.0499999999999971,0.7123890000000004,1734.6803573281156,180,Cardboard
177.1,0.44,25.0,4832.03,24.12,922.13,229147.5,19.8,0.1381465959734198,1302.0387459604997,5.245981892830825,248.3632500076461,0.0499999999999971,0.7123890000000004,1734.6803573281156,180,Cardboard
177.1,0.44,25.0,4832.03,24.12,922.13,229147.5,19.8,0.1381465959734198,1302.0387459604997,5.245981892830825,248.3632500076461,0.0499999999999971,0.7123890000000004,1734.6803573281156,180,Cardboard
177.1,0.44,25.0,4832.03,24.12,922.13,229147.5,19.8,0.1381465959734198,1302.0387459604997,5.245981892830825,248.3632500076461,0.0499999999999971,0.7123890000000004,1734.6803573281156,180,Cardboard
177.1,0.44,25.0,4832.03,24.12,922.13,229147.5,19.8,0.1381465959734198,1302.0387459604997,5.245981892830825,248.3632500076461,0.0499999999999971,0.7123890000000004,1734.6803573281156,180,Cardboard
177.0,-0.22,25.0,4735.56,23.63,933.24,229066.2,19.8,0.1381465959734198,1302.0387459604997,5.245981892830825,248.3632500076461,0.0499999999999971,0.7123890000000004,1734.6803573281156,180,Cardboard
177.0,-0.22,25.0,4735.56,23.63,933.24,229066.2,19.8,0.1381465959734198,1302.0387459604997,5.245981892830825,248.3632500076461,0.0499999999999971,0.7123890000000004,1734.6803573281156,180,Cardboard
177.0,-0.22,25.0,4735.56,23.63,933.24,229066.2,19.8,0.1381465959734198,1302.0387459604997,5.245981892830825,248.3632500076461,0.0499999999999971,0.7123890000000004,1734.6803573281156,180,Cardboard
177.0,-0.22,25.0,4735.56,23.63,933.24,229066.2,19.8,0.1381465959734198,1302.0387459604997,5.245981892830825,248.3632500076461,0.0499999999999971,0.7123890000000004,1734.6803573281156,180,Cardboard
177.0,-0.22,25.0,4735.56,23.63,933.24,229066.2,19.8,0.1381465959734198,1302.0387459604997,5.245981892830825,248.3632500076461,0.0499999999999971,0.7123890000000004,1734.6803573281156,180,Cardboard
177.0,-0.22,25.0,4735.56,23.63,933.24,229066.2,19.8,0.1381465959734198,1302.0387459604997,5.245981892830825,248.3632500076461,0.0499999999999971,0.7123890000000004,1734.6803573281156,180,Cardboard
177.1,0.22,25.0,5175.72,25.84,899.91,233239.1,19.8,0.1381465959734198,1302.0387459604997,5.245981892830825,248.3632500076461,0.0499999999999971,0.7123890000000004,1734.6803573281156,180,Cardboard
177.1,0.22,25.0,5175.72,25.84,899.91,233239.1,19.8,0.1381465959734198,1302.0387459604997,5.245981892830825,248.3632500076461,0.0499999999999971,0.7123890000000004,1734.6803573281156,180,Cardboard
177.1,0.22,25.0,5175.72,25.84,899.91,233239.1,19.8,0.1381465959734198,1302.0387459604997,5.245981892830825,248.3632500076461,0.0499999999999971,0.7123890000000004,1734.6803573281156,180,Cardboard
177.1,0.22,25.0,5175.72,25.84,899.91,233239.1,19.8,0.1381465959734198,1302.0387459604997,5.245981892830825,248.3632500076461,0.0499999999999971,0.7123890000000004,1734.6803573281156,180,Cardboard
177.1,0.22,25.0,5175.72,25.84,899.91,233239.1,19.8,0.1381465959734198,1302.0387459604997,5.245981892830825,248.3632500076461,0.0499999999999971,0.7123890000000004,1734.6803573281156,180,Cardboard
184.3,-1.75,25.0,1665.18,8.3,1044.34,89549.2,19.8,0.0446745990313023,486.077128765396,5.748146475330375,84.56764285401104,0.3269556544854397,0.0383127499999999,191.1915573449853,190,Cardboard
184.3,-1.75,25.0,1665.18,8.3,1044.34,89549.2,19.8,0.0446745990313023,486.077128765396,5.748146475330375,84.56764285401104,0.3269556544854397,0.0383127499999999,191.1915573449853,190,Cardboard
184.3,-1.75,25.0,1665.18,8.3,1044.34,89549.2,19.8,0.0446745990313023,486.077128765396,5.748146475330375,84.56764285401104,0.3269556544854397,0.0383127499999999,191.1915573449853,190,Cardboard
184.3,-1.75,25.0,1665.18,8.3,1044.34,89549.2,19.8,0.0446745990313023,486.077128765396,5.748146475330375,84.56764285401104,0.3269556544854397,0.0383127499999999,191.1915573449853,190,Cardboard
184.0,-1.75,25.0,1598.41,7.98,1066.56,89405.3,19.8,0.0446745990313023,486.077128765396,5.748146475330375,84.56764285401104,0.3269556544854397,0.0383127499999999,191.1915573449853,190,Cardboard
184.0,-1.75,25.0,1598.41,7.98,1066.56,89405.3,19.8,0.0446745990313023,486.077128765396,5.748146475330375,84.56764285401104,0.3269556544854397,0.0383127499999999,191.1915573449853,190,Cardboard
184.0,-1.75,25.0,1598.41,7.98,1066.56,89405.3,19.8,0.0446745990313023,486.077128765396,5.748146475330375,84.56764285401104,0.3269556544854397,0.0383127499999999,191.1915573449853,190,Cardboard
184.0,-1.75,25.0,1598.41,7.98,1066.56,89405.3,19.8,0.0446745990313023,486.077128765396,5.748146475330375,84.56764285401104,0.3269556544854397,0.0383127499999999,191.1915573449853,190,Cardboard
184.0,-1.75,25.0,1598.41,7.98,1066.56,89405.3,19.8,0.0446745990313023,486.077128765396,5.748146475330375,84.56764285401104,0.3269556544854397,0.0383127499999999,191.1915573449853,190,Cardboard
184.0,-1.75,25.0,1598.41,7.98,1066.56,89405.3,19.8,0.0446745990313023,486.077128765396,5.748146475330375,84.56764285401104,0.3269556544854397,0.0383127499999999,191.1915573449853,190,Cardboard
183.5,-1.97,25.0,1629.72,8.14,1055.45,89026.9,19.8,0.0446745990313023,486.077128765396,5.748146475330375,84.56764285401104,0.3269556544854397,0.0383127499999999,191.1915573449853,190,Cardboard
183.5,-1.97,25.0,1629.72,8.14,1055.45,89026.9,19.8,0.0446745990313023,486.077128765396,5.748146475330375,84.56764285401104,0.3269556544854397,0.0383127499999999,191.1915573449853,190,Cardboard
183.5,-1.97,25.0,1629.72,8.14,1055.45,89026.9,19.8,0.0446745990313023,486.077128765396,5.748146475330375,84.56764285401104,0.3269556544854397,0.0383127499999999,191.1915573449853,190,Cardboard
183.5,-1.97,25.0,1629.72,8.14,1055.45,89026.9,19.8,0.0446745990313023,486.077128765396,5.748146475330375,84.56764285401104,0.3269556544854397,0.0383127499999999,191.1915573449853,190,Cardboard
183.5,-1.97,25.0,1629.72,8.14,1055.45,89026.9,19.8,0.0446745990313023,486.077128765396,5.748146475330375,84.56764285401104,0.3269556544854397,0.0383127499999999,191.1915573449853,190,Cardboard
183.5,0.0,25.0,1700.9,8.49,1055.45,89430.5,19.8,0.0446745990313023,486.077128765396,5.748146475330375,84.56764285401104,0.3269556544854397,0.0383127499999999,191.1915573449853,190,Cardboard
183.5,0.0,25.0,1700.9,8.49,1055.45,89430.5,19.8,0.0446745990313023,486.077128765396,5.748146475330375,84.56764285401104,0.3269556544854397,0.0383127499999999,191.1915573449853,190,Cardboard
183.5,0.0,25.0,1700.9,8.49,1055.45,89430.5,19.8,0.0446745990313023,486.077128765396,5.748146475330375,84.56764285401104,0.3269556544854397,0.0383127499999999,191.1915573449853,190,Cardboard
183.5,0.0,25.0,1700.9,8.49,1055.45,89430.5,19.8,0.0446745990313023,486.077128765396,5.748146475330375,84.56764285401104,0.3269556544854397,0.0383127499999999,191.1915573449853,190,Cardboard
183.5,0.0,25.0,1700.9,8.49,1055.45,89430.5,19.8,0.0446745990313023,486.077128765396,5.748146475330375,84.56764285401104,0.3269556544854397,0.0383127499999999,191.1915573449853,190,Cardboard
194.8,0.0,25.0,2000.25,10.09,1011.01,106282.2,19.8,0.0481280558275535,549.1410197590892,5.471289255664862,100.39311689021228,0.2051828452868381,0.078111,1338.9365075592602,200,Cardboard
194.8,0.0,25.0,2000.25,10.09,1011.01,106282.2,19.8,0.0481280558275535,549.1410197590892,5.471289255664862,100.39311689021228,0.2051828452868381,0.078111,1338.9365075592602,200,Cardboard
194.4,-1.75,25.0,1852.22,9.34,1077.67,108301.9,19.8,0.0481280558275535,549.1410197590892,5.471289255664862,100.39311689021228,0.2051828452868381,0.078111,1338.9365075592602,200,Cardboard
194.4,-1.75,25.0,1852.22,9.34,1077.67,108301.9,19.8,0.0481280558275535,549.1410197590892,5.471289255664862,100.39311689021228,0.2051828452868381,0.078111,1338.9365075592602,200,Cardboard
194.4,-1.75,25.0,1852.22,9.34,1077.67,108301.9,19.8,0.0481280558275535,549.1410197590892,5.471289255664862,100.39311689021228,0.2051828452868381,0.078111,1338.9365075592602,200,Cardboard
194.4,-1.75,25.0,1852.22,9.34,1077.67,108301.9,19.8,0.0481280558275535,549.1410197590892,5.471289255664862,100.39311689021228,0.2051828452868381,0.078111,1338.9365075592602,200,Cardboard
194.4,-1.75,25.0,1852.22,9.34,1077.67,108301.9,19.8,0.0481280558275535,549.1410197590892,5.471289255664862,100.39311689021228,0.2051828452868381,0.078111,1338.9365075592602,200,Cardboard
194.4,0.0,25.0,1872.65,9.44,1077.67,107680.0,19.8,0.0481280558275535,549.1410197590892,5.471289255664862,100.39311689021228,0.2051828452868381,0.078111,1338.9365075592602,200,Cardboard
194.4,0.0,25.0,1872.65,9.44,1077.67,107680.0,19.8,0.0481280558275535,549.1410197590892,5.471289255664862,100.39311689021228,0.2051828452868381,0.078111,1338.9365075592602,200,Cardboard
194.4,0.0,25.0,1872.65,9.44,1077.67,107680.0,19.8,0.0481280558275535,549.1410197590892,5.471289255664862,100.39311689021228,0.2051828452868381,0.078111,1338.9365075592602,200,Cardboard
194.4,0.0,25.0,1872.65,9.44,1077.67,107680.0,19.8,0.0481280558275535,549.1410197590892,5.471289255664862,100.39311689021228,0.2051828452868381,0.078111,1338.9365075592602,200,Cardboard
194.4,0.0,25.0,1872.65,9.44,1077.67,107680.0,19.8,0.0481280558275535,549.1410197590892,5.471289255664862,100.39311689021228,0.2051828452868381,0.078111,1338.9365075592602,200,Cardboard
194.1,-1.53,25.0,1804.46,9.1,1055.45,105381.6,19.8,0.0481280558275535,549.1410197590892,5.471289255664862,100.39311689021228,0.2051828452868381,0.078111,1338.9365075592602,200,Cardboard
194.1,-1.53,25.0,1804.46,9.1,1055.45,105381.6,19.8,0.0481280558275535,549.1410197590892,5.471289255664862,100.39311689021228,0.2051828452868381,0.078111,1338.9365075592602,200,Cardboard
194.1,-1.53,25.0,1804.46,9.1,1055.45,105381.6,19.8,0.0481280558275535,549.1410197590892,5.471289255664862,100.39311689021228,0.2051828452868381,0.078111,1338.9365075592602,200,Cardboard
194.1,-1.53,25.0,1804.46,9.1,1055.45,105381.6,19.8,0.0481280558275535,549.1410197590892,5.471289255664862,100.39311689021228,0.2051828452868381,0.078111,1338.9365075592602,200,Cardboard
194.1,-1.53,25.0,1804.46,9.1,1055.45,105381.6,19.8,0.0481280558275535,549.1410197590892,5.471289255664862,100.39311689021228,0.2051828452868381,0.078111,1338.9365075592602,200,Cardboard
194.1,-1.53,25.0,1804.46,9.1,1055.45,105381.6,19.8,0.0481280558275535,549.1410197590892,5.471289255664862,100.39311689021228,0.2051828452868381,0.078111,1338.9365075592602,200,Cardboard
194.2,0.44,25.0,1820.45,9.19,1066.56,104770.1,19.8,0.0481280558275535,549.1410197590892,5.471289255664862,100.39311689021228,0.2051828452868381,0.078111,1338.9365075592602,200,Cardboard
194.2,0.44,25.0,1820.45,9.19,1066.56,104770.1,19.8,0.0481280558275535,549.1410197590892,5.471289255664862,100.39311689021228,0.2051828452868381,0.078111,1338.9365075592602,200,Cardboard
204.1,0.0,25.0,1451.88,7.3,1122.11,75376.9,19.8,0.0354483096521313,371.934076433121,5.628486036256739,66.3795659375337,2.8421709430404014e-14,0.005875,3432.2423156698924,210,Cardboard
204.1,0.0,25.0,1451.88,7.3,1122.11,75376.9,19.8,0.0354483096521313,371.934076433121,5.628486036256739,66.3795659375337,2.8421709430404014e-14,0.005875,3432.2423156698924,210,Cardboard
204.1,0.0,25.0,1451.88,7.3,1122.11,75376.9,19.8,0.0354483096521313,371.934076433121,5.628486036256739,66.3795659375337,2.8421709430404014e-14,0.005875,3432.2423156698924,210,Cardboard
204.1,0.0,25.0,1451.88,7.3,1122.11,75376.9,19.8,0.0354483096521313,371.934076433121,5.628486036256739,66.3795659375337,2.8421709430404014e-14,0.005875,3432.2423156698924,210,Cardboard
204.1,0.0,25.0,1451.88,7.3,1122.11,75376.9,19.8,0.0354483096521313,371.934076433121,5.628486036256739,66.3795659375337,2.8421709430404014e-14,0.005875,3432.2423156698924,210,Cardboard
204.1,0.0,25.0,1436.3,7.22,1310.98,80923.6,19.8,0.0354483096521313,371.934076433121,5.628486036256739,66.3795659375337,2.8421709430404014e-14,0.005875,3432.2423156698924,210,Cardboard
204.1,0.0,25.0,1436.3,7.22,1310.98,80923.6,19.8,0.0354483096521313,371.934076433121,5.628486036256739,66.3795659375337,2.8421709430404014e-14,0.005875,3432.2423156698924,210,Cardboard
204.1,0.0,25.0,1436.3,7.22,1310.98,80923.6,19.8,0.0354483096521313,371.934076433121,5.628486036256739,66.3795659375337,2.8421709430404014e-14,0.005875,3432.2423156698924,210,Cardboard
204.1,0.0,25.0,1436.3,7.22,1310.98,80923.6,19.8,0.0354483096521313,371.934076433121,5.628486036256739,66.3795659375337,2.8421709430404014e-14,0.005875,3432.2423156698924,210,Cardboard
204.1,0.0,25.0,1436.3,7.22,1310.98,80923.6,19.8,0.0354483096521313,371.934076433121,5.628486036256739,66.3795659375337,2.8421709430404014e-14,0.005875,3432.2423156698924,210,Cardboard
204.1,0.0,25.0,1436.3,7.22,1310.98,80923.6,19.8,0.0354483096521313,371.934076433121,5.628486036256739,66.3795659375337,2.8421709430404014e-14,0.005875,3432.2423156698924,210,Cardboard
204.1,0.0,25.0,1418.2,7.12,1055.45,72792.0,19.8,0.0354483096521313,371.934076433121,5.628486036256739,66.3795659375337,2.8421709430404014e-14,0.005875,3432.2423156698924,210,Cardboard
204.1,0.0,25.0,1418.2,7.12,1055.45,72792.0,19.8,0.0354483096521313,371.934076433121,5.628486036256739,66.3795659375337,2.8421709430404014e-14,0.005875,3432.2423156698924,210,Cardboard
204.1,0.0,25.0,1418.2,7.12,1055.45,72792.0,19.8,0.0354483096521313,371.934076433121,5.628486036256739,66.3795659375337,2.8421709430404014e-14,0.005875,3432.2423156698924,210,Cardboard
204.1,0.0,25.0,1418.2,7.12,1055.45,72792.0,19.8,0.0354483096521313,371.934076433121,5.628486036256739,66.3795659375337,2.8421709430404014e-14,0.005875,3432.2423156698924,210,Cardboard
204.1,0.0,25.0,1418.2,7.12,1055.45,72792.0,19.8,0.0354483096521313,371.934076433121,5.628486036256739,66.3795659375337,2.8421709430404014e-14,0.005875,3432.2423156698924,210,Cardboard
204.1,0.0,25.0,1460.35,7.32,1055.45,72962.2,19.8,0.0354483096521313,371.934076433121,5.628486036256739,66.3795659375337,2.8421709430404014e-14,0.005875,3432.2423156698924,210,Cardboard
204.1,0.0,25.0,1460.35,7.32,1055.45,72962.2,19.8,0.0354483096521313,371.934076433121,5.628486036256739,66.3795659375337,2.8421709430404014e-14,0.005875,3432.2423156698924,210,Cardboard
204.1,0.0,25.0,1460.35,7.32,1055.45,72962.2,19.8,0.0354483096521313,371.934076433121,5.628486036256739,66.3795659375337,2.8421709430404014e-14,0.005875,3432.2423156698924,210,Cardboard
204.1,0.0,25.0,1460.35,7.32,1055.45,72962.2,19.8,0.0354483096521313,371.934076433121,5.628486036256739,66.3795659375337,2.8421709430404014e-14,0.005875,3432.2423156698924,210,Cardboard
214.9,0.0,25.0,1764.6,8.89,999.9,87911.0,19.8,0.0420280660556018,403.9436370513056,4.496215449046066,89.89969195555189,0.0433012701892194,0.0266249999999999,947.395833574859,220,Cardboard
214.9,0.0,25.0,1764.6,8.89,999.9,87911.0,19.8,0.0420280660556018,403.9436370513056,4.496215449046066,89.89969195555189,0.0433012701892194,0.0266249999999999,947.395833574859,220,Cardboard
214.9,0.0,25.0,1764.6,8.89,999.9,87911.0,19.8,0.0420280660556018,403.9436370513056,4.496215449046066,89.89969195555189,0.0433012701892194,0.0266249999999999,947.395833574859,220,Cardboard
214.9,0.0,25.0,1764.6,8.89,999.9,87911.0,19.8,0.0420280660556018,403.9436370513056,4.496215449046066,89.89969195555189,0.0433012701892194,0.0266249999999999,947.395833574859,220,Cardboard
214.9,0.0,25.0,1764.6,8.89,999.9,87911.0,19.8,0.0420280660556018,403.9436370513056,4.496215449046066,89.89969195555189,0.0433012701892194,0.0266249999999999,947.395833574859,220,Cardboard
215.0,0.22,25.0,1774.02,8.94,988.79,87486.0,19.8,0.0420280660556018,403.9436370513056,4.496215449046066,89.89969195555189,0.0433012701892194,0.0266249999999999,947.395833574859,220,Cardboard
215.0,0.22,25.0,1774.02,8.94,988.79,87486.0,19.8,0.0420280660556018,403.9436370513056,4.496215449046066,89.89969195555189,0.0433012701892194,0.0266249999999999,947.395833574859,220,Cardboard
215.0,0.22,25.0,1774.02,8.94,988.79,87486.0,19.8,0.0420280660556018,403.9436370513056,4.496215449046066,89.89969195555189,0.0433012701892194,0.0266249999999999,947.395833574859,220,Cardboard
215.0,0.22,25.0,1774.02,8.94,988.79,87486.0,19.8,0.0420280660556018,403.9436370513056,4.496215449046066,89.89969195555189,0.0433012701892194,0.0266249999999999,947.395833574859,220,Cardboard
215.0,0.22,25.0,1774.02,8.94,988.79,87486.0,19.8,0.0420280660556018,403.9436370513056,4.496215449046066,89.89969195555189,0.0433012701892194,0.0266249999999999,947.395833574859,220,Cardboard
215.0,0.22,25.0,1774.02,8.94,988.79,87486.0,19.8,0.0420280660556018,403.9436370513056,4.496215449046066,89.89969195555189,0.0433012701892194,0.0266249999999999,947.395833574859,220,Cardboard
215.0,0.0,25.0,1794.34,9.05,933.24,85694.5,19.8,0.0420280660556018,403.9436370513056,4.496215449046066,89.89969195555189,0.0433012701892194,0.0266249999999999,947.395833574859,220,Cardboard
215.0,0.0,25.0,1794.34,9.05,933.24,85694.5,19.8,0.0420280660556018,403.9436370513056,4.496215449046066,89.89969195555189,0.0433012701892194,0.0266249999999999,947.395833574859,220,Cardboard
215.0,0.0,25.0,1794.34,9.05,933.24,85694.5,19.8,0.0420280660556018,403.9436370513056,4.496215449046066,89.89969195555189,0.0433012701892194,0.0266249999999999,947.395833574859,220,Cardboard
215.0,0.0,25.0,1794.34,9.05,933.24,85694.5,19.8,0.0420280660556018,403.9436370513056,4.496215449046066,89.89969195555189,0.0433012701892194,0.0266249999999999,947.395833574859,220,Cardboard
215.0,0.0,25.0,1794.34,9.05,933.24,85694.5,19.8,0.0420280660556018,403.9436370513056,4.496215449046066,89.89969195555189,0.0433012701892194,0.0266249999999999,947.395833574859,220,Cardboard
215.0,0.0,25.0,1849.22,9.34,933.24,85952.4,19.8,0.0420280660556018,403.9436370513056,4.496215449046066,89.89969195555189,0.0433012701892194,0.0266249999999999,947.395833574859,220,Cardboard
215.0,0.0,25.0,1849.22,9.34,933.24,85952.4,19.8,0.0420280660556018,403.9436370513056,4.496215449046066,89.89969195555189,0.0433012701892194,0.0266249999999999,947.395833574859,220,Cardboard
215.0,0.0,25.0,1849.22,9.34,933.24,85952.4,19.8,0.0420280660556018,403.9436370513056,4.496215449046066,89.89969195555189,0.0433012701892194,0.0266249999999999,947.395833574859,220,Cardboard
215.0,0.0,25.0,1849.22,9.34,933.24,85952.4,19.8,0.0420280660556018,403.9436370513056,4.496215449046066,89.89969195555189,0.0433012701892194,0.0266249999999999,947.395833574859,220,Cardboard
224.3,-0.44,25.0,1455.54,7.28,1033.23,76393.3,19.8,0.0320680769895028,344.7561142053081,4.601077529690513,74.93998801418705,0.1122497216032209,0.00265275,574.974760228654,230,Cardboard
224.3,-0.44,25.0,1455.54,7.28,1033.23,76393.3,19.8,0.0320680769895028,344.7561142053081,4.601077529690513,74.93998801418705,0.1122497216032209,0.00265275,574.974760228654,230,Cardboard
224.3,0.0,25.0,1423.55,7.13,1044.34,77390.8,19.8,0.0320680769895028,344.7561142053081,4.601077529690513,74.93998801418705,0.1122497216032209,0.00265275,574.974760228654,230,Cardboard
224.3,0.0,25.0,1423.55,7.13,1044.34,77390.8,19.8,0.0320680769895028,344.7561142053081,4.601077529690513,74.93998801418705,0.1122497216032209,0.00265275,574.974760228654,230,Cardboard
224.3,0.0,25.0,1423.55,7.13,1044.34,77390.8,19.8,0.0320680769895028,344.7561142053081,4.601077529690513,74.93998801418705,0.1122497216032209,0.00265275,574.974760228654,230,Cardboard
224.3,0.0,25.0,1423.55,7.13,1044.34,77390.8,19.8,0.0320680769895028,344.7561142053081,4.601077529690513,74.93998801418705,0.1122497216032209,0.00265275,574.974760228654,230,Cardboard
224.3,0.0,25.0,1423.55,7.13,1044.34,77390.8,19.8,0.0320680769895028,344.7561142053081,4.601077529690513,74.93998801418705,0.1122497216032209,0.00265275,574.974760228654,230,Cardboard
224.3,0.0,25.0,1423.55,7.13,1044.34,77390.8,19.8,0.0320680769895028,344.7561142053081,4.601077529690513,74.93998801418705,0.1122497216032209,0.00265275,574.974760228654,230,Cardboard
224.5,1.09,25.0,1431.09,7.18,1044.34,78193.7,19.8,0.0320680769895028,344.7561142053081,4.601077529690513,74.93998801418705,0.1122497216032209,0.00265275,574.974760228654,230,Cardboard
224.5,1.09,25.0,1431.09,7.18,1044.34,78193.7,19.8,0.0320680769895028,344.7561142053081,4.601077529690513,74.93998801418705,0.1122497216032209,0.00265275,574.974760228654,230,Cardboard
224.5,1.09,25.0,1431.09,7.18,1044.34,78193.7,19.8,0.0320680769895028,344.7561142053081,4.601077529690513,74.93998801418705,0.1122497216032209,0.00265275,574.974760228654,230,Cardboard
224.5,1.09,25.0,1431.09,7.18,1044.34,78193.7,19.8,0.0320680769895028,344.7561142053081,4.601077529690513,74.93998801418705,0.1122497216032209,0.00265275,574.974760228654,230,Cardboard
224.5,1.09,25.0,1431.09,7.18,1044.34,78193.7,19.8,0.0320680769895028,344.7561142053081,4.601077529690513,74.93998801418705,0.1122497216032209,0.00265275,574.974760228654,230,Cardboard
224.2,-1.53,25.0,1444.84,7.24,1011.01,76986.5,19.8,0.0320680769895028,344.7561142053081,4.601077529690513,74.93998801418705,0.1122497216032209,0.00265275,574.974760228654,230,Cardboard
224.2,-1.53,25.0,1444.84,7.24,1011.01,76986.5,19.8,0.0320680769895028,344.7561142053081,4.601077529690513,74.93998801418705,0.1122497216032209,0.00265275,574.974760228654,230,Cardboard
224.2,-1.53,25.0,1444.84,7.24,1011.01,76986.5,19.8,0.0320680769895028,344.7561142053081,4.601077529690513,74.93998801418705,0.1122497216032209,0.00265275,574.974760228654,230,Cardboard
224.2,-1.53,25.0,1444.84,7.24,1011.01,76986.5,19.8,0.0320680769895028,344.7561142053081,4.601077529690513,74.93998801418705,0.1122497216032209,0.00265275,574.974760228654,230,Cardboard
224.2,-1.53,25.0,1444.84,7.24,1011.01,76986.5,19.8,0.0320680769895028,344.7561142053081,4.601077529690513,74.93998801418705,0.1122497216032209,0.00265275,574.974760228654,230,Cardboard
224.2,-1.53,25.0,1444.84,7.24,1011.01,76986.5,19.8,0.0320680769895028,344.7561142053081,4.601077529690513,74.93998801418705,0.1122497216032209,0.00265275,574.974760228654,230,Cardboard
224.3,0.44,25.0,1431.8,7.19,1022.12,76699.3,19.8,0.0320680769895028,344.7561142053081,4.601077529690513,74.93998801418705,0.1122497216032209,0.00265275,574.974760228654,230,Cardboard
235.2,0.22,25.0,1299.73,6.49,1222.1,77500.0,19.8,0.0285975747390308,325.06960587254224,5.080547645216455,64.01061739397706,0.17853571071357,0.02536875,1218.2567904592192,240,Cardboard
235.2,0.22,25.0,1299.73,6.49,1222.1,77500.0,19.8,0.0285975747390308,325.06960587254224,5.080547645216455,64.01061739397706,0.17853571071357,0.02536875,1218.2567904592192,240,Cardboard
235.2,0.22,25.0,1299.73,6.49,1222.1,77500.0,19.8,0.0285975747390308,325.06960587254224,5.080547645216455,64.01061739397706,0.17853571071357,0.02536875,1218.2567904592192,240,Cardboard
235.2,0.22,25.0,1299.73,6.49,1222.1,77500.0,19.8,0.0285975747390308,325.06960587254224,5.080547645216455,64.01061739397706,0.17853571071357,0.02536875,1218.2567904592192,240,Cardboard
235.2,0.22,25.0,1299.73,6.49,1222.1,77500.0,19.8,0.0285975747390308,325.06960587254224,5.080547645216455,64.01061739397706,0.17853571071357,0.02536875,1218.2567904592192,240,Cardboard
235.3,0.22,25.0,1346.65,6.73,1210.99,77146.8,19.8,0.0285975747390308,325.06960587254224,5.080547645216455,64.01061739397706,0.17853571071357,0.02536875,1218.2567904592192,240,Cardboard
235.3,0.22,25.0,1346.65,6.73,1210.99,77146.8,19.8,0.0285975747390308,325.06960587254224,5.080547645216455,64.01061739397706,0.17853571071357,0.02536875,1218.2567904592192,240,Cardboard
235.3,0.22,25.0,1346.65,6.73,1210.99,77146.8,19.8,0.0285975747390308,325.06960587254224,5.080547645216455,64.01061739397706,0.17853571071357,0.02536875,1218.2567904592192,240,Cardboard
235.3,0.22,25.0,1346.65,6.73,1210.99,77146.8,19.8,0.0285975747390308,325.06960587254224,5.080547645216455,64.01061739397706,0.17853571071357,0.02536875,1218.2567904592192,240,Cardboard
235.3,0.22,25.0,1346.65,6.73,1210.99,77146.8,19.8,0.0285975747390308,325.06960587254224,5.080547645216455,64.01061739397706,0.17853571071357,0.02536875,1218.2567904592192,240,Cardboard
234.9,-1.75,25.0,1345.91,6.73,1210.99,76645.8,19.8,0.0285975747390308,325.06960587254224,5.080547645216455,64.01061739397706,0.17853571071357,0.02536875,1218.2567904592192,240,Cardboard
234.9,-1.75,25.0,1345.91,6.73,1210.99,76645.8,19.8,0.0285975747390308,325.06960587254224,5.080547645216455,64.01061739397706,0.17853571071357,0.02536875,1218.2567904592192,240,Cardboard
234.9,-1.75,25.0,1345.91,6.73,1210.99,76645.8,19.8,0.0285975747390308,325.06960587254224,5.080547645216455,64.01061739397706,0.17853571071357,0.02536875,1218.2567904592192,240,Cardboard
234.9,-1.75,25.0,1345.91,6.73,1210.99,76645.8,19.8,0.0285975747390308,325.06960587254224,5.080547645216455,64.01061739397706,0.17853571071357,0.02536875,1218.2567904592192,240,Cardboard
234.9,-1.75,25.0,1345.91,6.73,1210.99,76645.8,19.8,0.0285975747390308,325.06960587254224,5.080547645216455,64.01061739397706,0.17853571071357,0.02536875,1218.2567904592192,240,Cardboard
234.9,0.0,25.0,1387.26,6.94,1133.22,74372.8,19.8,0.0285975747390308,325.06960587254224,5.080547645216455,64.01061739397706,0.17853571071357,0.02536875,1218.2567904592192,240,Cardboard
234.9,0.0,25.0,1387.26,6.94,1133.22,74372.8,19.8,0.0285975747390308,325.06960587254224,5.080547645216455,64.01061739397706,0.17853571071357,0.02536875,1218.2567904592192,240,Cardboard
234.9,0.0,25.0,1387.26,6.94,1133.22,74372.8,19.8,0.0285975747390308,325.06960587254224,5.080547645216455,64.01061739397706,0.17853571071357,0.02536875,1218.2567904592192,240,Cardboard
234.9,0.0,25.0,1387.26,6.94,1133.22,74372.8,19.8,0.0285975747390308,325.06960587254224,5.080547645216455,64.01061739397706,0.17853571071357,0.02536875,1218.2567904592192,240,Cardboard
234.9,0.0,25.0,1387.26,6.94,1133.22,74372.8,19.8,0.0285975747390308,325.06960587254224,5.080547645216455,64.01061739397706,0.17853571071357,0.02536875,1218.2567904592192,240,Cardboard
244.5,-0.22,25.0,972.24,4.9,1399.86,62266.6,19.8,0.0199018622282195,284.31641608435467,6.712926772477749,42.67316493471237,0.0433012701892194,0.00892275,6759.936076169656,250,Cardboard
244.5,-0.22,25.0,972.24,4.9,1399.86,62266.6,19.8,0.0199018622282195,284.31641608435467,6.712926772477749,42.67316493471237,0.0433012701892194,0.00892275,6759.936076169656,250,Cardboard
244.5,-0.22,25.0,972.24,4.9,1399.86,62266.6,19.8,0.0199018622282195,284.31641608435467,6.712926772477749,42.67316493471237,0.0433012701892194,0.00892275,6759.936076169656,250,Cardboard
244.5,-0.22,25.0,972.24,4.9,1399.86,62266.6,19.8,0.0199018622282195,284.31641608435467,6.712926772477749,42.67316493471237,0.0433012701892194,0.00892275,6759.936076169656,250,Cardboard
244.5,0.0,25.0,990.18,4.98,1399.86,63110.4,19.8,0.0199018622282195,284.31641608435467,6.712926772477749,42.67316493471237,0.0433012701892194,0.00892275,6759.936076169656,250,Cardboard
244.5,0.0,25.0,990.18,4.98,1399.86,63110.4,19.8,0.0199018622282195,284.31641608435467,6.712926772477749,42.67316493471237,0.0433012701892194,0.00892275,6759.936076169656,250,Cardboard
244.5,0.0,25.0,990.18,4.98,1399.86,63110.4,19.8,0.0199018622282195,284.31641608435467,6.712926772477749,42.67316493471237,0.0433012701892194,0.00892275,6759.936076169656,250,Cardboard
244.5,0.0,25.0,990.18,4.98,1399.86,63110.4,19.8,0.0199018622282195,284.31641608435467,6.712926772477749,42.67316493471237,0.0433012701892194,0.00892275,6759.936076169656,250,Cardboard
244.5,0.0,25.0,990.18,4.98,1399.86,63110.4,19.8,0.0199018622282195,284.31641608435467,6.712926772477749,42.67316493471237,0.0433012701892194,0.00892275,6759.936076169656,250,Cardboard
244.5,0.0,25.0,990.18,4.98,1399.86,63110.4,19.8,0.0199018622282195,284.31641608435467,6.712926772477749,42.67316493471237,0.0433012701892194,0.00892275,6759.936076169656,250,Cardboard
244.5,0.22,25.0,941.44,4.73,1888.7,75974.8,19.8,0.0199018622282195,284.31641608435467,6.712926772477749,42.67316493471237,0.0433012701892194,0.00892275,6759.936076169656,250,Cardboard
244.5,0.22,25.0,941.44,4.73,1888.7,75974.8,19.8,0.0199018622282195,284.31641608435467,6.712926772477749,42.67316493471237,0.0433012701892194,0.00892275,6759.936076169656,250,Cardboard
244.5,0.22,25.0,941.44,4.73,1888.7,75974.8,19.8,0.0199018622282195,284.31641608435467,6.712926772477749,42.67316493471237,0.0433012701892194,0.00892275,6759.936076169656,250,Cardboard
244.5,0.22,25.0,941.44,4.73,1888.7,75974.8,19.8,0.0199018622282195,284.31641608435467,6.712926772477749,42.67316493471237,0.0433012701892194,0.00892275,6759.936076169656,250,Cardboard
244.5,0.22,25.0,941.44,4.73,1888.7,75974.8,19.8,0.0199018622282195,284.31641608435467,6.712926772477749,42.67316493471237,0.0433012701892194,0.00892275,6759.936076169656,250,Cardboard
244.6,0.22,25.0,963.79,4.84,1877.59,76572.2,19.8,0.0199018622282195,284.31641608435467,6.712926772477749,42.67316493471237,0.0433012701892194,0.00892275,6759.936076169656,250,Cardboard
244.6,0.22,25.0,963.79,4.84,1877.59,76572.2,19.8,0.0199018622282195,284.31641608435467,6.712926772477749,42.67316493471237,0.0433012701892194,0.00892275,6759.936076169656,250,Cardboard
244.6,0.22,25.0,963.79,4.84,1877.59,76572.2,19.8,0.0199018622282195,284.31641608435467,6.712926772477749,42.67316493471237,0.0433012701892194,0.00892275,6759.936076169656,250,Cardboard
244.6,0.22,25.0,963.79,4.84,1877.59,76572.2,19.8,0.0199018622282195,284.31641608435467,6.712926772477749,42.67316493471237,0.0433012701892194,0.00892275,6759.936076169656,250,Cardboard
244.6,0.22,25.0,963.79,4.84,1877.59,76572.2,19.8,0.0199018622282195,284.31641608435467,6.712926772477749,42.67316493471237,0.0433012701892194,0.00892275,6759.936076169656,250,Cardboard
256.0,-1.97,25.0,1259.41,6.36,1111.0,66867.1,19.8,0.0240493281988167,258.63239577661017,4.357945284885799,59.34708219516822,0.3316624790355447,0.0206947499999999,973.8501180879964,260,Cardboard
256.0,-1.97,25.0,1259.41,6.36,1111.0,66867.1,19.8,0.0240493281988167,258.63239577661017,4.357945284885799,59.34708219516822,0.3316624790355447,0.0206947499999999,973.8501180879964,260,Cardboard
256.0,-1.97,25.0,1259.41,6.36,1111.0,66867.1,19.8,0.0240493281988167,258.63239577661017,4.357945284885799,59.34708219516822,0.3316624790355447,0.0206947499999999,973.8501180879964,260,Cardboard
256.0,-1.97,25.0,1259.41,6.36,1111.0,66867.1,19.8,0.0240493281988167,258.63239577661017,4.357945284885799,59.34708219516822,0.3316624790355447,0.0206947499999999,973.8501180879964,260,Cardboard
256.0,0.0,25.0,1226.05,6.2,1122.11,67128.6,19.8,0.0240493281988167,258.63239577661017,4.357945284885799,59.34708219516822,0.3316624790355447,0.0206947499999999,973.8501180879964,260,Cardboard
256.0,0.0,25.0,1226.05,6.2,1122.11,67128.6,19.8,0.0240493281988167,258.63239577661017,4.357945284885799,59.34708219516822,0.3316624790355447,0.0206947499999999,973.8501180879964,260,Cardboard
256.0,0.0,25.0,1226.05,6.2,1122.11,67128.6,19.8,0.0240493281988167,258.63239577661017,4.357945284885799,59.34708219516822,0.3316624790355447,0.0206947499999999,973.8501180879964,260,Cardboard
256.0,0.0,25.0,1226.05,6.2,1122.11,67128.6,19.8,0.0240493281988167,258.63239577661017,4.357945284885799,59.34708219516822,0.3316624790355447,0.0206947499999999,973.8501180879964,260,Cardboard
256.0,0.0,25.0,1226.05,6.2,1122.11,67128.6,19.8,0.0240493281988167,258.63239577661017,4.357945284885799,59.34708219516822,0.3316624790355447,0.0206947499999999,973.8501180879964,260,Cardboard
256.0,0.0,25.0,1226.05,6.2,1122.11,67128.6,19.8,0.0240493281988167,258.63239577661017,4.357945284885799,59.34708219516822,0.3316624790355447,0.0206947499999999,973.8501180879964,260,Cardboard
255.6,-1.97,25.0,1173.6,5.94,1122.11,65785.3,19.8,0.0240493281988167,258.63239577661017,4.357945284885799,59.34708219516822,0.3316624790355447,0.0206947499999999,973.8501180879964,260,Cardboard
255.6,-1.97,25.0,1173.6,5.94,1122.11,65785.3,19.8,0.0240493281988167,258.63239577661017,4.357945284885799,59.34708219516822,0.3316624790355447,0.0206947499999999,973.8501180879964,260,Cardboard
255.6,-1.97,25.0,1173.6,5.94,1122.11,65785.3,19.8,0.0240493281988167,258.63239577661017,4.357945284885799,59.34708219516822,0.3316624790355447,0.0206947499999999,973.8501180879964,260,Cardboard
255.6,-1.97,25.0,1173.6,5.94,1122.11,65785.3,19.8,0.0240493281988167,258.63239577661017,4.357945284885799,59.34708219516822,0.3316624790355447,0.0206947499999999,973.8501180879964,260,Cardboard
255.6,-1.97,25.0,1173.6,5.94,1122.11,65785.3,19.8,0.0240493281988167,258.63239577661017,4.357945284885799,59.34708219516822,0.3316624790355447,0.0206947499999999,973.8501180879964,260,Cardboard
255.2,-1.97,25.0,1212.21,6.13,1099.89,64700.5,19.8,0.0240493281988167,258.63239577661017,4.357945284885799,59.34708219516822,0.3316624790355447,0.0206947499999999,973.8501180879964,260,Cardboard
255.2,-1.97,25.0,1212.21,6.13,1099.89,64700.5,19.8,0.0240493281988167,258.63239577661017,4.357945284885799,59.34708219516822,0.3316624790355447,0.0206947499999999,973.8501180879964,260,Cardboard
255.2,-1.97,25.0,1212.21,6.13,1099.89,64700.5,19.8,0.0240493281988167,258.63239577661017,4.357945284885799,59.34708219516822,0.3316624790355447,0.0206947499999999,973.8501180879964,260,Cardboard
255.2,-1.97,25.0,1212.21,6.13,1099.89,64700.5,19.8,0.0240493281988167,258.63239577661017,4.357945284885799,59.34708219516822,0.3316624790355447,0.0206947499999999,973.8501180879964,260,Cardboard
255.2,-1.97,25.0,1212.21,6.13,1099.89,64700.5,19.8,0.0240493281988167,258.63239577661017,4.357945284885799,59.34708219516822,0.3316624790355447,0.0206947499999999,973.8501180879964,260,Cardboard
265.7,0.66,25.0,1262.77,6.28,1388.75,84392.5,19.8,0.0244205143475799,326.9289596131915,5.266984707261338,62.08486802901679,0.040000000000009,0.0413947499999999,1499.5781227648672,270,Cardboard
265.7,0.66,25.0,1262.77,6.28,1388.75,84392.5,19.8,0.0244205143475799,326.9289596131915,5.266984707261338,62.08486802901679,0.040000000000009,0.0413947499999999,1499.5781227648672,270,Cardboard
265.7,0.66,25.0,1262.77,6.28,1388.75,84392.5,19.8,0.0244205143475799,326.9289596131915,5.266984707261338,62.08486802901679,0.040000000000009,0.0413947499999999,1499.5781227648672,270,Cardboard
265.7,0.66,25.0,1262.77,6.28,1388.75,84392.5,19.8,0.0244205143475799,326.9289596131915,5.266984707261338,62.08486802901679,0.040000000000009,0.0413947499999999,1499.5781227648672,270,Cardboard
265.8,0.66,25.0,1369.01,6.81,1388.75,86861.4,19.8,0.0244205143475799,326.9289596131915,5.266984707261338,62.08486802901679,0.040000000000009,0.0413947499999999,1499.5781227648672,270,Cardboard
265.8,0.66,25.0,1369.01,6.81,1388.75,86861.4,19.8,0.0244205143475799,326.9289596131915,5.266984707261338,62.08486802901679,0.040000000000009,0.0413947499999999,1499.5781227648672,270,Cardboard
265.8,0.66,25.0,1369.01,6.81,1388.75,86861.4,19.8,0.0244205143475799,326.9289596131915,5.266984707261338,62.08486802901679,0.040000000000009,0.0413947499999999,1499.5781227648672,270,Cardboard
265.8,0.66,25.0,1369.01,6.81,1388.75,86861.4,19.8,0.0244205143475799,326.9289596131915,5.266984707261338,62.08486802901679,0.040000000000009,0.0413947499999999,1499.5781227648672,270,Cardboard
265.8,0.66,25.0,1369.01,6.81,1388.75,86861.4,19.8,0.0244205143475799,326.9289596131915,5.266984707261338,62.08486802901679,0.040000000000009,0.0413947499999999,1499.5781227648672,270,Cardboard
265.8,0.0,25.0,1274.18,6.34,1444.3,88711.3,19.8,0.0244205143475799,326.9289596131915,5.266984707261338,62.08486802901679,0.040000000000009,0.0413947499999999,1499.5781227648672,270,Cardboard
265.8,0.0,25.0,1274.18,6.34,1444.3,88711.3,19.8,0.0244205143475799,326.9289596131915,5.266984707261338,62.08486802901679,0.040000000000009,0.0413947499999999,1499.5781227648672,270,Cardboard
265.8,0.0,25.0,1274.18,6.34,1444.3,88711.3,19.8,0.0244205143475799,326.9289596131915,5.266984707261338,62.08486802901679,0.040000000000009,0.0413947499999999,1499.5781227648672,270,Cardboard
265.8,0.0,25.0,1274.18,6.34,1444.3,88711.3,19.8,0.0244205143475799,326.9289596131915,5.266984707261338,62.08486802901679,0.040000000000009,0.0413947499999999,1499.5781227648672,270,Cardboard
265.8,0.0,25.0,1274.18,6.34,1444.3,88711.3,19.8,0.0244205143475799,326.9289596131915,5.266984707261338,62.08486802901679,0.040000000000009,0.0413947499999999,1499.5781227648672,270,Cardboard
265.8,0.0,25.0,1274.18,6.34,1444.3,88711.3,19.8,0.0244205143475799,326.9289596131915,5.266984707261338,62.08486802901679,0.040000000000009,0.0413947499999999,1499.5781227648672,270,Cardboard
265.8,-0.44,25.0,1312.3,6.52,1366.53,86736.5,19.8,0.0244205143475799,326.9289596131915,5.266984707261338,62.08486802901679,0.040000000000009,0.0413947499999999,1499.5781227648672,270,Cardboard
265.8,-0.44,25.0,1312.3,6.52,1366.53,86736.5,19.8,0.0244205143475799,326.9289596131915,5.266984707261338,62.08486802901679,0.040000000000009,0.0413947499999999,1499.5781227648672,270,Cardboard
265.8,-0.44,25.0,1312.3,6.52,1366.53,86736.5,19.8,0.0244205143475799,326.9289596131915,5.266984707261338,62.08486802901679,0.040000000000009,0.0413947499999999,1499.5781227648672,270,Cardboard
265.8,-0.44,25.0,1312.3,6.52,1366.53,86736.5,19.8,0.0244205143475799,326.9289596131915,5.266984707261338,62.08486802901679,0.040000000000009,0.0413947499999999,1499.5781227648672,270,Cardboard
265.8,-0.44,25.0,1312.3,6.52,1366.53,86736.5,19.8,0.0244205143475799,326.9289596131915,5.266984707261338,62.08486802901679,0.040000000000009,0.0413947499999999,1499.5781227648672,270,Cardboard
277.1,-0.22,25.0,1204.53,6.02,1877.59,86029.2,19.8,0.0216398933252732,303.01173618068515,6.240225971804416,49.30287034956158,0.0476969600708581,0.028605,9697.295802123135,280,Cardboard
277.1,0.0,25.0,1184.42,5.92,1288.76,70399.7,19.8,0.0216398933252732,303.01173618068515,6.240225971804416,49.30287034956158,0.0476969600708581,0.028605,9697.295802123135,280,Cardboard
277.1,0.0,25.0,1184.42,5.92,1288.76,70399.7,19.8,0.0216398933252732,303.01173618068515,6.240225971804416,49.30287034956158,0.0476969600708581,0.028605,9697.295802123135,280,Cardboard
277.1,0.0,25.0,1184.42,5.92,1288.76,70399.7,19.8,0.0216398933252732,303.01173618068515,6.240225971804416,49.30287034956158,0.0476969600708581,0.028605,9697.295802123135,280,Cardboard
277.1,0.0,25.0,1184.42,5.92,1288.76,70399.7,19.8,0.0216398933252732,303.01173618068515,6.240225971804416,49.30287034956158,0.0476969600708581,0.028605,9697.295802123135,280,Cardboard
277.1,0.0,25.0,1184.42,5.92,1288.76,70399.7,19.8,0.0216398933252732,303.01173618068515,6.240225971804416,49.30287034956158,0.0476969600708581,0.028605,9697.295802123135,280,Cardboard
277.1,0.0,25.0,1184.42,5.92,1288.76,70399.7,19.8,0.0216398933252732,303.01173618068515,6.240225971804416,49.30287034956158,0.0476969600708581,0.028605,9697.295802123135,280,Cardboard
277.0,-0.44,25.0,1154.82,5.78,2033.13,92100.9,19.8,0.0216398933252732,303.01173618068515,6.240225971804416,49.30287034956158,0.0476969600708581,0.028605,9697.295802123135,280,Cardboard
277.0,-0.44,25.0,1154.82,5.78,2033.13,92100.9,19.8,0.0216398933252732,303.01173618068515,6.240225971804416,49.30287034956158,0.0476969600708581,0.028605,9697.295802123135,280,Cardboard
277.0,-0.44,25.0,1154.82,5.78,2033.13,92100.9,19.8,0.0216398933252732,303.01173618068515,6.240225971804416,49.30287034956158,0.0476969600708581,0.028605,9697.295802123135,280,Cardboard
277.0,-0.44,25.0,1154.82,5.78,2033.13,92100.9,19.8,0.0216398933252732,303.01173618068515,6.240225971804416,49.30287034956158,0.0476969600708581,0.028605,9697.295802123135,280,Cardboard
277.0,-0.44,25.0,1154.82,5.78,2033.13,92100.9,19.8,0.0216398933252732,303.01173618068515,6.240225971804416,49.30287034956158,0.0476969600708581,0.028605,9697.295802123135,280,Cardboard
277.0,-0.22,25.0,1228.06,6.15,1966.47,92026.3,19.7,0.0216398933252732,303.01173618068515,6.240225971804416,49.30287034956158,0.0476969600708581,0.028605,9697.295802123135,280,Cardboard
277.0,-0.22,25.0,1228.06,6.15,1966.47,92026.3,19.7,0.0216398933252732,303.01173618068515,6.240225971804416,49.30287034956158,0.0476969600708581,0.028605,9697.295802123135,280,Cardboard
277.0,-0.22,25.0,1228.06,6.15,1966.47,92026.3,19.7,0.0216398933252732,303.01173618068515,6.240225971804416,49.30287034956158,0.0476969600708581,0.028605,9697.295802123135,280,Cardboard
277.0,-0.22,25.0,1228.06,6.15,1966.47,92026.3,19.7,0.0216398933252732,303.01173618068515,6.240225971804416,49.30287034956158,0.0476969600708581,0.028605,9697.295802123135,280,Cardboard
277.0,-0.22,25.0,1228.06,6.15,1966.47,92026.3,19.7,0.0216398933252732,303.01173618068515,6.240225971804416,49.30287034956158,0.0476969600708581,0.028605,9697.295802123135,280,Cardboard
277.0,-0.22,25.0,1228.06,6.15,1966.47,92026.3,19.7,0.0216398933252732,303.01173618068515,6.240225971804416,49.30287034956158,0.0476969600708581,0.028605,9697.295802123135,280,Cardboard
277.0,0.0,25.0,1251.43,6.28,1499.85,78889.4,19.8,0.0216398933252732,303.01173618068515,6.240225971804416,49.30287034956158,0.0476969600708581,0.028605,9697.295802123135,280,Cardboard
277.0,0.0,25.0,1251.43,6.28,1499.85,78889.4,19.8,0.0216398933252732,303.01173618068515,6.240225971804416,49.30287034956158,0.0476969600708581,0.028605,9697.295802123135,280,Cardboard
285.2,0.86,25.0,873.62,4.41,11321.09,391644.7,19.3,0.0161209581901365,1109.100385859228,32.31811733944589,34.39397214082929,0.1307669683062277,0.0263947499999999,127967.07629680222,290,Cardboard
285.2,0.86,25.0,873.62,4.41,11321.09,391644.7,19.3,0.0161209581901365,1109.100385859228,32.31811733944589,34.39397214082929,0.1307669683062277,0.0263947499999999,127967.07629680222,290,Cardboard
285.2,0.86,25.0,873.62,4.41,11321.09,391644.7,19.3,0.0161209581901365,1109.100385859228,32.31811733944589,34.39397214082929,0.1307669683062277,0.0263947499999999,127967.07629680222,290,Cardboard
285.2,0.86,25.0,873.62,4.41,11321.09,391644.7,19.3,0.0161209581901365,1109.100385859228,32.31811733944589,34.39397214082929,0.1307669683062277,0.0263947499999999,127967.07629680222,290,Cardboard
285.2,0.86,25.0,873.62,4.41,11321.09,391644.7,19.3,0.0161209581901365,1109.100385859228,32.31811733944589,34.39397214082929,0.1307669683062277,0.0263947499999999,127967.07629680222,290,Cardboard
285.2,0.86,25.0,873.62,4.41,11321.09,391644.7,19.3,0.0161209581901365,1109.100385859228,32.31811733944589,34.39397214082929,0.1307669683062277,0.0263947499999999,127967.07629680222,290,Cardboard
285.4,0.87,25.0,942.27,4.77,2733.06,94872.8,19.7,0.0161209581901365,1109.100385859228,32.31811733944589,34.39397214082929,0.1307669683062277,0.0263947499999999,127967.07629680222,290,Cardboard
285.4,0.87,25.0,942.27,4.77,2733.06,94872.8,19.7,0.0161209581901365,1109.100385859228,32.31811733944589,34.39397214082929,0.1307669683062277,0.0263947499999999,127967.07629680222,290,Cardboard
285.4,0.87,25.0,942.27,4.77,2733.06,94872.8,19.7,0.0161209581901365,1109.100385859228,32.31811733944589,34.39397214082929,0.1307669683062277,0.0263947499999999,127967.07629680222,290,Cardboard
285.4,0.87,25.0,942.27,4.77,2733.06,94872.8,19.7,0.0161209581901365,1109.100385859228,32.31811733944589,34.39397214082929,0.1307669683062277,0.0263947499999999,127967.07629680222,290,Cardboard
285.4,0.87,25.0,942.27,4.77,2733.06,94872.8,19.7,0.0161209581901365,1109.100385859228,32.31811733944589,34.39397214082929,0.1307669683062277,0.0263947499999999,127967.07629680222,290,Cardboard
285.4,0.21,25.0,896.37,4.54,11421.08,387867.1,19.3,0.0161209581901365,1109.100385859228,32.31811733944589,34.39397214082929,0.1307669683062277,0.0263947499999999,127967.07629680222,290,Cardboard
285.4,0.21,25.0,896.37,4.54,11421.08,387867.1,19.3,0.0161209581901365,1109.100385859228,32.31811733944589,34.39397214082929,0.1307669683062277,0.0263947499999999,127967.07629680222,290,Cardboard
285.4,0.21,25.0,896.37,4.54,11421.08,387867.1,19.3,0.0161209581901365,1109.100385859228,32.31811733944589,34.39397214082929,0.1307669683062277,0.0263947499999999,127967.07629680222,290,Cardboard
285.4,0.21,25.0,896.37,4.54,11421.08,387867.1,19.3,0.0161209581901365,1109.100385859228,32.31811733944589,34.39397214082929,0.1307669683062277,0.0263947499999999,127967.07629680222,290,Cardboard
285.4,0.21,25.0,896.37,4.54,11421.08,387867.1,19.3,0.0161209581901365,1109.100385859228,32.31811733944589,34.39397214082929,0.1307669683062277,0.0263947499999999,127967.07629680222,290,Cardboard
285.4,0.21,25.0,896.37,4.54,11421.08,387867.1,19.3,0.0161209581901365,1109.100385859228,32.31811733944589,34.39397214082929,0.1307669683062277,0.0263947499999999,127967.07629680222,290,Cardboard
285.6,0.86,25.0,949.85,4.82,11443.3,392829.2,19.3,0.0161209581901365,1109.100385859228,32.31811733944589,34.39397214082929,0.1307669683062277,0.0263947499999999,127967.07629680222,290,Cardboard
285.6,0.86,25.0,949.85,4.82,11443.3,392829.2,19.3,0.0161209581901365,1109.100385859228,32.31811733944589,34.39397214082929,0.1307669683062277,0.0263947499999999,127967.07629680222,290,Cardboard
285.6,0.86,25.0,949.85,4.82,11443.3,392829.2,19.3,0.0161209581901365,1109.100385859228,32.31811733944589,34.39397214082929,0.1307669683062277,0.0263947499999999,127967.07629680222,290,Cardboard
296.3,0.0,25.0,1267.05,6.33,1477.63,76449.4,19.8,0.0210647991900101,349.89080323995944,8.10471312858589,44.902904095661285,5.684341886080804e-14,0.0043627499999999,22567.00717420179,300,Cardboard
296.3,0.0,25.0,1267.05,6.33,1477.63,76449.4,19.8,0.0210647991900101,349.89080323995944,8.10471312858589,44.902904095661285,5.684341886080804e-14,0.0043627499999999,22567.00717420179,300,Cardboard
296.3,0.0,25.0,1261.39,6.3,1477.63,76151.3,19.8,0.0210647991900101,349.89080323995944,8.10471312858589,44.902904095661285,5.684341886080804e-14,0.0043627499999999,22567.00717420179,300,Cardboard
296.3,0.0,25.0,1261.39,6.3,1477.63,76151.3,19.8,0.0210647991900101,349.89080323995944,8.10471312858589,44.902904095661285,5.684341886080804e-14,0.0043627499999999,22567.00717420179,300,Cardboard
296.3,0.0,25.0,1261.39,6.3,1477.63,76151.3,19.8,0.0210647991900101,349.89080323995944,8.10471312858589,44.902904095661285,5.684341886080804e-14,0.0043627499999999,22567.00717420179,300,Cardboard
296.3,0.0,25.0,1261.39,6.3,1477.63,76151.3,19.8,0.0210647991900101,349.89080323995944,8.10471312858589,44.902904095661285,5.684341886080804e-14,0.0043627499999999,22567.00717420179,300,Cardboard
296.3,0.0,25.0,1261.39,6.3,1477.63,76151.3,19.8,0.0210647991900101,349.89080323995944,8.10471312858589,44.902904095661285,5.684341886080804e-14,0.0043627499999999,22567.00717420179,300,Cardboard
296.3,0.0,25.0,1261.39,6.3,1477.63,76151.3,19.8,0.0210647991900101,349.89080323995944,8.10471312858589,44.902904095661285,5.684341886080804e-14,0.0043627499999999,22567.00717420179,300,Cardboard
296.3,0.0,25.0,1240.04,6.2,2899.71,119975.7,19.7,0.0210647991900101,349.89080323995944,8.10471312858589,44.902904095661285,5.684341886080804e-14,0.0043627499999999,22567.00717420179,300,Cardboard
296.3,0.0,25.0,1240.04,6.2,2899.71,119975.7,19.7,0.0210647991900101,349.89080323995944,8.10471312858589,44.902904095661285,5.684341886080804e-14,0.0043627499999999,22567.00717420179,300,Cardboard
296.3,0.0,25.0,1240.04,6.2,2899.71,119975.7,19.7,0.0210647991900101,349.89080323995944,8.10471312858589,44.902904095661285,5.684341886080804e-14,0.0043627499999999,22567.00717420179,300,Cardboard
296.3,0.0,25.0,1240.04,6.2,2899.71,119975.7,19.7,0.0210647991900101,349.89080323995944,8.10471312858589,44.902904095661285,5.684341886080804e-14,0.0043627499999999,22567.00717420179,300,Cardboard
296.3,0.0,25.0,1240.04,6.2,2899.71,119975.7,19.7,0.0210647991900101,349.89080323995944,8.10471312858589,44.902904095661285,5.684341886080804e-14,0.0043627499999999,22567.00717420179,300,Cardboard
296.3,0.0,25.0,1233.06,6.17,3066.36,121800.9,19.7,0.0210647991900101,349.89080323995944,8.10471312858589,44.902904095661285,5.684341886080804e-14,0.0043627499999999,22567.00717420179,300,Cardboard
296.3,0.0,25.0,1233.06,6.17,3066.36,121800.9,19.7,0.0210647991900101,349.89080323995944,8.10471312858589,44.902904095661285,5.684341886080804e-14,0.0043627499999999,22567.00717420179,300,Cardboard
296.3,0.0,25.0,1233.06,6.17,3066.36,121800.9,19.7,0.0210647991900101,349.89080323995944,8.10471312858589,44.902904095661285,5.684341886080804e-14,0.0043627499999999,22567.00717420179,300,Cardboard
296.3,0.0,25.0,1233.06,6.17,3066.36,121800.9,19.7,0.0210647991900101,349.89080323995944,8.10471312858589,44.902904095661285,5.684341886080804e-14,0.0043627499999999,22567.00717420179,300,Cardboard
296.3,0.0,25.0,1233.06,6.17,3066.36,121800.9,19.7,0.0210647991900101,349.89080323995944,8.10471312858589,44.902904095661285,5.684341886080804e-14,0.0043627499999999,22567.00717420179,300,Cardboard
296.3,0.0,25.0,1233.06,6.17,3066.36,121800.9,19.7,0.0210647991900101,349.89080323995944,8.10471312858589,44.902904095661285,5.684341886080804e-14,0.0043627499999999,22567.00717420179,300,Cardboard
296.3,0.0,25.0,1269.91,6.35,3310.78,132962.4,19.7,0.0210647991900101,349.89080323995944,8.10471312858589,44.902904095661285,5.684341886080804e-14,0.0043627499999999,22567.00717420179,300,Cardboard
305.4,0.43,25.0,913.49,4.56,9776.8,358955.6,19.3,0.0149918140144073,898.5662082514737,24.15715618860511,38.343610208316306,5.684341886080804e-14,0.0025827499999999,130302.63014633508,310,Cardboard
305.4,0.43,25.0,913.49,4.56,9776.8,358955.6,19.3,0.0149918140144073,898.5662082514737,24.15715618860511,38.343610208316306,5.684341886080804e-14,0.0025827499999999,130302.63014633508,310,Cardboard
305.4,0.43,25.0,913.49,4.56,9776.8,358955.6,19.3,0.0149918140144073,898.5662082514737,24.15715618860511,38.343610208316306,5.684341886080804e-14,0.0025827499999999,130302.63014633508,310,Cardboard
305.4,0.0,25.0,920.06,4.6,9765.69,359858.6,19.3,0.0149918140144073,898.5662082514737,24.15715618860511,38.343610208316306,5.684341886080804e-14,0.0025827499999999,130302.63014633508,310,Cardboard
305.4,0.0,25.0,920.06,4.6,9765.69,359858.6,19.3,0.0149918140144073,898.5662082514737,24.15715618860511,38.343610208316306,5.684341886080804e-14,0.0025827499999999,130302.63014633508,310,Cardboard
305.4,0.0,25.0,920.06,4.6,9765.69,359858.6,19.3,0.0149918140144073,898.5662082514737,24.15715618860511,38.343610208316306,5.684341886080804e-14,0.0025827499999999,130302.63014633508,310,Cardboard
305.4,0.0,25.0,920.06,4.6,9765.69,359858.6,19.3,0.0149918140144073,898.5662082514737,24.15715618860511,38.343610208316306,5.684341886080804e-14,0.0025827499999999,130302.63014633508,310,Cardboard
305.4,0.0,25.0,920.06,4.6,9765.69,359858.6,19.3,0.0149918140144073,898.5662082514737,24.15715618860511,38.343610208316306,5.684341886080804e-14,0.0025827499999999,130302.63014633508,310,Cardboard
305.4,0.0,25.0,920.06,4.6,9765.69,359858.6,19.3,0.0149918140144073,898.5662082514737,24.15715618860511,38.343610208316306,5.684341886080804e-14,0.0025827499999999,130302.63014633508,310,Cardboard
305.4,0.0,25.0,899.93,4.5,9765.69,360026.1,19.4,0.0149918140144073,898.5662082514737,24.15715618860511,38.343610208316306,5.684341886080804e-14,0.0025827499999999,130302.63014633508,310,Cardboard
305.4,0.0,25.0,899.93,4.5,9765.69,360026.1,19.4,0.0149918140144073,898.5662082514737,24.15715618860511,38.343610208316306,5.684341886080804e-14,0.0025827499999999,130302.63014633508,310,Cardboard
305.4,0.0,25.0,899.93,4.5,9765.69,360026.1,19.4,0.0149918140144073,898.5662082514737,24.15715618860511,38.343610208316306,5.684341886080804e-14,0.0025827499999999,130302.63014633508,310,Cardboard
305.4,0.0,25.0,899.93,4.5,9765.69,360026.1,19.4,0.0149918140144073,898.5662082514737,24.15715618860511,38.343610208316306,5.684341886080804e-14,0.0025827499999999,130302.63014633508,310,Cardboard
305.4,0.0,25.0,899.93,4.5,9765.69,360026.1,19.4,0.0149918140144073,898.5662082514737,24.15715618860511,38.343610208316306,5.684341886080804e-14,0.0025827499999999,130302.63014633508,310,Cardboard
305.4,0.0,25.0,926.19,4.63,1799.82,75374.1,19.7,0.0149918140144073,898.5662082514737,24.15715618860511,38.343610208316306,5.684341886080804e-14,0.0025827499999999,130302.63014633508,310,Cardboard
305.4,0.0,25.0,926.19,4.63,1799.82,75374.1,19.7,0.0149918140144073,898.5662082514737,24.15715618860511,38.343610208316306,5.684341886080804e-14,0.0025827499999999,130302.63014633508,310,Cardboard
305.4,0.0,25.0,926.19,4.63,1799.82,75374.1,19.7,0.0149918140144073,898.5662082514737,24.15715618860511,38.343610208316306,5.684341886080804e-14,0.0025827499999999,130302.63014633508,310,Cardboard
305.4,0.0,25.0,926.19,4.63,1799.82,75374.1,19.7,0.0149918140144073,898.5662082514737,24.15715618860511,38.343610208316306,5.684341886080804e-14,0.0025827499999999,130302.63014633508,310,Cardboard
305.4,0.0,25.0,926.19,4.63,1799.82,75374.1,19.7,0.0149918140144073,898.5662082514737,24.15715618860511,38.343610208316306,5.684341886080804e-14,0.0025827499999999,130302.63014633508,310,Cardboard
305.4,0.0,25.0,928.58,4.64,1799.82,75423.0,19.7,0.0149918140144073,898.5662082514737,24.15715618860511,38.343610208316306,5.684341886080804e-14,0.0025827499999999,130302.63014633508,310,Cardboard
316.7,0.22,25.0,1878.65,9.41,1344.31,115420.7,19.8,0.0306187618001823,333.46442041945556,3.6561359554383177,91.8851393944014,0.1608570794214483,0.0283599999999998,6887.453935256121,320,Cardboard
316.7,-0.22,25.0,1905.98,9.55,1310.98,112872.6,19.8,0.0306187618001823,333.46442041945556,3.6561359554383177,91.8851393944014,0.1608570794214483,0.0283599999999998,6887.453935256121,320,Cardboard
316.7,-0.22,25.0,1905.98,9.55,1310.98,112872.6,19.8,0.0306187618001823,333.46442041945556,3.6561359554383177,91.8851393944014,0.1608570794214483,0.0283599999999998,6887.453935256121,320,Cardboard
316.7,-0.22,25.0,1905.98,9.55,1310.98,112872.6,19.8,0.0306187618001823,333.46442041945556,3.6561359554383177,91.8851393944014,0.1608570794214483,0.0283599999999998,6887.453935256121,320,Cardboard
316.7,-0.22,25.0,1905.98,9.55,1310.98,112872.6,19.8,0.0306187618001823,333.46442041945556,3.6561359554383177,91.8851393944014,0.1608570794214483,0.0283599999999998,6887.453935256121,320,Cardboard
316.7,-0.22,25.0,1905.98,9.55,1310.98,112872.6,19.8,0.0306187618001823,333.46442041945556,3.6561359554383177,91.8851393944014,0.1608570794214483,0.0283599999999998,6887.453935256121,320,Cardboard
316.3,-1.53,25.0,1961.16,9.83,1222.1,108574.1,19.8,0.0306187618001823,333.46442041945556,3.6561359554383177,91.8851393944014,0.1608570794214483,0.0283599999999998,6887.453935256121,320,Cardboard
316.3,-1.53,25.0,1961.16,9.83,1222.1,108574.1,19.8,0.0306187618001823,333.46442041945556,3.6561359554383177,91.8851393944014,0.1608570794214483,0.0283599999999998,6887.453935256121,320,Cardboard
316.3,-1.53,25.0,1961.16,9.83,1222.1,108574.1,19.8,0.0306187618001823,333.46442041945556,3.6561359554383177,91.8851393944014,0.1608570794214483,0.0283599999999998,6887.453935256121,320,Cardboard
316.3,-1.53,25.0,1961.16,9.83,1222.1,108574.1,19.8,0.0306187618001823,333.46442041945556,3.6561359554383177,91.8851393944014,0.1608570794214483,0.0283599999999998,6887.453935256121,320,Cardboard
316.3,-1.53,25.0,1961.16,9.83,1222.1,108574.1,19.8,0.0306187618001823,333.46442041945556,3.6561359554383177,91.8851393944014,0.1608570794214483,0.0283599999999998,6887.453935256121,320,Cardboard
316.3,-1.53,25.0,1961.16,9.83,1222.1,108574.1,19.8,0.0306187618001823,333.46442041945556,3.6561359554383177,91.8851393944014,0.1608570794214483,0.0283599999999998,6887.453935256121,320,Cardboard
316.4,0.44,25.0,1964.13,9.85,988.79,97740.7,19.8,0.0306187618001823,333.46442041945556,3.6561359554383177,91.8851393944014,0.1608570794214483,0.0283599999999998,6887.453935256121,320,Cardboard
316.4,0.44,25.0,1964.13,9.85,988.79,97740.7,19.8,0.0306187618001823,333.46442041945556,3.6561359554383177,91.8851393944014,0.1608570794214483,0.0283599999999998,6887.453935256121,320,Cardboard
316.4,0.44,25.0,1964.13,9.85,988.79,97740.7,19.8,0.0306187618001823,333.46442041945556,3.6561359554383177,91.8851393944014,0.1608570794214483,0.0283599999999998,6887.453935256121,320,Cardboard
316.4,0.44,25.0,1964.13,9.85,988.79,97740.7,19.8,0.0306187618001823,333.46442041945556,3.6561359554383177,91.8851393944014,0.1608570794214483,0.0283599999999998,6887.453935256121,320,Cardboard
316.4,0.44,25.0,1964.13,9.85,988.79,97740.7,19.8,0.0306187618001823,333.46442041945556,3.6561359554383177,91.8851393944014,0.1608570794214483,0.0283599999999998,6887.453935256121,320,Cardboard
316.5,0.44,25.0,1887.17,9.47,988.79,96920.3,19.8,0.0306187618001823,333.46442041945556,3.6561359554383177,91.8851393944014,0.1608570794214483,0.0283599999999998,6887.453935256121,320,Cardboard
316.5,0.44,25.0,1887.17,9.47,988.79,96920.3,19.8,0.0306187618001823,333.46442041945556,3.6561359554383177,91.8851393944014,0.1608570794214483,0.0283599999999998,6887.453935256121,320,Cardboard
316.5,0.44,25.0,1887.17,9.47,988.79,96920.3,19.8,0.0306187618001823,333.46442041945556,3.6561359554383177,91.8851393944014,0.1608570794214483,0.0283599999999998,6887.453935256121,320,Cardboard
327.5,-0.22,25.0,1499.91,7.68,1444.3,98288.6,19.8,0.0236187598250688,296.47904845028677,4.412705216747954,67.19149599222227,0.0781024967590653,0.0082727499999999,1578.5583074121762,330,Cardboard
327.5,-0.22,25.0,1499.91,7.68,1444.3,98288.6,19.8,0.0236187598250688,296.47904845028677,4.412705216747954,67.19149599222227,0.0781024967590653,0.0082727499999999,1578.5583074121762,330,Cardboard
327.5,-0.22,25.0,1499.91,7.68,1444.3,98288.6,19.8,0.0236187598250688,296.47904845028677,4.412705216747954,67.19149599222227,0.0781024967590653,0.0082727499999999,1578.5583074121762,330,Cardboard
327.5,-0.22,25.0,1499.91,7.68,1444.3,98288.6,19.8,0.0236187598250688,296.47904845028677,4.412705216747954,67.19149599222227,0.0781024967590653,0.0082727499999999,1578.5583074121762,330,Cardboard
327.5,-0.22,25.0,1499.91,7.68,1444.3,98288.6,19.8,0.0236187598250688,296.47904845028677,4.412705216747954,67.19149599222227,0.0781024967590653,0.0082727499999999,1578.5583074121762,330,Cardboard
327.5,0.0,25.0,1542.0,7.89,1455.41,98173.2,19.8,0.0236187598250688,296.47904845028677,4.412705216747954,67.19149599222227,0.0781024967590653,0.0082727499999999,1578.5583074121762,330,Cardboard
327.5,0.0,25.0,1542.0,7.89,1455.41,98173.2,19.8,0.0236187598250688,296.47904845028677,4.412705216747954,67.19149599222227,0.0781024967590653,0.0082727499999999,1578.5583074121762,330,Cardboard
327.5,0.0,25.0,1542.0,7.89,1455.41,98173.2,19.8,0.0236187598250688,296.47904845028677,4.412705216747954,67.19149599222227,0.0781024967590653,0.0082727499999999,1578.5583074121762,330,Cardboard
327.5,0.0,25.0,1542.0,7.89,1455.41,98173.2,19.8,0.0236187598250688,296.47904845028677,4.412705216747954,67.19149599222227,0.0781024967590653,0.0082727499999999,1578.5583074121762,330,Cardboard
327.5,0.0,25.0,1542.0,7.89,1455.41,98173.2,19.8,0.0236187598250688,296.47904845028677,4.412705216747954,67.19149599222227,0.0781024967590653,0.0082727499999999,1578.5583074121762,330,Cardboard
327.4,-0.22,25.0,1499.14,7.67,1466.52,97164.4,19.8,0.0236187598250688,296.47904845028677,4.412705216747954,67.19149599222227,0.0781024967590653,0.0082727499999999,1578.5583074121762,330,Cardboard
327.4,-0.22,25.0,1499.14,7.67,1466.52,97164.4,19.8,0.0236187598250688,296.47904845028677,4.412705216747954,67.19149599222227,0.0781024967590653,0.0082727499999999,1578.5583074121762,330,Cardboard
327.4,-0.22,25.0,1499.14,7.67,1466.52,97164.4,19.8,0.0236187598250688,296.47904845028677,4.412705216747954,67.19149599222227,0.0781024967590653,0.0082727499999999,1578.5583074121762,330,Cardboard
327.4,-0.22,25.0,1499.14,7.67,1466.52,97164.4,19.8,0.0236187598250688,296.47904845028677,4.412705216747954,67.19149599222227,0.0781024967590653,0.0082727499999999,1578.5583074121762,330,Cardboard
327.4,-0.22,25.0,1499.14,7.67,1466.52,97164.4,19.8,0.0236187598250688,296.47904845028677,4.412705216747954,67.19149599222227,0.0781024967590653,0.0082727499999999,1578.5583074121762,330,Cardboard
327.4,-0.22,25.0,1499.14,7.67,1466.52,97164.4,19.8,0.0236187598250688,296.47904845028677,4.412705216747954,67.19149599222227,0.0781024967590653,0.0082727499999999,1578.5583074121762,330,Cardboard
327.3,-0.44,25.0,1504.99,7.7,1399.86,94058.6,19.8,0.0236187598250688,296.47904845028677,4.412705216747954,67.19149599222227,0.0781024967590653,0.0082727499999999,1578.5583074121762,330,Cardboard
327.3,-0.44,25.0,1504.99,7.7,1399.86,94058.6,19.8,0.0236187598250688,296.47904845028677,4.412705216747954,67.19149599222227,0.0781024967590653,0.0082727499999999,1578.5583074121762,330,Cardboard
327.3,-0.44,25.0,1504.99,7.7,1399.86,94058.6,19.8,0.0236187598250688,296.47904845028677,4.412705216747954,67.19149599222227,0.0781024967590653,0.0082727499999999,1578.5583074121762,330,Cardboard
327.3,-0.44,25.0,1504.99,7.7,1399.86,94058.6,19.8,0.0236187598250688,296.47904845028677,4.412705216747954,67.19149599222227,0.0781024967590653,0.0082727499999999,1578.5583074121762,330,Cardboard
338.8,0.43,25.0,930.61,4.68,11165.55,382569.9,19.3,0.0142960448642266,979.8960743801654,26.42396103896104,37.269393005398626,5.684341886080804e-14,0.02311275,25438.91239066443,340,Cardboard
338.8,0.43,25.0,930.61,4.68,11165.55,382569.9,19.3,0.0142960448642266,979.8960743801654,26.42396103896104,37.269393005398626,5.684341886080804e-14,0.02311275,25438.91239066443,340,Cardboard
338.8,0.43,25.0,930.61,4.68,11165.55,382569.9,19.3,0.0142960448642266,979.8960743801654,26.42396103896104,37.269393005398626,5.684341886080804e-14,0.02311275,25438.91239066443,340,Cardboard
338.8,0.43,25.0,930.61,4.68,11165.55,382569.9,19.3,0.0142960448642266,979.8960743801654,26.42396103896104,37.269393005398626,5.684341886080804e-14,0.02311275,25438.91239066443,340,Cardboard
338.8,0.0,25.0,991.01,4.98,8399.16,315242.8,19.4,0.0142960448642266,979.8960743801654,26.42396103896104,37.269393005398626,5.684341886080804e-14,0.02311275,25438.91239066443,340,Cardboard
338.8,0.0,25.0,991.01,4.98,8399.16,315242.8,19.4,0.0142960448642266,979.8960743801654,26.42396103896104,37.269393005398626,5.684341886080804e-14,0.02311275,25438.91239066443,340,Cardboard
338.8,0.0,25.0,991.01,4.98,8399.16,315242.8,19.4,0.0142960448642266,979.8960743801654,26.42396103896104,37.269393005398626,5.684341886080804e-14,0.02311275,25438.91239066443,340,Cardboard
338.8,0.0,25.0,991.01,4.98,8399.16,315242.8,19.4,0.0142960448642266,979.8960743801654,26.42396103896104,37.269393005398626,5.684341886080804e-14,0.02311275,25438.91239066443,340,Cardboard
338.8,0.0,25.0,991.01,4.98,8399.16,315242.8,19.4,0.0142960448642266,979.8960743801654,26.42396103896104,37.269393005398626,5.684341886080804e-14,0.02311275,25438.91239066443,340,Cardboard
338.8,0.0,25.0,933.16,4.7,8399.16,319745.2,19.4,0.0142960448642266,979.8960743801654,26.42396103896104,37.269393005398626,5.684341886080804e-14,0.02311275,25438.91239066443,340,Cardboard
338.8,0.0,25.0,933.16,4.7,8399.16,319745.2,19.4,0.0142960448642266,979.8960743801654,26.42396103896104,37.269393005398626,5.684341886080804e-14,0.02311275,25438.91239066443,340,Cardboard
338.8,0.0,25.0,933.16,4.7,8399.16,319745.2,19.4,0.0142960448642266,979.8960743801654,26.42396103896104,37.269393005398626,5.684341886080804e-14,0.02311275,25438.91239066443,340,Cardboard
338.8,0.0,25.0,933.16,4.7,8399.16,319745.2,19.4,0.0142960448642266,979.8960743801654,26.42396103896104,37.269393005398626,5.684341886080804e-14,0.02311275,25438.91239066443,340,Cardboard
338.8,0.0,25.0,933.16,4.7,8399.16,319745.2,19.4,0.0142960448642266,979.8960743801654,26.42396103896104,37.269393005398626,5.684341886080804e-14,0.02311275,25438.91239066443,340,Cardboard
338.8,0.0,25.0,933.16,4.7,8399.16,319745.2,19.4,0.0142960448642266,979.8960743801654,26.42396103896104,37.269393005398626,5.684341886080804e-14,0.02311275,25438.91239066443,340,Cardboard
338.8,0.0,25.0,995.84,5.01,8399.16,322962.2,19.4,0.0142960448642266,979.8960743801654,26.42396103896104,37.269393005398626,5.684341886080804e-14,0.02311275,25438.91239066443,340,Cardboard
338.8,0.0,25.0,995.84,5.01,8399.16,322962.2,19.4,0.0142960448642266,979.8960743801654,26.42396103896104,37.269393005398626,5.684341886080804e-14,0.02311275,25438.91239066443,340,Cardboard
338.8,0.0,25.0,995.84,5.01,8399.16,322962.2,19.4,0.0142960448642266,979.8960743801654,26.42396103896104,37.269393005398626,5.684341886080804e-14,0.02311275,25438.91239066443,340,Cardboard
338.8,0.0,25.0,995.84,5.01,8399.16,322962.2,19.4,0.0142960448642266,979.8960743801654,26.42396103896104,37.269393005398626,5.684341886080804e-14,0.02311275,25438.91239066443,340,Cardboard
338.8,0.0,25.0,995.84,5.01,8399.16,322962.2,19.4,0.0142960448642266,979.8960743801654,26.42396103896104,37.269393005398626,5.684341886080804e-14,0.02311275,25438.91239066443,340,Cardboard
347.1,-1.94,25.0,1066.97,5.36,7910.32,307455.8,19.4,0.0149351440920874,922.0947649950192,24.569461108553742,37.58242184483315,0.2238302928559997,0.01513275,13912.171810598082,350,Cardboard
347.1,-1.94,25.0,1066.97,5.36,7910.32,307455.8,19.4,0.0149351440920874,922.0947649950192,24.569461108553742,37.58242184483315,0.2238302928559997,0.01513275,13912.171810598082,350,Cardboard
347.1,-1.94,25.0,1066.97,5.36,7910.32,307455.8,19.4,0.0149351440920874,922.0947649950192,24.569461108553742,37.58242184483315,0.2238302928559997,0.01513275,13912.171810598082,350,Cardboard
347.1,-1.94,25.0,1066.97,5.36,7910.32,307455.8,19.4,0.0149351440920874,922.0947649950192,24.569461108553742,37.58242184483315,0.2238302928559997,0.01513275,13912.171810598082,350,Cardboard
347.1,-1.94,25.0,1066.97,5.36,7910.32,307455.8,19.4,0.0149351440920874,922.0947649950192,24.569461108553742,37.58242184483315,0.2238302928559997,0.01513275,13912.171810598082,350,Cardboard
346.7,-1.51,25.0,1041.95,5.23,8365.83,314280.2,19.4,0.0149351440920874,922.0947649950192,24.569461108553742,37.58242184483315,0.2238302928559997,0.01513275,13912.171810598082,350,Cardboard
346.7,-1.51,25.0,1041.95,5.23,8365.83,314280.2,19.4,0.0149351440920874,922.0947649950192,24.569461108553742,37.58242184483315,0.2238302928559997,0.01513275,13912.171810598082,350,Cardboard
346.7,-1.51,25.0,1041.95,5.23,8365.83,314280.2,19.4,0.0149351440920874,922.0947649950192,24.569461108553742,37.58242184483315,0.2238302928559997,0.01513275,13912.171810598082,350,Cardboard
346.7,-1.51,25.0,1041.95,5.23,8365.83,314280.2,19.4,0.0149351440920874,922.0947649950192,24.569461108553742,37.58242184483315,0.2238302928559997,0.01513275,13912.171810598082,350,Cardboard
346.7,-1.51,25.0,1041.95,5.23,8365.83,314280.2,19.4,0.0149351440920874,922.0947649950192,24.569461108553742,37.58242184483315,0.2238302928559997,0.01513275,13912.171810598082,350,Cardboard
347.2,2.16,25.0,1016.49,5.1,8499.15,317446.2,19.4,0.0149351440920874,922.0947649950192,24.569461108553742,37.58242184483315,0.2238302928559997,0.01513275,13912.171810598082,350,Cardboard
347.2,2.16,25.0,1016.49,5.1,8499.15,317446.2,19.4,0.0149351440920874,922.0947649950192,24.569461108553742,37.58242184483315,0.2238302928559997,0.01513275,13912.171810598082,350,Cardboard
347.2,2.16,25.0,1016.49,5.1,8499.15,317446.2,19.4,0.0149351440920874,922.0947649950192,24.569461108553742,37.58242184483315,0.2238302928559997,0.01513275,13912.171810598082,350,Cardboard
347.2,2.16,25.0,1016.49,5.1,8499.15,317446.2,19.4,0.0149351440920874,922.0947649950192,24.569461108553742,37.58242184483315,0.2238302928559997,0.01513275,13912.171810598082,350,Cardboard
347.2,2.16,25.0,1016.49,5.1,8499.15,317446.2,19.4,0.0149351440920874,922.0947649950192,24.569461108553742,37.58242184483315,0.2238302928559997,0.01513275,13912.171810598082,350,Cardboard
347.2,2.16,25.0,1016.49,5.1,8499.15,317446.2,19.4,0.0149351440920874,922.0947649950192,24.569461108553742,37.58242184483315,0.2238302928559997,0.01513275,13912.171810598082,350,Cardboard
347.3,0.22,25.0,1002.18,5.03,9543.49,346839.8,19.4,0.0149351440920874,922.0947649950192,24.569461108553742,37.58242184483315,0.2238302928559997,0.01513275,13912.171810598082,350,Cardboard
347.3,0.22,25.0,1002.18,5.03,9543.49,346839.8,19.4,0.0149351440920874,922.0947649950192,24.569461108553742,37.58242184483315,0.2238302928559997,0.01513275,13912.171810598082,350,Cardboard
347.3,0.22,25.0,1002.18,5.03,9543.49,346839.8,19.4,0.0149351440920874,922.0947649950192,24.569461108553742,37.58242184483315,0.2238302928559997,0.01513275,13912.171810598082,350,Cardboard
347.3,0.22,25.0,1002.18,5.03,9543.49,346839.8,19.4,0.0149351440920874,922.0947649950192,24.569461108553742,37.58242184483315,0.2238302928559997,0.01513275,13912.171810598082,350,Cardboard
357.5,0.0,25.0,957.09,4.84,8588.03,313920.4,19.4,0.0129293312942071,875.7337841180597,23.998385792533515,36.489726749676485,0.1512448346225366,0.0271147499999999,5628.4106816644835,360,Cardboard
357.5,0.0,25.0,943.41,4.77,8776.9,321826.6,19.4,0.0129293312942071,875.7337841180597,23.998385792533515,36.489726749676485,0.1512448346225366,0.0271147499999999,5628.4106816644835,360,Cardboard
357.5,0.0,25.0,943.41,4.77,8776.9,321826.6,19.4,0.0129293312942071,875.7337841180597,23.998385792533515,36.489726749676485,0.1512448346225366,0.0271147499999999,5628.4106816644835,360,Cardboard
357.5,0.0,25.0,943.41,4.77,8776.9,321826.6,19.4,0.0129293312942071,875.7337841180597,23.998385792533515,36.489726749676485,0.1512448346225366,0.0271147499999999,5628.4106816644835,360,Cardboard
357.5,0.0,25.0,943.41,4.77,8776.9,321826.6,19.4,0.0129293312942071,875.7337841180597,23.998385792533515,36.489726749676485,0.1512448346225366,0.0271147499999999,5628.4106816644835,360,Cardboard
357.5,0.0,25.0,943.41,4.77,8776.9,321826.6,19.4,0.0129293312942071,875.7337841180597,23.998385792533515,36.489726749676485,0.1512448346225366,0.0271147499999999,5628.4106816644835,360,Cardboard
357.6,0.43,25.0,864.6,4.36,8521.37,314019.2,19.4,0.0129293312942071,875.7337841180597,23.998385792533515,36.489726749676485,0.1512448346225366,0.0271147499999999,5628.4106816644835,360,Cardboard
357.6,0.43,25.0,864.6,4.36,8521.37,314019.2,19.4,0.0129293312942071,875.7337841180597,23.998385792533515,36.489726749676485,0.1512448346225366,0.0271147499999999,5628.4106816644835,360,Cardboard
357.6,0.43,25.0,864.6,4.36,8521.37,314019.2,19.4,0.0129293312942071,875.7337841180597,23.998385792533515,36.489726749676485,0.1512448346225366,0.0271147499999999,5628.4106816644835,360,Cardboard
357.6,0.43,25.0,864.6,4.36,8521.37,314019.2,19.4,0.0129293312942071,875.7337841180597,23.998385792533515,36.489726749676485,0.1512448346225366,0.0271147499999999,5628.4106816644835,360,Cardboard
357.6,0.43,25.0,864.6,4.36,8521.37,314019.2,19.4,0.0129293312942071,875.7337841180597,23.998385792533515,36.489726749676485,0.1512448346225366,0.0271147499999999,5628.4106816644835,360,Cardboard
357.8,0.65,25.0,917.66,4.63,8510.26,308581.0,19.4,0.0129293312942071,875.7337841180597,23.998385792533515,36.489726749676485,0.1512448346225366,0.0271147499999999,5628.4106816644835,360,Cardboard
357.8,0.65,25.0,917.66,4.63,8510.26,308581.0,19.4,0.0129293312942071,875.7337841180597,23.998385792533515,36.489726749676485,0.1512448346225366,0.0271147499999999,5628.4106816644835,360,Cardboard
357.8,0.65,25.0,917.66,4.63,8510.26,308581.0,19.4,0.0129293312942071,875.7337841180597,23.998385792533515,36.489726749676485,0.1512448346225366,0.0271147499999999,5628.4106816644835,360,Cardboard
357.8,0.65,25.0,917.66,4.63,8510.26,308581.0,19.4,0.0129293312942071,875.7337841180597,23.998385792533515,36.489726749676485,0.1512448346225366,0.0271147499999999,5628.4106816644835,360,Cardboard
357.8,0.65,25.0,917.66,4.63,8510.26,308581.0,19.4,0.0129293312942071,875.7337841180597,23.998385792533515,36.489726749676485,0.1512448346225366,0.0271147499999999,5628.4106816644835,360,Cardboard
357.8,0.65,25.0,917.66,4.63,8510.26,308581.0,19.4,0.0129293312942071,875.7337841180597,23.998385792533515,36.489726749676485,0.1512448346225366,0.0271147499999999,5628.4106816644835,360,Cardboard
357.9,0.65,25.0,938.6,4.74,8510.26,306626.9,19.4,0.0129293312942071,875.7337841180597,23.998385792533515,36.489726749676485,0.1512448346225366,0.0271147499999999,5628.4106816644835,360,Cardboard
357.9,0.65,25.0,938.6,4.74,8510.26,306626.9,19.4,0.0129293312942071,875.7337841180597,23.998385792533515,36.489726749676485,0.1512448346225366,0.0271147499999999,5628.4106816644835,360,Cardboard
357.9,0.65,25.0,938.6,4.74,8510.26,306626.9,19.4,0.0129293312942071,875.7337841180597,23.998385792533515,36.489726749676485,0.1512448346225366,0.0271147499999999,5628.4106816644835,360,Cardboard
366.9,-0.87,25.0,1502.59,7.58,2133.12,125407.4,19.7,0.0208861367041191,322.2120158843177,5.237451072876463,63.433418998342894,0.1013656746635734,0.029861,17098.212073847808,370,Cardboard
366.9,-0.87,25.0,1502.59,7.58,2133.12,125407.4,19.7,0.0208861367041191,322.2120158843177,5.237451072876463,63.433418998342894,0.1013656746635734,0.029861,17098.212073847808,370,Cardboard
366.9,-0.87,25.0,1502.59,7.58,2133.12,125407.4,19.7,0.0208861367041191,322.2120158843177,5.237451072876463,63.433418998342894,0.1013656746635734,0.029861,17098.212073847808,370,Cardboard
366.9,-0.87,25.0,1502.59,7.58,2133.12,125407.4,19.7,0.0208861367041191,322.2120158843177,5.237451072876463,63.433418998342894,0.1013656746635734,0.029861,17098.212073847808,370,Cardboard
367.2,1.52,25.0,1530.62,7.72,2199.78,130371.8,19.7,0.0208861367041191,322.2120158843177,5.237451072876463,63.433418998342894,0.1013656746635734,0.029861,17098.212073847808,370,Cardboard
367.2,1.52,25.0,1530.62,7.72,2199.78,130371.8,19.7,0.0208861367041191,322.2120158843177,5.237451072876463,63.433418998342894,0.1013656746635734,0.029861,17098.212073847808,370,Cardboard
367.2,1.52,25.0,1530.62,7.72,2199.78,130371.8,19.7,0.0208861367041191,322.2120158843177,5.237451072876463,63.433418998342894,0.1013656746635734,0.029861,17098.212073847808,370,Cardboard
367.2,1.52,25.0,1530.62,7.72,2199.78,130371.8,19.7,0.0208861367041191,322.2120158843177,5.237451072876463,63.433418998342894,0.1013656746635734,0.029861,17098.212073847808,370,Cardboard
367.2,1.52,25.0,1530.62,7.72,2199.78,130371.8,19.7,0.0208861367041191,322.2120158843177,5.237451072876463,63.433418998342894,0.1013656746635734,0.029861,17098.212073847808,370,Cardboard
367.1,-0.43,25.0,1482.71,7.47,2199.78,128013.1,19.7,0.0208861367041191,322.2120158843177,5.237451072876463,63.433418998342894,0.1013656746635734,0.029861,17098.212073847808,370,Cardboard
367.1,-0.43,25.0,1482.71,7.47,2199.78,128013.1,19.7,0.0208861367041191,322.2120158843177,5.237451072876463,63.433418998342894,0.1013656746635734,0.029861,17098.212073847808,370,Cardboard
367.1,-0.43,25.0,1482.71,7.47,2199.78,128013.1,19.7,0.0208861367041191,322.2120158843177,5.237451072876463,63.433418998342894,0.1013656746635734,0.029861,17098.212073847808,370,Cardboard
367.1,-0.43,25.0,1482.71,7.47,2199.78,128013.1,19.7,0.0208861367041191,322.2120158843177,5.237451072876463,63.433418998342894,0.1013656746635734,0.029861,17098.212073847808,370,Cardboard
367.1,-0.43,25.0,1482.71,7.47,2199.78,128013.1,19.7,0.0208861367041191,322.2120158843177,5.237451072876463,63.433418998342894,0.1013656746635734,0.029861,17098.212073847808,370,Cardboard
367.1,-0.43,25.0,1482.71,7.47,2199.78,128013.1,19.7,0.0208861367041191,322.2120158843177,5.237451072876463,63.433418998342894,0.1013656746635734,0.029861,17098.212073847808,370,Cardboard
367.1,0.0,25.0,1570.21,7.92,1144.33,88803.5,19.8,0.0208861367041191,322.2120158843177,5.237451072876463,63.433418998342894,0.1013656746635734,0.029861,17098.212073847808,370,Cardboard
367.1,0.0,25.0,1570.21,7.92,1144.33,88803.5,19.8,0.0208861367041191,322.2120158843177,5.237451072876463,63.433418998342894,0.1013656746635734,0.029861,17098.212073847808,370,Cardboard
367.1,0.0,25.0,1570.21,7.92,1144.33,88803.5,19.8,0.0208861367041191,322.2120158843177,5.237451072876463,63.433418998342894,0.1013656746635734,0.029861,17098.212073847808,370,Cardboard
367.1,0.0,25.0,1570.21,7.92,1144.33,88803.5,19.8,0.0208861367041191,322.2120158843177,5.237451072876463,63.433418998342894,0.1013656746635734,0.029861,17098.212073847808,370,Cardboard
367.1,0.0,25.0,1570.21,7.92,1144.33,88803.5,19.8,0.0208861367041191,322.2120158843177,5.237451072876463,63.433418998342894,0.1013656746635734,0.029861,17098.212073847808,370,Cardboard
376.8,-0.22,25.0,929.57,4.69,9432.39,325219.7,19.4,0.0138055603183633,785.768395385075,21.162714867903517,37.32828075211474,0.1749285568453656,0.0368947499999999,24020.564556818295,380,Cardboard
376.8,-0.21,25.0,1000.26,5.05,9421.28,332723.2,19.4,0.0138055603183633,785.768395385075,21.162714867903517,37.32828075211474,0.1749285568453656,0.0368947499999999,24020.564556818295,380,Cardboard
376.8,-0.21,25.0,1000.26,5.05,9421.28,332723.2,19.4,0.0138055603183633,785.768395385075,21.162714867903517,37.32828075211474,0.1749285568453656,0.0368947499999999,24020.564556818295,380,Cardboard
376.8,-0.21,25.0,1000.26,5.05,9421.28,332723.2,19.4,0.0138055603183633,785.768395385075,21.162714867903517,37.32828075211474,0.1749285568453656,0.0368947499999999,24020.564556818295,380,Cardboard
376.8,-0.21,25.0,1000.26,5.05,9421.28,332723.2,19.4,0.0138055603183633,785.768395385075,21.162714867903517,37.32828075211474,0.1749285568453656,0.0368947499999999,24020.564556818295,380,Cardboard
376.8,-0.21,25.0,1000.26,5.05,9421.28,332723.2,19.4,0.0138055603183633,785.768395385075,21.162714867903517,37.32828075211474,0.1749285568453656,0.0368947499999999,24020.564556818295,380,Cardboard
376.9,0.43,25.0,1023.42,5.17,7554.8,283445.5,19.4,0.0138055603183633,785.768395385075,21.162714867903517,37.32828075211474,0.1749285568453656,0.0368947499999999,24020.564556818295,380,Cardboard
376.9,0.43,25.0,1023.42,5.17,7554.8,283445.5,19.4,0.0138055603183633,785.768395385075,21.162714867903517,37.32828075211474,0.1749285568453656,0.0368947499999999,24020.564556818295,380,Cardboard
376.9,0.43,25.0,1023.42,5.17,7554.8,283445.5,19.4,0.0138055603183633,785.768395385075,21.162714867903517,37.32828075211474,0.1749285568453656,0.0368947499999999,24020.564556818295,380,Cardboard
376.9,0.43,25.0,1023.42,5.17,7554.8,283445.5,19.4,0.0138055603183633,785.768395385075,21.162714867903517,37.32828075211474,0.1749285568453656,0.0368947499999999,24020.564556818295,380,Cardboard
376.9,0.43,25.0,1023.42,5.17,7554.8,283445.5,19.4,0.0138055603183633,785.768395385075,21.162714867903517,37.32828075211474,0.1749285568453656,0.0368947499999999,24020.564556818295,380,Cardboard
376.9,0.43,25.0,1023.42,5.17,7554.8,283445.5,19.4,0.0138055603183633,785.768395385075,21.162714867903517,37.32828075211474,0.1749285568453656,0.0368947499999999,24020.564556818295,380,Cardboard
377.1,0.86,25.0,1052.34,5.32,7543.69,286970.1,19.4,0.0138055603183633,785.768395385075,21.162714867903517,37.32828075211474,0.1749285568453656,0.0368947499999999,24020.564556818295,380,Cardboard
377.1,0.86,25.0,1052.34,5.32,7543.69,286970.1,19.4,0.0138055603183633,785.768395385075,21.162714867903517,37.32828075211474,0.1749285568453656,0.0368947499999999,24020.564556818295,380,Cardboard
377.1,0.86,25.0,1052.34,5.32,7543.69,286970.1,19.4,0.0138055603183633,785.768395385075,21.162714867903517,37.32828075211474,0.1749285568453656,0.0368947499999999,24020.564556818295,380,Cardboard
377.1,0.86,25.0,1052.34,5.32,7543.69,286970.1,19.4,0.0138055603183633,785.768395385075,21.162714867903517,37.32828075211474,0.1749285568453656,0.0368947499999999,24020.564556818295,380,Cardboard
377.1,0.86,25.0,1052.34,5.32,7543.69,286970.1,19.4,0.0138055603183633,785.768395385075,21.162714867903517,37.32828075211474,0.1749285568453656,0.0368947499999999,24020.564556818295,380,Cardboard
377.3,0.87,25.0,1088.48,5.51,6654.89,266614.7,19.5,0.0138055603183633,785.768395385075,21.162714867903517,37.32828075211474,0.1749285568453656,0.0368947499999999,24020.564556818295,380,Cardboard
377.3,0.87,25.0,1088.48,5.51,6654.89,266614.7,19.5,0.0138055603183633,785.768395385075,21.162714867903517,37.32828075211474,0.1749285568453656,0.0368947499999999,24020.564556818295,380,Cardboard
377.3,0.87,25.0,1088.48,5.51,6654.89,266614.7,19.5,0.0138055603183633,785.768395385075,21.162714867903517,37.32828075211474,0.1749285568453656,0.0368947499999999,24020.564556818295,380,Cardboard
385.8,1.31,25.0,3106.48,15.49,1077.67,164547.0,19.8,0.0380092428449364,440.9387371087879,2.983907522508707,147.79416068101972,0.0509901951359327,0.0780527499999999,1336.3230459361262,390,Cardboard
386.0,1.09,25.0,2891.88,14.42,1166.55,170517.7,19.8,0.0380092428449364,440.9387371087879,2.983907522508707,147.79416068101972,0.0509901951359327,0.0780527499999999,1336.3230459361262,390,Cardboard
386.0,1.09,25.0,2891.88,14.42,1166.55,170517.7,19.8,0.0380092428449364,440.9387371087879,2.983907522508707,147.79416068101972,0.0509901951359327,0.0780527499999999,1336.3230459361262,390,Cardboard
386.0,1.09,25.0,2891.88,14.42,1166.55,170517.7,19.8,0.0380092428449364,440.9387371087879,2.983907522508707,147.79416068101972,0.0509901951359327,0.0780527499999999,1336.3230459361262,390,Cardboard
386.0,1.09,25.0,2891.88,14.42,1166.55,170517.7,19.8,0.0380092428449364,440.9387371087879,2.983907522508707,147.79416068101972,0.0509901951359327,0.0780527499999999,1336.3230459361262,390,Cardboard
386.0,1.09,25.0,2891.88,14.42,1166.55,170517.7,19.8,0.0380092428449364,440.9387371087879,2.983907522508707,147.79416068101972,0.0509901951359327,0.0780527499999999,1336.3230459361262,390,Cardboard
385.9,-0.44,25.0,2979.86,14.87,1144.33,169901.9,19.8,0.0380092428449364,440.9387371087879,2.983907522508707,147.79416068101972,0.0509901951359327,0.0780527499999999,1336.3230459361262,390,Cardboard
385.9,-0.44,25.0,2979.86,14.87,1144.33,169901.9,19.8,0.0380092428449364,440.9387371087879,2.983907522508707,147.79416068101972,0.0509901951359327,0.0780527499999999,1336.3230459361262,390,Cardboard
385.9,-0.44,25.0,2979.86,14.87,1144.33,169901.9,19.8,0.0380092428449364,440.9387371087879,2.983907522508707,147.79416068101972,0.0509901951359327,0.0780527499999999,1336.3230459361262,390,Cardboard
385.9,-0.44,25.0,2979.86,14.87,1144.33,169901.9,19.8,0.0380092428449364,440.9387371087879,2.983907522508707,147.79416068101972,0.0509901951359327,0.0780527499999999,1336.3230459361262,390,Cardboard
385.9,-0.44,25.0,2979.86,14.87,1144.33,169901.9,19.8,0.0380092428449364,440.9387371087879,2.983907522508707,147.79416068101972,0.0509901951359327,0.0780527499999999,1336.3230459361262,390,Cardboard
385.9,0.0,25.0,2953.08,14.74,1155.44,170840.1,19.8,0.0380092428449364,440.9387371087879,2.983907522508707,147.79416068101972,0.0509901951359327,0.0780527499999999,1336.3230459361262,390,Cardboard
385.9,0.0,25.0,2953.08,14.74,1155.44,170840.1,19.8,0.0380092428449364,440.9387371087879,2.983907522508707,147.79416068101972,0.0509901951359327,0.0780527499999999,1336.3230459361262,390,Cardboard
385.9,0.0,25.0,2953.08,14.74,1155.44,170840.1,19.8,0.0380092428449364,440.9387371087879,2.983907522508707,147.79416068101972,0.0509901951359327,0.0780527499999999,1336.3230459361262,390,Cardboard
385.9,0.0,25.0,2953.08,14.74,1155.44,170840.1,19.8,0.0380092428449364,440.9387371087879,2.983907522508707,147.79416068101972,0.0509901951359327,0.0780527499999999,1336.3230459361262,390,Cardboard
385.9,0.0,25.0,2953.08,14.74,1155.44,170840.1,19.8,0.0380092428449364,440.9387371087879,2.983907522508707,147.79416068101972,0.0509901951359327,0.0780527499999999,1336.3230459361262,390,Cardboard
385.9,0.0,25.0,2953.08,14.74,1155.44,170840.1,19.8,0.0380092428449364,440.9387371087879,2.983907522508707,147.79416068101972,0.0509901951359327,0.0780527499999999,1336.3230459361262,390,Cardboard
385.9,-0.22,25.0,2866.72,14.33,1155.44,170552.6,19.8,0.0380092428449364,440.9387371087879,2.983907522508707,147.79416068101972,0.0509901951359327,0.0780527499999999,1336.3230459361262,390,Cardboard
385.9,-0.22,25.0,2866.72,14.33,1155.44,170552.6,19.8,0.0380092428449364,440.9387371087879,2.983907522508707,147.79416068101972,0.0509901951359327,0.0780527499999999,1336.3230459361262,390,Cardboard
385.9,-0.22,25.0,2866.72,14.33,1155.44,170552.6,19.8,0.0380092428449364,440.9387371087879,2.983907522508707,147.79416068101972,0.0509901951359327,0.0780527499999999,1336.3230459361262,390,Cardboard
397.6,-3.84,25.0,752.21,3.78,14254.13,451987.8,19.2,0.0091908692448154,1135.647119670723,36.110163902541835,31.568542134446595,0.9313431161500088,0.0069709999999999,31519.477943780665,400,Cardboard
397.6,-3.84,25.0,752.21,3.78,14254.13,451987.8,19.2,0.0091908692448154,1135.647119670723,36.110163902541835,31.568542134446595,0.9313431161500088,0.0069709999999999,31519.477943780665,400,Cardboard
397.6,-3.84,25.0,752.21,3.78,14254.13,451987.8,19.2,0.0091908692448154,1135.647119670723,36.110163902541835,31.568542134446595,0.9313431161500088,0.0069709999999999,31519.477943780665,400,Cardboard
397.6,-3.84,25.0,752.21,3.78,14254.13,451987.8,19.2,0.0091908692448154,1135.647119670723,36.110163902541835,31.568542134446595,0.9313431161500088,0.0069709999999999,31519.477943780665,400,Cardboard
397.6,-3.84,25.0,752.21,3.78,14254.13,451987.8,19.2,0.0091908692448154,1135.647119670723,36.110163902541835,31.568542134446595,0.9313431161500088,0.0069709999999999,31519.477943780665,400,Cardboard
396.7,-3.84,25.0,717.68,3.6,15087.38,469227.7,19.1,0.0091908692448154,1135.647119670723,36.110163902541835,31.568542134446595,0.9313431161500088,0.0069709999999999,31519.477943780665,400,Cardboard
396.7,-3.84,25.0,717.68,3.6,15087.38,469227.7,19.1,0.0091908692448154,1135.647119670723,36.110163902541835,31.568542134446595,0.9313431161500088,0.0069709999999999,31519.477943780665,400,Cardboard
396.7,-3.84,25.0,717.68,3.6,15087.38,469227.7,19.1,0.0091908692448154,1135.647119670723,36.110163902541835,31.568542134446595,0.9313431161500088,0.0069709999999999,31519.477943780665,400,Cardboard
396.7,-3.84,25.0,717.68,3.6,15087.38,469227.7,19.1,0.0091908692448154,1135.647119670723,36.110163902541835,31.568542134446595,0.9313431161500088,0.0069709999999999,31519.477943780665,400,Cardboard
396.7,-3.84,25.0,717.68,3.6,15087.38,469227.7,19.1,0.0091908692448154,1135.647119670723,36.110163902541835,31.568542134446595,0.9313431161500088,0.0069709999999999,31519.477943780665,400,Cardboard
396.7,-3.84,25.0,717.68,3.6,15087.38,469227.7,19.1,0.0091908692448154,1135.647119670723,36.110163902541835,31.568542134446595,0.9313431161500088,0.0069709999999999,31519.477943780665,400,Cardboard
395.8,-3.81,25.0,709.29,3.56,15653.99,474122.9,19.1,0.0091908692448154,1135.647119670723,36.110163902541835,31.568542134446595,0.9313431161500088,0.0069709999999999,31519.477943780665,400,Cardboard
395.8,-3.81,25.0,709.29,3.56,15653.99,474122.9,19.1,0.0091908692448154,1135.647119670723,36.110163902541835,31.568542134446595,0.9313431161500088,0.0069709999999999,31519.477943780665,400,Cardboard
395.8,-3.81,25.0,709.29,3.56,15653.99,474122.9,19.1,0.0091908692448154,1135.647119670723,36.110163902541835,31.568542134446595,0.9313431161500088,0.0069709999999999,31519.477943780665,400,Cardboard
395.8,-3.81,25.0,709.29,3.56,15653.99,474122.9,19.1,0.0091908692448154,1135.647119670723,36.110163902541835,31.568542134446595,0.9313431161500088,0.0069709999999999,31519.477943780665,400,Cardboard
395.8,-3.81,25.0,709.29,3.56,15653.99,474122.9,19.1,0.0091908692448154,1135.647119670723,36.110163902541835,31.568542134446595,0.9313431161500088,0.0069709999999999,31519.477943780665,400,Cardboard
395.0,-3.86,25.0,725.45,3.64,11554.4,389331.8,19.3,0.0091908692448154,1135.647119670723,36.110163902541835,31.568542134446595,0.9313431161500088,0.0069709999999999,31519.477943780665,400,Cardboard
395.0,-3.86,25.0,725.45,3.64,11554.4,389331.8,19.3,0.0091908692448154,1135.647119670723,36.110163902541835,31.568542134446595,0.9313431161500088,0.0069709999999999,31519.477943780665,400,Cardboard
395.0,-3.86,25.0,725.45,3.64,11554.4,389331.8,19.3,0.0091908692448154,1135.647119670723,36.110163902541835,31.568542134446595,0.9313431161500088,0.0069709999999999,31519.477943780665,400,Cardboard
395.0,-3.86,25.0,725.45,3.64,11554.4,389331.8,19.3,0.0091908692448154,1135.647119670723,36.110163902541835,31.568542134446595,0.9313431161500088,0.0069709999999999,31519.477943780665,400,Cardboard
18.0,-0.22,25.0,2764.77,3.97,555.5,73474.1,19.8,0.1747153941651148,3638.934331160771,33.76533131595283,108.45141914921255,0.0476969600708479,0.18590475,4812.370523190729,20,Cloth
18.0,-0.22,25.0,2764.77,3.97,555.5,73474.1,19.8,0.1747153941651148,3638.934331160771,33.76533131595283,108.45141914921255,0.0476969600708479,0.18590475,4812.370523190729,20,Cloth
18.0,-0.22,25.0,2424.85,3.52,566.61,68696.3,19.8,0.1747153941651148,3638.934331160771,33.76533131595283,108.45141914921255,0.0476969600708479,0.18590475,4812.370523190729,20,Cloth
18.0,-0.22,25.0,2424.85,3.52,566.61,68696.3,19.8,0.1747153941651148,3638.934331160771,33.76533131595283,108.45141914921255,0.0476969600708479,0.18590475,4812.370523190729,20,Cloth
18.0,-0.22,25.0,2424.85,3.52,566.61,68696.3,19.8,0.1747153941651148,3638.934331160771,33.76533131595283,108.45141914921255,0.0476969600708479,0.18590475,4812.370523190729,20,Cloth
18.0,-0.22,25.0,2424.85,3.52,566.61,68696.3,19.8,0.1747153941651148,3638.934331160771,33.76533131595283,108.45141914921255,0.0476969600708479,0.18590475,4812.370523190729,20,Cloth
18.0,-0.22,25.0,2424.85,3.52,566.61,68696.3,19.8,0.1747153941651148,3638.934331160771,33.76533131595283,108.45141914921255,0.0476969600708479,0.18590475,4812.370523190729,20,Cloth
17.9,-0.22,25.0,2103.98,3.08,622.16,66594.9,19.8,0.1747153941651148,3638.934331160771,33.76533131595283,108.45141914921255,0.0476969600708479,0.18590475,4812.370523190729,20,Cloth
17.9,-0.22,25.0,2103.98,3.08,622.16,66594.9,19.8,0.1747153941651148,3638.934331160771,33.76533131595283,108.45141914921255,0.0476969600708479,0.18590475,4812.370523190729,20,Cloth
17.9,-0.22,25.0,2103.98,3.08,622.16,66594.9,19.8,0.1747153941651148,3638.934331160771,33.76533131595283,108.45141914921255,0.0476969600708479,0.18590475,4812.370523190729,20,Cloth
17.9,-0.22,25.0,2103.98,3.08,622.16,66594.9,19.8,0.1747153941651148,3638.934331160771,33.76533131595283,108.45141914921255,0.0476969600708479,0.18590475,4812.370523190729,20,Cloth
17.9,-0.22,25.0,2103.98,3.08,622.16,66594.9,19.8,0.1747153941651148,3638.934331160771,33.76533131595283,108.45141914921255,0.0476969600708479,0.18590475,4812.370523190729,20,Cloth
17.9,-0.22,25.0,2103.98,3.08,622.16,66594.9,19.8,0.1747153941651148,3638.934331160771,33.76533131595283,108.45141914921255,0.0476969600708479,0.18590475,4812.370523190729,20,Cloth
17.9,0.0,25.0,1831.98,2.71,633.27,60252.0,19.8,0.1747153941651148,3638.934331160771,33.76533131595283,108.45141914921255,0.0476969600708479,0.18590475,4812.370523190729,20,Cloth
17.9,0.0,25.0,1831.98,2.71,633.27,60252.0,19.8,0.1747153941651148,3638.934331160771,33.76533131595283,108.45141914921255,0.0476969600708479,0.18590475,4812.370523190729,20,Cloth
17.9,0.0,25.0,1831.98,2.71,633.27,60252.0,19.8,0.1747153941651148,3638.934331160771,33.76533131595283,108.45141914921255,0.0476969600708479,0.18590475,4812.370523190729,20,Cloth
17.9,0.0,25.0,1831.98,2.71,633.27,60252.0,19.8,0.1747153941651148,3638.934331160771,33.76533131595283,108.45141914921255,0.0476969600708479,0.18590475,4812.370523190729,20,Cloth
17.9,0.0,25.0,1831.98,2.71,633.27,60252.0,19.8,0.1747153941651148,3638.934331160771,33.76533131595283,108.45141914921255,0.0476969600708479,0.18590475,4812.370523190729,20,Cloth
17.9,0.0,25.0,1711.01,2.56,633.27,57102.0,19.8,0.1747153941651148,3638.934331160771,33.76533131595283,108.45141914921255,0.0476969600708479,0.18590475,4812.370523190729,20,Cloth
17.9,0.0,25.0,1711.01,2.56,633.27,57102.0,19.8,0.1747153941651148,3638.934331160771,33.76533131595283,108.45141914921255,0.0476969600708479,0.18590475,4812.370523190729,20,Cloth
28.6,0.0,25.0,2998.28,12.87,699.93,94323.0,19.8,0.4129886516991781,3251.957557354926,25.609769905533057,127.037666861467,0.0497493718553317,0.4194989999999996,3134.36115779197,30,Cloth
28.6,0.0,25.0,2998.28,12.87,699.93,94323.0,19.8,0.4129886516991781,3251.957557354926,25.609769905533057,127.037666861467,0.0497493718553317,0.4194989999999996,3134.36115779197,30,Cloth
28.6,0.0,25.0,2998.28,12.87,699.93,94323.0,19.8,0.4129886516991781,3251.957557354926,25.609769905533057,127.037666861467,0.0497493718553317,0.4194989999999996,3134.36115779197,30,Cloth
28.6,0.0,25.0,2678.18,11.51,755.48,97044.1,19.8,0.4129886516991781,3251.957557354926,25.609769905533057,127.037666861467,0.0497493718553317,0.4194989999999996,3134.36115779197,30,Cloth
28.6,0.0,25.0,2678.18,11.51,755.48,97044.1,19.8,0.4129886516991781,3251.957557354926,25.609769905533057,127.037666861467,0.0497493718553317,0.4194989999999996,3134.36115779197,30,Cloth
28.6,0.0,25.0,2678.18,11.51,755.48,97044.1,19.8,0.4129886516991781,3251.957557354926,25.609769905533057,127.037666861467,0.0497493718553317,0.4194989999999996,3134.36115779197,30,Cloth
28.6,0.0,25.0,2678.18,11.51,755.48,97044.1,19.8,0.4129886516991781,3251.957557354926,25.609769905533057,127.037666861467,0.0497493718553317,0.4194989999999996,3134.36115779197,30,Cloth
28.6,0.0,25.0,2678.18,11.51,755.48,97044.1,19.8,0.4129886516991781,3251.957557354926,25.609769905533057,127.037666861467,0.0497493718553317,0.4194989999999996,3134.36115779197,30,Cloth
28.6,0.0,25.0,2678.18,11.51,755.48,97044.1,19.8,0.4129886516991781,3251.957557354926,25.609769905533057,127.037666861467,0.0497493718553317,0.4194989999999996,3134.36115779197,30,Cloth
28.5,-0.22,25.0,2548.18,10.97,744.37,90693.7,19.8,0.4129886516991781,3251.957557354926,25.609769905533057,127.037666861467,0.0497493718553317,0.4194989999999996,3134.36115779197,30,Cloth
28.5,-0.22,25.0,2548.18,10.97,744.37,90693.7,19.8,0.4129886516991781,3251.957557354926,25.609769905533057,127.037666861467,0.0497493718553317,0.4194989999999996,3134.36115779197,30,Cloth
28.5,-0.22,25.0,2548.18,10.97,744.37,90693.7,19.8,0.4129886516991781,3251.957557354926,25.609769905533057,127.037666861467,0.0497493718553317,0.4194989999999996,3134.36115779197,30,Cloth
28.5,-0.22,25.0,2548.18,10.97,744.37,90693.7,19.8,0.4129886516991781,3251.957557354926,25.609769905533057,127.037666861467,0.0497493718553317,0.4194989999999996,3134.36115779197,30,Cloth
28.5,-0.22,25.0,2548.18,10.97,744.37,90693.7,19.8,0.4129886516991781,3251.957557354926,25.609769905533057,127.037666861467,0.0497493718553317,0.4194989999999996,3134.36115779197,30,Cloth
28.5,0.0,25.0,2831.66,12.21,711.04,89656.5,19.8,0.4129886516991781,3251.957557354926,25.609769905533057,127.037666861467,0.0497493718553317,0.4194989999999996,3134.36115779197,30,Cloth
28.5,0.0,25.0,2831.66,12.21,711.04,89656.5,19.8,0.4129886516991781,3251.957557354926,25.609769905533057,127.037666861467,0.0497493718553317,0.4194989999999996,3134.36115779197,30,Cloth
28.5,0.0,25.0,2831.66,12.21,711.04,89656.5,19.8,0.4129886516991781,3251.957557354926,25.609769905533057,127.037666861467,0.0497493718553317,0.4194989999999996,3134.36115779197,30,Cloth
28.5,0.0,25.0,2831.66,12.21,711.04,89656.5,19.8,0.4129886516991781,3251.957557354926,25.609769905533057,127.037666861467,0.0497493718553317,0.4194989999999996,3134.36115779197,30,Cloth
28.5,0.0,25.0,2831.66,12.21,711.04,89656.5,19.8,0.4129886516991781,3251.957557354926,25.609769905533057,127.037666861467,0.0497493718553317,0.4194989999999996,3134.36115779197,30,Cloth
28.5,0.0,25.0,2831.66,12.21,711.04,89656.5,19.8,0.4129886516991781,3251.957557354926,25.609769905533057,127.037666861467,0.0497493718553317,0.4194989999999996,3134.36115779197,30,Cloth
40.6,0.22,25.0,4082.38,19.69,777.7,121157.2,19.8,0.4046921182266009,2681.120197044335,20.48235221674876,131.91646968098416,7.105427357601002e-15,5.4609847500000015,8491.489511599244,40,Cloth
40.6,0.22,25.0,4082.38,19.69,777.7,121157.2,19.8,0.4046921182266009,2681.120197044335,20.48235221674876,131.91646968098416,7.105427357601002e-15,5.4609847500000015,8491.489511599244,40,Cloth
40.6,0.22,25.0,4082.38,19.69,777.7,121157.2,19.8,0.4046921182266009,2681.120197044335,20.48235221674876,131.91646968098416,7.105427357601002e-15,5.4609847500000015,8491.489511599244,40,Cloth
40.6,0.22,25.0,4082.38,19.69,777.7,121157.2,19.8,0.4046921182266009,2681.120197044335,20.48235221674876,131.91646968098416,7.105427357601002e-15,5.4609847500000015,8491.489511599244,40,Cloth
40.6,0.22,25.0,4082.38,19.69,777.7,121157.2,19.8,0.4046921182266009,2681.120197044335,20.48235221674876,131.91646968098416,7.105427357601002e-15,5.4609847500000015,8491.489511599244,40,Cloth
40.6,0.0,25.0,3583.29,17.3,788.81,110152.0,19.8,0.4046921182266009,2681.120197044335,20.48235221674876,131.91646968098416,7.105427357601002e-15,5.4609847500000015,8491.489511599244,40,Cloth
40.6,0.0,25.0,3583.29,17.3,788.81,110152.0,19.8,0.4046921182266009,2681.120197044335,20.48235221674876,131.91646968098416,7.105427357601002e-15,5.4609847500000015,8491.489511599244,40,Cloth
40.6,0.0,25.0,3583.29,17.3,788.81,110152.0,19.8,0.4046921182266009,2681.120197044335,20.48235221674876,131.91646968098416,7.105427357601002e-15,5.4609847500000015,8491.489511599244,40,Cloth
40.6,0.0,25.0,3583.29,17.3,788.81,110152.0,19.8,0.4046921182266009,2681.120197044335,20.48235221674876,131.91646968098416,7.105427357601002e-15,5.4609847500000015,8491.489511599244,40,Cloth
40.6,0.0,25.0,3583.29,17.3,788.81,110152.0,19.8,0.4046921182266009,2681.120197044335,20.48235221674876,131.91646968098416,7.105427357601002e-15,5.4609847500000015,8491.489511599244,40,Cloth
40.6,0.0,25.0,3140.6,15.17,866.58,105831.4,19.8,0.4046921182266009,2681.120197044335,20.48235221674876,131.91646968098416,7.105427357601002e-15,5.4609847500000015,8491.489511599244,40,Cloth
40.6,0.0,25.0,3140.6,15.17,866.58,105831.4,19.8,0.4046921182266009,2681.120197044335,20.48235221674876,131.91646968098416,7.105427357601002e-15,5.4609847500000015,8491.489511599244,40,Cloth
40.6,0.0,25.0,3140.6,15.17,866.58,105831.4,19.8,0.4046921182266009,2681.120197044335,20.48235221674876,131.91646968098416,7.105427357601002e-15,5.4609847500000015,8491.489511599244,40,Cloth
40.6,0.0,25.0,3140.6,15.17,866.58,105831.4,19.8,0.4046921182266009,2681.120197044335,20.48235221674876,131.91646968098416,7.105427357601002e-15,5.4609847500000015,8491.489511599244,40,Cloth
40.6,0.0,25.0,3140.6,15.17,866.58,105831.4,19.8,0.4046921182266009,2681.120197044335,20.48235221674876,131.91646968098416,7.105427357601002e-15,5.4609847500000015,8491.489511599244,40,Cloth
40.6,0.0,25.0,3140.6,15.17,866.58,105831.4,19.8,0.4046921182266009,2681.120197044335,20.48235221674876,131.91646968098416,7.105427357601002e-15,5.4609847500000015,8491.489511599244,40,Cloth
40.6,0.0,25.0,2723.14,13.16,899.91,96383.8,19.8,0.4046921182266009,2681.120197044335,20.48235221674876,131.91646968098416,7.105427357601002e-15,5.4609847500000015,8491.489511599244,40,Cloth
40.6,0.0,25.0,2723.14,13.16,899.91,96383.8,19.8,0.4046921182266009,2681.120197044335,20.48235221674876,131.91646968098416,7.105427357601002e-15,5.4609847500000015,8491.489511599244,40,Cloth
40.6,0.0,25.0,2723.14,13.16,899.91,96383.8,19.8,0.4046921182266009,2681.120197044335,20.48235221674876,131.91646968098416,7.105427357601002e-15,5.4609847500000015,8491.489511599244,40,Cloth
40.6,0.0,25.0,2723.14,13.16,899.91,96383.8,19.8,0.4046921182266009,2681.120197044335,20.48235221674876,131.91646968098416,7.105427357601002e-15,5.4609847500000015,8491.489511599244,40,Cloth
49.2,-0.66,25.0,2876.56,14.44,733.26,101845.1,19.8,0.5017980807054306,2461.598600297019,12.168915754111186,205.8390878665301,0.1042832680730725,22.68990475,10495.933130270025,50,Cloth
49.2,-0.66,25.0,2876.56,14.44,733.26,101845.1,19.8,0.5017980807054306,2461.598600297019,12.168915754111186,205.8390878665301,0.1042832680730725,22.68990475,10495.933130270025,50,Cloth
49.2,-0.66,25.0,2876.56,14.44,733.26,101845.1,19.8,0.5017980807054306,2461.598600297019,12.168915754111186,205.8390878665301,0.1042832680730725,22.68990475,10495.933130270025,50,Cloth
49.1,-0.66,25.0,4963.22,24.94,533.28,113415.8,19.8,0.5017980807054306,2461.598600297019,12.168915754111186,205.8390878665301,0.1042832680730725,22.68990475,10495.933130270025,50,Cloth
49.1,-0.66,25.0,4963.22,24.94,533.28,113415.8,19.8,0.5017980807054306,2461.598600297019,12.168915754111186,205.8390878665301,0.1042832680730725,22.68990475,10495.933130270025,50,Cloth
49.1,-0.66,25.0,4963.22,24.94,533.28,113415.8,19.8,0.5017980807054306,2461.598600297019,12.168915754111186,205.8390878665301,0.1042832680730725,22.68990475,10495.933130270025,50,Cloth
49.1,-0.66,25.0,4963.22,24.94,533.28,113415.8,19.8,0.5017980807054306,2461.598600297019,12.168915754111186,205.8390878665301,0.1042832680730725,22.68990475,10495.933130270025,50,Cloth
49.1,-0.66,25.0,4963.22,24.94,533.28,113415.8,19.8,0.5017980807054306,2461.598600297019,12.168915754111186,205.8390878665301,0.1042832680730725,22.68990475,10495.933130270025,50,Cloth
49.0,-0.44,25.0,5838.55,29.35,544.39,131830.8,19.8,0.5017980807054306,2461.598600297019,12.168915754111186,205.8390878665301,0.1042832680730725,22.68990475,10495.933130270025,50,Cloth
49.0,-0.44,25.0,5838.55,29.35,544.39,131830.8,19.8,0.5017980807054306,2461.598600297019,12.168915754111186,205.8390878665301,0.1042832680730725,22.68990475,10495.933130270025,50,Cloth
49.0,-0.44,25.0,5838.55,29.35,544.39,131830.8,19.8,0.5017980807054306,2461.598600297019,12.168915754111186,205.8390878665301,0.1042832680730725,22.68990475,10495.933130270025,50,Cloth
49.0,-0.44,25.0,5838.55,29.35,544.39,131830.8,19.8,0.5017980807054306,2461.598600297019,12.168915754111186,205.8390878665301,0.1042832680730725,22.68990475,10495.933130270025,50,Cloth
49.0,-0.44,25.0,5838.55,29.35,544.39,131830.8,19.8,0.5017980807054306,2461.598600297019,12.168915754111186,205.8390878665301,0.1042832680730725,22.68990475,10495.933130270025,50,Cloth
49.0,-0.44,25.0,5838.55,29.35,544.39,131830.8,19.8,0.5017980807054306,2461.598600297019,12.168915754111186,205.8390878665301,0.1042832680730725,22.68990475,10495.933130270025,50,Cloth
48.9,-0.44,25.0,5001.3,25.15,633.27,125762.0,19.8,0.5017980807054306,2461.598600297019,12.168915754111186,205.8390878665301,0.1042832680730725,22.68990475,10495.933130270025,50,Cloth
48.9,-0.44,25.0,5001.3,25.15,633.27,125762.0,19.8,0.5017980807054306,2461.598600297019,12.168915754111186,205.8390878665301,0.1042832680730725,22.68990475,10495.933130270025,50,Cloth
48.9,-0.44,25.0,5001.3,25.15,633.27,125762.0,19.8,0.5017980807054306,2461.598600297019,12.168915754111186,205.8390878665301,0.1042832680730725,22.68990475,10495.933130270025,50,Cloth
48.9,-0.44,25.0,5001.3,25.15,633.27,125762.0,19.8,0.5017980807054306,2461.598600297019,12.168915754111186,205.8390878665301,0.1042832680730725,22.68990475,10495.933130270025,50,Cloth
48.9,-0.44,25.0,5001.3,25.15,633.27,125762.0,19.8,0.5017980807054306,2461.598600297019,12.168915754111186,205.8390878665301,0.1042832680730725,22.68990475,10495.933130270025,50,Cloth
48.9,0.22,25.0,4384.25,22.02,633.27,120821.5,19.8,0.5017980807054306,2461.598600297019,12.168915754111186,205.8390878665301,0.1042832680730725,22.68990475,10495.933130270025,50,Cloth
67.5,-3.5,25.0,898.53,4.52,1066.56,47401.9,19.8,0.0648185877398153,706.2495762460651,16.24091577981748,43.55637712536533,0.4608687448721177,0.0936547499999998,696.0636191290286,70,Cloth
67.5,-3.5,25.0,898.53,4.52,1066.56,47401.9,19.8,0.0648185877398153,706.2495762460651,16.24091577981748,43.55637712536533,0.4608687448721177,0.0936547499999998,696.0636191290286,70,Cloth
67.5,-3.5,25.0,898.53,4.52,1066.56,47401.9,19.8,0.0648185877398153,706.2495762460651,16.24091577981748,43.55637712536533,0.4608687448721177,0.0936547499999998,696.0636191290286,70,Cloth
67.5,-3.5,25.0,898.53,4.52,1066.56,47401.9,19.8,0.0648185877398153,706.2495762460651,16.24091577981748,43.55637712536533,0.4608687448721177,0.0936547499999998,696.0636191290286,70,Cloth
66.7,-3.5,25.0,924.24,4.64,1033.23,48016.0,19.8,0.0648185877398153,706.2495762460651,16.24091577981748,43.55637712536533,0.4608687448721177,0.0936547499999998,696.0636191290286,70,Cloth
66.7,-3.5,25.0,924.24,4.64,1033.23,48016.0,19.8,0.0648185877398153,706.2495762460651,16.24091577981748,43.55637712536533,0.4608687448721177,0.0936547499999998,696.0636191290286,70,Cloth
66.7,-3.5,25.0,924.24,4.64,1033.23,48016.0,19.8,0.0648185877398153,706.2495762460651,16.24091577981748,43.55637712536533,0.4608687448721177,0.0936547499999998,696.0636191290286,70,Cloth
66.7,-3.5,25.0,924.24,4.64,1033.23,48016.0,19.8,0.0648185877398153,706.2495762460651,16.24091577981748,43.55637712536533,0.4608687448721177,0.0936547499999998,696.0636191290286,70,Cloth
66.7,-3.5,25.0,924.24,4.64,1033.23,48016.0,19.8,0.0648185877398153,706.2495762460651,16.24091577981748,43.55637712536533,0.4608687448721177,0.0936547499999998,696.0636191290286,70,Cloth
66.3,-1.97,25.0,862.74,4.33,1099.89,46826.9,19.8,0.0648185877398153,706.2495762460651,16.24091577981748,43.55637712536533,0.4608687448721177,0.0936547499999998,696.0636191290286,70,Cloth
66.3,-1.97,25.0,862.74,4.33,1099.89,46826.9,19.8,0.0648185877398153,706.2495762460651,16.24091577981748,43.55637712536533,0.4608687448721177,0.0936547499999998,696.0636191290286,70,Cloth
66.3,-1.97,25.0,862.74,4.33,1099.89,46826.9,19.8,0.0648185877398153,706.2495762460651,16.24091577981748,43.55637712536533,0.4608687448721177,0.0936547499999998,696.0636191290286,70,Cloth
66.3,-1.97,25.0,862.74,4.33,1099.89,46826.9,19.8,0.0648185877398153,706.2495762460651,16.24091577981748,43.55637712536533,0.4608687448721177,0.0936547499999998,696.0636191290286,70,Cloth
66.3,-1.97,25.0,862.74,4.33,1099.89,46826.9,19.8,0.0648185877398153,706.2495762460651,16.24091577981748,43.55637712536533,0.4608687448721177,0.0936547499999998,696.0636191290286,70,Cloth
66.3,-1.97,25.0,862.74,4.33,1099.89,46826.9,19.8,0.0648185877398153,706.2495762460651,16.24091577981748,43.55637712536533,0.4608687448721177,0.0936547499999998,696.0636191290286,70,Cloth
66.3,0.0,25.0,765.12,3.83,1122.11,46129.7,19.8,0.0648185877398153,706.2495762460651,16.24091577981748,43.55637712536533,0.4608687448721177,0.0936547499999998,696.0636191290286,70,Cloth
66.3,0.0,25.0,765.12,3.83,1122.11,46129.7,19.8,0.0648185877398153,706.2495762460651,16.24091577981748,43.55637712536533,0.4608687448721177,0.0936547499999998,696.0636191290286,70,Cloth
66.3,0.0,25.0,765.12,3.83,1122.11,46129.7,19.8,0.0648185877398153,706.2495762460651,16.24091577981748,43.55637712536533,0.4608687448721177,0.0936547499999998,696.0636191290286,70,Cloth
66.3,0.0,25.0,765.12,3.83,1122.11,46129.7,19.8,0.0648185877398153,706.2495762460651,16.24091577981748,43.55637712536533,0.4608687448721177,0.0936547499999998,696.0636191290286,70,Cloth
66.3,0.0,25.0,765.12,3.83,1122.11,46129.7,19.8,0.0648185877398153,706.2495762460651,16.24091577981748,43.55637712536533,0.4608687448721177,0.0936547499999998,696.0636191290286,70,Cloth
78.8,-0.44,25.0,1331.82,6.7,899.91,63013.5,19.8,0.1034923299964426,886.6934740798522,10.487822216604384,84.78088801183438,0.0734846922834936,0.60210475,4650.856814727797,80,Cloth
78.8,-0.44,25.0,1331.82,6.7,899.91,63013.5,19.8,0.1034923299964426,886.6934740798522,10.487822216604384,84.78088801183438,0.0734846922834936,0.60210475,4650.856814727797,80,Cloth
78.8,-0.44,25.0,1331.82,6.7,899.91,63013.5,19.8,0.1034923299964426,886.6934740798522,10.487822216604384,84.78088801183438,0.0734846922834936,0.60210475,4650.856814727797,80,Cloth
78.8,-0.22,25.0,1601.09,8.05,811.03,66652.4,19.8,0.1034923299964426,886.6934740798522,10.487822216604384,84.78088801183438,0.0734846922834936,0.60210475,4650.856814727797,80,Cloth
78.8,-0.22,25.0,1601.09,8.05,811.03,66652.4,19.8,0.1034923299964426,886.6934740798522,10.487822216604384,84.78088801183438,0.0734846922834936,0.60210475,4650.856814727797,80,Cloth
78.8,-0.22,25.0,1601.09,8.05,811.03,66652.4,19.8,0.1034923299964426,886.6934740798522,10.487822216604384,84.78088801183438,0.0734846922834936,0.60210475,4650.856814727797,80,Cloth
78.8,-0.22,25.0,1601.09,8.05,811.03,66652.4,19.8,0.1034923299964426,886.6934740798522,10.487822216604384,84.78088801183438,0.0734846922834936,0.60210475,4650.856814727797,80,Cloth
78.8,-0.22,25.0,1601.09,8.05,811.03,66652.4,19.8,0.1034923299964426,886.6934740798522,10.487822216604384,84.78088801183438,0.0734846922834936,0.60210475,4650.856814727797,80,Cloth
78.8,-0.22,25.0,1601.09,8.05,811.03,66652.4,19.8,0.1034923299964426,886.6934740798522,10.487822216604384,84.78088801183438,0.0734846922834936,0.60210475,4650.856814727797,80,Cloth
78.8,0.0,25.0,1647.73,8.28,811.03,70805.7,19.8,0.1034923299964426,886.6934740798522,10.487822216604384,84.78088801183438,0.0734846922834936,0.60210475,4650.856814727797,80,Cloth
78.8,0.0,25.0,1647.73,8.28,811.03,70805.7,19.8,0.1034923299964426,886.6934740798522,10.487822216604384,84.78088801183438,0.0734846922834936,0.60210475,4650.856814727797,80,Cloth
78.8,0.0,25.0,1647.73,8.28,811.03,70805.7,19.8,0.1034923299964426,886.6934740798522,10.487822216604384,84.78088801183438,0.0734846922834936,0.60210475,4650.856814727797,80,Cloth
78.8,0.0,25.0,1647.73,8.28,811.03,70805.7,19.8,0.1034923299964426,886.6934740798522,10.487822216604384,84.78088801183438,0.0734846922834936,0.60210475,4650.856814727797,80,Cloth
78.8,0.0,25.0,1647.73,8.28,811.03,70805.7,19.8,0.1034923299964426,886.6934740798522,10.487822216604384,84.78088801183438,0.0734846922834936,0.60210475,4650.856814727797,80,Cloth
78.7,-0.22,25.0,1709.32,8.58,822.14,74655.4,19.8,0.1034923299964426,886.6934740798522,10.487822216604384,84.78088801183438,0.0734846922834936,0.60210475,4650.856814727797,80,Cloth
78.7,-0.22,25.0,1709.32,8.58,822.14,74655.4,19.8,0.1034923299964426,886.6934740798522,10.487822216604384,84.78088801183438,0.0734846922834936,0.60210475,4650.856814727797,80,Cloth
78.7,-0.22,25.0,1709.32,8.58,822.14,74655.4,19.8,0.1034923299964426,886.6934740798522,10.487822216604384,84.78088801183438,0.0734846922834936,0.60210475,4650.856814727797,80,Cloth
78.7,-0.22,25.0,1709.32,8.58,822.14,74655.4,19.8,0.1034923299964426,886.6934740798522,10.487822216604384,84.78088801183438,0.0734846922834936,0.60210475,4650.856814727797,80,Cloth
78.7,-0.22,25.0,1709.32,8.58,822.14,74655.4,19.8,0.1034923299964426,886.6934740798522,10.487822216604384,84.78088801183438,0.0734846922834936,0.60210475,4650.856814727797,80,Cloth
78.5,-1.31,25.0,2058.89,10.31,788.81,80387.0,19.8,0.1034923299964426,886.6934740798522,10.487822216604384,84.78088801183438,0.0734846922834936,0.60210475,4650.856814727797,80,Cloth
86.9,2.19,25.0,818.22,4.08,1222.1,52142.9,19.8,0.0449259707485378,616.7864459884794,16.558401558270305,38.019669568541886,0.2376446927663237,0.022711,3055.4022766896,90,Cloth
86.9,2.19,25.0,818.22,4.08,1222.1,52142.9,19.8,0.0449259707485378,616.7864459884794,16.558401558270305,38.019669568541886,0.2376446927663237,0.022711,3055.4022766896,90,Cloth
86.9,2.19,25.0,818.22,4.08,1222.1,52142.9,19.8,0.0449259707485378,616.7864459884794,16.558401558270305,38.019669568541886,0.2376446927663237,0.022711,3055.4022766896,90,Cloth
86.9,0.0,25.0,793.07,3.95,1277.65,52270.6,19.8,0.0449259707485378,616.7864459884794,16.558401558270305,38.019669568541886,0.2376446927663237,0.022711,3055.4022766896,90,Cloth
86.9,0.0,25.0,793.07,3.95,1277.65,52270.6,19.8,0.0449259707485378,616.7864459884794,16.558401558270305,38.019669568541886,0.2376446927663237,0.022711,3055.4022766896,90,Cloth
86.9,0.0,25.0,793.07,3.95,1277.65,52270.6,19.8,0.0449259707485378,616.7864459884794,16.558401558270305,38.019669568541886,0.2376446927663237,0.022711,3055.4022766896,90,Cloth
86.9,0.0,25.0,793.07,3.95,1277.65,52270.6,19.8,0.0449259707485378,616.7864459884794,16.558401558270305,38.019669568541886,0.2376446927663237,0.022711,3055.4022766896,90,Cloth
86.9,0.0,25.0,793.07,3.95,1277.65,52270.6,19.8,0.0449259707485378,616.7864459884794,16.558401558270305,38.019669568541886,0.2376446927663237,0.022711,3055.4022766896,90,Cloth
86.9,0.0,25.0,746.48,3.71,1788.71,57537.2,19.8,0.0449259707485378,616.7864459884794,16.558401558270305,38.019669568541886,0.2376446927663237,0.022711,3055.4022766896,90,Cloth
86.9,0.0,25.0,746.48,3.71,1788.71,57537.2,19.8,0.0449259707485378,616.7864459884794,16.558401558270305,38.019669568541886,0.2376446927663237,0.022711,3055.4022766896,90,Cloth
86.9,0.0,25.0,746.48,3.71,1788.71,57537.2,19.8,0.0449259707485378,616.7864459884794,16.558401558270305,38.019669568541886,0.2376446927663237,0.022711,3055.4022766896,90,Cloth
86.9,0.0,25.0,746.48,3.71,1788.71,57537.2,19.8,0.0449259707485378,616.7864459884794,16.558401558270305,38.019669568541886,0.2376446927663237,0.022711,3055.4022766896,90,Cloth
86.9,0.0,25.0,746.48,3.71,1788.71,57537.2,19.8,0.0449259707485378,616.7864459884794,16.558401558270305,38.019669568541886,0.2376446927663237,0.022711,3055.4022766896,90,Cloth
86.9,0.0,25.0,746.48,3.71,1788.71,57537.2,19.8,0.0449259707485378,616.7864459884794,16.558401558270305,38.019669568541886,0.2376446927663237,0.022711,3055.4022766896,90,Cloth
86.4,-2.62,25.0,807.61,4.01,1233.21,49980.0,19.8,0.0449259707485378,616.7864459884794,16.558401558270305,38.019669568541886,0.2376446927663237,0.022711,3055.4022766896,90,Cloth
86.4,-2.62,25.0,807.61,4.01,1233.21,49980.0,19.8,0.0449259707485378,616.7864459884794,16.558401558270305,38.019669568541886,0.2376446927663237,0.022711,3055.4022766896,90,Cloth
86.4,-2.62,25.0,807.61,4.01,1233.21,49980.0,19.8,0.0449259707485378,616.7864459884794,16.558401558270305,38.019669568541886,0.2376446927663237,0.022711,3055.4022766896,90,Cloth
86.4,-2.62,25.0,807.61,4.01,1233.21,49980.0,19.8,0.0449259707485378,616.7864459884794,16.558401558270305,38.019669568541886,0.2376446927663237,0.022711,3055.4022766896,90,Cloth
86.4,-2.62,25.0,807.61,4.01,1233.21,49980.0,19.8,0.0449259707485378,616.7864459884794,16.558401558270305,38.019669568541886,0.2376446927663237,0.022711,3055.4022766896,90,Cloth
86.3,-0.22,25.0,732.12,3.64,1777.6,57225.9,19.8,0.0449259707485378,616.7864459884794,16.558401558270305,38.019669568541886,0.2376446927663237,0.022711,3055.4022766896,90,Cloth
95.6,-0.22,25.0,1223.73,6.08,966.57,63206.0,19.8,0.0552974380599794,583.4958221428728,10.39929123858135,56.51842518591117,0.0476969600708445,0.2116847499999999,4000.602217101195,100,Cloth
95.6,-0.22,25.0,1223.73,6.08,966.57,63206.0,19.8,0.0552974380599794,583.4958221428728,10.39929123858135,56.51842518591117,0.0476969600708445,0.2116847499999999,4000.602217101195,100,Cloth
95.6,0.22,25.0,1111.56,5.53,966.57,59244.6,19.8,0.0552974380599794,583.4958221428728,10.39929123858135,56.51842518591117,0.0476969600708445,0.2116847499999999,4000.602217101195,100,Cloth
95.6,0.22,25.0,1111.56,5.53,966.57,59244.6,19.8,0.0552974380599794,583.4958221428728,10.39929123858135,56.51842518591117,0.0476969600708445,0.2116847499999999,4000.602217101195,100,Cloth
95.6,0.22,25.0,1111.56,5.53,966.57,59244.6,19.8,0.0552974380599794,583.4958221428728,10.39929123858135,56.51842518591117,0.0476969600708445,0.2116847499999999,4000.602217101195,100,Cloth
95.6,0.22,25.0,1111.56,5.53,966.57,59244.6,19.8,0.0552974380599794,583.4958221428728,10.39929123858135,56.51842518591117,0.0476969600708445,0.2116847499999999,4000.602217101195,100,Cloth
95.6,0.22,25.0,1111.56,5.53,966.57,59244.6,19.8,0.0552974380599794,583.4958221428728,10.39929123858135,56.51842518591117,0.0476969600708445,0.2116847499999999,4000.602217101195,100,Cloth
95.5,-0.66,25.0,1115.79,5.56,955.46,55663.1,19.8,0.0552974380599794,583.4958221428728,10.39929123858135,56.51842518591117,0.0476969600708445,0.2116847499999999,4000.602217101195,100,Cloth
95.5,-0.66,25.0,1115.79,5.56,955.46,55663.1,19.8,0.0552974380599794,583.4958221428728,10.39929123858135,56.51842518591117,0.0476969600708445,0.2116847499999999,4000.602217101195,100,Cloth
95.5,-0.66,25.0,1115.79,5.56,955.46,55663.1,19.8,0.0552974380599794,583.4958221428728,10.39929123858135,56.51842518591117,0.0476969600708445,0.2116847499999999,4000.602217101195,100,Cloth
95.5,-0.66,25.0,1115.79,5.56,955.46,55663.1,19.8,0.0552974380599794,583.4958221428728,10.39929123858135,56.51842518591117,0.0476969600708445,0.2116847499999999,4000.602217101195,100,Cloth
95.5,-0.66,25.0,1115.79,5.56,955.46,55663.1,19.8,0.0552974380599794,583.4958221428728,10.39929123858135,56.51842518591117,0.0476969600708445,0.2116847499999999,4000.602217101195,100,Cloth
95.6,0.87,25.0,966.27,4.82,966.57,50826.2,19.8,0.0552974380599794,583.4958221428728,10.39929123858135,56.51842518591117,0.0476969600708445,0.2116847499999999,4000.602217101195,100,Cloth
95.6,0.87,25.0,966.27,4.82,966.57,50826.2,19.8,0.0552974380599794,583.4958221428728,10.39929123858135,56.51842518591117,0.0476969600708445,0.2116847499999999,4000.602217101195,100,Cloth
95.6,0.87,25.0,966.27,4.82,966.57,50826.2,19.8,0.0552974380599794,583.4958221428728,10.39929123858135,56.51842518591117,0.0476969600708445,0.2116847499999999,4000.602217101195,100,Cloth
95.6,0.87,25.0,966.27,4.82,966.57,50826.2,19.8,0.0552974380599794,583.4958221428728,10.39929123858135,56.51842518591117,0.0476969600708445,0.2116847499999999,4000.602217101195,100,Cloth
95.6,0.87,25.0,966.27,4.82,966.57,50826.2,19.8,0.0552974380599794,583.4958221428728,10.39929123858135,56.51842518591117,0.0476969600708445,0.2116847499999999,4000.602217101195,100,Cloth
95.6,0.87,25.0,966.27,4.82,966.57,50826.2,19.8,0.0552974380599794,583.4958221428728,10.39929123858135,56.51842518591117,0.0476969600708445,0.2116847499999999,4000.602217101195,100,Cloth
95.5,-0.66,25.0,917.91,4.58,1266.54,54665.2,19.8,0.0552974380599794,583.4958221428728,10.39929123858135,56.51842518591117,0.0476969600708445,0.2116847499999999,4000.602217101195,100,Cloth
95.5,-0.66,25.0,917.91,4.58,1266.54,54665.2,19.8,0.0552974380599794,583.4958221428728,10.39929123858135,56.51842518591117,0.0476969600708445,0.2116847499999999,4000.602217101195,100,Cloth
107.8,0.0,25.0,1006.66,5.04,1055.45,49121.9,19.8,0.0422914405319514,468.94961490403904,10.45816879179932,44.882388545540024,0.3040970239906969,0.090219,1146.371576878543,110,Cloth
107.8,0.0,25.0,1006.66,5.04,1055.45,49121.9,19.8,0.0422914405319514,468.94961490403904,10.45816879179932,44.882388545540024,0.3040970239906969,0.090219,1146.371576878543,110,Cloth
107.8,0.0,25.0,1006.66,5.04,1055.45,49121.9,19.8,0.0422914405319514,468.94961490403904,10.45816879179932,44.882388545540024,0.3040970239906969,0.090219,1146.371576878543,110,Cloth
107.8,0.0,25.0,1006.66,5.04,1055.45,49121.9,19.8,0.0422914405319514,468.94961490403904,10.45816879179932,44.882388545540024,0.3040970239906969,0.090219,1146.371576878543,110,Cloth
107.4,-2.19,25.0,902.86,4.52,1166.55,50467.2,19.8,0.0422914405319514,468.94961490403904,10.45816879179932,44.882388545540024,0.3040970239906969,0.090219,1146.371576878543,110,Cloth
107.4,-2.19,25.0,902.86,4.52,1166.55,50467.2,19.8,0.0422914405319514,468.94961490403904,10.45816879179932,44.882388545540024,0.3040970239906969,0.090219,1146.371576878543,110,Cloth
107.4,-2.19,25.0,902.86,4.52,1166.55,50467.2,19.8,0.0422914405319514,468.94961490403904,10.45816879179932,44.882388545540024,0.3040970239906969,0.090219,1146.371576878543,110,Cloth
107.4,-2.19,25.0,902.86,4.52,1166.55,50467.2,19.8,0.0422914405319514,468.94961490403904,10.45816879179932,44.882388545540024,0.3040970239906969,0.090219,1146.371576878543,110,Cloth
107.4,-2.19,25.0,902.86,4.52,1166.55,50467.2,19.8,0.0422914405319514,468.94961490403904,10.45816879179932,44.882388545540024,0.3040970239906969,0.090219,1146.371576878543,110,Cloth
107.4,0.0,25.0,912.65,4.56,1122.11,51918.6,19.8,0.0422914405319514,468.94961490403904,10.45816879179932,44.882388545540024,0.3040970239906969,0.090219,1146.371576878543,110,Cloth
107.4,0.0,25.0,912.65,4.56,1122.11,51918.6,19.8,0.0422914405319514,468.94961490403904,10.45816879179932,44.882388545540024,0.3040970239906969,0.090219,1146.371576878543,110,Cloth
107.4,0.0,25.0,912.65,4.56,1122.11,51918.6,19.8,0.0422914405319514,468.94961490403904,10.45816879179932,44.882388545540024,0.3040970239906969,0.090219,1146.371576878543,110,Cloth
107.4,0.0,25.0,912.65,4.56,1122.11,51918.6,19.8,0.0422914405319514,468.94961490403904,10.45816879179932,44.882388545540024,0.3040970239906969,0.090219,1146.371576878543,110,Cloth
107.4,0.0,25.0,912.65,4.56,1122.11,51918.6,19.8,0.0422914405319514,468.94961490403904,10.45816879179932,44.882388545540024,0.3040970239906969,0.090219,1146.371576878543,110,Cloth
107.4,0.0,25.0,912.65,4.56,1122.11,51918.6,19.8,0.0422914405319514,468.94961490403904,10.45816879179932,44.882388545540024,0.3040970239906969,0.090219,1146.371576878543,110,Cloth
106.9,-2.19,25.0,829.55,4.14,1133.22,49308.9,19.8,0.0422914405319514,468.94961490403904,10.45816879179932,44.882388545540024,0.3040970239906969,0.090219,1146.371576878543,110,Cloth
106.9,-2.19,25.0,829.55,4.14,1133.22,49308.9,19.8,0.0422914405319514,468.94961490403904,10.45816879179932,44.882388545540024,0.3040970239906969,0.090219,1146.371576878543,110,Cloth
106.9,-2.19,25.0,829.55,4.14,1133.22,49308.9,19.8,0.0422914405319514,468.94961490403904,10.45816879179932,44.882388545540024,0.3040970239906969,0.090219,1146.371576878543,110,Cloth
106.9,-2.19,25.0,829.55,4.14,1133.22,49308.9,19.8,0.0422914405319514,468.94961490403904,10.45816879179932,44.882388545540024,0.3040970239906969,0.090219,1146.371576878543,110,Cloth
106.9,-2.19,25.0,829.55,4.14,1133.22,49308.9,19.8,0.0422914405319514,468.94961490403904,10.45816879179932,44.882388545540024,0.3040970239906969,0.090219,1146.371576878543,110,Cloth
117.4,0.22,25.0,903.38,4.51,944.35,40183.6,19.8,0.0380090839983339,349.098212164924,8.067609693913969,43.984513581139765,0.1152171862180282,0.0488427499999999,2364.1322403579716,120,Cloth
117.4,0.22,25.0,903.38,4.51,944.35,40183.6,19.8,0.0380090839983339,349.098212164924,8.067609693913969,43.984513581139765,0.1152171862180282,0.0488427499999999,2364.1322403579716,120,Cloth
117.5,0.66,25.0,871.4,4.35,1166.55,44820.5,19.8,0.0380090839983339,349.098212164924,8.067609693913969,43.984513581139765,0.1152171862180282,0.0488427499999999,2364.1322403579716,120,Cloth
117.5,0.66,25.0,871.4,4.35,1166.55,44820.5,19.8,0.0380090839983339,349.098212164924,8.067609693913969,43.984513581139765,0.1152171862180282,0.0488427499999999,2364.1322403579716,120,Cloth
117.5,0.66,25.0,871.4,4.35,1166.55,44820.5,19.8,0.0380090839983339,349.098212164924,8.067609693913969,43.984513581139765,0.1152171862180282,0.0488427499999999,2364.1322403579716,120,Cloth
117.5,0.66,25.0,871.4,4.35,1166.55,44820.5,19.8,0.0380090839983339,349.098212164924,8.067609693913969,43.984513581139765,0.1152171862180282,0.0488427499999999,2364.1322403579716,120,Cloth
117.5,0.66,25.0,871.4,4.35,1166.55,44820.5,19.8,0.0380090839983339,349.098212164924,8.067609693913969,43.984513581139765,0.1152171862180282,0.0488427499999999,2364.1322403579716,120,Cloth
117.2,-1.31,25.0,954.37,4.76,822.14,40591.9,19.8,0.0380090839983339,349.098212164924,8.067609693913969,43.984513581139765,0.1152171862180282,0.0488427499999999,2364.1322403579716,120,Cloth
117.2,-1.31,25.0,954.37,4.76,822.14,40591.9,19.8,0.0380090839983339,349.098212164924,8.067609693913969,43.984513581139765,0.1152171862180282,0.0488427499999999,2364.1322403579716,120,Cloth
117.2,-1.31,25.0,954.37,4.76,822.14,40591.9,19.8,0.0380090839983339,349.098212164924,8.067609693913969,43.984513581139765,0.1152171862180282,0.0488427499999999,2364.1322403579716,120,Cloth
117.2,-1.31,25.0,954.37,4.76,822.14,40591.9,19.8,0.0380090839983339,349.098212164924,8.067609693913969,43.984513581139765,0.1152171862180282,0.0488427499999999,2364.1322403579716,120,Cloth
117.2,-1.31,25.0,954.37,4.76,822.14,40591.9,19.8,0.0380090839983339,349.098212164924,8.067609693913969,43.984513581139765,0.1152171862180282,0.0488427499999999,2364.1322403579716,120,Cloth
117.4,0.66,25.0,891.64,4.45,822.14,38550.6,19.8,0.0380090839983339,349.098212164924,8.067609693913969,43.984513581139765,0.1152171862180282,0.0488427499999999,2364.1322403579716,120,Cloth
117.4,0.66,25.0,891.64,4.45,822.14,38550.6,19.8,0.0380090839983339,349.098212164924,8.067609693913969,43.984513581139765,0.1152171862180282,0.0488427499999999,2364.1322403579716,120,Cloth
117.4,0.66,25.0,891.64,4.45,822.14,38550.6,19.8,0.0380090839983339,349.098212164924,8.067609693913969,43.984513581139765,0.1152171862180282,0.0488427499999999,2364.1322403579716,120,Cloth
117.4,0.66,25.0,891.64,4.45,822.14,38550.6,19.8,0.0380090839983339,349.098212164924,8.067609693913969,43.984513581139765,0.1152171862180282,0.0488427499999999,2364.1322403579716,120,Cloth
117.4,0.66,25.0,891.64,4.45,822.14,38550.6,19.8,0.0380090839983339,349.098212164924,8.067609693913969,43.984513581139765,0.1152171862180282,0.0488427499999999,2364.1322403579716,120,Cloth
117.4,0.66,25.0,891.64,4.45,822.14,38550.6,19.8,0.0380090839983339,349.098212164924,8.067609693913969,43.984513581139765,0.1152171862180282,0.0488427499999999,2364.1322403579716,120,Cloth
117.5,0.44,25.0,799.46,3.98,1088.78,40431.5,19.8,0.0380090839983339,349.098212164924,8.067609693913969,43.984513581139765,0.1152171862180282,0.0488427499999999,2364.1322403579716,120,Cloth
117.5,0.44,25.0,799.46,3.98,1088.78,40431.5,19.8,0.0380090839983339,349.098212164924,8.067609693913969,43.984513581139765,0.1152171862180282,0.0488427499999999,2364.1322403579716,120,Cloth
127.6,0.22,25.0,820.55,4.12,1444.3,52649.3,19.8,0.0308857681977791,406.6606820697215,11.329815722621596,36.194215613720885,0.1053565375285301,0.024135,3366.7958643010993,130,Cloth
127.6,0.22,25.0,820.55,4.12,1444.3,52649.3,19.8,0.0308857681977791,406.6606820697215,11.329815722621596,36.194215613720885,0.1053565375285301,0.024135,3366.7958643010993,130,Cloth
127.6,0.22,25.0,820.55,4.12,1444.3,52649.3,19.8,0.0308857681977791,406.6606820697215,11.329815722621596,36.194215613720885,0.1053565375285301,0.024135,3366.7958643010993,130,Cloth
127.6,0.22,25.0,820.55,4.12,1444.3,52649.3,19.8,0.0308857681977791,406.6606820697215,11.329815722621596,36.194215613720885,0.1053565375285301,0.024135,3366.7958643010993,130,Cloth
127.6,0.22,25.0,820.55,4.12,1444.3,52649.3,19.8,0.0308857681977791,406.6606820697215,11.329815722621596,36.194215613720885,0.1053565375285301,0.024135,3366.7958643010993,130,Cloth
127.6,0.22,25.0,820.55,4.12,1444.3,52649.3,19.8,0.0308857681977791,406.6606820697215,11.329815722621596,36.194215613720885,0.1053565375285301,0.024135,3366.7958643010993,130,Cloth
127.7,0.44,25.0,758.31,3.81,1755.38,56955.1,19.7,0.0308857681977791,406.6606820697215,11.329815722621596,36.194215613720885,0.1053565375285301,0.024135,3366.7958643010993,130,Cloth
127.7,0.44,25.0,758.31,3.81,1755.38,56955.1,19.7,0.0308857681977791,406.6606820697215,11.329815722621596,36.194215613720885,0.1053565375285301,0.024135,3366.7958643010993,130,Cloth
127.7,0.44,25.0,758.31,3.81,1755.38,56955.1,19.7,0.0308857681977791,406.6606820697215,11.329815722621596,36.194215613720885,0.1053565375285301,0.024135,3366.7958643010993,130,Cloth
127.7,0.44,25.0,758.31,3.81,1755.38,56955.1,19.7,0.0308857681977791,406.6606820697215,11.329815722621596,36.194215613720885,0.1053565375285301,0.024135,3366.7958643010993,130,Cloth
127.7,0.44,25.0,758.31,3.81,1755.38,56955.1,19.7,0.0308857681977791,406.6606820697215,11.329815722621596,36.194215613720885,0.1053565375285301,0.024135,3366.7958643010993,130,Cloth
127.8,0.87,25.0,755.45,3.8,1277.65,48311.8,19.8,0.0308857681977791,406.6606820697215,11.329815722621596,36.194215613720885,0.1053565375285301,0.024135,3366.7958643010993,130,Cloth
127.8,0.87,25.0,755.45,3.8,1277.65,48311.8,19.8,0.0308857681977791,406.6606820697215,11.329815722621596,36.194215613720885,0.1053565375285301,0.024135,3366.7958643010993,130,Cloth
127.8,0.87,25.0,755.45,3.8,1277.65,48311.8,19.8,0.0308857681977791,406.6606820697215,11.329815722621596,36.194215613720885,0.1053565375285301,0.024135,3366.7958643010993,130,Cloth
127.8,0.87,25.0,755.45,3.8,1277.65,48311.8,19.8,0.0308857681977791,406.6606820697215,11.329815722621596,36.194215613720885,0.1053565375285301,0.024135,3366.7958643010993,130,Cloth
127.8,0.87,25.0,755.45,3.8,1277.65,48311.8,19.8,0.0308857681977791,406.6606820697215,11.329815722621596,36.194215613720885,0.1053565375285301,0.024135,3366.7958643010993,130,Cloth
127.8,0.87,25.0,755.45,3.8,1277.65,48311.8,19.8,0.0308857681977791,406.6606820697215,11.329815722621596,36.194215613720885,0.1053565375285301,0.024135,3366.7958643010993,130,Cloth
127.9,0.22,25.0,816.69,4.11,1277.65,49426.8,19.8,0.0308857681977791,406.6606820697215,11.329815722621596,36.194215613720885,0.1053565375285301,0.024135,3366.7958643010993,130,Cloth
127.9,0.22,25.0,816.69,4.11,1277.65,49426.8,19.8,0.0308857681977791,406.6606820697215,11.329815722621596,36.194215613720885,0.1053565375285301,0.024135,3366.7958643010993,130,Cloth
127.9,0.22,25.0,816.69,4.11,1277.65,49426.8,19.8,0.0308857681977791,406.6606820697215,11.329815722621596,36.194215613720885,0.1053565375285301,0.024135,3366.7958643010993,130,Cloth
136.0,0.0,25.0,991.14,5.0,1144.33,57685.6,19.8,0.0359181565201332,412.72325139057114,8.482406049722346,48.65492331927561,0.5435071296680487,0.0074347499999999,1304.4347068653924,140,Cloth
136.0,0.0,25.0,991.14,5.0,1144.33,57685.6,19.8,0.0359181565201332,412.72325139057114,8.482406049722346,48.65492331927561,0.5435071296680487,0.0074347499999999,1304.4347068653924,140,Cloth
135.6,-1.75,25.0,959.32,4.84,1155.44,55033.0,19.8,0.0359181565201332,412.72325139057114,8.482406049722346,48.65492331927561,0.5435071296680487,0.0074347499999999,1304.4347068653924,140,Cloth
135.6,-1.75,25.0,959.32,4.84,1155.44,55033.0,19.8,0.0359181565201332,412.72325139057114,8.482406049722346,48.65492331927561,0.5435071296680487,0.0074347499999999,1304.4347068653924,140,Cloth
135.6,-1.75,25.0,959.32,4.84,1155.44,55033.0,19.8,0.0359181565201332,412.72325139057114,8.482406049722346,48.65492331927561,0.5435071296680487,0.0074347499999999,1304.4347068653924,140,Cloth
135.6,-1.75,25.0,959.32,4.84,1155.44,55033.0,19.8,0.0359181565201332,412.72325139057114,8.482406049722346,48.65492331927561,0.5435071296680487,0.0074347499999999,1304.4347068653924,140,Cloth
135.6,-1.75,25.0,959.32,4.84,1155.44,55033.0,19.8,0.0359181565201332,412.72325139057114,8.482406049722346,48.65492331927561,0.5435071296680487,0.0074347499999999,1304.4347068653924,140,Cloth
134.9,-3.28,25.0,974.45,4.92,1122.11,54237.2,19.8,0.0359181565201332,412.72325139057114,8.482406049722346,48.65492331927561,0.5435071296680487,0.0074347499999999,1304.4347068653924,140,Cloth
134.9,-3.28,25.0,974.45,4.92,1122.11,54237.2,19.8,0.0359181565201332,412.72325139057114,8.482406049722346,48.65492331927561,0.5435071296680487,0.0074347499999999,1304.4347068653924,140,Cloth
134.9,-3.28,25.0,974.45,4.92,1122.11,54237.2,19.8,0.0359181565201332,412.72325139057114,8.482406049722346,48.65492331927561,0.5435071296680487,0.0074347499999999,1304.4347068653924,140,Cloth
134.9,-3.28,25.0,974.45,4.92,1122.11,54237.2,19.8,0.0359181565201332,412.72325139057114,8.482406049722346,48.65492331927561,0.5435071296680487,0.0074347499999999,1304.4347068653924,140,Cloth
134.9,-3.28,25.0,974.45,4.92,1122.11,54237.2,19.8,0.0359181565201332,412.72325139057114,8.482406049722346,48.65492331927561,0.5435071296680487,0.0074347499999999,1304.4347068653924,140,Cloth
134.9,-3.28,25.0,974.45,4.92,1122.11,54237.2,19.8,0.0359181565201332,412.72325139057114,8.482406049722346,48.65492331927561,0.5435071296680487,0.0074347499999999,1304.4347068653924,140,Cloth
134.6,-1.53,25.0,938.08,4.73,1155.44,57013.5,19.8,0.0359181565201332,412.72325139057114,8.482406049722346,48.65492331927561,0.5435071296680487,0.0074347499999999,1304.4347068653924,140,Cloth
134.6,-1.53,25.0,938.08,4.73,1155.44,57013.5,19.8,0.0359181565201332,412.72325139057114,8.482406049722346,48.65492331927561,0.5435071296680487,0.0074347499999999,1304.4347068653924,140,Cloth
134.6,-1.53,25.0,938.08,4.73,1155.44,57013.5,19.8,0.0359181565201332,412.72325139057114,8.482406049722346,48.65492331927561,0.5435071296680487,0.0074347499999999,1304.4347068653924,140,Cloth
134.6,-1.53,25.0,938.08,4.73,1155.44,57013.5,19.8,0.0359181565201332,412.72325139057114,8.482406049722346,48.65492331927561,0.5435071296680487,0.0074347499999999,1304.4347068653924,140,Cloth
134.6,-1.53,25.0,938.08,4.73,1155.44,57013.5,19.8,0.0359181565201332,412.72325139057114,8.482406049722346,48.65492331927561,0.5435071296680487,0.0074347499999999,1304.4347068653924,140,Cloth
134.2,-1.75,25.0,957.27,4.82,1166.55,56813.0,19.8,0.0359181565201332,412.72325139057114,8.482406049722346,48.65492331927561,0.5435071296680487,0.0074347499999999,1304.4347068653924,140,Cloth
134.2,-1.75,25.0,957.27,4.82,1166.55,56813.0,19.8,0.0359181565201332,412.72325139057114,8.482406049722346,48.65492331927561,0.5435071296680487,0.0074347499999999,1304.4347068653924,140,Cloth
148.3,0.22,25.0,1044.48,5.29,922.13,45726.3,19.8,0.0353287323812929,297.13356661142967,6.081426941231392,48.85646983816864,0.0500000000000113,0.02656875,1095.170777493175,150,Cloth
148.3,0.22,25.0,1044.48,5.29,922.13,45726.3,19.8,0.0353287323812929,297.13356661142967,6.081426941231392,48.85646983816864,0.0500000000000113,0.02656875,1095.170777493175,150,Cloth
148.3,0.22,25.0,1044.48,5.29,922.13,45726.3,19.8,0.0353287323812929,297.13356661142967,6.081426941231392,48.85646983816864,0.0500000000000113,0.02656875,1095.170777493175,150,Cloth
148.3,0.22,25.0,1044.48,5.29,922.13,45726.3,19.8,0.0353287323812929,297.13356661142967,6.081426941231392,48.85646983816864,0.0500000000000113,0.02656875,1095.170777493175,150,Cloth
148.3,0.22,25.0,1044.48,5.29,922.13,45726.3,19.8,0.0353287323812929,297.13356661142967,6.081426941231392,48.85646983816864,0.0500000000000113,0.02656875,1095.170777493175,150,Cloth
148.3,0.0,25.0,1043.43,5.28,911.02,44324.0,19.8,0.0353287323812929,297.13356661142967,6.081426941231392,48.85646983816864,0.0500000000000113,0.02656875,1095.170777493175,150,Cloth
148.3,0.0,25.0,1043.43,5.28,911.02,44324.0,19.8,0.0353287323812929,297.13356661142967,6.081426941231392,48.85646983816864,0.0500000000000113,0.02656875,1095.170777493175,150,Cloth
148.3,0.0,25.0,1043.43,5.28,911.02,44324.0,19.8,0.0353287323812929,297.13356661142967,6.081426941231392,48.85646983816864,0.0500000000000113,0.02656875,1095.170777493175,150,Cloth
148.3,0.0,25.0,1043.43,5.28,911.02,44324.0,19.8,0.0353287323812929,297.13356661142967,6.081426941231392,48.85646983816864,0.0500000000000113,0.02656875,1095.170777493175,150,Cloth
148.3,0.0,25.0,1043.43,5.28,911.02,44324.0,19.8,0.0353287323812929,297.13356661142967,6.081426941231392,48.85646983816864,0.0500000000000113,0.02656875,1095.170777493175,150,Cloth
148.2,-0.22,25.0,1060.63,5.37,877.69,43008.2,19.8,0.0353287323812929,297.13356661142967,6.081426941231392,48.85646983816864,0.0500000000000113,0.02656875,1095.170777493175,150,Cloth
148.2,-0.22,25.0,1060.63,5.37,877.69,43008.2,19.8,0.0353287323812929,297.13356661142967,6.081426941231392,48.85646983816864,0.0500000000000113,0.02656875,1095.170777493175,150,Cloth
148.2,-0.22,25.0,1060.63,5.37,877.69,43008.2,19.8,0.0353287323812929,297.13356661142967,6.081426941231392,48.85646983816864,0.0500000000000113,0.02656875,1095.170777493175,150,Cloth
148.2,-0.22,25.0,1060.63,5.37,877.69,43008.2,19.8,0.0353287323812929,297.13356661142967,6.081426941231392,48.85646983816864,0.0500000000000113,0.02656875,1095.170777493175,150,Cloth
148.2,-0.22,25.0,1060.63,5.37,877.69,43008.2,19.8,0.0353287323812929,297.13356661142967,6.081426941231392,48.85646983816864,0.0500000000000113,0.02656875,1095.170777493175,150,Cloth
148.2,-0.22,25.0,1060.63,5.37,877.69,43008.2,19.8,0.0353287323812929,297.13356661142967,6.081426941231392,48.85646983816864,0.0500000000000113,0.02656875,1095.170777493175,150,Cloth
148.2,0.0,25.0,971.94,4.92,899.91,43176.7,19.8,0.0353287323812929,297.13356661142967,6.081426941231392,48.85646983816864,0.0500000000000113,0.02656875,1095.170777493175,150,Cloth
148.2,0.0,25.0,971.94,4.92,899.91,43176.7,19.8,0.0353287323812929,297.13356661142967,6.081426941231392,48.85646983816864,0.0500000000000113,0.02656875,1095.170777493175,150,Cloth
148.2,0.0,25.0,971.94,4.92,899.91,43176.7,19.8,0.0353287323812929,297.13356661142967,6.081426941231392,48.85646983816864,0.0500000000000113,0.02656875,1095.170777493175,150,Cloth
148.2,0.0,25.0,971.94,4.92,899.91,43176.7,19.8,0.0353287323812929,297.13356661142967,6.081426941231392,48.85646983816864,0.0500000000000113,0.02656875,1095.170777493175,150,Cloth
164.4,1.97,25.0,794.24,4.0,1722.05,53340.6,19.8,0.0237033357989784,313.3970529612203,10.171906128227016,30.841046344076528,0.2268810260907686,0.00204475,1794.117344155615,160,Cloth
164.4,1.97,25.0,794.24,4.0,1722.05,53340.6,19.8,0.0237033357989784,313.3970529612203,10.171906128227016,30.841046344076528,0.2268810260907686,0.00204475,1794.117344155615,160,Cloth
164.4,0.0,25.0,768.38,3.87,1722.05,52790.6,19.8,0.0237033357989784,313.3970529612203,10.171906128227016,30.841046344076528,0.2268810260907686,0.00204475,1794.117344155615,160,Cloth
164.4,0.0,25.0,768.38,3.87,1722.05,52790.6,19.8,0.0237033357989784,313.3970529612203,10.171906128227016,30.841046344076528,0.2268810260907686,0.00204475,1794.117344155615,160,Cloth
164.4,0.0,25.0,768.38,3.87,1722.05,52790.6,19.8,0.0237033357989784,313.3970529612203,10.171906128227016,30.841046344076528,0.2268810260907686,0.00204475,1794.117344155615,160,Cloth
164.4,0.0,25.0,768.38,3.87,1722.05,52790.6,19.8,0.0237033357989784,313.3970529612203,10.171906128227016,30.841046344076528,0.2268810260907686,0.00204475,1794.117344155615,160,Cloth
164.4,0.0,25.0,768.38,3.87,1722.05,52790.6,19.8,0.0237033357989784,313.3970529612203,10.171906128227016,30.841046344076528,0.2268810260907686,0.00204475,1794.117344155615,160,Cloth
164.4,0.0,25.0,768.38,3.87,1722.05,52790.6,19.8,0.0237033357989784,313.3970529612203,10.171906128227016,30.841046344076528,0.2268810260907686,0.00204475,1794.117344155615,160,Cloth
164.4,0.0,25.0,776.26,3.91,1722.05,52194.2,19.8,0.0237033357989784,313.3970529612203,10.171906128227016,30.841046344076528,0.2268810260907686,0.00204475,1794.117344155615,160,Cloth
164.4,0.0,25.0,776.26,3.91,1722.05,52194.2,19.8,0.0237033357989784,313.3970529612203,10.171906128227016,30.841046344076528,0.2268810260907686,0.00204475,1794.117344155615,160,Cloth
164.4,0.0,25.0,776.26,3.91,1722.05,52194.2,19.8,0.0237033357989784,313.3970529612203,10.171906128227016,30.841046344076528,0.2268810260907686,0.00204475,1794.117344155615,160,Cloth
164.4,0.0,25.0,776.26,3.91,1722.05,52194.2,19.8,0.0237033357989784,313.3970529612203,10.171906128227016,30.841046344076528,0.2268810260907686,0.00204475,1794.117344155615,160,Cloth
164.4,0.0,25.0,776.26,3.91,1722.05,52194.2,19.8,0.0237033357989784,313.3970529612203,10.171906128227016,30.841046344076528,0.2268810260907686,0.00204475,1794.117344155615,160,Cloth
164.9,2.19,25.0,776.4,3.91,1544.29,48892.5,19.8,0.0237033357989784,313.3970529612203,10.171906128227016,30.841046344076528,0.2268810260907686,0.00204475,1794.117344155615,160,Cloth
164.9,2.19,25.0,776.4,3.91,1544.29,48892.5,19.8,0.0237033357989784,313.3970529612203,10.171906128227016,30.841046344076528,0.2268810260907686,0.00204475,1794.117344155615,160,Cloth
164.9,2.19,25.0,776.4,3.91,1544.29,48892.5,19.8,0.0237033357989784,313.3970529612203,10.171906128227016,30.841046344076528,0.2268810260907686,0.00204475,1794.117344155615,160,Cloth
164.9,2.19,25.0,776.4,3.91,1544.29,48892.5,19.8,0.0237033357989784,313.3970529612203,10.171906128227016,30.841046344076528,0.2268810260907686,0.00204475,1794.117344155615,160,Cloth
164.9,2.19,25.0,776.4,3.91,1544.29,48892.5,19.8,0.0237033357989784,313.3970529612203,10.171906128227016,30.841046344076528,0.2268810260907686,0.00204475,1794.117344155615,160,Cloth
164.9,2.19,25.0,776.4,3.91,1544.29,48892.5,19.8,0.0237033357989784,313.3970529612203,10.171906128227016,30.841046344076528,0.2268810260907686,0.00204475,1794.117344155615,160,Cloth
164.5,-1.53,25.0,750.33,3.78,1822.04,53620.8,19.7,0.0237033357989784,313.3970529612203,10.171906128227016,30.841046344076528,0.2268810260907686,0.00204475,1794.117344155615,160,Cloth
55.7,-1.31,25.0,1852.51,9.14,866.58,82612.0,19.8,0.1637948200302619,1474.2051622636222,15.487093329512174,95.18952259861348,0.2395829710142196,0.0064499999999999,447.8483455367449,20,Hand
55.7,-1.31,25.0,1852.51,9.14,866.58,82612.0,19.8,0.1637948200302619,1474.2051622636222,15.487093329512174,95.18952259861348,0.2395829710142196,0.0064499999999999,447.8483455367449,20,Hand
55.7,-1.31,25.0,1852.51,9.14,866.58,82612.0,19.8,0.1637948200302619,1474.2051622636222,15.487093329512174,95.18952259861348,0.2395829710142196,0.0064499999999999,447.8483455367449,20,Hand
55.7,-1.31,25.0,1852.51,9.14,866.58,82612.0,19.8,0.1637948200302619,1474.2051622636222,15.487093329512174,95.18952259861348,0.2395829710142196,0.0064499999999999,447.8483455367449,20,Hand
55.9,0.87,25.0,1820.69,8.98,866.58,82122.6,19.8,0.1637948200302619,1474.2051622636222,15.487093329512174,95.18952259861348,0.2395829710142196,0.0064499999999999,447.8483455367449,20,Hand
55.9,0.87,25.0,1820.69,8.98,866.58,82122.6,19.8,0.1637948200302619,1474.2051622636222,15.487093329512174,95.18952259861348,0.2395829710142196,0.0064499999999999,447.8483455367449,20,Hand
55.9,0.87,25.0,1820.69,8.98,866.58,82122.6,19.8,0.1637948200302619,1474.2051622636222,15.487093329512174,95.18952259861348,0.2395829710142196,0.0064499999999999,447.8483455367449,20,Hand
55.9,0.87,25.0,1820.69,8.98,866.58,82122.6,19.8,0.1637948200302619,1474.2051622636222,15.487093329512174,95.18952259861348,0.2395829710142196,0.0064499999999999,447.8483455367449,20,Hand
55.9,0.87,25.0,1820.69,8.98,866.58,82122.6,19.8,0.1637948200302619,1474.2051622636222,15.487093329512174,95.18952259861348,0.2395829710142196,0.0064499999999999,447.8483455367449,20,Hand
55.4,-2.19,25.0,1844.75,9.09,855.47,81727.9,19.8,0.1637948200302619,1474.2051622636222,15.487093329512174,95.18952259861348,0.2395829710142196,0.0064499999999999,447.8483455367449,20,Hand
55.4,-2.19,25.0,1844.75,9.09,855.47,81727.9,19.8,0.1637948200302619,1474.2051622636222,15.487093329512174,95.18952259861348,0.2395829710142196,0.0064499999999999,447.8483455367449,20,Hand
55.4,-2.19,25.0,1844.75,9.09,855.47,81727.9,19.8,0.1637948200302619,1474.2051622636222,15.487093329512174,95.18952259861348,0.2395829710142196,0.0064499999999999,447.8483455367449,20,Hand
55.4,-2.19,25.0,1844.75,9.09,855.47,81727.9,19.8,0.1637948200302619,1474.2051622636222,15.487093329512174,95.18952259861348,0.2395829710142196,0.0064499999999999,447.8483455367449,20,Hand
55.4,-2.19,25.0,1844.75,9.09,855.47,81727.9,19.8,0.1637948200302619,1474.2051622636222,15.487093329512174,95.18952259861348,0.2395829710142196,0.0064499999999999,447.8483455367449,20,Hand
55.4,-2.19,25.0,1844.75,9.09,855.47,81727.9,19.8,0.1637948200302619,1474.2051622636222,15.487093329512174,95.18952259861348,0.2395829710142196,0.0064499999999999,447.8483455367449,20,Hand
55.3,-0.66,25.0,1865.55,9.2,855.47,81341.6,19.8,0.1637948200302619,1474.2051622636222,15.487093329512174,95.18952259861348,0.2395829710142196,0.0064499999999999,447.8483455367449,20,Hand
55.3,-0.66,25.0,1865.55,9.2,855.47,81341.6,19.8,0.1637948200302619,1474.2051622636222,15.487093329512174,95.18952259861348,0.2395829710142196,0.0064499999999999,447.8483455367449,20,Hand
55.3,-0.66,25.0,1865.55,9.2,855.47,81341.6,19.8,0.1637948200302619,1474.2051622636222,15.487093329512174,95.18952259861348,0.2395829710142196,0.0064499999999999,447.8483455367449,20,Hand
55.3,-0.66,25.0,1865.55,9.2,855.47,81341.6,19.8,0.1637948200302619,1474.2051622636222,15.487093329512174,95.18952259861348,0.2395829710142196,0.0064499999999999,447.8483455367449,20,Hand
55.3,-0.66,25.0,1865.55,9.2,855.47,81341.6,19.8,0.1637948200302619,1474.2051622636222,15.487093329512174,95.18952259861348,0.2395829710142196,0.0064499999999999,447.8483455367449,20,Hand
67.7,-0.22,25.0,818.44,4.04,1055.45,45490.8,19.8,0.0607894863345948,683.3850584068243,15.85369315549807,43.1149012269648,0.0489897948556677,0.000831,512.6145991629575,30,Hand
67.7,-0.22,25.0,834.9,4.12,1066.56,45925.6,19.8,0.0607894863345948,683.3850584068243,15.85369315549807,43.1149012269648,0.0489897948556677,0.000831,512.6145991629575,30,Hand
67.7,-0.22,25.0,834.9,4.12,1066.56,45925.6,19.8,0.0607894863345948,683.3850584068243,15.85369315549807,43.1149012269648,0.0489897948556677,0.000831,512.6145991629575,30,Hand
67.7,-0.22,25.0,834.9,4.12,1066.56,45925.6,19.8,0.0607894863345948,683.3850584068243,15.85369315549807,43.1149012269648,0.0489897948556677,0.000831,512.6145991629575,30,Hand
67.7,-0.22,25.0,834.9,4.12,1066.56,45925.6,19.8,0.0607894863345948,683.3850584068243,15.85369315549807,43.1149012269648,0.0489897948556677,0.000831,512.6145991629575,30,Hand
67.7,-0.22,25.0,834.9,4.12,1066.56,45925.6,19.8,0.0607894863345948,683.3850584068243,15.85369315549807,43.1149012269648,0.0489897948556677,0.000831,512.6145991629575,30,Hand
67.7,-0.22,25.0,834.9,4.12,1066.56,45925.6,19.8,0.0607894863345948,683.3850584068243,15.85369315549807,43.1149012269648,0.0489897948556677,0.000831,512.6145991629575,30,Hand
67.7,0.0,25.0,826.71,4.08,1111.0,47103.6,19.8,0.0607894863345948,683.3850584068243,15.85369315549807,43.1149012269648,0.0489897948556677,0.000831,512.6145991629575,30,Hand
67.7,0.0,25.0,826.71,4.08,1111.0,47103.6,19.8,0.0607894863345948,683.3850584068243,15.85369315549807,43.1149012269648,0.0489897948556677,0.000831,512.6145991629575,30,Hand
67.7,0.0,25.0,826.71,4.08,1111.0,47103.6,19.8,0.0607894863345948,683.3850584068243,15.85369315549807,43.1149012269648,0.0489897948556677,0.000831,512.6145991629575,30,Hand
67.7,0.0,25.0,826.71,4.08,1111.0,47103.6,19.8,0.0607894863345948,683.3850584068243,15.85369315549807,43.1149012269648,0.0489897948556677,0.000831,512.6145991629575,30,Hand
67.7,0.0,25.0,826.71,4.08,1111.0,47103.6,19.8,0.0607894863345948,683.3850584068243,15.85369315549807,43.1149012269648,0.0489897948556677,0.000831,512.6145991629575,30,Hand
67.6,-0.22,25.0,836.05,4.13,1055.45,46017.0,19.8,0.0607894863345948,683.3850584068243,15.85369315549807,43.1149012269648,0.0489897948556677,0.000831,512.6145991629575,30,Hand
67.6,-0.22,25.0,836.05,4.13,1055.45,46017.0,19.8,0.0607894863345948,683.3850584068243,15.85369315549807,43.1149012269648,0.0489897948556677,0.000831,512.6145991629575,30,Hand
67.6,-0.22,25.0,836.05,4.13,1055.45,46017.0,19.8,0.0607894863345948,683.3850584068243,15.85369315549807,43.1149012269648,0.0489897948556677,0.000831,512.6145991629575,30,Hand
67.6,-0.22,25.0,836.05,4.13,1055.45,46017.0,19.8,0.0607894863345948,683.3850584068243,15.85369315549807,43.1149012269648,0.0489897948556677,0.000831,512.6145991629575,30,Hand
67.6,-0.22,25.0,836.05,4.13,1055.45,46017.0,19.8,0.0607894863345948,683.3850584068243,15.85369315549807,43.1149012269648,0.0489897948556677,0.000831,512.6145991629575,30,Hand
67.6,-0.22,25.0,839.16,4.15,1055.45,46037.1,19.8,0.0607894863345948,683.3850584068243,15.85369315549807,43.1149012269648,0.0489897948556677,0.000831,512.6145991629575,30,Hand
67.6,-0.22,25.0,839.16,4.15,1055.45,46037.1,19.8,0.0607894863345948,683.3850584068243,15.85369315549807,43.1149012269648,0.0489897948556677,0.000831,512.6145991629575,30,Hand
67.6,-0.22,25.0,839.16,4.15,1055.45,46037.1,19.8,0.0607894863345948,683.3850584068243,15.85369315549807,43.1149012269648,0.0489897948556677,0.000831,512.6145991629575,30,Hand
77.7,0.0,25.0,1538.89,7.63,866.58,72079.4,19.8,0.1012518204519784,930.5901892522124,11.116439890737572,83.71794729422992,0.0589491306127563,0.04312875,395.1893337060125,40,Hand
77.5,-0.66,25.0,1581.14,7.83,866.58,71735.7,19.8,0.1012518204519784,930.5901892522124,11.116439890737572,83.71794729422992,0.0589491306127563,0.04312875,395.1893337060125,40,Hand
77.5,-0.66,25.0,1581.14,7.83,866.58,71735.7,19.8,0.1012518204519784,930.5901892522124,11.116439890737572,83.71794729422992,0.0589491306127563,0.04312875,395.1893337060125,40,Hand
77.5,-0.66,25.0,1581.14,7.83,866.58,71735.7,19.8,0.1012518204519784,930.5901892522124,11.116439890737572,83.71794729422992,0.0589491306127563,0.04312875,395.1893337060125,40,Hand
77.5,-0.66,25.0,1581.14,7.83,866.58,71735.7,19.8,0.1012518204519784,930.5901892522124,11.116439890737572,83.71794729422992,0.0589491306127563,0.04312875,395.1893337060125,40,Hand
77.5,-0.66,25.0,1581.14,7.83,866.58,71735.7,19.8,0.1012518204519784,930.5901892522124,11.116439890737572,83.71794729422992,0.0589491306127563,0.04312875,395.1893337060125,40,Hand
77.5,0.0,25.0,1634.28,8.08,855.47,72079.5,19.8,0.1012518204519784,930.5901892522124,11.116439890737572,83.71794729422992,0.0589491306127563,0.04312875,395.1893337060125,40,Hand
77.5,0.0,25.0,1634.28,8.08,855.47,72079.5,19.8,0.1012518204519784,930.5901892522124,11.116439890737572,83.71794729422992,0.0589491306127563,0.04312875,395.1893337060125,40,Hand
77.5,0.0,25.0,1634.28,8.08,855.47,72079.5,19.8,0.1012518204519784,930.5901892522124,11.116439890737572,83.71794729422992,0.0589491306127563,0.04312875,395.1893337060125,40,Hand
77.5,0.0,25.0,1634.28,8.08,855.47,72079.5,19.8,0.1012518204519784,930.5901892522124,11.116439890737572,83.71794729422992,0.0589491306127563,0.04312875,395.1893337060125,40,Hand
77.5,0.0,25.0,1634.28,8.08,855.47,72079.5,19.8,0.1012518204519784,930.5901892522124,11.116439890737572,83.71794729422992,0.0589491306127563,0.04312875,395.1893337060125,40,Hand
77.6,0.44,25.0,1539.48,7.6,866.58,72208.7,19.8,0.1012518204519784,930.5901892522124,11.116439890737572,83.71794729422992,0.0589491306127563,0.04312875,395.1893337060125,40,Hand
77.6,0.44,25.0,1539.48,7.6,866.58,72208.7,19.8,0.1012518204519784,930.5901892522124,11.116439890737572,83.71794729422992,0.0589491306127563,0.04312875,395.1893337060125,40,Hand
77.6,0.44,25.0,1539.48,7.6,866.58,72208.7,19.8,0.1012518204519784,930.5901892522124,11.116439890737572,83.71794729422992,0.0589491306127563,0.04312875,395.1893337060125,40,Hand
77.6,0.44,25.0,1539.48,7.6,866.58,72208.7,19.8,0.1012518204519784,930.5901892522124,11.116439890737572,83.71794729422992,0.0589491306127563,0.04312875,395.1893337060125,40,Hand
77.6,0.44,25.0,1539.48,7.6,866.58,72208.7,19.8,0.1012518204519784,930.5901892522124,11.116439890737572,83.71794729422992,0.0589491306127563,0.04312875,395.1893337060125,40,Hand
77.6,0.44,25.0,1539.48,7.6,866.58,72208.7,19.8,0.1012518204519784,930.5901892522124,11.116439890737572,83.71794729422992,0.0589491306127563,0.04312875,395.1893337060125,40,Hand
77.6,0.0,25.0,1640.23,8.09,855.47,73011.1,19.8,0.1012518204519784,930.5901892522124,11.116439890737572,83.71794729422992,0.0589491306127563,0.04312875,395.1893337060125,40,Hand
77.6,0.0,25.0,1640.23,8.09,855.47,73011.1,19.8,0.1012518204519784,930.5901892522124,11.116439890737572,83.71794729422992,0.0589491306127563,0.04312875,395.1893337060125,40,Hand
77.6,0.0,25.0,1640.23,8.09,855.47,73011.1,19.8,0.1012518204519784,930.5901892522124,11.116439890737572,83.71794729422992,0.0589491306127563,0.04312875,395.1893337060125,40,Hand
85.6,-0.22,25.0,1045.23,5.2,1066.56,58317.3,19.8,0.0596962616822429,669.2403621495328,12.498750000000005,53.54858538366723,1.4210854715202004e-14,0.0341,769.336874766184,50,Hand
85.6,-0.22,25.0,1045.23,5.2,1066.56,58317.3,19.8,0.0596962616822429,669.2403621495328,12.498750000000005,53.54858538366723,1.4210854715202004e-14,0.0341,769.336874766184,50,Hand
85.6,-0.22,25.0,1045.23,5.2,1066.56,58317.3,19.8,0.0596962616822429,669.2403621495328,12.498750000000005,53.54858538366723,1.4210854715202004e-14,0.0341,769.336874766184,50,Hand
85.6,-0.22,25.0,1045.23,5.2,1066.56,58317.3,19.8,0.0596962616822429,669.2403621495328,12.498750000000005,53.54858538366723,1.4210854715202004e-14,0.0341,769.336874766184,50,Hand
85.6,0.0,25.0,1070.73,5.33,1066.56,57870.6,19.8,0.0596962616822429,669.2403621495328,12.498750000000005,53.54858538366723,1.4210854715202004e-14,0.0341,769.336874766184,50,Hand
85.6,0.0,25.0,1070.73,5.33,1066.56,57870.6,19.8,0.0596962616822429,669.2403621495328,12.498750000000005,53.54858538366723,1.4210854715202004e-14,0.0341,769.336874766184,50,Hand
85.6,0.0,25.0,1070.73,5.33,1066.56,57870.6,19.8,0.0596962616822429,669.2403621495328,12.498750000000005,53.54858538366723,1.4210854715202004e-14,0.0341,769.336874766184,50,Hand
85.6,0.0,25.0,1070.73,5.33,1066.56,57870.6,19.8,0.0596962616822429,669.2403621495328,12.498750000000005,53.54858538366723,1.4210854715202004e-14,0.0341,769.336874766184,50,Hand
85.6,0.0,25.0,1070.73,5.33,1066.56,57870.6,19.8,0.0596962616822429,669.2403621495328,12.498750000000005,53.54858538366723,1.4210854715202004e-14,0.0341,769.336874766184,50,Hand
85.6,0.22,25.0,1031.21,5.13,1066.56,57035.5,19.8,0.0596962616822429,669.2403621495328,12.498750000000005,53.54858538366723,1.4210854715202004e-14,0.0341,769.336874766184,50,Hand
85.6,0.22,25.0,1031.21,5.13,1066.56,57035.5,19.8,0.0596962616822429,669.2403621495328,12.498750000000005,53.54858538366723,1.4210854715202004e-14,0.0341,769.336874766184,50,Hand
85.6,0.22,25.0,1031.21,5.13,1066.56,57035.5,19.8,0.0596962616822429,669.2403621495328,12.498750000000005,53.54858538366723,1.4210854715202004e-14,0.0341,769.336874766184,50,Hand
85.6,0.22,25.0,1031.21,5.13,1066.56,57035.5,19.8,0.0596962616822429,669.2403621495328,12.498750000000005,53.54858538366723,1.4210854715202004e-14,0.0341,769.336874766184,50,Hand
85.6,0.22,25.0,1031.21,5.13,1066.56,57035.5,19.8,0.0596962616822429,669.2403621495328,12.498750000000005,53.54858538366723,1.4210854715202004e-14,0.0341,769.336874766184,50,Hand
85.6,-0.44,25.0,976.54,4.85,1077.67,56323.3,19.8,0.0596962616822429,669.2403621495328,12.498750000000005,53.54858538366723,1.4210854715202004e-14,0.0341,769.336874766184,50,Hand
85.6,-0.44,25.0,976.54,4.85,1077.67,56323.3,19.8,0.0596962616822429,669.2403621495328,12.498750000000005,53.54858538366723,1.4210854715202004e-14,0.0341,769.336874766184,50,Hand
85.6,-0.44,25.0,976.54,4.85,1077.67,56323.3,19.8,0.0596962616822429,669.2403621495328,12.498750000000005,53.54858538366723,1.4210854715202004e-14,0.0341,769.336874766184,50,Hand
85.6,-0.44,25.0,976.54,4.85,1077.67,56323.3,19.8,0.0596962616822429,669.2403621495328,12.498750000000005,53.54858538366723,1.4210854715202004e-14,0.0341,769.336874766184,50,Hand
85.6,-0.44,25.0,976.54,4.85,1077.67,56323.3,19.8,0.0596962616822429,669.2403621495328,12.498750000000005,53.54858538366723,1.4210854715202004e-14,0.0341,769.336874766184,50,Hand
85.6,-0.44,25.0,976.54,4.85,1077.67,56323.3,19.8,0.0596962616822429,669.2403621495328,12.498750000000005,53.54858538366723,1.4210854715202004e-14,0.0341,769.336874766184,50,Hand
99.5,0.66,25.0,2605.06,12.95,855.47,111360.6,19.8,0.1331636596637808,1104.5706449920283,8.117894109099714,136.10830232195968,0.0476969600708445,0.0551927499999997,520.499053313262,60,Hand
99.5,0.66,25.0,2605.06,12.95,855.47,111360.6,19.8,0.1331636596637808,1104.5706449920283,8.117894109099714,136.10830232195968,0.0476969600708445,0.0551927499999997,520.499053313262,60,Hand
99.5,0.0,25.0,2640.22,13.13,811.03,110223.0,19.8,0.1331636596637808,1104.5706449920283,8.117894109099714,136.10830232195968,0.0476969600708445,0.0551927499999997,520.499053313262,60,Hand
99.5,0.0,25.0,2640.22,13.13,811.03,110223.0,19.8,0.1331636596637808,1104.5706449920283,8.117894109099714,136.10830232195968,0.0476969600708445,0.0551927499999997,520.499053313262,60,Hand
99.5,0.0,25.0,2640.22,13.13,811.03,110223.0,19.8,0.1331636596637808,1104.5706449920283,8.117894109099714,136.10830232195968,0.0476969600708445,0.0551927499999997,520.499053313262,60,Hand
99.5,0.0,25.0,2640.22,13.13,811.03,110223.0,19.8,0.1331636596637808,1104.5706449920283,8.117894109099714,136.10830232195968,0.0476969600708445,0.0551927499999997,520.499053313262,60,Hand
99.5,0.0,25.0,2640.22,13.13,811.03,110223.0,19.8,0.1331636596637808,1104.5706449920283,8.117894109099714,136.10830232195968,0.0476969600708445,0.0551927499999997,520.499053313262,60,Hand
99.6,0.44,25.0,2623.72,13.06,799.92,109747.0,19.8,0.1331636596637808,1104.5706449920283,8.117894109099714,136.10830232195968,0.0476969600708445,0.0551927499999997,520.499053313262,60,Hand
99.6,0.44,25.0,2623.72,13.06,799.92,109747.0,19.8,0.1331636596637808,1104.5706449920283,8.117894109099714,136.10830232195968,0.0476969600708445,0.0551927499999997,520.499053313262,60,Hand
99.6,0.44,25.0,2623.72,13.06,799.92,109747.0,19.8,0.1331636596637808,1104.5706449920283,8.117894109099714,136.10830232195968,0.0476969600708445,0.0551927499999997,520.499053313262,60,Hand
99.6,0.44,25.0,2623.72,13.06,799.92,109747.0,19.8,0.1331636596637808,1104.5706449920283,8.117894109099714,136.10830232195968,0.0476969600708445,0.0551927499999997,520.499053313262,60,Hand
99.6,0.44,25.0,2623.72,13.06,799.92,109747.0,19.8,0.1331636596637808,1104.5706449920283,8.117894109099714,136.10830232195968,0.0476969600708445,0.0551927499999997,520.499053313262,60,Hand
99.6,0.0,25.0,2719.56,13.54,799.92,109618.5,19.8,0.1331636596637808,1104.5706449920283,8.117894109099714,136.10830232195968,0.0476969600708445,0.0551927499999997,520.499053313262,60,Hand
99.6,0.0,25.0,2719.56,13.54,799.92,109618.5,19.8,0.1331636596637808,1104.5706449920283,8.117894109099714,136.10830232195968,0.0476969600708445,0.0551927499999997,520.499053313262,60,Hand
99.6,0.0,25.0,2719.56,13.54,799.92,109618.5,19.8,0.1331636596637808,1104.5706449920283,8.117894109099714,136.10830232195968,0.0476969600708445,0.0551927499999997,520.499053313262,60,Hand
99.6,0.0,25.0,2719.56,13.54,799.92,109618.5,19.8,0.1331636596637808,1104.5706449920283,8.117894109099714,136.10830232195968,0.0476969600708445,0.0551927499999997,520.499053313262,60,Hand
99.6,0.0,25.0,2719.56,13.54,799.92,109618.5,19.8,0.1331636596637808,1104.5706449920283,8.117894109099714,136.10830232195968,0.0476969600708445,0.0551927499999997,520.499053313262,60,Hand
99.6,0.0,25.0,2719.56,13.54,799.92,109618.5,19.8,0.1331636596637808,1104.5706449920283,8.117894109099714,136.10830232195968,0.0476969600708445,0.0551927499999997,520.499053313262,60,Hand
99.6,0.0,25.0,2717.63,13.54,799.92,109622.4,19.8,0.1331636596637808,1104.5706449920283,8.117894109099714,136.10830232195968,0.0476969600708445,0.0551927499999997,520.499053313262,60,Hand
99.6,0.0,25.0,2717.63,13.54,799.92,109622.4,19.8,0.1331636596637808,1104.5706449920283,8.117894109099714,136.10830232195968,0.0476969600708445,0.0551927499999997,520.499053313262,60,Hand
106.7,0.22,25.0,888.42,4.42,1466.52,54892.7,19.8,0.0442323250674394,521.1775659555926,13.07950800878184,39.89191051694949,0.1224744871391577,0.035475,647.4144745640161,70,Hand
106.7,0.22,25.0,888.42,4.42,1466.52,54892.7,19.8,0.0442323250674394,521.1775659555926,13.07950800878184,39.89191051694949,0.1224744871391577,0.035475,647.4144745640161,70,Hand
106.7,0.22,25.0,888.42,4.42,1466.52,54892.7,19.8,0.0442323250674394,521.1775659555926,13.07950800878184,39.89191051694949,0.1224744871391577,0.035475,647.4144745640161,70,Hand
106.7,0.22,25.0,888.42,4.42,1466.52,54892.7,19.8,0.0442323250674394,521.1775659555926,13.07950800878184,39.89191051694949,0.1224744871391577,0.035475,647.4144745640161,70,Hand
106.7,0.22,25.0,888.42,4.42,1466.52,54892.7,19.8,0.0442323250674394,521.1775659555926,13.07950800878184,39.89191051694949,0.1224744871391577,0.035475,647.4144745640161,70,Hand
106.7,0.44,25.0,960.8,4.78,1377.64,55053.6,19.8,0.0442323250674394,521.1775659555926,13.07950800878184,39.89191051694949,0.1224744871391577,0.035475,647.4144745640161,70,Hand
106.7,0.44,25.0,960.8,4.78,1377.64,55053.6,19.8,0.0442323250674394,521.1775659555926,13.07950800878184,39.89191051694949,0.1224744871391577,0.035475,647.4144745640161,70,Hand
106.7,0.44,25.0,960.8,4.78,1377.64,55053.6,19.8,0.0442323250674394,521.1775659555926,13.07950800878184,39.89191051694949,0.1224744871391577,0.035475,647.4144745640161,70,Hand
106.7,0.44,25.0,960.8,4.78,1377.64,55053.6,19.8,0.0442323250674394,521.1775659555926,13.07950800878184,39.89191051694949,0.1224744871391577,0.035475,647.4144745640161,70,Hand
106.7,0.44,25.0,960.8,4.78,1377.64,55053.6,19.8,0.0442323250674394,521.1775659555926,13.07950800878184,39.89191051694949,0.1224744871391577,0.035475,647.4144745640161,70,Hand
106.6,-0.87,25.0,945.91,4.72,1377.64,55752.1,19.8,0.0442323250674394,521.1775659555926,13.07950800878184,39.89191051694949,0.1224744871391577,0.035475,647.4144745640161,70,Hand
106.6,-0.87,25.0,945.91,4.72,1377.64,55752.1,19.8,0.0442323250674394,521.1775659555926,13.07950800878184,39.89191051694949,0.1224744871391577,0.035475,647.4144745640161,70,Hand
106.6,-0.87,25.0,945.91,4.72,1377.64,55752.1,19.8,0.0442323250674394,521.1775659555926,13.07950800878184,39.89191051694949,0.1224744871391577,0.035475,647.4144745640161,70,Hand
106.6,-0.87,25.0,945.91,4.72,1377.64,55752.1,19.8,0.0442323250674394,521.1775659555926,13.07950800878184,39.89191051694949,0.1224744871391577,0.035475,647.4144745640161,70,Hand
106.6,-0.87,25.0,945.91,4.72,1377.64,55752.1,19.8,0.0442323250674394,521.1775659555926,13.07950800878184,39.89191051694949,0.1224744871391577,0.035475,647.4144745640161,70,Hand
106.4,-0.66,25.0,988.68,4.94,1355.42,56528.5,19.8,0.0442323250674394,521.1775659555926,13.07950800878184,39.89191051694949,0.1224744871391577,0.035475,647.4144745640161,70,Hand
106.4,-0.66,25.0,988.68,4.94,1355.42,56528.5,19.8,0.0442323250674394,521.1775659555926,13.07950800878184,39.89191051694949,0.1224744871391577,0.035475,647.4144745640161,70,Hand
106.4,-0.66,25.0,988.68,4.94,1355.42,56528.5,19.8,0.0442323250674394,521.1775659555926,13.07950800878184,39.89191051694949,0.1224744871391577,0.035475,647.4144745640161,70,Hand
106.4,-0.66,25.0,988.68,4.94,1355.42,56528.5,19.8,0.0442323250674394,521.1775659555926,13.07950800878184,39.89191051694949,0.1224744871391577,0.035475,647.4144745640161,70,Hand
106.4,-0.66,25.0,988.68,4.94,1355.42,56528.5,19.8,0.0442323250674394,521.1775659555926,13.07950800878184,39.89191051694949,0.1224744871391577,0.035475,647.4144745640161,70,Hand
118.3,1.09,25.0,1057.22,5.27,1177.66,67912.4,19.8,0.0433805761828503,546.6365124422362,10.02753639383198,54.521057647115434,0.1909842925478433,0.0124249999999999,2572.0541979903905,80,Hand
118.3,1.09,25.0,1057.22,5.27,1177.66,67912.4,19.8,0.0433805761828503,546.6365124422362,10.02753639383198,54.521057647115434,0.1909842925478433,0.0124249999999999,2572.0541979903905,80,Hand
118.3,1.09,25.0,1057.22,5.27,1177.66,67912.4,19.8,0.0433805761828503,546.6365124422362,10.02753639383198,54.521057647115434,0.1909842925478433,0.0124249999999999,2572.0541979903905,80,Hand
118.3,1.09,25.0,1057.22,5.27,1177.66,67912.4,19.8,0.0433805761828503,546.6365124422362,10.02753639383198,54.521057647115434,0.1909842925478433,0.0124249999999999,2572.0541979903905,80,Hand
118.3,1.09,25.0,1057.22,5.27,1177.66,67912.4,19.8,0.0433805761828503,546.6365124422362,10.02753639383198,54.521057647115434,0.1909842925478433,0.0124249999999999,2572.0541979903905,80,Hand
118.6,1.31,25.0,1049.69,5.23,1188.77,66153.4,19.8,0.0433805761828503,546.6365124422362,10.02753639383198,54.521057647115434,0.1909842925478433,0.0124249999999999,2572.0541979903905,80,Hand
118.6,1.31,25.0,1049.69,5.23,1188.77,66153.4,19.8,0.0433805761828503,546.6365124422362,10.02753639383198,54.521057647115434,0.1909842925478433,0.0124249999999999,2572.0541979903905,80,Hand
118.6,1.31,25.0,1049.69,5.23,1188.77,66153.4,19.8,0.0433805761828503,546.6365124422362,10.02753639383198,54.521057647115434,0.1909842925478433,0.0124249999999999,2572.0541979903905,80,Hand
118.6,1.31,25.0,1049.69,5.23,1188.77,66153.4,19.8,0.0433805761828503,546.6365124422362,10.02753639383198,54.521057647115434,0.1909842925478433,0.0124249999999999,2572.0541979903905,80,Hand
118.6,1.31,25.0,1049.69,5.23,1188.77,66153.4,19.8,0.0433805761828503,546.6365124422362,10.02753639383198,54.521057647115434,0.1909842925478433,0.0124249999999999,2572.0541979903905,80,Hand
118.8,1.31,25.0,1017.18,5.08,1199.88,63983.9,19.8,0.0433805761828503,546.6365124422362,10.02753639383198,54.521057647115434,0.1909842925478433,0.0124249999999999,2572.0541979903905,80,Hand
118.8,1.31,25.0,1017.18,5.08,1199.88,63983.9,19.8,0.0433805761828503,546.6365124422362,10.02753639383198,54.521057647115434,0.1909842925478433,0.0124249999999999,2572.0541979903905,80,Hand
118.8,1.31,25.0,1017.18,5.08,1199.88,63983.9,19.8,0.0433805761828503,546.6365124422362,10.02753639383198,54.521057647115434,0.1909842925478433,0.0124249999999999,2572.0541979903905,80,Hand
118.8,1.31,25.0,1017.18,5.08,1199.88,63983.9,19.8,0.0433805761828503,546.6365124422362,10.02753639383198,54.521057647115434,0.1909842925478433,0.0124249999999999,2572.0541979903905,80,Hand
118.8,1.31,25.0,1017.18,5.08,1199.88,63983.9,19.8,0.0433805761828503,546.6365124422362,10.02753639383198,54.521057647115434,0.1909842925478433,0.0124249999999999,2572.0541979903905,80,Hand
118.8,1.31,25.0,1017.18,5.08,1199.88,63983.9,19.8,0.0433805761828503,546.6365124422362,10.02753639383198,54.521057647115434,0.1909842925478433,0.0124249999999999,2572.0541979903905,80,Hand
118.7,-0.87,25.0,996.01,4.98,1188.77,60594.7,19.8,0.0433805761828503,546.6365124422362,10.02753639383198,54.521057647115434,0.1909842925478433,0.0124249999999999,2572.0541979903905,80,Hand
118.7,-0.87,25.0,996.01,4.98,1188.77,60594.7,19.8,0.0433805761828503,546.6365124422362,10.02753639383198,54.521057647115434,0.1909842925478433,0.0124249999999999,2572.0541979903905,80,Hand
118.7,-0.87,25.0,996.01,4.98,1188.77,60594.7,19.8,0.0433805761828503,546.6365124422362,10.02753639383198,54.521057647115434,0.1909842925478433,0.0124249999999999,2572.0541979903905,80,Hand
118.7,-0.87,25.0,996.01,4.98,1188.77,60594.7,19.8,0.0433805761828503,546.6365124422362,10.02753639383198,54.521057647115434,0.1909842925478433,0.0124249999999999,2572.0541979903905,80,Hand
125.9,-1.75,25.0,856.46,4.26,1066.56,44715.8,19.8,0.0339406171477128,354.0524567504598,8.211955163275364,43.12255064247891,0.2971110903349129,0.01317275,261.0550138859632,90,Hand
125.9,-1.75,25.0,856.46,4.26,1066.56,44715.8,19.8,0.0339406171477128,354.0524567504598,8.211955163275364,43.12255064247891,0.2971110903349129,0.01317275,261.0550138859632,90,Hand
125.9,-1.75,25.0,856.46,4.26,1066.56,44715.8,19.8,0.0339406171477128,354.0524567504598,8.211955163275364,43.12255064247891,0.2971110903349129,0.01317275,261.0550138859632,90,Hand
125.9,0.0,25.0,850.39,4.22,1033.23,44106.7,19.8,0.0339406171477128,354.0524567504598,8.211955163275364,43.12255064247891,0.2971110903349129,0.01317275,261.0550138859632,90,Hand
125.9,0.0,25.0,850.39,4.22,1033.23,44106.7,19.8,0.0339406171477128,354.0524567504598,8.211955163275364,43.12255064247891,0.2971110903349129,0.01317275,261.0550138859632,90,Hand
125.9,0.0,25.0,850.39,4.22,1033.23,44106.7,19.8,0.0339406171477128,354.0524567504598,8.211955163275364,43.12255064247891,0.2971110903349129,0.01317275,261.0550138859632,90,Hand
125.9,0.0,25.0,850.39,4.22,1033.23,44106.7,19.8,0.0339406171477128,354.0524567504598,8.211955163275364,43.12255064247891,0.2971110903349129,0.01317275,261.0550138859632,90,Hand
125.9,0.0,25.0,850.39,4.22,1033.23,44106.7,19.8,0.0339406171477128,354.0524567504598,8.211955163275364,43.12255064247891,0.2971110903349129,0.01317275,261.0550138859632,90,Hand
125.9,0.0,25.0,850.39,4.22,1033.23,44106.7,19.8,0.0339406171477128,354.0524567504598,8.211955163275364,43.12255064247891,0.2971110903349129,0.01317275,261.0550138859632,90,Hand
125.6,-1.75,25.0,895.8,4.45,1022.12,44468.8,19.8,0.0339406171477128,354.0524567504598,8.211955163275364,43.12255064247891,0.2971110903349129,0.01317275,261.0550138859632,90,Hand
125.6,-1.75,25.0,895.8,4.45,1022.12,44468.8,19.8,0.0339406171477128,354.0524567504598,8.211955163275364,43.12255064247891,0.2971110903349129,0.01317275,261.0550138859632,90,Hand
125.6,-1.75,25.0,895.8,4.45,1022.12,44468.8,19.8,0.0339406171477128,354.0524567504598,8.211955163275364,43.12255064247891,0.2971110903349129,0.01317275,261.0550138859632,90,Hand
125.6,-1.75,25.0,895.8,4.45,1022.12,44468.8,19.8,0.0339406171477128,354.0524567504598,8.211955163275364,43.12255064247891,0.2971110903349129,0.01317275,261.0550138859632,90,Hand
125.6,-1.75,25.0,895.8,4.45,1022.12,44468.8,19.8,0.0339406171477128,354.0524567504598,8.211955163275364,43.12255064247891,0.2971110903349129,0.01317275,261.0550138859632,90,Hand
125.2,-1.75,25.0,834.79,4.14,1022.12,44735.7,19.8,0.0339406171477128,354.0524567504598,8.211955163275364,43.12255064247891,0.2971110903349129,0.01317275,261.0550138859632,90,Hand
125.2,-1.75,25.0,834.79,4.14,1022.12,44735.7,19.8,0.0339406171477128,354.0524567504598,8.211955163275364,43.12255064247891,0.2971110903349129,0.01317275,261.0550138859632,90,Hand
125.2,-1.75,25.0,834.79,4.14,1022.12,44735.7,19.8,0.0339406171477128,354.0524567504598,8.211955163275364,43.12255064247891,0.2971110903349129,0.01317275,261.0550138859632,90,Hand
125.2,-1.75,25.0,834.79,4.14,1022.12,44735.7,19.8,0.0339406171477128,354.0524567504598,8.211955163275364,43.12255064247891,0.2971110903349129,0.01317275,261.0550138859632,90,Hand
125.2,-1.75,25.0,834.79,4.14,1022.12,44735.7,19.8,0.0339406171477128,354.0524567504598,8.211955163275364,43.12255064247891,0.2971110903349129,0.01317275,261.0550138859632,90,Hand
125.2,0.0,25.0,850.98,4.22,1011.01,44662.6,19.8,0.0339406171477128,354.0524567504598,8.211955163275364,43.12255064247891,0.2971110903349129,0.01317275,261.0550138859632,90,Hand
135.7,0.0,25.0,919.49,4.58,1277.65,48141.1,19.8,0.0332103938080811,362.65565211122566,9.709692334479218,37.35041882703346,0.0435889894354042,0.0035309999999999,425.8259126685464,100,Hand
135.6,-0.44,25.0,892.68,4.44,1310.98,48886.0,19.8,0.0332103938080811,362.65565211122566,9.709692334479218,37.35041882703346,0.0435889894354042,0.0035309999999999,425.8259126685464,100,Hand
135.6,-0.44,25.0,892.68,4.44,1310.98,48886.0,19.8,0.0332103938080811,362.65565211122566,9.709692334479218,37.35041882703346,0.0435889894354042,0.0035309999999999,425.8259126685464,100,Hand
135.6,-0.44,25.0,892.68,4.44,1310.98,48886.0,19.8,0.0332103938080811,362.65565211122566,9.709692334479218,37.35041882703346,0.0435889894354042,0.0035309999999999,425.8259126685464,100,Hand
135.6,-0.44,25.0,892.68,4.44,1310.98,48886.0,19.8,0.0332103938080811,362.65565211122566,9.709692334479218,37.35041882703346,0.0435889894354042,0.0035309999999999,425.8259126685464,100,Hand
135.6,-0.44,25.0,892.68,4.44,1310.98,48886.0,19.8,0.0332103938080811,362.65565211122566,9.709692334479218,37.35041882703346,0.0435889894354042,0.0035309999999999,425.8259126685464,100,Hand
135.6,-0.22,25.0,921.65,4.58,1310.98,48945.4,19.8,0.0332103938080811,362.65565211122566,9.709692334479218,37.35041882703346,0.0435889894354042,0.0035309999999999,425.8259126685464,100,Hand
135.6,-0.22,25.0,921.65,4.58,1310.98,48945.4,19.8,0.0332103938080811,362.65565211122566,9.709692334479218,37.35041882703346,0.0435889894354042,0.0035309999999999,425.8259126685464,100,Hand
135.6,-0.22,25.0,921.65,4.58,1310.98,48945.4,19.8,0.0332103938080811,362.65565211122566,9.709692334479218,37.35041882703346,0.0435889894354042,0.0035309999999999,425.8259126685464,100,Hand
135.6,-0.22,25.0,921.65,4.58,1310.98,48945.4,19.8,0.0332103938080811,362.65565211122566,9.709692334479218,37.35041882703346,0.0435889894354042,0.0035309999999999,425.8259126685464,100,Hand
135.6,-0.22,25.0,921.65,4.58,1310.98,48945.4,19.8,0.0332103938080811,362.65565211122566,9.709692334479218,37.35041882703346,0.0435889894354042,0.0035309999999999,425.8259126685464,100,Hand
135.6,-0.22,25.0,921.65,4.58,1310.98,48945.4,19.8,0.0332103938080811,362.65565211122566,9.709692334479218,37.35041882703346,0.0435889894354042,0.0035309999999999,425.8259126685464,100,Hand
135.6,0.0,25.0,897.23,4.46,1333.2,49683.8,19.8,0.0332103938080811,362.65565211122566,9.709692334479218,37.35041882703346,0.0435889894354042,0.0035309999999999,425.8259126685464,100,Hand
135.6,0.0,25.0,897.23,4.46,1333.2,49683.8,19.8,0.0332103938080811,362.65565211122566,9.709692334479218,37.35041882703346,0.0435889894354042,0.0035309999999999,425.8259126685464,100,Hand
135.6,0.0,25.0,897.23,4.46,1333.2,49683.8,19.8,0.0332103938080811,362.65565211122566,9.709692334479218,37.35041882703346,0.0435889894354042,0.0035309999999999,425.8259126685464,100,Hand
135.6,0.0,25.0,897.23,4.46,1333.2,49683.8,19.8,0.0332103938080811,362.65565211122566,9.709692334479218,37.35041882703346,0.0435889894354042,0.0035309999999999,425.8259126685464,100,Hand
135.6,0.0,25.0,897.23,4.46,1333.2,49683.8,19.8,0.0332103938080811,362.65565211122566,9.709692334479218,37.35041882703346,0.0435889894354042,0.0035309999999999,425.8259126685464,100,Hand
135.5,-0.22,25.0,905.04,4.5,1322.09,49595.1,19.8,0.0332103938080811,362.65565211122566,9.709692334479218,37.35041882703346,0.0435889894354042,0.0035309999999999,425.8259126685464,100,Hand
135.5,-0.22,25.0,905.04,4.5,1322.09,49595.1,19.8,0.0332103938080811,362.65565211122566,9.709692334479218,37.35041882703346,0.0435889894354042,0.0035309999999999,425.8259126685464,100,Hand
135.5,-0.22,25.0,905.04,4.5,1322.09,49595.1,19.8,0.0332103938080811,362.65565211122566,9.709692334479218,37.35041882703346,0.0435889894354042,0.0035309999999999,425.8259126685464,100,Hand
144.6,0.0,25.0,765.91,3.78,1777.6,63644.5,19.8,0.0262997524843962,448.9671557716568,12.36842706216554,36.30928554617855,0.0678232998312488,0.0072727499999999,629.4060918040116,110,Hand
144.6,0.0,25.0,765.91,3.78,1777.6,63644.5,19.8,0.0262997524843962,448.9671557716568,12.36842706216554,36.30928554617855,0.0678232998312488,0.0072727499999999,629.4060918040116,110,Hand
144.6,0.0,25.0,765.91,3.78,1777.6,63644.5,19.8,0.0262997524843962,448.9671557716568,12.36842706216554,36.30928554617855,0.0678232998312488,0.0072727499999999,629.4060918040116,110,Hand
144.6,0.22,25.0,749.48,3.7,1833.15,65267.4,19.8,0.0262997524843962,448.9671557716568,12.36842706216554,36.30928554617855,0.0678232998312488,0.0072727499999999,629.4060918040116,110,Hand
144.6,0.22,25.0,749.48,3.7,1833.15,65267.4,19.8,0.0262997524843962,448.9671557716568,12.36842706216554,36.30928554617855,0.0678232998312488,0.0072727499999999,629.4060918040116,110,Hand
144.6,0.22,25.0,749.48,3.7,1833.15,65267.4,19.8,0.0262997524843962,448.9671557716568,12.36842706216554,36.30928554617855,0.0678232998312488,0.0072727499999999,629.4060918040116,110,Hand
144.6,0.22,25.0,749.48,3.7,1833.15,65267.4,19.8,0.0262997524843962,448.9671557716568,12.36842706216554,36.30928554617855,0.0678232998312488,0.0072727499999999,629.4060918040116,110,Hand
144.6,0.22,25.0,749.48,3.7,1833.15,65267.4,19.8,0.0262997524843962,448.9671557716568,12.36842706216554,36.30928554617855,0.0678232998312488,0.0072727499999999,629.4060918040116,110,Hand
144.6,0.0,25.0,769.65,3.8,1777.6,64821.0,19.8,0.0262997524843962,448.9671557716568,12.36842706216554,36.30928554617855,0.0678232998312488,0.0072727499999999,629.4060918040116,110,Hand
144.6,0.0,25.0,769.65,3.8,1777.6,64821.0,19.8,0.0262997524843962,448.9671557716568,12.36842706216554,36.30928554617855,0.0678232998312488,0.0072727499999999,629.4060918040116,110,Hand
144.6,0.0,25.0,769.65,3.8,1777.6,64821.0,19.8,0.0262997524843962,448.9671557716568,12.36842706216554,36.30928554617855,0.0678232998312488,0.0072727499999999,629.4060918040116,110,Hand
144.6,0.0,25.0,769.65,3.8,1777.6,64821.0,19.8,0.0262997524843962,448.9671557716568,12.36842706216554,36.30928554617855,0.0678232998312488,0.0072727499999999,629.4060918040116,110,Hand
144.6,0.0,25.0,769.65,3.8,1777.6,64821.0,19.8,0.0262997524843962,448.9671557716568,12.36842706216554,36.30928554617855,0.0678232998312488,0.0072727499999999,629.4060918040116,110,Hand
144.7,0.44,25.0,792.05,3.92,1755.38,65141.2,19.8,0.0262997524843962,448.9671557716568,12.36842706216554,36.30928554617855,0.0678232998312488,0.0072727499999999,629.4060918040116,110,Hand
144.7,0.44,25.0,792.05,3.92,1755.38,65141.2,19.8,0.0262997524843962,448.9671557716568,12.36842706216554,36.30928554617855,0.0678232998312488,0.0072727499999999,629.4060918040116,110,Hand
144.7,0.44,25.0,792.05,3.92,1755.38,65141.2,19.8,0.0262997524843962,448.9671557716568,12.36842706216554,36.30928554617855,0.0678232998312488,0.0072727499999999,629.4060918040116,110,Hand
144.7,0.44,25.0,792.05,3.92,1755.38,65141.2,19.8,0.0262997524843962,448.9671557716568,12.36842706216554,36.30928554617855,0.0678232998312488,0.0072727499999999,629.4060918040116,110,Hand
144.7,0.44,25.0,792.05,3.92,1755.38,65141.2,19.8,0.0262997524843962,448.9671557716568,12.36842706216554,36.30928554617855,0.0678232998312488,0.0072727499999999,629.4060918040116,110,Hand
144.7,0.44,25.0,792.05,3.92,1755.38,65141.2,19.8,0.0262997524843962,448.9671557716568,12.36842706216554,36.30928554617855,0.0678232998312488,0.0072727499999999,629.4060918040116,110,Hand
144.4,-1.31,25.0,749.77,3.71,1855.37,66368.5,19.7,0.0262997524843962,448.9671557716568,12.36842706216554,36.30928554617855,0.0678232998312488,0.0072727499999999,629.4060918040116,110,Hand
17.1,0.22,25.0,3574.01,4.24,288.86,49600.4,19.8,0.2029824561403508,2629.503801169591,17.282222222222224,152.26350840212223,3.552713678800501e-15,0.175689,2686.3967771487146,20,Paper
17.1,0.22,25.0,3574.01,4.24,288.86,49600.4,19.8,0.2029824561403508,2629.503801169591,17.282222222222224,152.26350840212223,3.552713678800501e-15,0.175689,2686.3967771487146,20,Paper
17.1,0.22,25.0,3574.01,4.24,288.86,49600.4,19.8,0.2029824561403508,2629.503801169591,17.282222222222224,152.26350840212223,3.552713678800501e-15,0.175689,2686.3967771487146,20,Paper
17.1,0.0,25.0,3089.47,3.67,288.86,44076.6,19.8,0.2029824561403508,2629.503801169591,17.282222222222224,152.26350840212223,3.552713678800501e-15,0.175689,2686.3967771487146,20,Paper
17.1,0.0,25.0,3089.47,3.67,288.86,44076.6,19.8,0.2029824561403508,2629.503801169591,17.282222222222224,152.26350840212223,3.552713678800501e-15,0.175689,2686.3967771487146,20,Paper
17.1,0.0,25.0,3089.47,3.67,288.86,44076.6,19.8,0.2029824561403508,2629.503801169591,17.282222222222224,152.26350840212223,3.552713678800501e-15,0.175689,2686.3967771487146,20,Paper
17.1,0.0,25.0,3089.47,3.67,288.86,44076.6,19.8,0.2029824561403508,2629.503801169591,17.282222222222224,152.26350840212223,3.552713678800501e-15,0.175689,2686.3967771487146,20,Paper
17.1,0.0,25.0,3089.47,3.67,288.86,44076.6,19.8,0.2029824561403508,2629.503801169591,17.282222222222224,152.26350840212223,3.552713678800501e-15,0.175689,2686.3967771487146,20,Paper
17.1,0.0,25.0,2905.09,3.42,299.97,46306.1,19.8,0.2029824561403508,2629.503801169591,17.282222222222224,152.26350840212223,3.552713678800501e-15,0.175689,2686.3967771487146,20,Paper
17.1,0.0,25.0,2905.09,3.42,299.97,46306.1,19.8,0.2029824561403508,2629.503801169591,17.282222222222224,152.26350840212223,3.552713678800501e-15,0.175689,2686.3967771487146,20,Paper
17.1,0.0,25.0,2905.09,3.42,299.97,46306.1,19.8,0.2029824561403508,2629.503801169591,17.282222222222224,152.26350840212223,3.552713678800501e-15,0.175689,2686.3967771487146,20,Paper
17.1,0.0,25.0,2905.09,3.42,299.97,46306.1,19.8,0.2029824561403508,2629.503801169591,17.282222222222224,152.26350840212223,3.552713678800501e-15,0.175689,2686.3967771487146,20,Paper
17.1,0.0,25.0,2905.09,3.42,299.97,46306.1,19.8,0.2029824561403508,2629.503801169591,17.282222222222224,152.26350840212223,3.552713678800501e-15,0.175689,2686.3967771487146,20,Paper
17.1,0.0,25.0,2905.09,3.42,299.97,46306.1,19.8,0.2029824561403508,2629.503801169591,17.282222222222224,152.26350840212223,3.552713678800501e-15,0.175689,2686.3967771487146,20,Paper
17.1,0.0,25.0,2506.36,2.94,299.97,41362.4,19.8,0.2029824561403508,2629.503801169591,17.282222222222224,152.26350840212223,3.552713678800501e-15,0.175689,2686.3967771487146,20,Paper
17.1,0.0,25.0,2506.36,2.94,299.97,41362.4,19.8,0.2029824561403508,2629.503801169591,17.282222222222224,152.26350840212223,3.552713678800501e-15,0.175689,2686.3967771487146,20,Paper
17.1,0.0,25.0,2506.36,2.94,299.97,41362.4,19.8,0.2029824561403508,2629.503801169591,17.282222222222224,152.26350840212223,3.552713678800501e-15,0.175689,2686.3967771487146,20,Paper
17.1,0.0,25.0,2506.36,2.94,299.97,41362.4,19.8,0.2029824561403508,2629.503801169591,17.282222222222224,152.26350840212223,3.552713678800501e-15,0.175689,2686.3967771487146,20,Paper
17.1,0.0,25.0,2506.36,2.94,299.97,41362.4,19.8,0.2029824561403508,2629.503801169591,17.282222222222224,152.26350840212223,3.552713678800501e-15,0.175689,2686.3967771487146,20,Paper
17.1,0.0,25.0,2701.71,3.13,299.97,45457.5,19.8,0.2029824561403508,2629.503801169591,17.282222222222224,152.26350840212223,3.552713678800501e-15,0.175689,2686.3967771487146,20,Paper
31.4,0.22,25.0,7325.58,13.27,355.52,117571.4,19.8,0.3791572096454206,4027.634432124006,11.693130271786906,344.3927750729618,0.3259984662540601,0.5553209999999991,4831.185834130166,30,Paper
31.4,0.22,25.0,6897.57,12.45,366.63,120837.3,19.8,0.3791572096454206,4027.634432124006,11.693130271786906,344.3927750729618,0.3259984662540601,0.5553209999999991,4831.185834130166,30,Paper
31.4,0.22,25.0,6897.57,12.45,366.63,120837.3,19.8,0.3791572096454206,4027.634432124006,11.693130271786906,344.3927750729618,0.3259984662540601,0.5553209999999991,4831.185834130166,30,Paper
31.4,0.22,25.0,6897.57,12.45,366.63,120837.3,19.8,0.3791572096454206,4027.634432124006,11.693130271786906,344.3927750729618,0.3259984662540601,0.5553209999999991,4831.185834130166,30,Paper
31.4,0.22,25.0,6897.57,12.45,366.63,120837.3,19.8,0.3791572096454206,4027.634432124006,11.693130271786906,344.3927750729618,0.3259984662540601,0.5553209999999991,4831.185834130166,30,Paper
31.4,0.22,25.0,6897.57,12.45,366.63,120837.3,19.8,0.3791572096454206,4027.634432124006,11.693130271786906,344.3927750729618,0.3259984662540601,0.5553209999999991,4831.185834130166,30,Paper
31.4,0.22,25.0,6897.57,12.45,366.63,120837.3,19.8,0.3791572096454206,4027.634432124006,11.693130271786906,344.3927750729618,0.3259984662540601,0.5553209999999991,4831.185834130166,30,Paper
31.4,0.0,25.0,6532.24,11.64,366.63,123567.1,19.8,0.3791572096454206,4027.634432124006,11.693130271786906,344.3927750729618,0.3259984662540601,0.5553209999999991,4831.185834130166,30,Paper
31.4,0.0,25.0,6532.24,11.64,366.63,123567.1,19.8,0.3791572096454206,4027.634432124006,11.693130271786906,344.3927750729618,0.3259984662540601,0.5553209999999991,4831.185834130166,30,Paper
31.4,0.0,25.0,6532.24,11.64,366.63,123567.1,19.8,0.3791572096454206,4027.634432124006,11.693130271786906,344.3927750729618,0.3259984662540601,0.5553209999999991,4831.185834130166,30,Paper
31.4,0.0,25.0,6532.24,11.64,366.63,123567.1,19.8,0.3791572096454206,4027.634432124006,11.693130271786906,344.3927750729618,0.3259984662540601,0.5553209999999991,4831.185834130166,30,Paper
31.4,0.0,25.0,6532.24,11.64,366.63,123567.1,19.8,0.3791572096454206,4027.634432124006,11.693130271786906,344.3927750729618,0.3259984662540601,0.5553209999999991,4831.185834130166,30,Paper
31.0,-2.19,25.0,6059.56,10.72,366.63,130568.5,19.8,0.3791572096454206,4027.634432124006,11.693130271786906,344.3927750729618,0.3259984662540601,0.5553209999999991,4831.185834130166,30,Paper
31.0,-2.19,25.0,6059.56,10.72,366.63,130568.5,19.8,0.3791572096454206,4027.634432124006,11.693130271786906,344.3927750729618,0.3259984662540601,0.5553209999999991,4831.185834130166,30,Paper
31.0,-2.19,25.0,6059.56,10.72,366.63,130568.5,19.8,0.3791572096454206,4027.634432124006,11.693130271786906,344.3927750729618,0.3259984662540601,0.5553209999999991,4831.185834130166,30,Paper
31.0,-2.19,25.0,6059.56,10.72,366.63,130568.5,19.8,0.3791572096454206,4027.634432124006,11.693130271786906,344.3927750729618,0.3259984662540601,0.5553209999999991,4831.185834130166,30,Paper
31.0,-2.19,25.0,6059.56,10.72,366.63,130568.5,19.8,0.3791572096454206,4027.634432124006,11.693130271786906,344.3927750729618,0.3259984662540601,0.5553209999999991,4831.185834130166,30,Paper
30.5,-2.19,25.0,7012.83,12.19,355.52,131991.0,19.8,0.3791572096454206,4027.634432124006,11.693130271786906,344.3927750729618,0.3259984662540601,0.5553209999999991,4831.185834130166,30,Paper
30.5,-2.19,25.0,7012.83,12.19,355.52,131991.0,19.8,0.3791572096454206,4027.634432124006,11.693130271786906,344.3927750729618,0.3259984662540601,0.5553209999999991,4831.185834130166,30,Paper
30.5,-2.19,25.0,7012.83,12.19,355.52,131991.0,19.8,0.3791572096454206,4027.634432124006,11.693130271786906,344.3927750729618,0.3259984662540601,0.5553209999999991,4831.185834130166,30,Paper
38.0,0.0,25.0,8071.97,36.6,355.52,122584.8,19.8,0.7854560065102377,4315.212569346628,15.752915965971551,280.65608473382025,0.0979795897113264,12.785044750000004,28913.31106131353,40,Paper
38.0,0.0,25.0,8071.97,36.6,355.52,122584.8,19.8,0.7854560065102377,4315.212569346628,15.752915965971551,280.65608473382025,0.0979795897113264,12.785044750000004,28913.31106131353,40,Paper
38.3,1.09,25.0,7423.08,33.52,511.06,146147.3,19.8,0.7854560065102377,4315.212569346628,15.752915965971551,280.65608473382025,0.0979795897113264,12.785044750000004,28913.31106131353,40,Paper
38.3,1.09,25.0,7423.08,33.52,511.06,146147.3,19.8,0.7854560065102377,4315.212569346628,15.752915965971551,280.65608473382025,0.0979795897113264,12.785044750000004,28913.31106131353,40,Paper
38.3,1.09,25.0,7423.08,33.52,511.06,146147.3,19.8,0.7854560065102377,4315.212569346628,15.752915965971551,280.65608473382025,0.0979795897113264,12.785044750000004,28913.31106131353,40,Paper
38.3,1.09,25.0,7423.08,33.52,511.06,146147.3,19.8,0.7854560065102377,4315.212569346628,15.752915965971551,280.65608473382025,0.0979795897113264,12.785044750000004,28913.31106131353,40,Paper
38.3,1.09,25.0,7423.08,33.52,511.06,146147.3,19.8,0.7854560065102377,4315.212569346628,15.752915965971551,280.65608473382025,0.0979795897113264,12.785044750000004,28913.31106131353,40,Paper
38.3,0.22,25.0,6551.46,29.43,522.17,151105.5,19.8,0.7854560065102377,4315.212569346628,15.752915965971551,280.65608473382025,0.0979795897113264,12.785044750000004,28913.31106131353,40,Paper
38.3,0.22,25.0,6551.46,29.43,522.17,151105.5,19.8,0.7854560065102377,4315.212569346628,15.752915965971551,280.65608473382025,0.0979795897113264,12.785044750000004,28913.31106131353,40,Paper
38.3,0.22,25.0,6551.46,29.43,522.17,151105.5,19.8,0.7854560065102377,4315.212569346628,15.752915965971551,280.65608473382025,0.0979795897113264,12.785044750000004,28913.31106131353,40,Paper
38.3,0.22,25.0,6551.46,29.43,522.17,151105.5,19.8,0.7854560065102377,4315.212569346628,15.752915965971551,280.65608473382025,0.0979795897113264,12.785044750000004,28913.31106131353,40,Paper
38.3,0.22,25.0,6551.46,29.43,522.17,151105.5,19.8,0.7854560065102377,4315.212569346628,15.752915965971551,280.65608473382025,0.0979795897113264,12.785044750000004,28913.31106131353,40,Paper
38.3,0.22,25.0,6551.46,29.43,522.17,151105.5,19.8,0.7854560065102377,4315.212569346628,15.752915965971551,280.65608473382025,0.0979795897113264,12.785044750000004,28913.31106131353,40,Paper
38.3,0.22,25.0,6009.01,26.89,799.92,203074.6,19.8,0.7854560065102377,4315.212569346628,15.752915965971551,280.65608473382025,0.0979795897113264,12.785044750000004,28913.31106131353,40,Paper
38.3,0.22,25.0,6009.01,26.89,799.92,203074.6,19.8,0.7854560065102377,4315.212569346628,15.752915965971551,280.65608473382025,0.0979795897113264,12.785044750000004,28913.31106131353,40,Paper
38.3,0.22,25.0,6009.01,26.89,799.92,203074.6,19.8,0.7854560065102377,4315.212569346628,15.752915965971551,280.65608473382025,0.0979795897113264,12.785044750000004,28913.31106131353,40,Paper
38.3,0.22,25.0,6009.01,26.89,799.92,203074.6,19.8,0.7854560065102377,4315.212569346628,15.752915965971551,280.65608473382025,0.0979795897113264,12.785044750000004,28913.31106131353,40,Paper
38.3,0.22,25.0,6009.01,26.89,799.92,203074.6,19.8,0.7854560065102377,4315.212569346628,15.752915965971551,280.65608473382025,0.0979795897113264,12.785044750000004,28913.31106131353,40,Paper
38.4,0.22,25.0,5533.89,24.69,833.25,203332.1,19.8,0.7854560065102377,4315.212569346628,15.752915965971551,280.65608473382025,0.0979795897113264,12.785044750000004,28913.31106131353,40,Paper
38.4,0.22,25.0,5533.89,24.69,833.25,203332.1,19.8,0.7854560065102377,4315.212569346628,15.752915965971551,280.65608473382025,0.0979795897113264,12.785044750000004,28913.31106131353,40,Paper
47.9,-3.5,25.0,4239.64,19.59,799.92,141149.6,19.8,0.461013242282659,3023.961690702584,15.853860530238457,191.1736522778284,0.6554387843269576,1.6542289999999995,1864.1272243599703,50,Paper
47.9,-3.5,25.0,4239.64,19.59,799.92,141149.6,19.8,0.461013242282659,3023.961690702584,15.853860530238457,191.1736522778284,0.6554387843269576,1.6542289999999995,1864.1272243599703,50,Paper
47.9,-3.5,25.0,4239.64,19.59,799.92,141149.6,19.8,0.461013242282659,3023.961690702584,15.853860530238457,191.1736522778284,0.6554387843269576,1.6542289999999995,1864.1272243599703,50,Paper
47.1,-3.5,25.0,4340.04,20.18,788.81,142804.4,19.8,0.461013242282659,3023.961690702584,15.853860530238457,191.1736522778284,0.6554387843269576,1.6542289999999995,1864.1272243599703,50,Paper
47.1,-3.5,25.0,4340.04,20.18,788.81,142804.4,19.8,0.461013242282659,3023.961690702584,15.853860530238457,191.1736522778284,0.6554387843269576,1.6542289999999995,1864.1272243599703,50,Paper
47.1,-3.5,25.0,4340.04,20.18,788.81,142804.4,19.8,0.461013242282659,3023.961690702584,15.853860530238457,191.1736522778284,0.6554387843269576,1.6542289999999995,1864.1272243599703,50,Paper
47.1,-3.5,25.0,4340.04,20.18,788.81,142804.4,19.8,0.461013242282659,3023.961690702584,15.853860530238457,191.1736522778284,0.6554387843269576,1.6542289999999995,1864.1272243599703,50,Paper
47.1,-3.5,25.0,4340.04,20.18,788.81,142804.4,19.8,0.461013242282659,3023.961690702584,15.853860530238457,191.1736522778284,0.6554387843269576,1.6542289999999995,1864.1272243599703,50,Paper
46.4,-3.28,25.0,4800.42,22.43,711.04,142035.5,19.8,0.461013242282659,3023.961690702584,15.853860530238457,191.1736522778284,0.6554387843269576,1.6542289999999995,1864.1272243599703,50,Paper
46.4,-3.28,25.0,4800.42,22.43,711.04,142035.5,19.8,0.461013242282659,3023.961690702584,15.853860530238457,191.1736522778284,0.6554387843269576,1.6542289999999995,1864.1272243599703,50,Paper
46.4,-3.28,25.0,4800.42,22.43,711.04,142035.5,19.8,0.461013242282659,3023.961690702584,15.853860530238457,191.1736522778284,0.6554387843269576,1.6542289999999995,1864.1272243599703,50,Paper
46.4,-3.28,25.0,4800.42,22.43,711.04,142035.5,19.8,0.461013242282659,3023.961690702584,15.853860530238457,191.1736522778284,0.6554387843269576,1.6542289999999995,1864.1272243599703,50,Paper
46.4,-3.28,25.0,4800.42,22.43,711.04,142035.5,19.8,0.461013242282659,3023.961690702584,15.853860530238457,191.1736522778284,0.6554387843269576,1.6542289999999995,1864.1272243599703,50,Paper
46.4,-3.28,25.0,4800.42,22.43,711.04,142035.5,19.8,0.461013242282659,3023.961690702584,15.853860530238457,191.1736522778284,0.6554387843269576,1.6542289999999995,1864.1272243599703,50,Paper
46.0,-1.75,25.0,4784.8,22.47,699.93,139674.4,19.8,0.461013242282659,3023.961690702584,15.853860530238457,191.1736522778284,0.6554387843269576,1.6542289999999995,1864.1272243599703,50,Paper
46.0,-1.75,25.0,4784.8,22.47,699.93,139674.4,19.8,0.461013242282659,3023.961690702584,15.853860530238457,191.1736522778284,0.6554387843269576,1.6542289999999995,1864.1272243599703,50,Paper
46.0,-1.75,25.0,4784.8,22.47,699.93,139674.4,19.8,0.461013242282659,3023.961690702584,15.853860530238457,191.1736522778284,0.6554387843269576,1.6542289999999995,1864.1272243599703,50,Paper
46.0,-1.75,25.0,4784.8,22.47,699.93,139674.4,19.8,0.461013242282659,3023.961690702584,15.853860530238457,191.1736522778284,0.6554387843269576,1.6542289999999995,1864.1272243599703,50,Paper
46.0,-1.75,25.0,4784.8,22.47,699.93,139674.4,19.8,0.461013242282659,3023.961690702584,15.853860530238457,191.1736522778284,0.6554387843269576,1.6542289999999995,1864.1272243599703,50,Paper
46.0,0.0,25.0,4957.05,23.38,699.93,134807.8,19.8,0.461013242282659,3023.961690702584,15.853860530238457,191.1736522778284,0.6554387843269576,1.6542289999999995,1864.1272243599703,50,Paper
56.7,-2.19,25.0,2033.29,10.01,866.58,83327.8,19.8,0.1658678614899272,1510.376439501205,15.801382197506024,95.69389141483636,0.0217944947177021,0.2670847499999995,1629.4079788070237,60,Paper
56.7,-2.19,25.0,2033.29,10.01,866.58,83327.8,19.8,0.1658678614899272,1510.376439501205,15.801382197506024,95.69389141483636,0.0217944947177021,0.2670847499999995,1629.4079788070237,60,Paper
56.7,0.0,25.0,2037.92,10.04,866.58,87631.7,19.8,0.1658678614899272,1510.376439501205,15.801382197506024,95.69389141483636,0.0217944947177021,0.2670847499999995,1629.4079788070237,60,Paper
56.7,0.0,25.0,2037.92,10.04,866.58,87631.7,19.8,0.1658678614899272,1510.376439501205,15.801382197506024,95.69389141483636,0.0217944947177021,0.2670847499999995,1629.4079788070237,60,Paper
56.7,0.0,25.0,2037.92,10.04,866.58,87631.7,19.8,0.1658678614899272,1510.376439501205,15.801382197506024,95.69389141483636,0.0217944947177021,0.2670847499999995,1629.4079788070237,60,Paper
56.7,0.0,25.0,2037.92,10.04,866.58,87631.7,19.8,0.1658678614899272,1510.376439501205,15.801382197506024,95.69389141483636,0.0217944947177021,0.2670847499999995,1629.4079788070237,60,Paper
56.7,0.0,25.0,2037.92,10.04,866.58,87631.7,19.8,0.1658678614899272,1510.376439501205,15.801382197506024,95.69389141483636,0.0217944947177021,0.2670847499999995,1629.4079788070237,60,Paper
56.7,0.0,25.0,2037.92,10.04,866.58,87631.7,19.8,0.1658678614899272,1510.376439501205,15.801382197506024,95.69389141483636,0.0217944947177021,0.2670847499999995,1629.4079788070237,60,Paper
56.7,0.0,25.0,1842.82,9.09,888.8,83754.6,19.8,0.1658678614899272,1510.376439501205,15.801382197506024,95.69389141483636,0.0217944947177021,0.2670847499999995,1629.4079788070237,60,Paper
56.7,0.0,25.0,1842.82,9.09,888.8,83754.6,19.8,0.1658678614899272,1510.376439501205,15.801382197506024,95.69389141483636,0.0217944947177021,0.2670847499999995,1629.4079788070237,60,Paper
56.7,0.0,25.0,1842.82,9.09,888.8,83754.6,19.8,0.1658678614899272,1510.376439501205,15.801382197506024,95.69389141483636,0.0217944947177021,0.2670847499999995,1629.4079788070237,60,Paper
56.7,0.0,25.0,1842.82,9.09,888.8,83754.6,19.8,0.1658678614899272,1510.376439501205,15.801382197506024,95.69389141483636,0.0217944947177021,0.2670847499999995,1629.4079788070237,60,Paper
56.7,0.0,25.0,1842.82,9.09,888.8,83754.6,19.8,0.1658678614899272,1510.376439501205,15.801382197506024,95.69389141483636,0.0217944947177021,0.2670847499999995,1629.4079788070237,60,Paper
56.7,0.0,25.0,1802.12,8.9,933.24,85901.8,19.8,0.1658678614899272,1510.376439501205,15.801382197506024,95.69389141483636,0.0217944947177021,0.2670847499999995,1629.4079788070237,60,Paper
56.7,0.0,25.0,1802.12,8.9,933.24,85901.8,19.8,0.1658678614899272,1510.376439501205,15.801382197506024,95.69389141483636,0.0217944947177021,0.2670847499999995,1629.4079788070237,60,Paper
56.7,0.0,25.0,1802.12,8.9,933.24,85901.8,19.8,0.1658678614899272,1510.376439501205,15.801382197506024,95.69389141483636,0.0217944947177021,0.2670847499999995,1629.4079788070237,60,Paper
56.7,0.0,25.0,1802.12,8.9,933.24,85901.8,19.8,0.1658678614899272,1510.376439501205,15.801382197506024,95.69389141483636,0.0217944947177021,0.2670847499999995,1629.4079788070237,60,Paper
56.7,0.0,25.0,1802.12,8.9,933.24,85901.8,19.8,0.1658678614899272,1510.376439501205,15.801382197506024,95.69389141483636,0.0217944947177021,0.2670847499999995,1629.4079788070237,60,Paper
56.7,0.0,25.0,1802.12,8.9,933.24,85901.8,19.8,0.1658678614899272,1510.376439501205,15.801382197506024,95.69389141483636,0.0217944947177021,0.2670847499999995,1629.4079788070237,60,Paper
56.8,0.44,25.0,1823.21,9.0,944.35,86289.2,19.8,0.1658678614899272,1510.376439501205,15.801382197506024,95.69389141483636,0.0217944947177021,0.2670847499999995,1629.4079788070237,60,Paper
67.8,-1.53,25.0,3735.78,18.54,777.7,128797.5,19.8,0.2707542718832813,1768.4929673722218,11.22655942361971,157.96717376225416,0.3694252292413181,1.7409127500000003,5092.418956495529,70,Paper
67.8,-1.53,25.0,3735.78,18.54,777.7,128797.5,19.8,0.2707542718832813,1768.4929673722218,11.22655942361971,157.96717376225416,0.3694252292413181,1.7409127500000003,5092.418956495529,70,Paper
67.4,-1.53,25.0,3399.68,16.88,788.81,120096.7,19.8,0.2707542718832813,1768.4929673722218,11.22655942361971,157.96717376225416,0.3694252292413181,1.7409127500000003,5092.418956495529,70,Paper
67.4,-1.53,25.0,3399.68,16.88,788.81,120096.7,19.8,0.2707542718832813,1768.4929673722218,11.22655942361971,157.96717376225416,0.3694252292413181,1.7409127500000003,5092.418956495529,70,Paper
67.4,-1.53,25.0,3399.68,16.88,788.81,120096.7,19.8,0.2707542718832813,1768.4929673722218,11.22655942361971,157.96717376225416,0.3694252292413181,1.7409127500000003,5092.418956495529,70,Paper
67.4,-1.53,25.0,3399.68,16.88,788.81,120096.7,19.8,0.2707542718832813,1768.4929673722218,11.22655942361971,157.96717376225416,0.3694252292413181,1.7409127500000003,5092.418956495529,70,Paper
67.4,-1.53,25.0,3399.68,16.88,788.81,120096.7,19.8,0.2707542718832813,1768.4929673722218,11.22655942361971,157.96717376225416,0.3694252292413181,1.7409127500000003,5092.418956495529,70,Paper
67.1,-1.75,25.0,4028.83,20.0,699.93,120646.7,19.8,0.2707542718832813,1768.4929673722218,11.22655942361971,157.96717376225416,0.3694252292413181,1.7409127500000003,5092.418956495529,70,Paper
67.1,-1.75,25.0,4028.83,20.0,699.93,120646.7,19.8,0.2707542718832813,1768.4929673722218,11.22655942361971,157.96717376225416,0.3694252292413181,1.7409127500000003,5092.418956495529,70,Paper
67.1,-1.75,25.0,4028.83,20.0,699.93,120646.7,19.8,0.2707542718832813,1768.4929673722218,11.22655942361971,157.96717376225416,0.3694252292413181,1.7409127500000003,5092.418956495529,70,Paper
67.1,-1.75,25.0,4028.83,20.0,699.93,120646.7,19.8,0.2707542718832813,1768.4929673722218,11.22655942361971,157.96717376225416,0.3694252292413181,1.7409127500000003,5092.418956495529,70,Paper
67.1,-1.75,25.0,4028.83,20.0,699.93,120646.7,19.8,0.2707542718832813,1768.4929673722218,11.22655942361971,157.96717376225416,0.3694252292413181,1.7409127500000003,5092.418956495529,70,Paper
67.1,-1.75,25.0,4028.83,20.0,699.93,120646.7,19.8,0.2707542718832813,1768.4929673722218,11.22655942361971,157.96717376225416,0.3694252292413181,1.7409127500000003,5092.418956495529,70,Paper
66.7,-1.75,25.0,3580.34,17.75,766.59,114967.2,19.8,0.2707542718832813,1768.4929673722218,11.22655942361971,157.96717376225416,0.3694252292413181,1.7409127500000003,5092.418956495529,70,Paper
66.7,-1.75,25.0,3580.34,17.75,766.59,114967.2,19.8,0.2707542718832813,1768.4929673722218,11.22655942361971,157.96717376225416,0.3694252292413181,1.7409127500000003,5092.418956495529,70,Paper
66.7,-1.75,25.0,3580.34,17.75,766.59,114967.2,19.8,0.2707542718832813,1768.4929673722218,11.22655942361971,157.96717376225416,0.3694252292413181,1.7409127500000003,5092.418956495529,70,Paper
66.7,-1.75,25.0,3580.34,17.75,766.59,114967.2,19.8,0.2707542718832813,1768.4929673722218,11.22655942361971,157.96717376225416,0.3694252292413181,1.7409127500000003,5092.418956495529,70,Paper
66.7,-1.75,25.0,3580.34,17.75,766.59,114967.2,19.8,0.2707542718832813,1768.4929673722218,11.22655942361971,157.96717376225416,0.3694252292413181,1.7409127500000003,5092.418956495529,70,Paper
66.6,-0.22,25.0,3338.27,16.55,766.59,108390.2,19.8,0.2707542718832813,1768.4929673722218,11.22655942361971,157.96717376225416,0.3694252292413181,1.7409127500000003,5092.418956495529,70,Paper
66.6,-0.22,25.0,3338.27,16.55,766.59,108390.2,19.8,0.2707542718832813,1768.4929673722218,11.22655942361971,157.96717376225416,0.3694252292413181,1.7409127500000003,5092.418956495529,70,Paper
79.3,-0.44,25.0,8619.57,42.54,766.59,252602.7,19.8,0.4472446406052964,2814.7535308953347,9.73000630517024,289.48114003946984,1.4210854715202004e-14,26.810902749999997,22378.90821875534,80,Paper
79.3,-0.44,25.0,8619.57,42.54,766.59,252602.7,19.8,0.4472446406052964,2814.7535308953347,9.73000630517024,289.48114003946984,1.4210854715202004e-14,26.810902749999997,22378.90821875534,80,Paper
79.3,-0.44,25.0,8619.57,42.54,766.59,252602.7,19.8,0.4472446406052964,2814.7535308953347,9.73000630517024,289.48114003946984,1.4210854715202004e-14,26.810902749999997,22378.90821875534,80,Paper
79.3,-0.44,25.0,8619.57,42.54,766.59,252602.7,19.8,0.4472446406052964,2814.7535308953347,9.73000630517024,289.48114003946984,1.4210854715202004e-14,26.810902749999997,22378.90821875534,80,Paper
79.3,-0.44,25.0,8619.57,42.54,766.59,252602.7,19.8,0.4472446406052964,2814.7535308953347,9.73000630517024,289.48114003946984,1.4210854715202004e-14,26.810902749999997,22378.90821875534,80,Paper
79.3,0.0,25.0,7532.14,37.14,766.59,230989.1,19.8,0.4472446406052964,2814.7535308953347,9.73000630517024,289.48114003946984,1.4210854715202004e-14,26.810902749999997,22378.90821875534,80,Paper
79.3,0.0,25.0,7532.14,37.14,766.59,230989.1,19.8,0.4472446406052964,2814.7535308953347,9.73000630517024,289.48114003946984,1.4210854715202004e-14,26.810902749999997,22378.90821875534,80,Paper
79.3,0.0,25.0,7532.14,37.14,766.59,230989.1,19.8,0.4472446406052964,2814.7535308953347,9.73000630517024,289.48114003946984,1.4210854715202004e-14,26.810902749999997,22378.90821875534,80,Paper
79.3,0.0,25.0,7532.14,37.14,766.59,230989.1,19.8,0.4472446406052964,2814.7535308953347,9.73000630517024,289.48114003946984,1.4210854715202004e-14,26.810902749999997,22378.90821875534,80,Paper
79.3,0.0,25.0,7532.14,37.14,766.59,230989.1,19.8,0.4472446406052964,2814.7535308953347,9.73000630517024,289.48114003946984,1.4210854715202004e-14,26.810902749999997,22378.90821875534,80,Paper
79.3,0.0,25.0,7532.14,37.14,766.59,230989.1,19.8,0.4472446406052964,2814.7535308953347,9.73000630517024,289.48114003946984,1.4210854715202004e-14,26.810902749999997,22378.90821875534,80,Paper
79.3,0.0,25.0,6557.84,32.31,777.7,211881.0,19.8,0.4472446406052964,2814.7535308953347,9.73000630517024,289.48114003946984,1.4210854715202004e-14,26.810902749999997,22378.90821875534,80,Paper
79.3,0.0,25.0,6557.84,32.31,777.7,211881.0,19.8,0.4472446406052964,2814.7535308953347,9.73000630517024,289.48114003946984,1.4210854715202004e-14,26.810902749999997,22378.90821875534,80,Paper
79.3,0.0,25.0,6557.84,32.31,777.7,211881.0,19.8,0.4472446406052964,2814.7535308953347,9.73000630517024,289.48114003946984,1.4210854715202004e-14,26.810902749999997,22378.90821875534,80,Paper
79.3,0.0,25.0,6557.84,32.31,777.7,211881.0,19.8,0.4472446406052964,2814.7535308953347,9.73000630517024,289.48114003946984,1.4210854715202004e-14,26.810902749999997,22378.90821875534,80,Paper
79.3,0.0,25.0,6557.84,32.31,777.7,211881.0,19.8,0.4472446406052964,2814.7535308953347,9.73000630517024,289.48114003946984,1.4210854715202004e-14,26.810902749999997,22378.90821875534,80,Paper
79.3,0.0,25.0,5698.35,28.06,777.7,188961.5,19.8,0.4472446406052964,2814.7535308953347,9.73000630517024,289.48114003946984,1.4210854715202004e-14,26.810902749999997,22378.90821875534,80,Paper
79.3,0.0,25.0,5698.35,28.06,777.7,188961.5,19.8,0.4472446406052964,2814.7535308953347,9.73000630517024,289.48114003946984,1.4210854715202004e-14,26.810902749999997,22378.90821875534,80,Paper
79.3,0.0,25.0,5698.35,28.06,777.7,188961.5,19.8,0.4472446406052964,2814.7535308953347,9.73000630517024,289.48114003946984,1.4210854715202004e-14,26.810902749999997,22378.90821875534,80,Paper
79.3,0.0,25.0,5698.35,28.06,777.7,188961.5,19.8,0.4472446406052964,2814.7535308953347,9.73000630517024,289.48114003946984,1.4210854715202004e-14,26.810902749999997,22378.90821875534,80,Paper
89.2,0.44,25.0,8419.57,41.45,944.35,336469.8,19.8,0.5061414645168161,3854.490890989826,10.147506834602112,389.25280062342426,0.1235920709430814,19.37960275000001,42072.83210282379,90,Paper
89.2,0.44,25.0,8419.57,41.45,944.35,336469.8,19.8,0.5061414645168161,3854.490890989826,10.147506834602112,389.25280062342426,0.1235920709430814,19.37960275000001,42072.83210282379,90,Paper
89.5,1.31,25.0,8170.1,40.28,988.79,353163.0,19.8,0.5061414645168161,3854.490890989826,10.147506834602112,389.25280062342426,0.1235920709430814,19.37960275000001,42072.83210282379,90,Paper
89.5,1.31,25.0,8170.1,40.28,988.79,353163.0,19.8,0.5061414645168161,3854.490890989826,10.147506834602112,389.25280062342426,0.1235920709430814,19.37960275000001,42072.83210282379,90,Paper
89.5,1.31,25.0,8170.1,40.28,988.79,353163.0,19.8,0.5061414645168161,3854.490890989826,10.147506834602112,389.25280062342426,0.1235920709430814,19.37960275000001,42072.83210282379,90,Paper
89.5,1.31,25.0,8170.1,40.28,988.79,353163.0,19.8,0.5061414645168161,3854.490890989826,10.147506834602112,389.25280062342426,0.1235920709430814,19.37960275000001,42072.83210282379,90,Paper
89.5,1.31,25.0,8170.1,40.28,988.79,353163.0,19.8,0.5061414645168161,3854.490890989826,10.147506834602112,389.25280062342426,0.1235920709430814,19.37960275000001,42072.83210282379,90,Paper
89.5,0.0,25.0,9052.92,44.65,955.46,358974.9,19.8,0.5061414645168161,3854.490890989826,10.147506834602112,389.25280062342426,0.1235920709430814,19.37960275000001,42072.83210282379,90,Paper
89.5,0.0,25.0,9052.92,44.65,955.46,358974.9,19.8,0.5061414645168161,3854.490890989826,10.147506834602112,389.25280062342426,0.1235920709430814,19.37960275000001,42072.83210282379,90,Paper
89.5,0.0,25.0,9052.92,44.65,955.46,358974.9,19.8,0.5061414645168161,3854.490890989826,10.147506834602112,389.25280062342426,0.1235920709430814,19.37960275000001,42072.83210282379,90,Paper
89.5,0.0,25.0,9052.92,44.65,955.46,358974.9,19.8,0.5061414645168161,3854.490890989826,10.147506834602112,389.25280062342426,0.1235920709430814,19.37960275000001,42072.83210282379,90,Paper
89.5,0.0,25.0,9052.92,44.65,955.46,358974.9,19.8,0.5061414645168161,3854.490890989826,10.147506834602112,389.25280062342426,0.1235920709430814,19.37960275000001,42072.83210282379,90,Paper
89.5,0.0,25.0,9052.92,44.65,955.46,358974.9,19.8,0.5061414645168161,3854.490890989826,10.147506834602112,389.25280062342426,0.1235920709430814,19.37960275000001,42072.83210282379,90,Paper
89.6,0.22,25.0,9966.12,49.17,955.46,372511.8,19.8,0.5061414645168161,3854.490890989826,10.147506834602112,389.25280062342426,0.1235920709430814,19.37960275000001,42072.83210282379,90,Paper
89.6,0.22,25.0,9966.12,49.17,955.46,372511.8,19.8,0.5061414645168161,3854.490890989826,10.147506834602112,389.25280062342426,0.1235920709430814,19.37960275000001,42072.83210282379,90,Paper
89.6,0.22,25.0,9966.12,49.17,955.46,372511.8,19.8,0.5061414645168161,3854.490890989826,10.147506834602112,389.25280062342426,0.1235920709430814,19.37960275000001,42072.83210282379,90,Paper
89.6,0.22,25.0,9966.12,49.17,955.46,372511.8,19.8,0.5061414645168161,3854.490890989826,10.147506834602112,389.25280062342426,0.1235920709430814,19.37960275000001,42072.83210282379,90,Paper
89.6,0.22,25.0,9966.12,49.17,955.46,372511.8,19.8,0.5061414645168161,3854.490890989826,10.147506834602112,389.25280062342426,0.1235920709430814,19.37960275000001,42072.83210282379,90,Paper
89.7,0.87,25.0,10952.33,54.09,411.07,222591.9,19.8,0.5061414645168161,3854.490890989826,10.147506834602112,389.25280062342426,0.1235920709430814,19.37960275000001,42072.83210282379,90,Paper
89.7,0.87,25.0,10952.33,54.09,411.07,222591.9,19.8,0.5061414645168161,3854.490890989826,10.147506834602112,389.25280062342426,0.1235920709430814,19.37960275000001,42072.83210282379,90,Paper
97.3,-4.15,25.0,1149.09,5.68,1399.86,91819.9,19.8,0.0551129658165445,862.3872602819671,14.387682124914384,60.02396079188524,0.6177378084592172,0.0415349999999999,4375.479840003261,100,Paper
97.3,-4.15,25.0,1149.09,5.68,1399.86,91819.9,19.8,0.0551129658165445,862.3872602819671,14.387682124914384,60.02396079188524,0.6177378084592172,0.0415349999999999,4375.479840003261,100,Paper
97.3,-4.15,25.0,1149.09,5.68,1399.86,91819.9,19.8,0.0551129658165445,862.3872602819671,14.387682124914384,60.02396079188524,0.6177378084592172,0.0415349999999999,4375.479840003261,100,Paper
97.3,0.0,25.0,1075.59,5.31,1433.19,85342.9,19.8,0.0551129658165445,862.3872602819671,14.387682124914384,60.02396079188524,0.6177378084592172,0.0415349999999999,4375.479840003261,100,Paper
97.3,0.0,25.0,1075.59,5.31,1433.19,85342.9,19.8,0.0551129658165445,862.3872602819671,14.387682124914384,60.02396079188524,0.6177378084592172,0.0415349999999999,4375.479840003261,100,Paper
97.3,0.0,25.0,1075.59,5.31,1433.19,85342.9,19.8,0.0551129658165445,862.3872602819671,14.387682124914384,60.02396079188524,0.6177378084592172,0.0415349999999999,4375.479840003261,100,Paper
97.3,0.0,25.0,1075.59,5.31,1433.19,85342.9,19.8,0.0551129658165445,862.3872602819671,14.387682124914384,60.02396079188524,0.6177378084592172,0.0415349999999999,4375.479840003261,100,Paper
97.3,0.0,25.0,1075.59,5.31,1433.19,85342.9,19.8,0.0551129658165445,862.3872602819671,14.387682124914384,60.02396079188524,0.6177378084592172,0.0415349999999999,4375.479840003261,100,Paper
96.5,-3.71,25.0,1031.42,5.09,1455.41,82156.4,19.8,0.0551129658165445,862.3872602819671,14.387682124914384,60.02396079188524,0.6177378084592172,0.0415349999999999,4375.479840003261,100,Paper
96.5,-3.71,25.0,1031.42,5.09,1455.41,82156.4,19.8,0.0551129658165445,862.3872602819671,14.387682124914384,60.02396079188524,0.6177378084592172,0.0415349999999999,4375.479840003261,100,Paper
96.5,-3.71,25.0,1031.42,5.09,1455.41,82156.4,19.8,0.0551129658165445,862.3872602819671,14.387682124914384,60.02396079188524,0.6177378084592172,0.0415349999999999,4375.479840003261,100,Paper
96.5,-3.71,25.0,1031.42,5.09,1455.41,82156.4,19.8,0.0551129658165445,862.3872602819671,14.387682124914384,60.02396079188524,0.6177378084592172,0.0415349999999999,4375.479840003261,100,Paper
96.5,-3.71,25.0,1031.42,5.09,1455.41,82156.4,19.8,0.0551129658165445,862.3872602819671,14.387682124914384,60.02396079188524,0.6177378084592172,0.0415349999999999,4375.479840003261,100,Paper
96.5,-3.71,25.0,1031.42,5.09,1455.41,82156.4,19.8,0.0551129658165445,862.3872602819671,14.387682124914384,60.02396079188524,0.6177378084592172,0.0415349999999999,4375.479840003261,100,Paper
95.9,-2.4,25.0,1081.47,5.34,1299.87,79069.6,19.8,0.0551129658165445,862.3872602819671,14.387682124914384,60.02396079188524,0.6177378084592172,0.0415349999999999,4375.479840003261,100,Paper
95.9,-2.4,25.0,1081.47,5.34,1299.87,79069.6,19.8,0.0551129658165445,862.3872602819671,14.387682124914384,60.02396079188524,0.6177378084592172,0.0415349999999999,4375.479840003261,100,Paper
95.9,-2.4,25.0,1081.47,5.34,1299.87,79069.6,19.8,0.0551129658165445,862.3872602819671,14.387682124914384,60.02396079188524,0.6177378084592172,0.0415349999999999,4375.479840003261,100,Paper
95.9,-2.4,25.0,1081.47,5.34,1299.87,79069.6,19.8,0.0551129658165445,862.3872602819671,14.387682124914384,60.02396079188524,0.6177378084592172,0.0415349999999999,4375.479840003261,100,Paper
95.9,-2.4,25.0,1081.47,5.34,1299.87,79069.6,19.8,0.0551129658165445,862.3872602819671,14.387682124914384,60.02396079188524,0.6177378084592172,0.0415349999999999,4375.479840003261,100,Paper
95.5,-1.97,25.0,1147.81,5.67,1210.99,76446.1,19.8,0.0551129658165445,862.3872602819671,14.387682124914384,60.02396079188524,0.6177378084592172,0.0415349999999999,4375.479840003261,100,Paper
108.9,1.31,25.0,4961.07,24.62,866.58,199796.2,19.8,0.1809555226998929,1582.751350873203,8.293245621351124,191.4475728358954,0.0399999999999977,8.17811475,17716.39133289,110,Paper
108.9,1.31,25.0,4961.07,24.62,866.58,199796.2,19.8,0.1809555226998929,1582.751350873203,8.293245621351124,191.4475728358954,0.0399999999999977,8.17811475,17716.39133289,110,Paper
109.0,0.44,25.0,4533.44,22.52,877.69,190403.9,19.8,0.1809555226998929,1582.751350873203,8.293245621351124,191.4475728358954,0.0399999999999977,8.17811475,17716.39133289,110,Paper
109.0,0.44,25.0,4533.44,22.52,877.69,190403.9,19.8,0.1809555226998929,1582.751350873203,8.293245621351124,191.4475728358954,0.0399999999999977,8.17811475,17716.39133289,110,Paper
109.0,0.44,25.0,4533.44,22.52,877.69,190403.9,19.8,0.1809555226998929,1582.751350873203,8.293245621351124,191.4475728358954,0.0399999999999977,8.17811475,17716.39133289,110,Paper
109.0,0.44,25.0,4533.44,22.52,877.69,190403.9,19.8,0.1809555226998929,1582.751350873203,8.293245621351124,191.4475728358954,0.0399999999999977,8.17811475,17716.39133289,110,Paper
109.0,0.44,25.0,4533.44,22.52,877.69,190403.9,19.8,0.1809555226998929,1582.751350873203,8.293245621351124,191.4475728358954,0.0399999999999977,8.17811475,17716.39133289,110,Paper
109.0,-0.22,25.0,3966.39,19.67,911.02,173937.5,19.8,0.1809555226998929,1582.751350873203,8.293245621351124,191.4475728358954,0.0399999999999977,8.17811475,17716.39133289,110,Paper
109.0,-0.22,25.0,3966.39,19.67,911.02,173937.5,19.8,0.1809555226998929,1582.751350873203,8.293245621351124,191.4475728358954,0.0399999999999977,8.17811475,17716.39133289,110,Paper
109.0,-0.22,25.0,3966.39,19.67,911.02,173937.5,19.8,0.1809555226998929,1582.751350873203,8.293245621351124,191.4475728358954,0.0399999999999977,8.17811475,17716.39133289,110,Paper
109.0,-0.22,25.0,3966.39,19.67,911.02,173937.5,19.8,0.1809555226998929,1582.751350873203,8.293245621351124,191.4475728358954,0.0399999999999977,8.17811475,17716.39133289,110,Paper
109.0,-0.22,25.0,3966.39,19.67,911.02,173937.5,19.8,0.1809555226998929,1582.751350873203,8.293245621351124,191.4475728358954,0.0399999999999977,8.17811475,17716.39133289,110,Paper
109.0,0.0,25.0,3493.93,17.32,922.13,157117.5,19.8,0.1809555226998929,1582.751350873203,8.293245621351124,191.4475728358954,0.0399999999999977,8.17811475,17716.39133289,110,Paper
109.0,0.0,25.0,3493.93,17.32,922.13,157117.5,19.8,0.1809555226998929,1582.751350873203,8.293245621351124,191.4475728358954,0.0399999999999977,8.17811475,17716.39133289,110,Paper
109.0,0.0,25.0,3493.93,17.32,922.13,157117.5,19.8,0.1809555226998929,1582.751350873203,8.293245621351124,191.4475728358954,0.0399999999999977,8.17811475,17716.39133289,110,Paper
109.0,0.0,25.0,3493.93,17.32,922.13,157117.5,19.8,0.1809555226998929,1582.751350873203,8.293245621351124,191.4475728358954,0.0399999999999977,8.17811475,17716.39133289,110,Paper
109.0,0.0,25.0,3493.93,17.32,922.13,157117.5,19.8,0.1809555226998929,1582.751350873203,8.293245621351124,191.4475728358954,0.0399999999999977,8.17811475,17716.39133289,110,Paper
109.0,0.0,25.0,3493.93,17.32,922.13,157117.5,19.8,0.1809555226998929,1582.751350873203,8.293245621351124,191.4475728358954,0.0399999999999977,8.17811475,17716.39133289,110,Paper
108.9,-0.44,25.0,3063.09,15.15,933.24,142882.1,19.8,0.1809555226998929,1582.751350873203,8.293245621351124,191.4475728358954,0.0399999999999977,8.17811475,17716.39133289,110,Paper
108.9,-0.44,25.0,3063.09,15.15,933.24,142882.1,19.8,0.1809555226998929,1582.751350873203,8.293245621351124,191.4475728358954,0.0399999999999977,8.17811475,17716.39133289,110,Paper
121.4,0.22,25.0,1847.26,9.19,1255.43,110118.0,19.8,0.0769879466086447,874.3450839642046,9.553416202900188,91.56794069691844,0.234307490277201,0.1709147499999997,5289.533047008971,120,Paper
121.4,0.22,25.0,1945.44,9.69,1233.21,111171.2,19.8,0.0769879466086447,874.3450839642046,9.553416202900188,91.56794069691844,0.234307490277201,0.1709147499999997,5289.533047008971,120,Paper
121.4,0.22,25.0,1945.44,9.69,1233.21,111171.2,19.8,0.0769879466086447,874.3450839642046,9.553416202900188,91.56794069691844,0.234307490277201,0.1709147499999997,5289.533047008971,120,Paper
121.4,0.22,25.0,1945.44,9.69,1233.21,111171.2,19.8,0.0769879466086447,874.3450839642046,9.553416202900188,91.56794069691844,0.234307490277201,0.1709147499999997,5289.533047008971,120,Paper
121.4,0.22,25.0,1945.44,9.69,1233.21,111171.2,19.8,0.0769879466086447,874.3450839642046,9.553416202900188,91.56794069691844,0.234307490277201,0.1709147499999997,5289.533047008971,120,Paper
121.4,0.22,25.0,1945.44,9.69,1233.21,111171.2,19.8,0.0769879466086447,874.3450839642046,9.553416202900188,91.56794069691844,0.234307490277201,0.1709147499999997,5289.533047008971,120,Paper
121.2,-1.09,25.0,1889.41,9.42,1144.33,107176.9,19.8,0.0769879466086447,874.3450839642046,9.553416202900188,91.56794069691844,0.234307490277201,0.1709147499999997,5289.533047008971,120,Paper
121.2,-1.09,25.0,1889.41,9.42,1144.33,107176.9,19.8,0.0769879466086447,874.3450839642046,9.553416202900188,91.56794069691844,0.234307490277201,0.1709147499999997,5289.533047008971,120,Paper
121.2,-1.09,25.0,1889.41,9.42,1144.33,107176.9,19.8,0.0769879466086447,874.3450839642046,9.553416202900188,91.56794069691844,0.234307490277201,0.1709147499999997,5289.533047008971,120,Paper
121.2,-1.09,25.0,1889.41,9.42,1144.33,107176.9,19.8,0.0769879466086447,874.3450839642046,9.553416202900188,91.56794069691844,0.234307490277201,0.1709147499999997,5289.533047008971,120,Paper
121.2,-1.09,25.0,1889.41,9.42,1144.33,107176.9,19.8,0.0769879466086447,874.3450839642046,9.553416202900188,91.56794069691844,0.234307490277201,0.1709147499999997,5289.533047008971,120,Paper
120.9,-1.31,25.0,1886.75,9.43,1111.0,105467.5,19.8,0.0769879466086447,874.3450839642046,9.553416202900188,91.56794069691844,0.234307490277201,0.1709147499999997,5289.533047008971,120,Paper
120.9,-1.31,25.0,1886.75,9.43,1111.0,105467.5,19.8,0.0769879466086447,874.3450839642046,9.553416202900188,91.56794069691844,0.234307490277201,0.1709147499999997,5289.533047008971,120,Paper
120.9,-1.31,25.0,1886.75,9.43,1111.0,105467.5,19.8,0.0769879466086447,874.3450839642046,9.553416202900188,91.56794069691844,0.234307490277201,0.1709147499999997,5289.533047008971,120,Paper
120.9,-1.31,25.0,1886.75,9.43,1111.0,105467.5,19.8,0.0769879466086447,874.3450839642046,9.553416202900188,91.56794069691844,0.234307490277201,0.1709147499999997,5289.533047008971,120,Paper
120.9,-1.31,25.0,1886.75,9.43,1111.0,105467.5,19.8,0.0769879466086447,874.3450839642046,9.553416202900188,91.56794069691844,0.234307490277201,0.1709147499999997,5289.533047008971,120,Paper
120.9,-1.31,25.0,1886.75,9.43,1111.0,105467.5,19.8,0.0769879466086447,874.3450839642046,9.553416202900188,91.56794069691844,0.234307490277201,0.1709147499999997,5289.533047008971,120,Paper
120.8,-0.43,25.0,1676.64,8.39,1111.0,94445.9,19.8,0.0769879466086447,874.3450839642046,9.553416202900188,91.56794069691844,0.234307490277201,0.1709147499999997,5289.533047008971,120,Paper
120.8,-0.43,25.0,1676.64,8.39,1111.0,94445.9,19.8,0.0769879466086447,874.3450839642046,9.553416202900188,91.56794069691844,0.234307490277201,0.1709147499999997,5289.533047008971,120,Paper
120.8,-0.43,25.0,1676.64,8.39,1111.0,94445.9,19.8,0.0769879466086447,874.3450839642046,9.553416202900188,91.56794069691844,0.234307490277201,0.1709147499999997,5289.533047008971,120,Paper
126.8,-1.75,25.0,1224.78,5.99,1222.1,71019.0,19.8,0.0442467955117198,587.5210263347042,10.893726989577925,54.08697698522495,0.1599999999999966,0.050711,2009.6909188417485,130,Paper
126.8,-1.75,25.0,1224.78,5.99,1222.1,71019.0,19.8,0.0442467955117198,587.5210263347042,10.893726989577925,54.08697698522495,0.1599999999999966,0.050711,2009.6909188417485,130,Paper
126.8,-1.75,25.0,1224.78,5.99,1222.1,71019.0,19.8,0.0442467955117198,587.5210263347042,10.893726989577925,54.08697698522495,0.1599999999999966,0.050711,2009.6909188417485,130,Paper
126.8,-1.75,25.0,1224.78,5.99,1222.1,71019.0,19.8,0.0442467955117198,587.5210263347042,10.893726989577925,54.08697698522495,0.1599999999999966,0.050711,2009.6909188417485,130,Paper
126.8,-1.75,25.0,1224.78,5.99,1222.1,71019.0,19.8,0.0442467955117198,587.5210263347042,10.893726989577925,54.08697698522495,0.1599999999999966,0.050711,2009.6909188417485,130,Paper
126.8,0.0,25.0,1107.35,5.41,1433.19,76034.9,19.8,0.0442467955117198,587.5210263347042,10.893726989577925,54.08697698522495,0.1599999999999966,0.050711,2009.6909188417485,130,Paper
126.8,0.0,25.0,1107.35,5.41,1433.19,76034.9,19.8,0.0442467955117198,587.5210263347042,10.893726989577925,54.08697698522495,0.1599999999999966,0.050711,2009.6909188417485,130,Paper
126.8,0.0,25.0,1107.35,5.41,1433.19,76034.9,19.8,0.0442467955117198,587.5210263347042,10.893726989577925,54.08697698522495,0.1599999999999966,0.050711,2009.6909188417485,130,Paper
126.8,0.0,25.0,1107.35,5.41,1433.19,76034.9,19.8,0.0442467955117198,587.5210263347042,10.893726989577925,54.08697698522495,0.1599999999999966,0.050711,2009.6909188417485,130,Paper
126.8,0.0,25.0,1107.35,5.41,1433.19,76034.9,19.8,0.0442467955117198,587.5210263347042,10.893726989577925,54.08697698522495,0.1599999999999966,0.050711,2009.6909188417485,130,Paper
126.8,0.0,25.0,1126.33,5.51,1433.19,75608.9,19.8,0.0442467955117198,587.5210263347042,10.893726989577925,54.08697698522495,0.1599999999999966,0.050711,2009.6909188417485,130,Paper
126.8,0.0,25.0,1126.33,5.51,1433.19,75608.9,19.8,0.0442467955117198,587.5210263347042,10.893726989577925,54.08697698522495,0.1599999999999966,0.050711,2009.6909188417485,130,Paper
126.8,0.0,25.0,1126.33,5.51,1433.19,75608.9,19.8,0.0442467955117198,587.5210263347042,10.893726989577925,54.08697698522495,0.1599999999999966,0.050711,2009.6909188417485,130,Paper
126.8,0.0,25.0,1126.33,5.51,1433.19,75608.9,19.8,0.0442467955117198,587.5210263347042,10.893726989577925,54.08697698522495,0.1599999999999966,0.050711,2009.6909188417485,130,Paper
126.8,0.0,25.0,1126.33,5.51,1433.19,75608.9,19.8,0.0442467955117198,587.5210263347042,10.893726989577925,54.08697698522495,0.1599999999999966,0.050711,2009.6909188417485,130,Paper
126.8,0.0,25.0,1126.33,5.51,1433.19,75608.9,19.8,0.0442467955117198,587.5210263347042,10.893726989577925,54.08697698522495,0.1599999999999966,0.050711,2009.6909188417485,130,Paper
126.4,-1.53,25.0,1128.04,5.52,1433.19,75020.2,19.8,0.0442467955117198,587.5210263347042,10.893726989577925,54.08697698522495,0.1599999999999966,0.050711,2009.6909188417485,130,Paper
126.4,-1.53,25.0,1128.04,5.52,1433.19,75020.2,19.8,0.0442467955117198,587.5210263347042,10.893726989577925,54.08697698522495,0.1599999999999966,0.050711,2009.6909188417485,130,Paper
126.4,-1.53,25.0,1128.04,5.52,1433.19,75020.2,19.8,0.0442467955117198,587.5210263347042,10.893726989577925,54.08697698522495,0.1599999999999966,0.050711,2009.6909188417485,130,Paper
126.4,-1.53,25.0,1128.04,5.52,1433.19,75020.2,19.8,0.0442467955117198,587.5210263347042,10.893726989577925,54.08697698522495,0.1599999999999966,0.050711,2009.6909188417485,130,Paper
136.4,-0.22,25.0,912.36,4.48,866.58,37265.6,19.8,0.0323277126099706,294.17034457478,6.744193548387097,43.626841015559606,2.8421709430404014e-14,0.03073475,2067.123796310953,140,Paper
136.4,-0.22,25.0,912.36,4.48,866.58,37265.6,19.8,0.0323277126099706,294.17034457478,6.744193548387097,43.626841015559606,2.8421709430404014e-14,0.03073475,2067.123796310953,140,Paper
136.4,-0.22,25.0,912.36,4.48,866.58,37265.6,19.8,0.0323277126099706,294.17034457478,6.744193548387097,43.626841015559606,2.8421709430404014e-14,0.03073475,2067.123796310953,140,Paper
136.4,-0.22,25.0,912.36,4.48,866.58,37265.6,19.8,0.0323277126099706,294.17034457478,6.744193548387097,43.626841015559606,2.8421709430404014e-14,0.03073475,2067.123796310953,140,Paper
136.4,0.0,25.0,880.37,4.32,911.02,39058.4,19.8,0.0323277126099706,294.17034457478,6.744193548387097,43.626841015559606,2.8421709430404014e-14,0.03073475,2067.123796310953,140,Paper
136.4,0.0,25.0,880.37,4.32,911.02,39058.4,19.8,0.0323277126099706,294.17034457478,6.744193548387097,43.626841015559606,2.8421709430404014e-14,0.03073475,2067.123796310953,140,Paper
136.4,0.0,25.0,880.37,4.32,911.02,39058.4,19.8,0.0323277126099706,294.17034457478,6.744193548387097,43.626841015559606,2.8421709430404014e-14,0.03073475,2067.123796310953,140,Paper
136.4,0.0,25.0,880.37,4.32,911.02,39058.4,19.8,0.0323277126099706,294.17034457478,6.744193548387097,43.626841015559606,2.8421709430404014e-14,0.03073475,2067.123796310953,140,Paper
136.4,0.0,25.0,880.37,4.32,911.02,39058.4,19.8,0.0323277126099706,294.17034457478,6.744193548387097,43.626841015559606,2.8421709430404014e-14,0.03073475,2067.123796310953,140,Paper
136.4,0.0,25.0,953.51,4.67,888.8,40117.5,19.8,0.0323277126099706,294.17034457478,6.744193548387097,43.626841015559606,2.8421709430404014e-14,0.03073475,2067.123796310953,140,Paper
136.4,0.0,25.0,953.51,4.67,888.8,40117.5,19.8,0.0323277126099706,294.17034457478,6.744193548387097,43.626841015559606,2.8421709430404014e-14,0.03073475,2067.123796310953,140,Paper
136.4,0.0,25.0,953.51,4.67,888.8,40117.5,19.8,0.0323277126099706,294.17034457478,6.744193548387097,43.626841015559606,2.8421709430404014e-14,0.03073475,2067.123796310953,140,Paper
136.4,0.0,25.0,953.51,4.67,888.8,40117.5,19.8,0.0323277126099706,294.17034457478,6.744193548387097,43.626841015559606,2.8421709430404014e-14,0.03073475,2067.123796310953,140,Paper
136.4,0.0,25.0,953.51,4.67,888.8,40117.5,19.8,0.0323277126099706,294.17034457478,6.744193548387097,43.626841015559606,2.8421709430404014e-14,0.03073475,2067.123796310953,140,Paper
136.4,0.0,25.0,861.03,4.22,988.79,42925.8,19.8,0.0323277126099706,294.17034457478,6.744193548387097,43.626841015559606,2.8421709430404014e-14,0.03073475,2067.123796310953,140,Paper
136.4,0.0,25.0,861.03,4.22,988.79,42925.8,19.8,0.0323277126099706,294.17034457478,6.744193548387097,43.626841015559606,2.8421709430404014e-14,0.03073475,2067.123796310953,140,Paper
136.4,0.0,25.0,861.03,4.22,988.79,42925.8,19.8,0.0323277126099706,294.17034457478,6.744193548387097,43.626841015559606,2.8421709430404014e-14,0.03073475,2067.123796310953,140,Paper
136.4,0.0,25.0,861.03,4.22,988.79,42925.8,19.8,0.0323277126099706,294.17034457478,6.744193548387097,43.626841015559606,2.8421709430404014e-14,0.03073475,2067.123796310953,140,Paper
136.4,0.0,25.0,861.03,4.22,988.79,42925.8,19.8,0.0323277126099706,294.17034457478,6.744193548387097,43.626841015559606,2.8421709430404014e-14,0.03073475,2067.123796310953,140,Paper
136.4,0.0,25.0,861.03,4.22,988.79,42925.8,19.8,0.0323277126099706,294.17034457478,6.744193548387097,43.626841015559606,2.8421709430404014e-14,0.03073475,2067.123796310953,140,Paper
146.5,0.44,25.0,795.83,3.95,1699.83,52813.5,19.8,0.0286812641359578,315.6428894395743,9.232913348473556,34.533129303161694,0.129903810567668,0.0221747499999999,4230.820273951022,150,Paper
146.5,0.44,25.0,795.83,3.95,1699.83,52813.5,19.8,0.0286812641359578,315.6428894395743,9.232913348473556,34.533129303161694,0.129903810567668,0.0221747499999999,4230.820273951022,150,Paper
146.5,0.44,25.0,795.83,3.95,1699.83,52813.5,19.8,0.0286812641359578,315.6428894395743,9.232913348473556,34.533129303161694,0.129903810567668,0.0221747499999999,4230.820273951022,150,Paper
146.5,0.44,25.0,795.83,3.95,1699.83,52813.5,19.8,0.0286812641359578,315.6428894395743,9.232913348473556,34.533129303161694,0.129903810567668,0.0221747499999999,4230.820273951022,150,Paper
146.5,0.22,25.0,840.54,4.16,1222.1,43303.6,19.8,0.0286812641359578,315.6428894395743,9.232913348473556,34.533129303161694,0.129903810567668,0.0221747499999999,4230.820273951022,150,Paper
146.5,0.22,25.0,840.54,4.16,1222.1,43303.6,19.8,0.0286812641359578,315.6428894395743,9.232913348473556,34.533129303161694,0.129903810567668,0.0221747499999999,4230.820273951022,150,Paper
146.5,0.22,25.0,840.54,4.16,1222.1,43303.6,19.8,0.0286812641359578,315.6428894395743,9.232913348473556,34.533129303161694,0.129903810567668,0.0221747499999999,4230.820273951022,150,Paper
146.5,0.22,25.0,840.54,4.16,1222.1,43303.6,19.8,0.0286812641359578,315.6428894395743,9.232913348473556,34.533129303161694,0.129903810567668,0.0221747499999999,4230.820273951022,150,Paper
146.5,0.22,25.0,840.54,4.16,1222.1,43303.6,19.8,0.0286812641359578,315.6428894395743,9.232913348473556,34.533129303161694,0.129903810567668,0.0221747499999999,4230.820273951022,150,Paper
146.5,0.22,25.0,840.54,4.16,1222.1,43303.6,19.8,0.0286812641359578,315.6428894395743,9.232913348473556,34.533129303161694,0.129903810567668,0.0221747499999999,4230.820273951022,150,Paper
146.7,0.66,25.0,873.86,4.32,1122.11,41886.8,19.8,0.0286812641359578,315.6428894395743,9.232913348473556,34.533129303161694,0.129903810567668,0.0221747499999999,4230.820273951022,150,Paper
146.7,0.66,25.0,873.86,4.32,1122.11,41886.8,19.8,0.0286812641359578,315.6428894395743,9.232913348473556,34.533129303161694,0.129903810567668,0.0221747499999999,4230.820273951022,150,Paper
146.7,0.66,25.0,873.86,4.32,1122.11,41886.8,19.8,0.0286812641359578,315.6428894395743,9.232913348473556,34.533129303161694,0.129903810567668,0.0221747499999999,4230.820273951022,150,Paper
146.7,0.66,25.0,873.86,4.32,1122.11,41886.8,19.8,0.0286812641359578,315.6428894395743,9.232913348473556,34.533129303161694,0.129903810567668,0.0221747499999999,4230.820273951022,150,Paper
146.7,0.66,25.0,873.86,4.32,1122.11,41886.8,19.8,0.0286812641359578,315.6428894395743,9.232913348473556,34.533129303161694,0.129903810567668,0.0221747499999999,4230.820273951022,150,Paper
146.8,0.44,25.0,881.76,4.35,1466.52,49022.1,19.8,0.0286812641359578,315.6428894395743,9.232913348473556,34.533129303161694,0.129903810567668,0.0221747499999999,4230.820273951022,150,Paper
146.8,0.44,25.0,881.76,4.35,1466.52,49022.1,19.8,0.0286812641359578,315.6428894395743,9.232913348473556,34.533129303161694,0.129903810567668,0.0221747499999999,4230.820273951022,150,Paper
146.8,0.44,25.0,881.76,4.35,1466.52,49022.1,19.8,0.0286812641359578,315.6428894395743,9.232913348473556,34.533129303161694,0.129903810567668,0.0221747499999999,4230.820273951022,150,Paper
146.8,0.44,25.0,881.76,4.35,1466.52,49022.1,19.8,0.0286812641359578,315.6428894395743,9.232913348473556,34.533129303161694,0.129903810567668,0.0221747499999999,4230.820273951022,150,Paper
146.8,0.44,25.0,881.76,4.35,1466.52,49022.1,19.8,0.0286812641359578,315.6428894395743,9.232913348473556,34.533129303161694,0.129903810567668,0.0221747499999999,4230.820273951022,150,Paper
156.5,0.66,25.0,1368.59,6.83,1310.98,86423.0,19.8,0.0367331257785445,496.28407693642174,9.051043371438787,55.09053364797178,0.0887411967464992,0.13780875,3408.060536357153,160,Paper
156.4,-0.66,25.0,1217.72,6.08,1355.42,81345.8,19.8,0.0367331257785445,496.28407693642174,9.051043371438787,55.09053364797178,0.0887411967464992,0.13780875,3408.060536357153,160,Paper
156.4,-0.66,25.0,1217.72,6.08,1355.42,81345.8,19.8,0.0367331257785445,496.28407693642174,9.051043371438787,55.09053364797178,0.0887411967464992,0.13780875,3408.060536357153,160,Paper
156.4,-0.66,25.0,1217.72,6.08,1355.42,81345.8,19.8,0.0367331257785445,496.28407693642174,9.051043371438787,55.09053364797178,0.0887411967464992,0.13780875,3408.060536357153,160,Paper
156.4,-0.66,25.0,1217.72,6.08,1355.42,81345.8,19.8,0.0367331257785445,496.28407693642174,9.051043371438787,55.09053364797178,0.0887411967464992,0.13780875,3408.060536357153,160,Paper
156.4,-0.66,25.0,1217.72,6.08,1355.42,81345.8,19.8,0.0367331257785445,496.28407693642174,9.051043371438787,55.09053364797178,0.0887411967464992,0.13780875,3408.060536357153,160,Paper
156.3,-0.44,25.0,1119.6,5.59,1455.41,77247.8,19.8,0.0367331257785445,496.28407693642174,9.051043371438787,55.09053364797178,0.0887411967464992,0.13780875,3408.060536357153,160,Paper
156.3,-0.44,25.0,1119.6,5.59,1455.41,77247.8,19.8,0.0367331257785445,496.28407693642174,9.051043371438787,55.09053364797178,0.0887411967464992,0.13780875,3408.060536357153,160,Paper
156.3,-0.44,25.0,1119.6,5.59,1455.41,77247.8,19.8,0.0367331257785445,496.28407693642174,9.051043371438787,55.09053364797178,0.0887411967464992,0.13780875,3408.060536357153,160,Paper
156.3,-0.44,25.0,1119.6,5.59,1455.41,77247.8,19.8,0.0367331257785445,496.28407693642174,9.051043371438787,55.09053364797178,0.0887411967464992,0.13780875,3408.060536357153,160,Paper
156.3,-0.44,25.0,1119.6,5.59,1455.41,77247.8,19.8,0.0367331257785445,496.28407693642174,9.051043371438787,55.09053364797178,0.0887411967464992,0.13780875,3408.060536357153,160,Paper
156.3,-0.44,25.0,1119.6,5.59,1455.41,77247.8,19.8,0.0367331257785445,496.28407693642174,9.051043371438787,55.09053364797178,0.0887411967464992,0.13780875,3408.060536357153,160,Paper
156.2,-0.22,25.0,1067.98,5.33,1522.07,74566.5,19.8,0.0367331257785445,496.28407693642174,9.051043371438787,55.09053364797178,0.0887411967464992,0.13780875,3408.060536357153,160,Paper
156.2,-0.22,25.0,1067.98,5.33,1522.07,74566.5,19.8,0.0367331257785445,496.28407693642174,9.051043371438787,55.09053364797178,0.0887411967464992,0.13780875,3408.060536357153,160,Paper
156.2,-0.22,25.0,1067.98,5.33,1522.07,74566.5,19.8,0.0367331257785445,496.28407693642174,9.051043371438787,55.09053364797178,0.0887411967464992,0.13780875,3408.060536357153,160,Paper
156.2,-0.22,25.0,1067.98,5.33,1522.07,74566.5,19.8,0.0367331257785445,496.28407693642174,9.051043371438787,55.09053364797178,0.0887411967464992,0.13780875,3408.060536357153,160,Paper
156.2,-0.22,25.0,1067.98,5.33,1522.07,74566.5,19.8,0.0367331257785445,496.28407693642174,9.051043371438787,55.09053364797178,0.0887411967464992,0.13780875,3408.060536357153,160,Paper
156.4,0.66,25.0,1162.31,5.81,1288.76,74062.2,19.8,0.0367331257785445,496.28407693642174,9.051043371438787,55.09053364797178,0.0887411967464992,0.13780875,3408.060536357153,160,Paper
156.4,0.66,25.0,1162.31,5.81,1288.76,74062.2,19.8,0.0367331257785445,496.28407693642174,9.051043371438787,55.09053364797178,0.0887411967464992,0.13780875,3408.060536357153,160,Paper
156.4,0.66,25.0,1162.31,5.81,1288.76,74062.2,19.8,0.0367331257785445,496.28407693642174,9.051043371438787,55.09053364797178,0.0887411967464992,0.13780875,3408.060536357153,160,Paper
167.0,0.0,25.0,1375.47,6.8,1011.01,70933.1,19.8,0.0423322654511443,425.66745944376953,5.961658399538446,71.41228533751466,0.0458257569495557,0.05926875,557.0086605251289,170,Paper
167.0,0.0,25.0,1375.47,6.8,1011.01,70933.1,19.8,0.0423322654511443,425.66745944376953,5.961658399538446,71.41228533751466,0.0458257569495557,0.05926875,557.0086605251289,170,Paper
167.0,0.0,25.0,1375.47,6.8,1011.01,70933.1,19.8,0.0423322654511443,425.66745944376953,5.961658399538446,71.41228533751466,0.0458257569495557,0.05926875,557.0086605251289,170,Paper
167.0,0.0,25.0,1375.47,6.8,1011.01,70933.1,19.8,0.0423322654511443,425.66745944376953,5.961658399538446,71.41228533751466,0.0458257569495557,0.05926875,557.0086605251289,170,Paper
167.0,0.0,25.0,1375.47,6.8,1011.01,70933.1,19.8,0.0423322654511443,425.66745944376953,5.961658399538446,71.41228533751466,0.0458257569495557,0.05926875,557.0086605251289,170,Paper
167.0,0.0,25.0,1375.47,6.8,1011.01,70933.1,19.8,0.0423322654511443,425.66745944376953,5.961658399538446,71.41228533751466,0.0458257569495557,0.05926875,557.0086605251289,170,Paper
167.1,0.44,25.0,1437.76,7.11,977.68,70326.0,19.8,0.0423322654511443,425.66745944376953,5.961658399538446,71.41228533751466,0.0458257569495557,0.05926875,557.0086605251289,170,Paper
167.1,0.44,25.0,1437.76,7.11,977.68,70326.0,19.8,0.0423322654511443,425.66745944376953,5.961658399538446,71.41228533751466,0.0458257569495557,0.05926875,557.0086605251289,170,Paper
167.1,0.44,25.0,1437.76,7.11,977.68,70326.0,19.8,0.0423322654511443,425.66745944376953,5.961658399538446,71.41228533751466,0.0458257569495557,0.05926875,557.0086605251289,170,Paper
167.1,0.44,25.0,1437.76,7.11,977.68,70326.0,19.8,0.0423322654511443,425.66745944376953,5.961658399538446,71.41228533751466,0.0458257569495557,0.05926875,557.0086605251289,170,Paper
167.1,0.44,25.0,1437.76,7.11,977.68,70326.0,19.8,0.0423322654511443,425.66745944376953,5.961658399538446,71.41228533751466,0.0458257569495557,0.05926875,557.0086605251289,170,Paper
167.1,0.0,25.0,1496.28,7.4,988.79,71626.5,19.8,0.0423322654511443,425.66745944376953,5.961658399538446,71.41228533751466,0.0458257569495557,0.05926875,557.0086605251289,170,Paper
167.1,0.0,25.0,1496.28,7.4,988.79,71626.5,19.8,0.0423322654511443,425.66745944376953,5.961658399538446,71.41228533751466,0.0458257569495557,0.05926875,557.0086605251289,170,Paper
167.1,0.0,25.0,1496.28,7.4,988.79,71626.5,19.8,0.0423322654511443,425.66745944376953,5.961658399538446,71.41228533751466,0.0458257569495557,0.05926875,557.0086605251289,170,Paper
167.1,0.0,25.0,1496.28,7.4,988.79,71626.5,19.8,0.0423322654511443,425.66745944376953,5.961658399538446,71.41228533751466,0.0458257569495557,0.05926875,557.0086605251289,170,Paper
167.1,0.0,25.0,1496.28,7.4,988.79,71626.5,19.8,0.0423322654511443,425.66745944376953,5.961658399538446,71.41228533751466,0.0458257569495557,0.05926875,557.0086605251289,170,Paper
167.1,0.0,25.0,1496.28,7.4,988.79,71626.5,19.8,0.0423322654511443,425.66745944376953,5.961658399538446,71.41228533751466,0.0458257569495557,0.05926875,557.0086605251289,170,Paper
167.1,0.0,25.0,1394.38,6.9,1011.01,71779.4,19.8,0.0423322654511443,425.66745944376953,5.961658399538446,71.41228533751466,0.0458257569495557,0.05926875,557.0086605251289,170,Paper
167.1,0.0,25.0,1394.38,6.9,1011.01,71779.4,19.8,0.0423322654511443,425.66745944376953,5.961658399538446,71.41228533751466,0.0458257569495557,0.05926875,557.0086605251289,170,Paper
167.1,0.0,25.0,1394.38,6.9,1011.01,71779.4,19.8,0.0423322654511443,425.66745944376953,5.961658399538446,71.41228533751466,0.0458257569495557,0.05926875,557.0086605251289,170,Paper
177.0,0.0,25.0,1038.96,5.18,1466.52,66797.9,19.8,0.0246655779689793,347.06725158988235,8.797753162978523,39.54222252473802,0.0653834841531125,0.1885647499999999,3344.996814568735,180,Paper
177.0,0.0,25.0,1038.96,5.18,1466.52,66797.9,19.8,0.0246655779689793,347.06725158988235,8.797753162978523,39.54222252473802,0.0653834841531125,0.1885647499999999,3344.996814568735,180,Paper
177.0,0.0,25.0,1038.96,5.18,1466.52,66797.9,19.8,0.0246655779689793,347.06725158988235,8.797753162978523,39.54222252473802,0.0653834841531125,0.1885647499999999,3344.996814568735,180,Paper
177.0,0.0,25.0,927.39,4.63,1533.18,64083.2,19.8,0.0246655779689793,347.06725158988235,8.797753162978523,39.54222252473802,0.0653834841531125,0.1885647499999999,3344.996814568735,180,Paper
177.0,0.0,25.0,927.39,4.63,1533.18,64083.2,19.8,0.0246655779689793,347.06725158988235,8.797753162978523,39.54222252473802,0.0653834841531125,0.1885647499999999,3344.996814568735,180,Paper
177.0,0.0,25.0,927.39,4.63,1533.18,64083.2,19.8,0.0246655779689793,347.06725158988235,8.797753162978523,39.54222252473802,0.0653834841531125,0.1885647499999999,3344.996814568735,180,Paper
177.0,0.0,25.0,927.39,4.63,1533.18,64083.2,19.8,0.0246655779689793,347.06725158988235,8.797753162978523,39.54222252473802,0.0653834841531125,0.1885647499999999,3344.996814568735,180,Paper
177.0,0.0,25.0,927.39,4.63,1533.18,64083.2,19.8,0.0246655779689793,347.06725158988235,8.797753162978523,39.54222252473802,0.0653834841531125,0.1885647499999999,3344.996814568735,180,Paper
177.0,0.0,25.0,831.84,4.15,1588.73,60528.2,19.8,0.0246655779689793,347.06725158988235,8.797753162978523,39.54222252473802,0.0653834841531125,0.1885647499999999,3344.996814568735,180,Paper
177.0,0.0,25.0,831.84,4.15,1588.73,60528.2,19.8,0.0246655779689793,347.06725158988235,8.797753162978523,39.54222252473802,0.0653834841531125,0.1885647499999999,3344.996814568735,180,Paper
177.0,0.0,25.0,831.84,4.15,1588.73,60528.2,19.8,0.0246655779689793,347.06725158988235,8.797753162978523,39.54222252473802,0.0653834841531125,0.1885647499999999,3344.996814568735,180,Paper
177.0,0.0,25.0,831.84,4.15,1588.73,60528.2,19.8,0.0246655779689793,347.06725158988235,8.797753162978523,39.54222252473802,0.0653834841531125,0.1885647499999999,3344.996814568735,180,Paper
177.0,0.0,25.0,831.84,4.15,1588.73,60528.2,19.8,0.0246655779689793,347.06725158988235,8.797753162978523,39.54222252473802,0.0653834841531125,0.1885647499999999,3344.996814568735,180,Paper
177.0,0.0,25.0,831.84,4.15,1588.73,60528.2,19.8,0.0246655779689793,347.06725158988235,8.797753162978523,39.54222252473802,0.0653834841531125,0.1885647499999999,3344.996814568735,180,Paper
177.0,0.0,25.0,806.49,4.02,1588.73,57603.3,19.8,0.0246655779689793,347.06725158988235,8.797753162978523,39.54222252473802,0.0653834841531125,0.1885647499999999,3344.996814568735,180,Paper
177.0,0.0,25.0,806.49,4.02,1588.73,57603.3,19.8,0.0246655779689793,347.06725158988235,8.797753162978523,39.54222252473802,0.0653834841531125,0.1885647499999999,3344.996814568735,180,Paper
177.0,0.0,25.0,806.49,4.02,1588.73,57603.3,19.8,0.0246655779689793,347.06725158988235,8.797753162978523,39.54222252473802,0.0653834841531125,0.1885647499999999,3344.996814568735,180,Paper
177.0,0.0,25.0,806.49,4.02,1588.73,57603.3,19.8,0.0246655779689793,347.06725158988235,8.797753162978523,39.54222252473802,0.0653834841531125,0.1885647499999999,3344.996814568735,180,Paper
177.0,0.0,25.0,806.49,4.02,1588.73,57603.3,19.8,0.0246655779689793,347.06725158988235,8.797753162978523,39.54222252473802,0.0653834841531125,0.1885647499999999,3344.996814568735,180,Paper
176.7,-1.31,25.0,725.8,3.62,1599.84,56526.7,19.8,0.0246655779689793,347.06725158988235,8.797753162978523,39.54222252473802,0.0653834841531125,0.1885647499999999,3344.996814568735,180,Paper
187.4,-0.44,25.0,776.96,3.86,2022.02,62926.6,19.7,0.0202394168515149,342.61614196869846,11.36337652037699,30.194440583273767,0.2527844931952911,0.0111389999999999,1402.4849366303386,190,Paper
187.4,-0.44,25.0,776.96,3.86,2022.02,62926.6,19.7,0.0202394168515149,342.61614196869846,11.36337652037699,30.194440583273767,0.2527844931952911,0.0111389999999999,1402.4849366303386,190,Paper
187.4,-0.44,25.0,776.96,3.86,2022.02,62926.6,19.7,0.0202394168515149,342.61614196869846,11.36337652037699,30.194440583273767,0.2527844931952911,0.0111389999999999,1402.4849366303386,190,Paper
187.5,0.44,25.0,787.82,3.92,2010.91,63474.6,19.8,0.0202394168515149,342.61614196869846,11.36337652037699,30.194440583273767,0.2527844931952911,0.0111389999999999,1402.4849366303386,190,Paper
187.5,0.44,25.0,787.82,3.92,2010.91,63474.6,19.8,0.0202394168515149,342.61614196869846,11.36337652037699,30.194440583273767,0.2527844931952911,0.0111389999999999,1402.4849366303386,190,Paper
187.5,0.44,25.0,787.82,3.92,2010.91,63474.6,19.8,0.0202394168515149,342.61614196869846,11.36337652037699,30.194440583273767,0.2527844931952911,0.0111389999999999,1402.4849366303386,190,Paper
187.5,0.44,25.0,787.82,3.92,2010.91,63474.6,19.8,0.0202394168515149,342.61614196869846,11.36337652037699,30.194440583273767,0.2527844931952911,0.0111389999999999,1402.4849366303386,190,Paper
187.5,0.44,25.0,787.82,3.92,2010.91,63474.6,19.8,0.0202394168515149,342.61614196869846,11.36337652037699,30.194440583273767,0.2527844931952911,0.0111389999999999,1402.4849366303386,190,Paper
187.7,0.87,25.0,763.84,3.8,2210.89,66382.3,19.7,0.0202394168515149,342.61614196869846,11.36337652037699,30.194440583273767,0.2527844931952911,0.0111389999999999,1402.4849366303386,190,Paper
187.7,0.87,25.0,763.84,3.8,2210.89,66382.3,19.7,0.0202394168515149,342.61614196869846,11.36337652037699,30.194440583273767,0.2527844931952911,0.0111389999999999,1402.4849366303386,190,Paper
187.7,0.87,25.0,763.84,3.8,2210.89,66382.3,19.7,0.0202394168515149,342.61614196869846,11.36337652037699,30.194440583273767,0.2527844931952911,0.0111389999999999,1402.4849366303386,190,Paper
187.7,0.87,25.0,763.84,3.8,2210.89,66382.3,19.7,0.0202394168515149,342.61614196869846,11.36337652037699,30.194440583273767,0.2527844931952911,0.0111389999999999,1402.4849366303386,190,Paper
187.7,0.87,25.0,763.84,3.8,2210.89,66382.3,19.7,0.0202394168515149,342.61614196869846,11.36337652037699,30.194440583273767,0.2527844931952911,0.0111389999999999,1402.4849366303386,190,Paper
187.7,0.87,25.0,763.84,3.8,2210.89,66382.3,19.7,0.0202394168515149,342.61614196869846,11.36337652037699,30.194440583273767,0.2527844931952911,0.0111389999999999,1402.4849366303386,190,Paper
188.0,1.09,25.0,743.96,3.7,2210.89,63864.5,19.7,0.0202394168515149,342.61614196869846,11.36337652037699,30.194440583273767,0.2527844931952911,0.0111389999999999,1402.4849366303386,190,Paper
188.0,1.09,25.0,743.96,3.7,2210.89,63864.5,19.7,0.0202394168515149,342.61614196869846,11.36337652037699,30.194440583273767,0.2527844931952911,0.0111389999999999,1402.4849366303386,190,Paper
188.0,1.09,25.0,743.96,3.7,2210.89,63864.5,19.7,0.0202394168515149,342.61614196869846,11.36337652037699,30.194440583273767,0.2527844931952911,0.0111389999999999,1402.4849366303386,190,Paper
188.0,1.09,25.0,743.96,3.7,2210.89,63864.5,19.7,0.0202394168515149,342.61614196869846,11.36337652037699,30.194440583273767,0.2527844931952911,0.0111389999999999,1402.4849366303386,190,Paper
188.0,1.09,25.0,743.96,3.7,2210.89,63864.5,19.7,0.0202394168515149,342.61614196869846,11.36337652037699,30.194440583273767,0.2527844931952911,0.0111389999999999,1402.4849366303386,190,Paper
188.3,1.75,25.0,704.16,3.5,2222.0,62479.8,19.7,0.0202394168515149,342.61614196869846,11.36337652037699,30.194440583273767,0.2527844931952911,0.0111389999999999,1402.4849366303386,190,Paper
194.7,-10.01,25.0,733.48,3.64,4399.56,120218.8,19.7,0.0181786495989885,593.4127295642212,22.553286831812255,26.32691044159059,0.1200000000000045,0.0113447499999999,6414.295303248439,200,Paper
194.7,-10.01,25.0,733.48,3.64,4399.56,120218.8,19.7,0.0181786495989885,593.4127295642212,22.553286831812255,26.32691044159059,0.1200000000000045,0.0113447499999999,6414.295303248439,200,Paper
194.7,-10.01,25.0,733.48,3.64,4399.56,120218.8,19.7,0.0181786495989885,593.4127295642212,22.553286831812255,26.32691044159059,0.1200000000000045,0.0113447499999999,6414.295303248439,200,Paper
194.7,-10.01,25.0,733.48,3.64,4399.56,120218.8,19.7,0.0181786495989885,593.4127295642212,22.553286831812255,26.32691044159059,0.1200000000000045,0.0113447499999999,6414.295303248439,200,Paper
194.7,-10.01,25.0,733.48,3.64,4399.56,120218.8,19.7,0.0181786495989885,593.4127295642212,22.553286831812255,26.32691044159059,0.1200000000000045,0.0113447499999999,6414.295303248439,200,Paper
194.7,0.0,25.0,713.2,3.54,4410.67,117163.5,19.7,0.0181786495989885,593.4127295642212,22.553286831812255,26.32691044159059,0.1200000000000045,0.0113447499999999,6414.295303248439,200,Paper
194.7,0.0,25.0,713.2,3.54,4410.67,117163.5,19.7,0.0181786495989885,593.4127295642212,22.553286831812255,26.32691044159059,0.1200000000000045,0.0113447499999999,6414.295303248439,200,Paper
194.7,0.0,25.0,713.2,3.54,4410.67,117163.5,19.7,0.0181786495989885,593.4127295642212,22.553286831812255,26.32691044159059,0.1200000000000045,0.0113447499999999,6414.295303248439,200,Paper
194.7,0.0,25.0,713.2,3.54,4410.67,117163.5,19.7,0.0181786495989885,593.4127295642212,22.553286831812255,26.32691044159059,0.1200000000000045,0.0113447499999999,6414.295303248439,200,Paper
194.7,0.0,25.0,713.2,3.54,4410.67,117163.5,19.7,0.0181786495989885,593.4127295642212,22.553286831812255,26.32691044159059,0.1200000000000045,0.0113447499999999,6414.295303248439,200,Paper
194.7,0.0,25.0,713.2,3.54,4410.67,117163.5,19.7,0.0181786495989885,593.4127295642212,22.553286831812255,26.32691044159059,0.1200000000000045,0.0113447499999999,6414.295303248439,200,Paper
194.7,0.0,25.0,678.91,3.37,4721.75,119102.5,19.5,0.0181786495989885,593.4127295642212,22.553286831812255,26.32691044159059,0.1200000000000045,0.0113447499999999,6414.295303248439,200,Paper
194.7,0.0,25.0,678.91,3.37,4721.75,119102.5,19.5,0.0181786495989885,593.4127295642212,22.553286831812255,26.32691044159059,0.1200000000000045,0.0113447499999999,6414.295303248439,200,Paper
194.7,0.0,25.0,678.91,3.37,4721.75,119102.5,19.5,0.0181786495989885,593.4127295642212,22.553286831812255,26.32691044159059,0.1200000000000045,0.0113447499999999,6414.295303248439,200,Paper
194.7,0.0,25.0,678.91,3.37,4721.75,119102.5,19.5,0.0181786495989885,593.4127295642212,22.553286831812255,26.32691044159059,0.1200000000000045,0.0113447499999999,6414.295303248439,200,Paper
194.7,0.0,25.0,678.91,3.37,4721.75,119102.5,19.5,0.0181786495989885,593.4127295642212,22.553286831812255,26.32691044159059,0.1200000000000045,0.0113447499999999,6414.295303248439,200,Paper
195.0,1.31,25.0,731.17,3.63,3944.05,102948.8,19.7,0.0181786495989885,593.4127295642212,22.553286831812255,26.32691044159059,0.1200000000000045,0.0113447499999999,6414.295303248439,200,Paper
195.0,1.31,25.0,731.17,3.63,3944.05,102948.8,19.7,0.0181786495989885,593.4127295642212,22.553286831812255,26.32691044159059,0.1200000000000045,0.0113447499999999,6414.295303248439,200,Paper
195.0,1.31,25.0,731.17,3.63,3944.05,102948.8,19.7,0.0181786495989885,593.4127295642212,22.553286831812255,26.32691044159059,0.1200000000000045,0.0113447499999999,6414.295303248439,200,Paper
195.0,1.31,25.0,731.17,3.63,3944.05,102948.8,19.7,0.0181786495989885,593.4127295642212,22.553286831812255,26.32691044159059,0.1200000000000045,0.0113447499999999,6414.295303248439,200,Paper
207.2,0.44,25.0,1054.29,5.22,1755.38,77314.8,19.8,0.0256909818419106,381.62522240783346,8.388532433772795,45.60703577873287,0.1430908802125337,0.1183659999999998,3120.2759725062756,210,Paper
207.2,0.22,25.0,1029.18,5.11,1788.71,76214.1,19.8,0.0256909818419106,381.62522240783346,8.388532433772795,45.60703577873287,0.1430908802125337,0.1183659999999998,3120.2759725062756,210,Paper
207.2,0.22,25.0,1029.18,5.11,1788.71,76214.1,19.8,0.0256909818419106,381.62522240783346,8.388532433772795,45.60703577873287,0.1430908802125337,0.1183659999999998,3120.2759725062756,210,Paper
207.2,0.22,25.0,1029.18,5.11,1788.71,76214.1,19.8,0.0256909818419106,381.62522240783346,8.388532433772795,45.60703577873287,0.1430908802125337,0.1183659999999998,3120.2759725062756,210,Paper
207.2,0.22,25.0,1029.18,5.11,1788.71,76214.1,19.8,0.0256909818419106,381.62522240783346,8.388532433772795,45.60703577873287,0.1430908802125337,0.1183659999999998,3120.2759725062756,210,Paper
207.2,0.22,25.0,1029.18,5.11,1788.71,76214.1,19.8,0.0256909818419106,381.62522240783346,8.388532433772795,45.60703577873287,0.1430908802125337,0.1183659999999998,3120.2759725062756,210,Paper
207.0,-0.87,25.0,998.23,4.96,1788.71,77743.7,19.7,0.0256909818419106,381.62522240783346,8.388532433772795,45.60703577873287,0.1430908802125337,0.1183659999999998,3120.2759725062756,210,Paper
207.0,-0.87,25.0,998.23,4.96,1788.71,77743.7,19.7,0.0256909818419106,381.62522240783346,8.388532433772795,45.60703577873287,0.1430908802125337,0.1183659999999998,3120.2759725062756,210,Paper
207.0,-0.87,25.0,998.23,4.96,1788.71,77743.7,19.7,0.0256909818419106,381.62522240783346,8.388532433772795,45.60703577873287,0.1430908802125337,0.1183659999999998,3120.2759725062756,210,Paper
207.0,-0.87,25.0,998.23,4.96,1788.71,77743.7,19.7,0.0256909818419106,381.62522240783346,8.388532433772795,45.60703577873287,0.1430908802125337,0.1183659999999998,3120.2759725062756,210,Paper
207.0,-0.87,25.0,998.23,4.96,1788.71,77743.7,19.7,0.0256909818419106,381.62522240783346,8.388532433772795,45.60703577873287,0.1430908802125337,0.1183659999999998,3120.2759725062756,210,Paper
207.0,-0.87,25.0,998.23,4.96,1788.71,77743.7,19.7,0.0256909818419106,381.62522240783346,8.388532433772795,45.60703577873287,0.1430908802125337,0.1183659999999998,3120.2759725062756,210,Paper
206.9,-0.44,25.0,1160.04,5.77,1599.84,79482.0,19.8,0.0256909818419106,381.62522240783346,8.388532433772795,45.60703577873287,0.1430908802125337,0.1183659999999998,3120.2759725062756,210,Paper
206.9,-0.44,25.0,1160.04,5.77,1599.84,79482.0,19.8,0.0256909818419106,381.62522240783346,8.388532433772795,45.60703577873287,0.1430908802125337,0.1183659999999998,3120.2759725062756,210,Paper
206.9,-0.44,25.0,1160.04,5.77,1599.84,79482.0,19.8,0.0256909818419106,381.62522240783346,8.388532433772795,45.60703577873287,0.1430908802125337,0.1183659999999998,3120.2759725062756,210,Paper
206.9,-0.44,25.0,1160.04,5.77,1599.84,79482.0,19.8,0.0256909818419106,381.62522240783346,8.388532433772795,45.60703577873287,0.1430908802125337,0.1183659999999998,3120.2759725062756,210,Paper
206.9,-0.44,25.0,1160.04,5.77,1599.84,79482.0,19.8,0.0256909818419106,381.62522240783346,8.388532433772795,45.60703577873287,0.1430908802125337,0.1183659999999998,3120.2759725062756,210,Paper
206.8,-0.44,25.0,1136.84,5.66,1766.49,85890.7,19.8,0.0256909818419106,381.62522240783346,8.388532433772795,45.60703577873287,0.1430908802125337,0.1183659999999998,3120.2759725062756,210,Paper
206.8,-0.44,25.0,1136.84,5.66,1766.49,85890.7,19.8,0.0256909818419106,381.62522240783346,8.388532433772795,45.60703577873287,0.1430908802125337,0.1183659999999998,3120.2759725062756,210,Paper
206.8,-0.44,25.0,1136.84,5.66,1766.49,85890.7,19.8,0.0256909818419106,381.62522240783346,8.388532433772795,45.60703577873287,0.1430908802125337,0.1183659999999998,3120.2759725062756,210,Paper
215.8,-1.53,25.0,915.61,4.53,1155.44,54014.3,19.8,0.0206631630998417,252.68245936795975,5.578909390453995,45.388325130007885,0.1492481155659845,0.00231875,1068.8950353519288,220,Paper
215.8,-1.53,25.0,915.61,4.53,1155.44,54014.3,19.8,0.0206631630998417,252.68245936795975,5.578909390453995,45.388325130007885,0.1492481155659845,0.00231875,1068.8950353519288,220,Paper
215.8,-1.53,25.0,915.61,4.53,1155.44,54014.3,19.8,0.0206631630998417,252.68245936795975,5.578909390453995,45.388325130007885,0.1492481155659845,0.00231875,1068.8950353519288,220,Paper
215.8,-1.53,25.0,915.61,4.53,1155.44,54014.3,19.8,0.0206631630998417,252.68245936795975,5.578909390453995,45.388325130007885,0.1492481155659845,0.00231875,1068.8950353519288,220,Paper
215.8,0.0,25.0,902.1,4.46,1155.44,54040.9,19.8,0.0206631630998417,252.68245936795975,5.578909390453995,45.388325130007885,0.1492481155659845,0.00231875,1068.8950353519288,220,Paper
215.8,0.0,25.0,902.1,4.46,1155.44,54040.9,19.8,0.0206631630998417,252.68245936795975,5.578909390453995,45.388325130007885,0.1492481155659845,0.00231875,1068.8950353519288,220,Paper
215.8,0.0,25.0,902.1,4.46,1155.44,54040.9,19.8,0.0206631630998417,252.68245936795975,5.578909390453995,45.388325130007885,0.1492481155659845,0.00231875,1068.8950353519288,220,Paper
215.8,0.0,25.0,902.1,4.46,1155.44,54040.9,19.8,0.0206631630998417,252.68245936795975,5.578909390453995,45.388325130007885,0.1492481155659845,0.00231875,1068.8950353519288,220,Paper
215.8,0.0,25.0,902.1,4.46,1155.44,54040.9,19.8,0.0206631630998417,252.68245936795975,5.578909390453995,45.388325130007885,0.1492481155659845,0.00231875,1068.8950353519288,220,Paper
216.1,1.31,25.0,886.38,4.39,1166.55,53611.1,19.8,0.0206631630998417,252.68245936795975,5.578909390453995,45.388325130007885,0.1492481155659845,0.00231875,1068.8950353519288,220,Paper
216.1,1.31,25.0,886.38,4.39,1166.55,53611.1,19.8,0.0206631630998417,252.68245936795975,5.578909390453995,45.388325130007885,0.1492481155659845,0.00231875,1068.8950353519288,220,Paper
216.1,1.31,25.0,886.38,4.39,1166.55,53611.1,19.8,0.0206631630998417,252.68245936795975,5.578909390453995,45.388325130007885,0.1492481155659845,0.00231875,1068.8950353519288,220,Paper
216.1,1.31,25.0,886.38,4.39,1166.55,53611.1,19.8,0.0206631630998417,252.68245936795975,5.578909390453995,45.388325130007885,0.1492481155659845,0.00231875,1068.8950353519288,220,Paper
216.1,1.31,25.0,886.38,4.39,1166.55,53611.1,19.8,0.0206631630998417,252.68245936795975,5.578909390453995,45.388325130007885,0.1492481155659845,0.00231875,1068.8950353519288,220,Paper
216.1,0.0,25.0,905.3,4.48,1310.98,56183.4,19.8,0.0206631630998417,252.68245936795975,5.578909390453995,45.388325130007885,0.1492481155659845,0.00231875,1068.8950353519288,220,Paper
216.1,0.0,25.0,905.3,4.48,1310.98,56183.4,19.8,0.0206631630998417,252.68245936795975,5.578909390453995,45.388325130007885,0.1492481155659845,0.00231875,1068.8950353519288,220,Paper
216.1,0.0,25.0,905.3,4.48,1310.98,56183.4,19.8,0.0206631630998417,252.68245936795975,5.578909390453995,45.388325130007885,0.1492481155659845,0.00231875,1068.8950353519288,220,Paper
216.1,0.0,25.0,905.3,4.48,1310.98,56183.4,19.8,0.0206631630998417,252.68245936795975,5.578909390453995,45.388325130007885,0.1492481155659845,0.00231875,1068.8950353519288,220,Paper
216.1,0.0,25.0,905.3,4.48,1310.98,56183.4,19.8,0.0206631630998417,252.68245936795975,5.578909390453995,45.388325130007885,0.1492481155659845,0.00231875,1068.8950353519288,220,Paper
216.1,0.0,25.0,905.3,4.48,1310.98,56183.4,19.8,0.0206631630998417,252.68245936795975,5.578909390453995,45.388325130007885,0.1492481155659845,0.00231875,1068.8950353519288,220,Paper
226.7,0.0,25.0,879.64,4.36,2577.52,80167.1,19.7,0.0174158422636237,381.1485039823493,13.272945639848029,28.868337564801372,0.0866025403784512,0.0521490000000001,5083.8032766423985,230,Paper
226.7,0.0,25.0,879.64,4.36,2577.52,80167.1,19.7,0.0174158422636237,381.1485039823493,13.272945639848029,28.868337564801372,0.0866025403784512,0.0521490000000001,5083.8032766423985,230,Paper
226.7,0.0,25.0,879.64,4.36,2577.52,80167.1,19.7,0.0174158422636237,381.1485039823493,13.272945639848029,28.868337564801372,0.0866025403784512,0.0521490000000001,5083.8032766423985,230,Paper
226.7,0.0,25.0,879.64,4.36,2577.52,80167.1,19.7,0.0174158422636237,381.1485039823493,13.272945639848029,28.868337564801372,0.0866025403784512,0.0521490000000001,5083.8032766423985,230,Paper
226.7,0.0,25.0,803.15,3.99,2777.5,82305.2,19.7,0.0174158422636237,381.1485039823493,13.272945639848029,28.868337564801372,0.0866025403784512,0.0521490000000001,5083.8032766423985,230,Paper
226.7,0.0,25.0,803.15,3.99,2777.5,82305.2,19.7,0.0174158422636237,381.1485039823493,13.272945639848029,28.868337564801372,0.0866025403784512,0.0521490000000001,5083.8032766423985,230,Paper
226.7,0.0,25.0,803.15,3.99,2777.5,82305.2,19.7,0.0174158422636237,381.1485039823493,13.272945639848029,28.868337564801372,0.0866025403784512,0.0521490000000001,5083.8032766423985,230,Paper
226.7,0.0,25.0,803.15,3.99,2777.5,82305.2,19.7,0.0174158422636237,381.1485039823493,13.272945639848029,28.868337564801372,0.0866025403784512,0.0521490000000001,5083.8032766423985,230,Paper
226.7,0.0,25.0,803.15,3.99,2777.5,82305.2,19.7,0.0174158422636237,381.1485039823493,13.272945639848029,28.868337564801372,0.0866025403784512,0.0521490000000001,5083.8032766423985,230,Paper
226.7,0.0,25.0,803.15,3.99,2777.5,82305.2,19.7,0.0174158422636237,381.1485039823493,13.272945639848029,28.868337564801372,0.0866025403784512,0.0521490000000001,5083.8032766423985,230,Paper
226.7,0.0,25.0,755.74,3.76,3366.33,92434.8,19.7,0.0174158422636237,381.1485039823493,13.272945639848029,28.868337564801372,0.0866025403784512,0.0521490000000001,5083.8032766423985,230,Paper
226.7,0.0,25.0,755.74,3.76,3366.33,92434.8,19.7,0.0174158422636237,381.1485039823493,13.272945639848029,28.868337564801372,0.0866025403784512,0.0521490000000001,5083.8032766423985,230,Paper
226.7,0.0,25.0,755.74,3.76,3366.33,92434.8,19.7,0.0174158422636237,381.1485039823493,13.272945639848029,28.868337564801372,0.0866025403784512,0.0521490000000001,5083.8032766423985,230,Paper
226.7,0.0,25.0,755.74,3.76,3366.33,92434.8,19.7,0.0174158422636237,381.1485039823493,13.272945639848029,28.868337564801372,0.0866025403784512,0.0521490000000001,5083.8032766423985,230,Paper
226.7,0.0,25.0,755.74,3.76,3366.33,92434.8,19.7,0.0174158422636237,381.1485039823493,13.272945639848029,28.868337564801372,0.0866025403784512,0.0521490000000001,5083.8032766423985,230,Paper
226.9,0.65,25.0,755.75,3.76,3277.45,90370.4,19.7,0.0174158422636237,381.1485039823493,13.272945639848029,28.868337564801372,0.0866025403784512,0.0521490000000001,5083.8032766423985,230,Paper
226.9,0.65,25.0,755.75,3.76,3277.45,90370.4,19.7,0.0174158422636237,381.1485039823493,13.272945639848029,28.868337564801372,0.0866025403784512,0.0521490000000001,5083.8032766423985,230,Paper
226.9,0.65,25.0,755.75,3.76,3277.45,90370.4,19.7,0.0174158422636237,381.1485039823493,13.272945639848029,28.868337564801372,0.0866025403784512,0.0521490000000001,5083.8032766423985,230,Paper
226.9,0.65,25.0,755.75,3.76,3277.45,90370.4,19.7,0.0174158422636237,381.1485039823493,13.272945639848029,28.868337564801372,0.0866025403784512,0.0521490000000001,5083.8032766423985,230,Paper
226.9,0.65,25.0,755.75,3.76,3277.45,90370.4,19.7,0.0174158422636237,381.1485039823493,13.272945639848029,28.868337564801372,0.0866025403784512,0.0521490000000001,5083.8032766423985,230,Paper
237.4,-1.53,25.0,2747.66,13.61,1022.12,142457.8,19.8,0.0461892549027971,544.4726308034652,4.821001647595788,113.574231145442,0.0871779788708147,1.4617359999999997,6030.90530851505,240,Paper
237.0,-1.75,25.0,2474.02,12.27,1066.56,136024.6,19.8,0.0461892549027971,544.4726308034652,4.821001647595788,113.574231145442,0.0871779788708147,1.4617359999999997,6030.90530851505,240,Paper
237.0,-1.75,25.0,2474.02,12.27,1066.56,136024.6,19.8,0.0461892549027971,544.4726308034652,4.821001647595788,113.574231145442,0.0871779788708147,1.4617359999999997,6030.90530851505,240,Paper
237.0,-1.75,25.0,2474.02,12.27,1066.56,136024.6,19.8,0.0461892549027971,544.4726308034652,4.821001647595788,113.574231145442,0.0871779788708147,1.4617359999999997,6030.90530851505,240,Paper
237.0,-1.75,25.0,2474.02,12.27,1066.56,136024.6,19.8,0.0461892549027971,544.4726308034652,4.821001647595788,113.574231145442,0.0871779788708147,1.4617359999999997,6030.90530851505,240,Paper
237.0,-1.75,25.0,2474.02,12.27,1066.56,136024.6,19.8,0.0461892549027971,544.4726308034652,4.821001647595788,113.574231145442,0.0871779788708147,1.4617359999999997,6030.90530851505,240,Paper
237.0,0.0,25.0,2258.84,11.22,1133.22,129201.7,19.8,0.0461892549027971,544.4726308034652,4.821001647595788,113.574231145442,0.0871779788708147,1.4617359999999997,6030.90530851505,240,Paper
237.0,0.0,25.0,2258.84,11.22,1133.22,129201.7,19.8,0.0461892549027971,544.4726308034652,4.821001647595788,113.574231145442,0.0871779788708147,1.4617359999999997,6030.90530851505,240,Paper
237.0,0.0,25.0,2258.84,11.22,1133.22,129201.7,19.8,0.0461892549027971,544.4726308034652,4.821001647595788,113.574231145442,0.0871779788708147,1.4617359999999997,6030.90530851505,240,Paper
237.0,0.0,25.0,2258.84,11.22,1133.22,129201.7,19.8,0.0461892549027971,544.4726308034652,4.821001647595788,113.574231145442,0.0871779788708147,1.4617359999999997,6030.90530851505,240,Paper
237.0,0.0,25.0,2258.84,11.22,1133.22,129201.7,19.8,0.0461892549027971,544.4726308034652,4.821001647595788,113.574231145442,0.0871779788708147,1.4617359999999997,6030.90530851505,240,Paper
237.0,0.0,25.0,1994.6,9.93,1199.88,125050.2,19.8,0.0461892549027971,544.4726308034652,4.821001647595788,113.574231145442,0.0871779788708147,1.4617359999999997,6030.90530851505,240,Paper
237.0,0.0,25.0,1994.6,9.93,1199.88,125050.2,19.8,0.0461892549027971,544.4726308034652,4.821001647595788,113.574231145442,0.0871779788708147,1.4617359999999997,6030.90530851505,240,Paper
237.0,0.0,25.0,1994.6,9.93,1199.88,125050.2,19.8,0.0461892549027971,544.4726308034652,4.821001647595788,113.574231145442,0.0871779788708147,1.4617359999999997,6030.90530851505,240,Paper
237.0,0.0,25.0,1994.6,9.93,1199.88,125050.2,19.8,0.0461892549027971,544.4726308034652,4.821001647595788,113.574231145442,0.0871779788708147,1.4617359999999997,6030.90530851505,240,Paper
237.0,0.0,25.0,1994.6,9.93,1199.88,125050.2,19.8,0.0461892549027971,544.4726308034652,4.821001647595788,113.574231145442,0.0871779788708147,1.4617359999999997,6030.90530851505,240,Paper
237.0,0.0,25.0,1994.6,9.93,1199.88,125050.2,19.8,0.0461892549027971,544.4726308034652,4.821001647595788,113.574231145442,0.0871779788708147,1.4617359999999997,6030.90530851505,240,Paper
237.0,-0.22,25.0,1894.5,9.44,1210.99,120716.6,19.8,0.0461892549027971,544.4726308034652,4.821001647595788,113.574231145442,0.0871779788708147,1.4617359999999997,6030.90530851505,240,Paper
237.0,-0.22,25.0,1894.5,9.44,1210.99,120716.6,19.8,0.0461892549027971,544.4726308034652,4.821001647595788,113.574231145442,0.0871779788708147,1.4617359999999997,6030.90530851505,240,Paper
237.0,-0.22,25.0,1894.5,9.44,1210.99,120716.6,19.8,0.0461892549027971,544.4726308034652,4.821001647595788,113.574231145442,0.0871779788708147,1.4617359999999997,6030.90530851505,240,Paper
247.6,0.0,25.0,817.68,4.09,13565.31,408660.6,19.2,0.0149884304218628,1671.789228770401,56.77233530692224,29.46699550339311,0.1870828693386955,0.05330475,6242.360004885979,250,Paper
247.6,0.0,25.0,817.68,4.09,13565.31,408660.6,19.2,0.0149884304218628,1671.789228770401,56.77233530692224,29.46699550339311,0.1870828693386955,0.05330475,6242.360004885979,250,Paper
247.6,0.0,25.0,817.68,4.09,13565.31,408660.6,19.2,0.0149884304218628,1671.789228770401,56.77233530692224,29.46699550339311,0.1870828693386955,0.05330475,6242.360004885979,250,Paper
247.6,0.0,25.0,817.68,4.09,13565.31,408660.6,19.2,0.0149884304218628,1671.789228770401,56.77233530692224,29.46699550339311,0.1870828693386955,0.05330475,6242.360004885979,250,Paper
247.8,1.07,25.0,749.6,3.75,13565.31,406799.8,19.2,0.0149884304218628,1671.789228770401,56.77233530692224,29.46699550339311,0.1870828693386955,0.05330475,6242.360004885979,250,Paper
247.8,1.07,25.0,749.6,3.75,13565.31,406799.8,19.2,0.0149884304218628,1671.789228770401,56.77233530692224,29.46699550339311,0.1870828693386955,0.05330475,6242.360004885979,250,Paper
247.8,1.07,25.0,749.6,3.75,13565.31,406799.8,19.2,0.0149884304218628,1671.789228770401,56.77233530692224,29.46699550339311,0.1870828693386955,0.05330475,6242.360004885979,250,Paper
247.8,1.07,25.0,749.6,3.75,13565.31,406799.8,19.2,0.0149884304218628,1671.789228770401,56.77233530692224,29.46699550339311,0.1870828693386955,0.05330475,6242.360004885979,250,Paper
247.8,1.07,25.0,749.6,3.75,13565.31,406799.8,19.2,0.0149884304218628,1671.789228770401,56.77233530692224,29.46699550339311,0.1870828693386955,0.05330475,6242.360004885979,250,Paper
248.1,1.07,25.0,738.17,3.7,14298.57,419061.7,19.2,0.0149884304218628,1671.789228770401,56.77233530692224,29.46699550339311,0.1870828693386955,0.05330475,6242.360004885979,250,Paper
248.1,1.07,25.0,738.17,3.7,14298.57,419061.7,19.2,0.0149884304218628,1671.789228770401,56.77233530692224,29.46699550339311,0.1870828693386955,0.05330475,6242.360004885979,250,Paper
248.1,1.07,25.0,738.17,3.7,14298.57,419061.7,19.2,0.0149884304218628,1671.789228770401,56.77233530692224,29.46699550339311,0.1870828693386955,0.05330475,6242.360004885979,250,Paper
248.1,1.07,25.0,738.17,3.7,14298.57,419061.7,19.2,0.0149884304218628,1671.789228770401,56.77233530692224,29.46699550339311,0.1870828693386955,0.05330475,6242.360004885979,250,Paper
248.1,1.07,25.0,738.17,3.7,14298.57,419061.7,19.2,0.0149884304218628,1671.789228770401,56.77233530692224,29.46699550339311,0.1870828693386955,0.05330475,6242.360004885979,250,Paper
248.1,1.07,25.0,738.17,3.7,14298.57,419061.7,19.2,0.0149884304218628,1671.789228770401,56.77233530692224,29.46699550339311,0.1870828693386955,0.05330475,6242.360004885979,250,Paper
248.0,-0.43,25.0,679.52,3.4,14720.75,421158.8,19.2,0.0149884304218628,1671.789228770401,56.77233530692224,29.46699550339311,0.1870828693386955,0.05330475,6242.360004885979,250,Paper
248.0,-0.43,25.0,679.52,3.4,14720.75,421158.8,19.2,0.0149884304218628,1671.789228770401,56.77233530692224,29.46699550339311,0.1870828693386955,0.05330475,6242.360004885979,250,Paper
248.0,-0.43,25.0,679.52,3.4,14720.75,421158.8,19.2,0.0149884304218628,1671.789228770401,56.77233530692224,29.46699550339311,0.1870828693386955,0.05330475,6242.360004885979,250,Paper
248.0,-0.43,25.0,679.52,3.4,14720.75,421158.8,19.2,0.0149884304218628,1671.789228770401,56.77233530692224,29.46699550339311,0.1870828693386955,0.05330475,6242.360004885979,250,Paper
248.0,-0.43,25.0,679.52,3.4,14720.75,421158.8,19.2,0.0149884304218628,1671.789228770401,56.77233530692224,29.46699550339311,0.1870828693386955,0.05330475,6242.360004885979,250,Paper
258.2,0.0,25.0,892.85,4.44,12843.16,397523.9,19.2,0.0152149496514329,1525.5822618125485,50.06169442292797,30.48626642821781,5.684341886080804e-14,0.06097275,5255.377064245726,260,Paper
258.2,0.0,25.0,892.85,4.44,12843.16,397523.9,19.2,0.0152149496514329,1525.5822618125485,50.06169442292797,30.48626642821781,5.684341886080804e-14,0.06097275,5255.377064245726,260,Paper
258.2,0.0,25.0,823.35,4.1,12843.16,394715.4,19.2,0.0152149496514329,1525.5822618125485,50.06169442292797,30.48626642821781,5.684341886080804e-14,0.06097275,5255.377064245726,260,Paper
258.2,0.0,25.0,823.35,4.1,12843.16,394715.4,19.2,0.0152149496514329,1525.5822618125485,50.06169442292797,30.48626642821781,5.684341886080804e-14,0.06097275,5255.377064245726,260,Paper
258.2,0.0,25.0,823.35,4.1,12843.16,394715.4,19.2,0.0152149496514329,1525.5822618125485,50.06169442292797,30.48626642821781,5.684341886080804e-14,0.06097275,5255.377064245726,260,Paper
258.2,0.0,25.0,823.35,4.1,12843.16,394715.4,19.2,0.0152149496514329,1525.5822618125485,50.06169442292797,30.48626642821781,5.684341886080804e-14,0.06097275,5255.377064245726,260,Paper
258.2,0.0,25.0,823.35,4.1,12843.16,394715.4,19.2,0.0152149496514329,1525.5822618125485,50.06169442292797,30.48626642821781,5.684341886080804e-14,0.06097275,5255.377064245726,260,Paper
258.2,0.0,25.0,823.35,4.1,12843.16,394715.4,19.2,0.0152149496514329,1525.5822618125485,50.06169442292797,30.48626642821781,5.684341886080804e-14,0.06097275,5255.377064245726,260,Paper
258.2,0.0,25.0,770.27,3.83,12843.16,391931.2,19.2,0.0152149496514329,1525.5822618125485,50.06169442292797,30.48626642821781,5.684341886080804e-14,0.06097275,5255.377064245726,260,Paper
258.2,0.0,25.0,770.27,3.83,12843.16,391931.2,19.2,0.0152149496514329,1525.5822618125485,50.06169442292797,30.48626642821781,5.684341886080804e-14,0.06097275,5255.377064245726,260,Paper
258.2,0.0,25.0,770.27,3.83,12843.16,391931.2,19.2,0.0152149496514329,1525.5822618125485,50.06169442292797,30.48626642821781,5.684341886080804e-14,0.06097275,5255.377064245726,260,Paper
258.2,0.0,25.0,770.27,3.83,12843.16,391931.2,19.2,0.0152149496514329,1525.5822618125485,50.06169442292797,30.48626642821781,5.684341886080804e-14,0.06097275,5255.377064245726,260,Paper
258.2,0.0,25.0,770.27,3.83,12843.16,391931.2,19.2,0.0152149496514329,1525.5822618125485,50.06169442292797,30.48626642821781,5.684341886080804e-14,0.06097275,5255.377064245726,260,Paper
258.2,0.0,25.0,755.24,3.76,12843.16,390129.8,19.2,0.0152149496514329,1525.5822618125485,50.06169442292797,30.48626642821781,5.684341886080804e-14,0.06097275,5255.377064245726,260,Paper
258.2,0.0,25.0,755.24,3.76,12843.16,390129.8,19.2,0.0152149496514329,1525.5822618125485,50.06169442292797,30.48626642821781,5.684341886080804e-14,0.06097275,5255.377064245726,260,Paper
258.2,0.0,25.0,755.24,3.76,12843.16,390129.8,19.2,0.0152149496514329,1525.5822618125485,50.06169442292797,30.48626642821781,5.684341886080804e-14,0.06097275,5255.377064245726,260,Paper
258.2,0.0,25.0,755.24,3.76,12843.16,390129.8,19.2,0.0152149496514329,1525.5822618125485,50.06169442292797,30.48626642821781,5.684341886080804e-14,0.06097275,5255.377064245726,260,Paper
258.2,0.0,25.0,755.24,3.76,12843.16,390129.8,19.2,0.0152149496514329,1525.5822618125485,50.06169442292797,30.48626642821781,5.684341886080804e-14,0.06097275,5255.377064245726,260,Paper
258.2,0.0,25.0,755.24,3.76,12843.16,390129.8,19.2,0.0152149496514329,1525.5822618125485,50.06169442292797,30.48626642821781,5.684341886080804e-14,0.06097275,5255.377064245726,260,Paper
258.2,0.0,25.0,679.21,3.38,14498.55,414331.8,19.2,0.0152149496514329,1525.5822618125485,50.06169442292797,30.48626642821781,5.684341886080804e-14,0.06097275,5255.377064245726,260,Paper
267.3,0.44,25.0,1917.96,9.56,1133.22,101325.2,19.8,0.036380912385897,390.3503119042389,4.1459742774266015,94.1787655698146,0.1388344337691528,0.01286475,2025.8477675963245,270,Paper
267.3,0.44,25.0,1917.96,9.56,1133.22,101325.2,19.8,0.036380912385897,390.3503119042389,4.1459742774266015,94.1787655698146,0.1388344337691528,0.01286475,2025.8477675963245,270,Paper
267.3,0.22,25.0,1964.29,9.79,1111.0,102608.4,19.8,0.036380912385897,390.3503119042389,4.1459742774266015,94.1787655698146,0.1388344337691528,0.01286475,2025.8477675963245,270,Paper
267.3,0.22,25.0,1964.29,9.79,1111.0,102608.4,19.8,0.036380912385897,390.3503119042389,4.1459742774266015,94.1787655698146,0.1388344337691528,0.01286475,2025.8477675963245,270,Paper
267.3,0.22,25.0,1964.29,9.79,1111.0,102608.4,19.8,0.036380912385897,390.3503119042389,4.1459742774266015,94.1787655698146,0.1388344337691528,0.01286475,2025.8477675963245,270,Paper
267.3,0.22,25.0,1964.29,9.79,1111.0,102608.4,19.8,0.036380912385897,390.3503119042389,4.1459742774266015,94.1787655698146,0.1388344337691528,0.01286475,2025.8477675963245,270,Paper
267.3,0.22,25.0,1964.29,9.79,1111.0,102608.4,19.8,0.036380912385897,390.3503119042389,4.1459742774266015,94.1787655698146,0.1388344337691528,0.01286475,2025.8477675963245,270,Paper
267.3,0.22,25.0,1964.29,9.79,1111.0,102608.4,19.8,0.036380912385897,390.3503119042389,4.1459742774266015,94.1787655698146,0.1388344337691528,0.01286475,2025.8477675963245,270,Paper
267.5,0.87,25.0,1940.84,9.68,1099.89,106428.0,19.8,0.036380912385897,390.3503119042389,4.1459742774266015,94.1787655698146,0.1388344337691528,0.01286475,2025.8477675963245,270,Paper
267.5,0.87,25.0,1940.84,9.68,1099.89,106428.0,19.8,0.036380912385897,390.3503119042389,4.1459742774266015,94.1787655698146,0.1388344337691528,0.01286475,2025.8477675963245,270,Paper
267.5,0.87,25.0,1940.84,9.68,1099.89,106428.0,19.8,0.036380912385897,390.3503119042389,4.1459742774266015,94.1787655698146,0.1388344337691528,0.01286475,2025.8477675963245,270,Paper
267.5,0.87,25.0,1940.84,9.68,1099.89,106428.0,19.8,0.036380912385897,390.3503119042389,4.1459742774266015,94.1787655698146,0.1388344337691528,0.01286475,2025.8477675963245,270,Paper
267.5,0.87,25.0,1940.84,9.68,1099.89,106428.0,19.8,0.036380912385897,390.3503119042389,4.1459742774266015,94.1787655698146,0.1388344337691528,0.01286475,2025.8477675963245,270,Paper
267.6,0.44,25.0,1946.37,9.7,1111.0,104710.2,19.8,0.036380912385897,390.3503119042389,4.1459742774266015,94.1787655698146,0.1388344337691528,0.01286475,2025.8477675963245,270,Paper
267.6,0.44,25.0,1946.37,9.7,1111.0,104710.2,19.8,0.036380912385897,390.3503119042389,4.1459742774266015,94.1787655698146,0.1388344337691528,0.01286475,2025.8477675963245,270,Paper
267.6,0.44,25.0,1946.37,9.7,1111.0,104710.2,19.8,0.036380912385897,390.3503119042389,4.1459742774266015,94.1787655698146,0.1388344337691528,0.01286475,2025.8477675963245,270,Paper
267.6,0.44,25.0,1946.37,9.7,1111.0,104710.2,19.8,0.036380912385897,390.3503119042389,4.1459742774266015,94.1787655698146,0.1388344337691528,0.01286475,2025.8477675963245,270,Paper
267.6,0.44,25.0,1946.37,9.7,1111.0,104710.2,19.8,0.036380912385897,390.3503119042389,4.1459742774266015,94.1787655698146,0.1388344337691528,0.01286475,2025.8477675963245,270,Paper
267.6,0.44,25.0,1946.37,9.7,1111.0,104710.2,19.8,0.036380912385897,390.3503119042389,4.1459742774266015,94.1787655698146,0.1388344337691528,0.01286475,2025.8477675963245,270,Paper
267.2,-1.97,25.0,2032.25,10.13,1077.67,109172.1,19.8,0.036380912385897,390.3503119042389,4.1459742774266015,94.1787655698146,0.1388344337691528,0.01286475,2025.8477675963245,270,Paper
277.2,-0.22,25.0,1671.21,8.36,1210.99,106220.2,19.8,0.0296084298924013,365.7974782279578,4.380130533885739,83.52495247153368,0.1435270009440722,0.0291389999999999,3514.997818719093,290,Paper
277.2,-0.22,25.0,1671.21,8.36,1210.99,106220.2,19.8,0.0296084298924013,365.7974782279578,4.380130533885739,83.52495247153368,0.1435270009440722,0.0291389999999999,3514.997818719093,290,Paper
277.1,-0.22,25.0,1653.97,8.28,1233.21,105148.4,19.8,0.0296084298924013,365.7974782279578,4.380130533885739,83.52495247153368,0.1435270009440722,0.0291389999999999,3514.997818719093,290,Paper
277.1,-0.22,25.0,1653.97,8.28,1233.21,105148.4,19.8,0.0296084298924013,365.7974782279578,4.380130533885739,83.52495247153368,0.1435270009440722,0.0291389999999999,3514.997818719093,290,Paper
277.1,-0.22,25.0,1653.97,8.28,1233.21,105148.4,19.8,0.0296084298924013,365.7974782279578,4.380130533885739,83.52495247153368,0.1435270009440722,0.0291389999999999,3514.997818719093,290,Paper
277.1,-0.22,25.0,1653.97,8.28,1233.21,105148.4,19.8,0.0296084298924013,365.7974782279578,4.380130533885739,83.52495247153368,0.1435270009440722,0.0291389999999999,3514.997818719093,290,Paper
277.1,-0.22,25.0,1653.97,8.28,1233.21,105148.4,19.8,0.0296084298924013,365.7974782279578,4.380130533885739,83.52495247153368,0.1435270009440722,0.0291389999999999,3514.997818719093,290,Paper
277.1,-0.22,25.0,1653.97,8.28,1233.21,105148.4,19.8,0.0296084298924013,365.7974782279578,4.380130533885739,83.52495247153368,0.1435270009440722,0.0291389999999999,3514.997818719093,290,Paper
277.0,-0.66,25.0,1649.64,8.26,1199.88,100047.0,19.8,0.0296084298924013,365.7974782279578,4.380130533885739,83.52495247153368,0.1435270009440722,0.0291389999999999,3514.997818719093,290,Paper
277.0,-0.66,25.0,1649.64,8.26,1199.88,100047.0,19.8,0.0296084298924013,365.7974782279578,4.380130533885739,83.52495247153368,0.1435270009440722,0.0291389999999999,3514.997818719093,290,Paper
277.0,-0.66,25.0,1649.64,8.26,1199.88,100047.0,19.8,0.0296084298924013,365.7974782279578,4.380130533885739,83.52495247153368,0.1435270009440722,0.0291389999999999,3514.997818719093,290,Paper
277.0,-0.66,25.0,1649.64,8.26,1199.88,100047.0,19.8,0.0296084298924013,365.7974782279578,4.380130533885739,83.52495247153368,0.1435270009440722,0.0291389999999999,3514.997818719093,290,Paper
277.0,-0.66,25.0,1649.64,8.26,1199.88,100047.0,19.8,0.0296084298924013,365.7974782279578,4.380130533885739,83.52495247153368,0.1435270009440722,0.0291389999999999,3514.997818719093,290,Paper
276.8,-0.66,25.0,1589.44,7.96,1222.1,97836.0,19.8,0.0296084298924013,365.7974782279578,4.380130533885739,83.52495247153368,0.1435270009440722,0.0291389999999999,3514.997818719093,290,Paper
276.8,-0.66,25.0,1589.44,7.96,1222.1,97836.0,19.8,0.0296084298924013,365.7974782279578,4.380130533885739,83.52495247153368,0.1435270009440722,0.0291389999999999,3514.997818719093,290,Paper
276.8,-0.66,25.0,1589.44,7.96,1222.1,97836.0,19.8,0.0296084298924013,365.7974782279578,4.380130533885739,83.52495247153368,0.1435270009440722,0.0291389999999999,3514.997818719093,290,Paper
276.8,-0.66,25.0,1589.44,7.96,1222.1,97836.0,19.8,0.0296084298924013,365.7974782279578,4.380130533885739,83.52495247153368,0.1435270009440722,0.0291389999999999,3514.997818719093,290,Paper
276.8,-0.66,25.0,1589.44,7.96,1222.1,97836.0,19.8,0.0296084298924013,365.7974782279578,4.380130533885739,83.52495247153368,0.1435270009440722,0.0291389999999999,3514.997818719093,290,Paper
276.8,-0.66,25.0,1589.44,7.96,1222.1,97836.0,19.8,0.0296084298924013,365.7974782279578,4.380130533885739,83.52495247153368,0.1435270009440722,0.0291389999999999,3514.997818719093,290,Paper
276.8,-0.22,25.0,1707.42,8.56,1111.0,95823.8,19.8,0.0296084298924013,365.7974782279578,4.380130533885739,83.52495247153368,0.1435270009440722,0.0291389999999999,3514.997818719093,290,Paper
286.8,-1.29,25.0,776.11,3.86,11687.72,370220.6,19.3,0.0138164331604672,1260.8410211082785,39.86451945235184,31.63212545598638,0.1300000000000046,0.008439,6540.912379783113,300,Paper
286.8,-1.29,25.0,776.11,3.86,11687.72,370220.6,19.3,0.0138164331604672,1260.8410211082785,39.86451945235184,31.63212545598638,0.1300000000000046,0.008439,6540.912379783113,300,Paper
286.8,-1.29,25.0,776.11,3.86,11687.72,370220.6,19.3,0.0138164331604672,1260.8410211082785,39.86451945235184,31.63212545598638,0.1300000000000046,0.008439,6540.912379783113,300,Paper
286.8,-1.29,25.0,776.11,3.86,11687.72,370220.6,19.3,0.0138164331604672,1260.8410211082785,39.86451945235184,31.63212545598638,0.1300000000000046,0.008439,6540.912379783113,300,Paper
286.8,-1.29,25.0,776.11,3.86,11687.72,370220.6,19.3,0.0138164331604672,1260.8410211082785,39.86451945235184,31.63212545598638,0.1300000000000046,0.008439,6540.912379783113,300,Paper
286.8,0.0,25.0,780.16,3.88,11687.72,365034.2,19.3,0.0138164331604672,1260.8410211082785,39.86451945235184,31.63212545598638,0.1300000000000046,0.008439,6540.912379783113,300,Paper
286.8,0.0,25.0,780.16,3.88,11687.72,365034.2,19.3,0.0138164331604672,1260.8410211082785,39.86451945235184,31.63212545598638,0.1300000000000046,0.008439,6540.912379783113,300,Paper
286.8,0.0,25.0,780.16,3.88,11687.72,365034.2,19.3,0.0138164331604672,1260.8410211082785,39.86451945235184,31.63212545598638,0.1300000000000046,0.008439,6540.912379783113,300,Paper
286.8,0.0,25.0,780.16,3.88,11687.72,365034.2,19.3,0.0138164331604672,1260.8410211082785,39.86451945235184,31.63212545598638,0.1300000000000046,0.008439,6540.912379783113,300,Paper
286.8,0.0,25.0,780.16,3.88,11687.72,365034.2,19.3,0.0138164331604672,1260.8410211082785,39.86451945235184,31.63212545598638,0.1300000000000046,0.008439,6540.912379783113,300,Paper
286.5,-1.29,25.0,812.03,4.04,11165.55,356749.8,19.3,0.0138164331604672,1260.8410211082785,39.86451945235184,31.63212545598638,0.1300000000000046,0.008439,6540.912379783113,300,Paper
286.5,-1.29,25.0,812.03,4.04,11165.55,356749.8,19.3,0.0138164331604672,1260.8410211082785,39.86451945235184,31.63212545598638,0.1300000000000046,0.008439,6540.912379783113,300,Paper
286.5,-1.29,25.0,812.03,4.04,11165.55,356749.8,19.3,0.0138164331604672,1260.8410211082785,39.86451945235184,31.63212545598638,0.1300000000000046,0.008439,6540.912379783113,300,Paper
286.5,-1.29,25.0,812.03,4.04,11165.55,356749.8,19.3,0.0138164331604672,1260.8410211082785,39.86451945235184,31.63212545598638,0.1300000000000046,0.008439,6540.912379783113,300,Paper
286.5,-1.29,25.0,812.03,4.04,11165.55,356749.8,19.3,0.0138164331604672,1260.8410211082785,39.86451945235184,31.63212545598638,0.1300000000000046,0.008439,6540.912379783113,300,Paper
286.5,-1.29,25.0,812.03,4.04,11165.55,356749.8,19.3,0.0138164331604672,1260.8410211082785,39.86451945235184,31.63212545598638,0.1300000000000046,0.008439,6540.912379783113,300,Paper
286.7,0.64,25.0,818.01,4.07,11176.66,353169.3,19.3,0.0138164331604672,1260.8410211082785,39.86451945235184,31.63212545598638,0.1300000000000046,0.008439,6540.912379783113,300,Paper
286.7,0.64,25.0,818.01,4.07,11176.66,353169.3,19.3,0.0138164331604672,1260.8410211082785,39.86451945235184,31.63212545598638,0.1300000000000046,0.008439,6540.912379783113,300,Paper
286.7,0.64,25.0,818.01,4.07,11176.66,353169.3,19.3,0.0138164331604672,1260.8410211082785,39.86451945235184,31.63212545598638,0.1300000000000046,0.008439,6540.912379783113,300,Paper
286.7,0.64,25.0,818.01,4.07,11176.66,353169.3,19.3,0.0138164331604672,1260.8410211082785,39.86451945235184,31.63212545598638,0.1300000000000046,0.008439,6540.912379783113,300,Paper
298.3,0.44,25.0,1532.17,7.66,1144.33,89485.3,19.8,0.0235630692798809,292.43341161321507,4.195330016074497,70.15516143160629,0.2085665361461547,0.036261,3948.902242839144,310,Paper
298.3,0.0,25.0,1422.7,7.12,1155.44,86904.5,19.8,0.0235630692798809,292.43341161321507,4.195330016074497,70.15516143160629,0.2085665361461547,0.036261,3948.902242839144,310,Paper
298.3,0.0,25.0,1422.7,7.12,1155.44,86904.5,19.8,0.0235630692798809,292.43341161321507,4.195330016074497,70.15516143160629,0.2085665361461547,0.036261,3948.902242839144,310,Paper
298.3,0.0,25.0,1422.7,7.12,1155.44,86904.5,19.8,0.0235630692798809,292.43341161321507,4.195330016074497,70.15516143160629,0.2085665361461547,0.036261,3948.902242839144,310,Paper
298.3,0.0,25.0,1422.7,7.12,1155.44,86904.5,19.8,0.0235630692798809,292.43341161321507,4.195330016074497,70.15516143160629,0.2085665361461547,0.036261,3948.902242839144,310,Paper
298.3,0.0,25.0,1422.7,7.12,1155.44,86904.5,19.8,0.0235630692798809,292.43341161321507,4.195330016074497,70.15516143160629,0.2085665361461547,0.036261,3948.902242839144,310,Paper
298.1,-0.87,25.0,1371.54,6.87,1444.3,92305.1,19.8,0.0235630692798809,292.43341161321507,4.195330016074497,70.15516143160629,0.2085665361461547,0.036261,3948.902242839144,310,Paper
298.1,-0.87,25.0,1371.54,6.87,1444.3,92305.1,19.8,0.0235630692798809,292.43341161321507,4.195330016074497,70.15516143160629,0.2085665361461547,0.036261,3948.902242839144,310,Paper
298.1,-0.87,25.0,1371.54,6.87,1444.3,92305.1,19.8,0.0235630692798809,292.43341161321507,4.195330016074497,70.15516143160629,0.2085665361461547,0.036261,3948.902242839144,310,Paper
298.1,-0.87,25.0,1371.54,6.87,1444.3,92305.1,19.8,0.0235630692798809,292.43341161321507,4.195330016074497,70.15516143160629,0.2085665361461547,0.036261,3948.902242839144,310,Paper
298.1,-0.87,25.0,1371.54,6.87,1444.3,92305.1,19.8,0.0235630692798809,292.43341161321507,4.195330016074497,70.15516143160629,0.2085665361461547,0.036261,3948.902242839144,310,Paper
298.1,-0.87,25.0,1371.54,6.87,1444.3,92305.1,19.8,0.0235630692798809,292.43341161321507,4.195330016074497,70.15516143160629,0.2085665361461547,0.036261,3948.902242839144,310,Paper
297.9,-0.87,25.0,1376.55,6.9,1210.99,84404.5,19.8,0.0235630692798809,292.43341161321507,4.195330016074497,70.15516143160629,0.2085665361461547,0.036261,3948.902242839144,310,Paper
297.9,-0.87,25.0,1376.55,6.9,1210.99,84404.5,19.8,0.0235630692798809,292.43341161321507,4.195330016074497,70.15516143160629,0.2085665361461547,0.036261,3948.902242839144,310,Paper
297.9,-0.87,25.0,1376.55,6.9,1210.99,84404.5,19.8,0.0235630692798809,292.43341161321507,4.195330016074497,70.15516143160629,0.2085665361461547,0.036261,3948.902242839144,310,Paper
297.9,-0.87,25.0,1376.55,6.9,1210.99,84404.5,19.8,0.0235630692798809,292.43341161321507,4.195330016074497,70.15516143160629,0.2085665361461547,0.036261,3948.902242839144,310,Paper
297.9,-0.87,25.0,1376.55,6.9,1210.99,84404.5,19.8,0.0235630692798809,292.43341161321507,4.195330016074497,70.15516143160629,0.2085665361461547,0.036261,3948.902242839144,310,Paper
297.7,-0.87,25.0,1428.12,7.16,1122.11,81122.7,19.8,0.0235630692798809,292.43341161321507,4.195330016074497,70.15516143160629,0.2085665361461547,0.036261,3948.902242839144,310,Paper
297.7,-0.87,25.0,1428.12,7.16,1122.11,81122.7,19.8,0.0235630692798809,292.43341161321507,4.195330016074497,70.15516143160629,0.2085665361461547,0.036261,3948.902242839144,310,Paper
297.7,-0.87,25.0,1428.12,7.16,1122.11,81122.7,19.8,0.0235630692798809,292.43341161321507,4.195330016074497,70.15516143160629,0.2085665361461547,0.036261,3948.902242839144,310,Paper
310.0,1.72,25.0,787.28,3.94,10554.5,341191.4,19.3,0.0123733637180127,1205.8027156417445,38.13463429874694,31.686550328125048,0.2438749679651345,0.02390875,25095.794292821247,320,Paper
310.0,1.72,25.0,787.28,3.94,10554.5,341191.4,19.3,0.0123733637180127,1205.8027156417445,38.13463429874694,31.686550328125048,0.2438749679651345,0.02390875,25095.794292821247,320,Paper
310.0,1.72,25.0,787.28,3.94,10554.5,341191.4,19.3,0.0123733637180127,1205.8027156417445,38.13463429874694,31.686550328125048,0.2438749679651345,0.02390875,25095.794292821247,320,Paper
310.0,0.0,25.0,797.92,3.99,10554.5,345189.6,19.3,0.0123733637180127,1205.8027156417445,38.13463429874694,31.686550328125048,0.2438749679651345,0.02390875,25095.794292821247,320,Paper
310.0,0.0,25.0,797.92,3.99,10554.5,345189.6,19.3,0.0123733637180127,1205.8027156417445,38.13463429874694,31.686550328125048,0.2438749679651345,0.02390875,25095.794292821247,320,Paper
310.0,0.0,25.0,797.92,3.99,10554.5,345189.6,19.3,0.0123733637180127,1205.8027156417445,38.13463429874694,31.686550328125048,0.2438749679651345,0.02390875,25095.794292821247,320,Paper
310.0,0.0,25.0,797.92,3.99,10554.5,345189.6,19.3,0.0123733637180127,1205.8027156417445,38.13463429874694,31.686550328125048,0.2438749679651345,0.02390875,25095.794292821247,320,Paper
310.0,0.0,25.0,797.92,3.99,10554.5,345189.6,19.3,0.0123733637180127,1205.8027156417445,38.13463429874694,31.686550328125048,0.2438749679651345,0.02390875,25095.794292821247,320,Paper
310.0,0.0,25.0,730.93,3.67,12720.95,397177.1,19.2,0.0123733637180127,1205.8027156417445,38.13463429874694,31.686550328125048,0.2438749679651345,0.02390875,25095.794292821247,320,Paper
310.0,0.0,25.0,730.93,3.67,12720.95,397177.1,19.2,0.0123733637180127,1205.8027156417445,38.13463429874694,31.686550328125048,0.2438749679651345,0.02390875,25095.794292821247,320,Paper
310.0,0.0,25.0,730.93,3.67,12720.95,397177.1,19.2,0.0123733637180127,1205.8027156417445,38.13463429874694,31.686550328125048,0.2438749679651345,0.02390875,25095.794292821247,320,Paper
310.0,0.0,25.0,730.93,3.67,12720.95,397177.1,19.2,0.0123733637180127,1205.8027156417445,38.13463429874694,31.686550328125048,0.2438749679651345,0.02390875,25095.794292821247,320,Paper
310.0,0.0,25.0,730.93,3.67,12720.95,397177.1,19.2,0.0123733637180127,1205.8027156417445,38.13463429874694,31.686550328125048,0.2438749679651345,0.02390875,25095.794292821247,320,Paper
310.0,0.0,25.0,730.93,3.67,12720.95,397177.1,19.2,0.0123733637180127,1205.8027156417445,38.13463429874694,31.686550328125048,0.2438749679651345,0.02390875,25095.794292821247,320,Paper
310.4,1.72,25.0,777.28,3.9,12454.31,388451.1,19.2,0.0123733637180127,1205.8027156417445,38.13463429874694,31.686550328125048,0.2438749679651345,0.02390875,25095.794292821247,320,Paper
310.4,1.72,25.0,777.28,3.9,12454.31,388451.1,19.2,0.0123733637180127,1205.8027156417445,38.13463429874694,31.686550328125048,0.2438749679651345,0.02390875,25095.794292821247,320,Paper
310.4,1.72,25.0,777.28,3.9,12454.31,388451.1,19.2,0.0123733637180127,1205.8027156417445,38.13463429874694,31.686550328125048,0.2438749679651345,0.02390875,25095.794292821247,320,Paper
310.4,1.72,25.0,777.28,3.9,12454.31,388451.1,19.2,0.0123733637180127,1205.8027156417445,38.13463429874694,31.686550328125048,0.2438749679651345,0.02390875,25095.794292821247,320,Paper
310.4,1.72,25.0,777.28,3.9,12454.31,388451.1,19.2,0.0123733637180127,1205.8027156417445,38.13463429874694,31.686550328125048,0.2438749679651345,0.02390875,25095.794292821247,320,Paper
310.9,2.13,25.0,687.09,3.46,13520.87,404811.3,19.2,0.0123733637180127,1205.8027156417445,38.13463429874694,31.686550328125048,0.2438749679651345,0.02390875,25095.794292821247,320,Paper
318.9,1.74,25.0,1020.89,5.13,2955.26,116682.7,19.7,0.0154058651694489,519.2222630687572,14.776248169241786,35.72862190413313,0.170587221092333,0.0351187499999999,38668.45027376841,330,Paper
318.9,1.74,25.0,1020.89,5.13,2955.26,116682.7,19.7,0.0154058651694489,519.2222630687572,14.776248169241786,35.72862190413313,0.170587221092333,0.0351187499999999,38668.45027376841,330,Paper
318.9,1.74,25.0,1020.89,5.13,2955.26,116682.7,19.7,0.0154058651694489,519.2222630687572,14.776248169241786,35.72862190413313,0.170587221092333,0.0351187499999999,38668.45027376841,330,Paper
318.9,1.74,25.0,1020.89,5.13,2955.26,116682.7,19.7,0.0154058651694489,519.2222630687572,14.776248169241786,35.72862190413313,0.170587221092333,0.0351187499999999,38668.45027376841,330,Paper
318.9,1.74,25.0,1020.89,5.13,2955.26,116682.7,19.7,0.0154058651694489,519.2222630687572,14.776248169241786,35.72862190413313,0.170587221092333,0.0351187499999999,38668.45027376841,330,Paper
319.1,1.3,25.0,978.6,4.91,5577.22,191886.0,19.5,0.0154058651694489,519.2222630687572,14.776248169241786,35.72862190413313,0.170587221092333,0.0351187499999999,38668.45027376841,330,Paper
319.1,1.3,25.0,978.6,4.91,5577.22,191886.0,19.5,0.0154058651694489,519.2222630687572,14.776248169241786,35.72862190413313,0.170587221092333,0.0351187499999999,38668.45027376841,330,Paper
319.1,1.3,25.0,978.6,4.91,5577.22,191886.0,19.5,0.0154058651694489,519.2222630687572,14.776248169241786,35.72862190413313,0.170587221092333,0.0351187499999999,38668.45027376841,330,Paper
319.1,1.3,25.0,978.6,4.91,5577.22,191886.0,19.5,0.0154058651694489,519.2222630687572,14.776248169241786,35.72862190413313,0.170587221092333,0.0351187499999999,38668.45027376841,330,Paper
319.1,1.3,25.0,978.6,4.91,5577.22,191886.0,19.5,0.0154058651694489,519.2222630687572,14.776248169241786,35.72862190413313,0.170587221092333,0.0351187499999999,38668.45027376841,330,Paper
319.1,1.3,25.0,978.6,4.91,5577.22,191886.0,19.5,0.0154058651694489,519.2222630687572,14.776248169241786,35.72862190413313,0.170587221092333,0.0351187499999999,38668.45027376841,330,Paper
318.7,-1.95,25.0,920.14,4.62,6221.6,209131.1,19.5,0.0154058651694489,519.2222630687572,14.776248169241786,35.72862190413313,0.170587221092333,0.0351187499999999,38668.45027376841,330,Paper
318.7,-1.95,25.0,920.14,4.62,6221.6,209131.1,19.5,0.0154058651694489,519.2222630687572,14.776248169241786,35.72862190413313,0.170587221092333,0.0351187499999999,38668.45027376841,330,Paper
318.7,-1.95,25.0,920.14,4.62,6221.6,209131.1,19.5,0.0154058651694489,519.2222630687572,14.776248169241786,35.72862190413313,0.170587221092333,0.0351187499999999,38668.45027376841,330,Paper
318.7,-1.95,25.0,920.14,4.62,6221.6,209131.1,19.5,0.0154058651694489,519.2222630687572,14.776248169241786,35.72862190413313,0.170587221092333,0.0351187499999999,38668.45027376841,330,Paper
318.7,-1.95,25.0,920.14,4.62,6221.6,209131.1,19.5,0.0154058651694489,519.2222630687572,14.776248169241786,35.72862190413313,0.170587221092333,0.0351187499999999,38668.45027376841,330,Paper
318.7,0.0,25.0,997.98,5.01,3721.85,132736.7,19.7,0.0154058651694489,519.2222630687572,14.776248169241786,35.72862190413313,0.170587221092333,0.0351187499999999,38668.45027376841,330,Paper
318.7,0.0,25.0,997.98,5.01,3721.85,132736.7,19.7,0.0154058651694489,519.2222630687572,14.776248169241786,35.72862190413313,0.170587221092333,0.0351187499999999,38668.45027376841,330,Paper
318.7,0.0,25.0,997.98,5.01,3721.85,132736.7,19.7,0.0154058651694489,519.2222630687572,14.776248169241786,35.72862190413313,0.170587221092333,0.0351187499999999,38668.45027376841,330,Paper
318.7,0.0,25.0,997.98,5.01,3721.85,132736.7,19.7,0.0154058651694489,519.2222630687572,14.776248169241786,35.72862190413313,0.170587221092333,0.0351187499999999,38668.45027376841,330,Paper
328.2,0.43,25.0,993.81,4.97,9354.62,325548.9,19.4,0.0202249938421165,320.7593320427301,6.450011421551349,58.06063783868908,0.0458257569495688,0.6847027500000001,53772.52540154011,340,Paper
328.2,0.0,25.0,1129.81,5.65,3077.47,125161.9,19.7,0.0202249938421165,320.7593320427301,6.450011421551349,58.06063783868908,0.0458257569495688,0.6847027500000001,53772.52540154011,340,Paper
328.2,0.0,25.0,1129.81,5.65,3077.47,125161.9,19.7,0.0202249938421165,320.7593320427301,6.450011421551349,58.06063783868908,0.0458257569495688,0.6847027500000001,53772.52540154011,340,Paper
328.2,0.0,25.0,1129.81,5.65,3077.47,125161.9,19.7,0.0202249938421165,320.7593320427301,6.450011421551349,58.06063783868908,0.0458257569495688,0.6847027500000001,53772.52540154011,340,Paper
328.2,0.0,25.0,1129.81,5.65,3077.47,125161.9,19.7,0.0202249938421165,320.7593320427301,6.450011421551349,58.06063783868908,0.0458257569495688,0.6847027500000001,53772.52540154011,340,Paper
328.2,0.0,25.0,1129.81,5.65,3077.47,125161.9,19.7,0.0202249938421165,320.7593320427301,6.450011421551349,58.06063783868908,0.0458257569495688,0.6847027500000001,53772.52540154011,340,Paper
328.2,-0.22,25.0,1320.07,6.59,1333.2,81262.8,19.8,0.0202249938421165,320.7593320427301,6.450011421551349,58.06063783868908,0.0458257569495688,0.6847027500000001,53772.52540154011,340,Paper
328.2,-0.22,25.0,1320.07,6.59,1333.2,81262.8,19.8,0.0202249938421165,320.7593320427301,6.450011421551349,58.06063783868908,0.0458257569495688,0.6847027500000001,53772.52540154011,340,Paper
328.2,-0.22,25.0,1320.07,6.59,1333.2,81262.8,19.8,0.0202249938421165,320.7593320427301,6.450011421551349,58.06063783868908,0.0458257569495688,0.6847027500000001,53772.52540154011,340,Paper
328.2,-0.22,25.0,1320.07,6.59,1333.2,81262.8,19.8,0.0202249938421165,320.7593320427301,6.450011421551349,58.06063783868908,0.0458257569495688,0.6847027500000001,53772.52540154011,340,Paper
328.2,-0.22,25.0,1320.07,6.59,1333.2,81262.8,19.8,0.0202249938421165,320.7593320427301,6.450011421551349,58.06063783868908,0.0458257569495688,0.6847027500000001,53772.52540154011,340,Paper
328.3,0.44,25.0,1443.23,7.19,1277.65,84288.0,19.8,0.0202249938421165,320.7593320427301,6.450011421551349,58.06063783868908,0.0458257569495688,0.6847027500000001,53772.52540154011,340,Paper
328.3,0.44,25.0,1443.23,7.19,1277.65,84288.0,19.8,0.0202249938421165,320.7593320427301,6.450011421551349,58.06063783868908,0.0458257569495688,0.6847027500000001,53772.52540154011,340,Paper
328.3,0.44,25.0,1443.23,7.19,1277.65,84288.0,19.8,0.0202249938421165,320.7593320427301,6.450011421551349,58.06063783868908,0.0458257569495688,0.6847027500000001,53772.52540154011,340,Paper
328.3,0.44,25.0,1443.23,7.19,1277.65,84288.0,19.8,0.0202249938421165,320.7593320427301,6.450011421551349,58.06063783868908,0.0458257569495688,0.6847027500000001,53772.52540154011,340,Paper
328.3,0.44,25.0,1443.23,7.19,1277.65,84288.0,19.8,0.0202249938421165,320.7593320427301,6.450011421551349,58.06063783868908,0.0458257569495688,0.6847027500000001,53772.52540154011,340,Paper
328.3,0.44,25.0,1443.23,7.19,1277.65,84288.0,19.8,0.0202249938421165,320.7593320427301,6.450011421551349,58.06063783868908,0.0458257569495688,0.6847027500000001,53772.52540154011,340,Paper
328.2,-0.22,25.0,1570.76,7.82,1088.78,80739.3,19.8,0.0202249938421165,320.7593320427301,6.450011421551349,58.06063783868908,0.0458257569495688,0.6847027500000001,53772.52540154011,340,Paper
328.2,-0.22,25.0,1570.76,7.82,1088.78,80739.3,19.8,0.0202249938421165,320.7593320427301,6.450011421551349,58.06063783868908,0.0458257569495688,0.6847027500000001,53772.52540154011,340,Paper
328.2,-0.22,25.0,1570.76,7.82,1088.78,80739.3,19.8,0.0202249938421165,320.7593320427301,6.450011421551349,58.06063783868908,0.0458257569495688,0.6847027500000001,53772.52540154011,340,Paper
338.5,1.3,25.0,940.24,4.72,5866.08,187836.8,19.5,0.01424182710485,798.6947148993639,23.114667976446754,34.48779785412729,0.2729010809799121,0.01676475,27768.176724399375,350,Paper
338.5,1.3,25.0,940.24,4.72,5866.08,187836.8,19.5,0.01424182710485,798.6947148993639,23.114667976446754,34.48779785412729,0.2729010809799121,0.01676475,27768.176724399375,350,Paper
338.9,1.72,25.0,961.09,4.82,8132.52,279864.7,19.4,0.01424182710485,798.6947148993639,23.114667976446754,34.48779785412729,0.2729010809799121,0.01676475,27768.176724399375,350,Paper
338.9,1.72,25.0,961.09,4.82,8132.52,279864.7,19.4,0.01424182710485,798.6947148993639,23.114667976446754,34.48779785412729,0.2729010809799121,0.01676475,27768.176724399375,350,Paper
338.9,1.72,25.0,961.09,4.82,8132.52,279864.7,19.4,0.01424182710485,798.6947148993639,23.114667976446754,34.48779785412729,0.2729010809799121,0.01676475,27768.176724399375,350,Paper
338.9,1.72,25.0,961.09,4.82,8132.52,279864.7,19.4,0.01424182710485,798.6947148993639,23.114667976446754,34.48779785412729,0.2729010809799121,0.01676475,27768.176724399375,350,Paper
338.9,1.72,25.0,961.09,4.82,8132.52,279864.7,19.4,0.01424182710485,798.6947148993639,23.114667976446754,34.48779785412729,0.2729010809799121,0.01676475,27768.176724399375,350,Paper
338.9,1.72,25.0,961.09,4.82,8132.52,279864.7,19.4,0.01424182710485,798.6947148993639,23.114667976446754,34.48779785412729,0.2729010809799121,0.01676475,27768.176724399375,350,Paper
339.3,1.72,25.0,934.4,4.68,8132.52,282280.2,19.4,0.01424182710485,798.6947148993639,23.114667976446754,34.48779785412729,0.2729010809799121,0.01676475,27768.176724399375,350,Paper
339.3,1.72,25.0,934.4,4.68,8132.52,282280.2,19.4,0.01424182710485,798.6947148993639,23.114667976446754,34.48779785412729,0.2729010809799121,0.01676475,27768.176724399375,350,Paper
339.3,1.72,25.0,934.4,4.68,8132.52,282280.2,19.4,0.01424182710485,798.6947148993639,23.114667976446754,34.48779785412729,0.2729010809799121,0.01676475,27768.176724399375,350,Paper
339.3,1.72,25.0,934.4,4.68,8132.52,282280.2,19.4,0.01424182710485,798.6947148993639,23.114667976446754,34.48779785412729,0.2729010809799121,0.01676475,27768.176724399375,350,Paper
339.3,1.72,25.0,934.4,4.68,8132.52,282280.2,19.4,0.01424182710485,798.6947148993639,23.114667976446754,34.48779785412729,0.2729010809799121,0.01676475,27768.176724399375,350,Paper
339.3,0.0,25.0,1001.4,5.01,7910.32,277436.6,19.4,0.01424182710485,798.6947148993639,23.114667976446754,34.48779785412729,0.2729010809799121,0.01676475,27768.176724399375,350,Paper
339.3,0.0,25.0,1001.4,5.01,7910.32,277436.6,19.4,0.01424182710485,798.6947148993639,23.114667976446754,34.48779785412729,0.2729010809799121,0.01676475,27768.176724399375,350,Paper
339.3,0.0,25.0,1001.4,5.01,7910.32,277436.6,19.4,0.01424182710485,798.6947148993639,23.114667976446754,34.48779785412729,0.2729010809799121,0.01676475,27768.176724399375,350,Paper
339.3,0.0,25.0,1001.4,5.01,7910.32,277436.6,19.4,0.01424182710485,798.6947148993639,23.114667976446754,34.48779785412729,0.2729010809799121,0.01676475,27768.176724399375,350,Paper
339.3,0.0,25.0,1001.4,5.01,7910.32,277436.6,19.4,0.01424182710485,798.6947148993639,23.114667976446754,34.48779785412729,0.2729010809799121,0.01676475,27768.176724399375,350,Paper
339.3,0.0,25.0,1001.4,5.01,7910.32,277436.6,19.4,0.01424182710485,798.6947148993639,23.114667976446754,34.48779785412729,0.2729010809799121,0.01676475,27768.176724399375,350,Paper
339.4,0.65,25.0,954.78,4.77,8121.41,286274.5,19.4,0.01424182710485,798.6947148993639,23.114667976446754,34.48779785412729,0.2729010809799121,0.01676475,27768.176724399375,350,Paper
349.1,0.21,25.0,852.93,4.29,10454.51,327675.0,19.3,0.0136966739033921,811.8140481967718,24.264229853207635,33.59261914613397,0.3199999999999818,0.0780547499999999,22336.981705514183,360,Paper
349.1,0.21,25.0,852.93,4.29,10454.51,327675.0,19.3,0.0136966739033921,811.8140481967718,24.264229853207635,33.59261914613397,0.3199999999999818,0.0780547499999999,22336.981705514183,360,Paper
349.1,0.21,25.0,852.93,4.29,10454.51,327675.0,19.3,0.0136966739033921,811.8140481967718,24.264229853207635,33.59261914613397,0.3199999999999818,0.0780547499999999,22336.981705514183,360,Paper
349.1,0.21,25.0,852.93,4.29,10454.51,327675.0,19.3,0.0136966739033921,811.8140481967718,24.264229853207635,33.59261914613397,0.3199999999999818,0.0780547499999999,22336.981705514183,360,Paper
349.9,3.66,25.0,944.17,4.75,8088.08,267257.6,19.4,0.0136966739033921,811.8140481967718,24.264229853207635,33.59261914613397,0.3199999999999818,0.0780547499999999,22336.981705514183,360,Paper
349.9,3.66,25.0,944.17,4.75,8088.08,267257.6,19.4,0.0136966739033921,811.8140481967718,24.264229853207635,33.59261914613397,0.3199999999999818,0.0780547499999999,22336.981705514183,360,Paper
349.9,3.66,25.0,944.17,4.75,8088.08,267257.6,19.4,0.0136966739033921,811.8140481967718,24.264229853207635,33.59261914613397,0.3199999999999818,0.0780547499999999,22336.981705514183,360,Paper
349.9,3.66,25.0,944.17,4.75,8088.08,267257.6,19.4,0.0136966739033921,811.8140481967718,24.264229853207635,33.59261914613397,0.3199999999999818,0.0780547499999999,22336.981705514183,360,Paper
349.9,3.66,25.0,944.17,4.75,8088.08,267257.6,19.4,0.0136966739033921,811.8140481967718,24.264229853207635,33.59261914613397,0.3199999999999818,0.0780547499999999,22336.981705514183,360,Paper
349.9,0.22,25.0,975.99,4.9,7899.21,272043.6,19.4,0.0136966739033921,811.8140481967718,24.264229853207635,33.59261914613397,0.3199999999999818,0.0780547499999999,22336.981705514183,360,Paper
349.9,0.22,25.0,975.99,4.9,7899.21,272043.6,19.4,0.0136966739033921,811.8140481967718,24.264229853207635,33.59261914613397,0.3199999999999818,0.0780547499999999,22336.981705514183,360,Paper
349.9,0.22,25.0,975.99,4.9,7899.21,272043.6,19.4,0.0136966739033921,811.8140481967718,24.264229853207635,33.59261914613397,0.3199999999999818,0.0780547499999999,22336.981705514183,360,Paper
349.9,0.22,25.0,975.99,4.9,7899.21,272043.6,19.4,0.0136966739033921,811.8140481967718,24.264229853207635,33.59261914613397,0.3199999999999818,0.0780547499999999,22336.981705514183,360,Paper
349.9,0.22,25.0,975.99,4.9,7899.21,272043.6,19.4,0.0136966739033921,811.8140481967718,24.264229853207635,33.59261914613397,0.3199999999999818,0.0780547499999999,22336.981705514183,360,Paper
349.9,0.22,25.0,975.99,4.9,7899.21,272043.6,19.4,0.0136966739033921,811.8140481967718,24.264229853207635,33.59261914613397,0.3199999999999818,0.0780547499999999,22336.981705514183,360,Paper
349.9,0.0,25.0,1016.92,5.1,8010.31,279764.3,19.4,0.0136966739033921,811.8140481967718,24.264229853207635,33.59261914613397,0.3199999999999818,0.0780547499999999,22336.981705514183,360,Paper
349.9,0.0,25.0,1016.92,5.1,8010.31,279764.3,19.4,0.0136966739033921,811.8140481967718,24.264229853207635,33.59261914613397,0.3199999999999818,0.0780547499999999,22336.981705514183,360,Paper
349.9,0.0,25.0,1016.92,5.1,8010.31,279764.3,19.4,0.0136966739033921,811.8140481967718,24.264229853207635,33.59261914613397,0.3199999999999818,0.0780547499999999,22336.981705514183,360,Paper
349.9,0.0,25.0,1016.92,5.1,8010.31,279764.3,19.4,0.0136966739033921,811.8140481967718,24.264229853207635,33.59261914613397,0.3199999999999818,0.0780547499999999,22336.981705514183,360,Paper
349.9,0.0,25.0,1016.92,5.1,8010.31,279764.3,19.4,0.0136966739033921,811.8140481967718,24.264229853207635,33.59261914613397,0.3199999999999818,0.0780547499999999,22336.981705514183,360,Paper
19.6,0.0,25.0,13143.16,16.15,166.65,105793.9,19.8,0.8108673469387755,5330.823214285714,8.502551020408163,626.9675067506753,3.552713678800501e-15,0.0675609999999998,1318.3784525981166,20,Suitcase
19.6,0.0,25.0,12676.44,15.57,166.65,102878.3,19.8,0.8108673469387755,5330.823214285714,8.502551020408163,626.9675067506753,3.552713678800501e-15,0.0675609999999998,1318.3784525981166,20,Suitcase
19.6,0.0,25.0,12676.44,15.57,166.65,102878.3,19.8,0.8108673469387755,5330.823214285714,8.502551020408163,626.9675067506753,3.552713678800501e-15,0.0675609999999998,1318.3784525981166,20,Suitcase
19.6,0.0,25.0,12676.44,15.57,166.65,102878.3,19.8,0.8108673469387755,5330.823214285714,8.502551020408163,626.9675067506753,3.552713678800501e-15,0.0675609999999998,1318.3784525981166,20,Suitcase
19.6,0.0,25.0,12676.44,15.57,166.65,102878.3,19.8,0.8108673469387755,5330.823214285714,8.502551020408163,626.9675067506753,3.552713678800501e-15,0.0675609999999998,1318.3784525981166,20,Suitcase
19.6,0.0,25.0,12676.44,15.57,166.65,102878.3,19.8,0.8108673469387755,5330.823214285714,8.502551020408163,626.9675067506753,3.552713678800501e-15,0.0675609999999998,1318.3784525981166,20,Suitcase
19.6,-0.22,25.0,13033.32,16.0,166.65,105142.6,19.8,0.8108673469387755,5330.823214285714,8.502551020408163,626.9675067506753,3.552713678800501e-15,0.0675609999999998,1318.3784525981166,20,Suitcase
19.6,-0.22,25.0,13033.32,16.0,166.65,105142.6,19.8,0.8108673469387755,5330.823214285714,8.502551020408163,626.9675067506753,3.552713678800501e-15,0.0675609999999998,1318.3784525981166,20,Suitcase
19.6,-0.22,25.0,13033.32,16.0,166.65,105142.6,19.8,0.8108673469387755,5330.823214285714,8.502551020408163,626.9675067506753,3.552713678800501e-15,0.0675609999999998,1318.3784525981166,20,Suitcase
19.6,-0.22,25.0,13033.32,16.0,166.65,105142.6,19.8,0.8108673469387755,5330.823214285714,8.502551020408163,626.9675067506753,3.552713678800501e-15,0.0675609999999998,1318.3784525981166,20,Suitcase
19.6,-0.22,25.0,13033.32,16.0,166.65,105142.6,19.8,0.8108673469387755,5330.823214285714,8.502551020408163,626.9675067506753,3.552713678800501e-15,0.0675609999999998,1318.3784525981166,20,Suitcase
19.6,-0.22,25.0,13033.32,16.0,166.65,105142.6,19.8,0.8108673469387755,5330.823214285714,8.502551020408163,626.9675067506753,3.552713678800501e-15,0.0675609999999998,1318.3784525981166,20,Suitcase
19.6,0.0,25.0,13211.1,16.2,166.65,105945.8,19.8,0.8108673469387755,5330.823214285714,8.502551020408163,626.9675067506753,3.552713678800501e-15,0.0675609999999998,1318.3784525981166,20,Suitcase
19.6,0.0,25.0,13211.1,16.2,166.65,105945.8,19.8,0.8108673469387755,5330.823214285714,8.502551020408163,626.9675067506753,3.552713678800501e-15,0.0675609999999998,1318.3784525981166,20,Suitcase
19.6,0.0,25.0,13211.1,16.2,166.65,105945.8,19.8,0.8108673469387755,5330.823214285714,8.502551020408163,626.9675067506753,3.552713678800501e-15,0.0675609999999998,1318.3784525981166,20,Suitcase
19.6,0.0,25.0,13211.1,16.2,166.65,105945.8,19.8,0.8108673469387755,5330.823214285714,8.502551020408163,626.9675067506753,3.552713678800501e-15,0.0675609999999998,1318.3784525981166,20,Suitcase
19.6,0.0,25.0,13211.1,16.2,166.65,105945.8,19.8,0.8108673469387755,5330.823214285714,8.502551020408163,626.9675067506753,3.552713678800501e-15,0.0675609999999998,1318.3784525981166,20,Suitcase
19.6,0.0,25.0,12740.7,15.62,166.65,102970.9,19.8,0.8108673469387755,5330.823214285714,8.502551020408163,626.9675067506753,3.552713678800501e-15,0.0675609999999998,1318.3784525981166,20,Suitcase
19.6,0.0,25.0,12740.7,15.62,166.65,102970.9,19.8,0.8108673469387755,5330.823214285714,8.502551020408163,626.9675067506753,3.552713678800501e-15,0.0675609999999998,1318.3784525981166,20,Suitcase
19.6,0.0,25.0,12740.7,15.62,166.65,102970.9,19.8,0.8108673469387755,5330.823214285714,8.502551020408163,626.9675067506753,3.552713678800501e-15,0.0675609999999998,1318.3784525981166,20,Suitcase
26.2,0.22,25.0,7896.56,26.34,411.07,127963.0,19.8,1.0205553943052856,5014.284094273357,16.106646155632312,311.3425889421199,0.0400000000000005,0.1762747500000007,2316.344732957506,30,Suitcase
26.2,0.22,25.0,7896.56,26.34,411.07,127963.0,19.8,1.0205553943052856,5014.284094273357,16.106646155632312,311.3425889421199,0.0400000000000005,0.1762747500000007,2316.344732957506,30,Suitcase
26.2,0.22,25.0,7896.56,26.34,411.07,127963.0,19.8,1.0205553943052856,5014.284094273357,16.106646155632312,311.3425889421199,0.0400000000000005,0.1762747500000007,2316.344732957506,30,Suitcase
26.2,0.22,25.0,7896.56,26.34,411.07,127963.0,19.8,1.0205553943052856,5014.284094273357,16.106646155632312,311.3425889421199,0.0400000000000005,0.1762747500000007,2316.344732957506,30,Suitcase
26.3,0.22,25.0,8004.95,26.72,422.18,130568.6,19.8,1.0205553943052856,5014.284094273357,16.106646155632312,311.3425889421199,0.0400000000000005,0.1762747500000007,2316.344732957506,30,Suitcase
26.3,0.22,25.0,8004.95,26.72,422.18,130568.6,19.8,1.0205553943052856,5014.284094273357,16.106646155632312,311.3425889421199,0.0400000000000005,0.1762747500000007,2316.344732957506,30,Suitcase
26.3,0.22,25.0,8004.95,26.72,422.18,130568.6,19.8,1.0205553943052856,5014.284094273357,16.106646155632312,311.3425889421199,0.0400000000000005,0.1762747500000007,2316.344732957506,30,Suitcase
26.3,0.22,25.0,8004.95,26.72,422.18,130568.6,19.8,1.0205553943052856,5014.284094273357,16.106646155632312,311.3425889421199,0.0400000000000005,0.1762747500000007,2316.344732957506,30,Suitcase
26.3,0.22,25.0,8004.95,26.72,422.18,130568.6,19.8,1.0205553943052856,5014.284094273357,16.106646155632312,311.3425889421199,0.0400000000000005,0.1762747500000007,2316.344732957506,30,Suitcase
26.3,0.0,25.0,7980.63,26.65,433.29,133518.8,19.8,1.0205553943052856,5014.284094273357,16.106646155632312,311.3425889421199,0.0400000000000005,0.1762747500000007,2316.344732957506,30,Suitcase
26.3,0.0,25.0,7980.63,26.65,433.29,133518.8,19.8,1.0205553943052856,5014.284094273357,16.106646155632312,311.3425889421199,0.0400000000000005,0.1762747500000007,2316.344732957506,30,Suitcase
26.3,0.0,25.0,7980.63,26.65,433.29,133518.8,19.8,1.0205553943052856,5014.284094273357,16.106646155632312,311.3425889421199,0.0400000000000005,0.1762747500000007,2316.344732957506,30,Suitcase
26.3,0.0,25.0,7980.63,26.65,433.29,133518.8,19.8,1.0205553943052856,5014.284094273357,16.106646155632312,311.3425889421199,0.0400000000000005,0.1762747500000007,2316.344732957506,30,Suitcase
26.3,0.0,25.0,7980.63,26.65,433.29,133518.8,19.8,1.0205553943052856,5014.284094273357,16.106646155632312,311.3425889421199,0.0400000000000005,0.1762747500000007,2316.344732957506,30,Suitcase
26.3,0.0,25.0,7980.63,26.65,433.29,133518.8,19.8,1.0205553943052856,5014.284094273357,16.106646155632312,311.3425889421199,0.0400000000000005,0.1762747500000007,2316.344732957506,30,Suitcase
26.3,0.0,25.0,8232.55,27.51,422.18,133950.4,19.8,1.0205553943052856,5014.284094273357,16.106646155632312,311.3425889421199,0.0400000000000005,0.1762747500000007,2316.344732957506,30,Suitcase
26.3,0.0,25.0,8232.55,27.51,422.18,133950.4,19.8,1.0205553943052856,5014.284094273357,16.106646155632312,311.3425889421199,0.0400000000000005,0.1762747500000007,2316.344732957506,30,Suitcase
26.3,0.0,25.0,8232.55,27.51,422.18,133950.4,19.8,1.0205553943052856,5014.284094273357,16.106646155632312,311.3425889421199,0.0400000000000005,0.1762747500000007,2316.344732957506,30,Suitcase
26.3,0.0,25.0,8232.55,27.51,422.18,133950.4,19.8,1.0205553943052856,5014.284094273357,16.106646155632312,311.3425889421199,0.0400000000000005,0.1762747500000007,2316.344732957506,30,Suitcase
26.3,0.0,25.0,8232.55,27.51,422.18,133950.4,19.8,1.0205553943052856,5014.284094273357,16.106646155632312,311.3425889421199,0.0400000000000005,0.1762747500000007,2316.344732957506,30,Suitcase
40.0,0.0,25.0,13039.69,53.64,211.09,124863.1,19.8,1.3700000000000003,3162.85625,5.207812499999998,607.7959703865123,0.0,2.2168000000000005,1492.0610284100287,40,Suitcase
40.0,0.0,25.0,13039.69,53.64,211.09,124863.1,19.8,1.3700000000000003,3162.85625,5.207812499999998,607.7959703865123,0.0,2.2168000000000005,1492.0610284100287,40,Suitcase
40.0,0.0,25.0,13039.69,53.64,211.09,124863.1,19.8,1.3700000000000003,3162.85625,5.207812499999998,607.7959703865123,0.0,2.2168000000000005,1492.0610284100287,40,Suitcase
40.0,0.0,25.0,13039.69,53.64,211.09,124863.1,19.8,1.3700000000000003,3162.85625,5.207812499999998,607.7959703865123,0.0,2.2168000000000005,1492.0610284100287,40,Suitcase
40.0,0.0,25.0,13039.69,53.64,211.09,124863.1,19.8,1.3700000000000003,3162.85625,5.207812499999998,607.7959703865123,0.0,2.2168000000000005,1492.0610284100287,40,Suitcase
40.0,0.0,25.0,13942.31,57.28,199.98,128548.9,19.8,1.3700000000000003,3162.85625,5.207812499999998,607.7959703865123,0.0,2.2168000000000005,1492.0610284100287,40,Suitcase
40.0,0.0,25.0,13942.31,57.28,199.98,128548.9,19.8,1.3700000000000003,3162.85625,5.207812499999998,607.7959703865123,0.0,2.2168000000000005,1492.0610284100287,40,Suitcase
40.0,0.0,25.0,13942.31,57.28,199.98,128548.9,19.8,1.3700000000000003,3162.85625,5.207812499999998,607.7959703865123,0.0,2.2168000000000005,1492.0610284100287,40,Suitcase
40.0,0.0,25.0,13942.31,57.28,199.98,128548.9,19.8,1.3700000000000003,3162.85625,5.207812499999998,607.7959703865123,0.0,2.2168000000000005,1492.0610284100287,40,Suitcase
40.0,0.0,25.0,13942.31,57.28,199.98,128548.9,19.8,1.3700000000000003,3162.85625,5.207812499999998,607.7959703865123,0.0,2.2168000000000005,1492.0610284100287,40,Suitcase
40.0,0.0,25.0,13320.27,54.64,211.09,127313.8,19.8,1.3700000000000003,3162.85625,5.207812499999998,607.7959703865123,0.0,2.2168000000000005,1492.0610284100287,40,Suitcase
40.0,0.0,25.0,13320.27,54.64,211.09,127313.8,19.8,1.3700000000000003,3162.85625,5.207812499999998,607.7959703865123,0.0,2.2168000000000005,1492.0610284100287,40,Suitcase
40.0,0.0,25.0,13320.27,54.64,211.09,127313.8,19.8,1.3700000000000003,3162.85625,5.207812499999998,607.7959703865123,0.0,2.2168000000000005,1492.0610284100287,40,Suitcase
40.0,0.0,25.0,13320.27,54.64,211.09,127313.8,19.8,1.3700000000000003,3162.85625,5.207812499999998,607.7959703865123,0.0,2.2168000000000005,1492.0610284100287,40,Suitcase
40.0,0.0,25.0,13320.27,54.64,211.09,127313.8,19.8,1.3700000000000003,3162.85625,5.207812499999998,607.7959703865123,0.0,2.2168000000000005,1492.0610284100287,40,Suitcase
40.0,0.0,25.0,13092.82,53.64,211.09,125331.2,19.8,1.3700000000000003,3162.85625,5.207812499999998,607.7959703865123,0.0,2.2168000000000005,1492.0610284100287,40,Suitcase
40.0,0.0,25.0,13092.82,53.64,211.09,125331.2,19.8,1.3700000000000003,3162.85625,5.207812499999998,607.7959703865123,0.0,2.2168000000000005,1492.0610284100287,40,Suitcase
40.0,0.0,25.0,13092.82,53.64,211.09,125331.2,19.8,1.3700000000000003,3162.85625,5.207812499999998,607.7959703865123,0.0,2.2168000000000005,1492.0610284100287,40,Suitcase
40.0,0.0,25.0,13092.82,53.64,211.09,125331.2,19.8,1.3700000000000003,3162.85625,5.207812499999998,607.7959703865123,0.0,2.2168000000000005,1492.0610284100287,40,Suitcase
40.0,0.0,25.0,13092.82,53.64,211.09,125331.2,19.8,1.3700000000000003,3162.85625,5.207812499999998,607.7959703865123,0.0,2.2168000000000005,1492.0610284100287,40,Suitcase
48.4,-0.22,25.0,11311.52,56.84,222.2,125830.1,19.8,1.238305785123967,2657.3921487603307,4.590909090909092,578.837893789379,7.105427357601002e-15,6.143483999999997,2582.311180628704,50,Suitcase
48.4,-0.22,25.0,11311.52,56.84,222.2,125830.1,19.8,1.238305785123967,2657.3921487603307,4.590909090909092,578.837893789379,7.105427357601002e-15,6.143483999999997,2582.311180628704,50,Suitcase
48.4,0.0,25.0,12472.47,62.82,222.2,132005.2,19.8,1.238305785123967,2657.3921487603307,4.590909090909092,578.837893789379,7.105427357601002e-15,6.143483999999997,2582.311180628704,50,Suitcase
48.4,0.0,25.0,12472.47,62.82,222.2,132005.2,19.8,1.238305785123967,2657.3921487603307,4.590909090909092,578.837893789379,7.105427357601002e-15,6.143483999999997,2582.311180628704,50,Suitcase
48.4,0.0,25.0,12472.47,62.82,222.2,132005.2,19.8,1.238305785123967,2657.3921487603307,4.590909090909092,578.837893789379,7.105427357601002e-15,6.143483999999997,2582.311180628704,50,Suitcase
48.4,0.0,25.0,12472.47,62.82,222.2,132005.2,19.8,1.238305785123967,2657.3921487603307,4.590909090909092,578.837893789379,7.105427357601002e-15,6.143483999999997,2582.311180628704,50,Suitcase
48.4,0.0,25.0,12472.47,62.82,222.2,132005.2,19.8,1.238305785123967,2657.3921487603307,4.590909090909092,578.837893789379,7.105427357601002e-15,6.143483999999997,2582.311180628704,50,Suitcase
48.4,0.0,25.0,11604.75,58.57,222.2,127828.8,19.8,1.238305785123967,2657.3921487603307,4.590909090909092,578.837893789379,7.105427357601002e-15,6.143483999999997,2582.311180628704,50,Suitcase
48.4,0.0,25.0,11604.75,58.57,222.2,127828.8,19.8,1.238305785123967,2657.3921487603307,4.590909090909092,578.837893789379,7.105427357601002e-15,6.143483999999997,2582.311180628704,50,Suitcase
48.4,0.0,25.0,11604.75,58.57,222.2,127828.8,19.8,1.238305785123967,2657.3921487603307,4.590909090909092,578.837893789379,7.105427357601002e-15,6.143483999999997,2582.311180628704,50,Suitcase
48.4,0.0,25.0,11604.75,58.57,222.2,127828.8,19.8,1.238305785123967,2657.3921487603307,4.590909090909092,578.837893789379,7.105427357601002e-15,6.143483999999997,2582.311180628704,50,Suitcase
48.4,0.0,25.0,11604.75,58.57,222.2,127828.8,19.8,1.238305785123967,2657.3921487603307,4.590909090909092,578.837893789379,7.105427357601002e-15,6.143483999999997,2582.311180628704,50,Suitcase
48.4,0.0,25.0,11604.75,58.57,222.2,127828.8,19.8,1.238305785123967,2657.3921487603307,4.590909090909092,578.837893789379,7.105427357601002e-15,6.143483999999997,2582.311180628704,50,Suitcase
48.4,-0.22,25.0,11508.38,58.22,222.2,125973.2,19.8,1.238305785123967,2657.3921487603307,4.590909090909092,578.837893789379,7.105427357601002e-15,6.143483999999997,2582.311180628704,50,Suitcase
48.4,-0.22,25.0,11508.38,58.22,222.2,125973.2,19.8,1.238305785123967,2657.3921487603307,4.590909090909092,578.837893789379,7.105427357601002e-15,6.143483999999997,2582.311180628704,50,Suitcase
48.4,-0.22,25.0,11508.38,58.22,222.2,125973.2,19.8,1.238305785123967,2657.3921487603307,4.590909090909092,578.837893789379,7.105427357601002e-15,6.143483999999997,2582.311180628704,50,Suitcase
48.4,-0.22,25.0,11508.38,58.22,222.2,125973.2,19.8,1.238305785123967,2657.3921487603307,4.590909090909092,578.837893789379,7.105427357601002e-15,6.143483999999997,2582.311180628704,50,Suitcase
48.4,-0.22,25.0,11508.38,58.22,222.2,125973.2,19.8,1.238305785123967,2657.3921487603307,4.590909090909092,578.837893789379,7.105427357601002e-15,6.143483999999997,2582.311180628704,50,Suitcase
48.4,0.0,25.0,12652.39,64.19,222.2,131915.3,19.8,1.238305785123967,2657.3921487603307,4.590909090909092,578.837893789379,7.105427357601002e-15,6.143483999999997,2582.311180628704,50,Suitcase
48.4,0.0,25.0,12652.39,64.19,222.2,131915.3,19.8,1.238305785123967,2657.3921487603307,4.590909090909092,578.837893789379,7.105427357601002e-15,6.143483999999997,2582.311180628704,50,Suitcase
56.4,0.0,25.0,4811.75,23.98,755.48,154455.4,19.8,0.4227039007092198,2752.649468085107,13.001063829787231,212.596328540417,0.0,2.760794749999997,2960.9889111747734,60,Suitcase
56.4,0.0,25.0,4811.75,23.98,755.48,154455.4,19.8,0.4227039007092198,2752.649468085107,13.001063829787231,212.596328540417,0.0,2.760794749999997,2960.9889111747734,60,Suitcase
56.4,0.0,25.0,4811.75,23.98,755.48,154455.4,19.8,0.4227039007092198,2752.649468085107,13.001063829787231,212.596328540417,0.0,2.760794749999997,2960.9889111747734,60,Suitcase
56.4,0.0,25.0,4811.75,23.98,755.48,154455.4,19.8,0.4227039007092198,2752.649468085107,13.001063829787231,212.596328540417,0.0,2.760794749999997,2960.9889111747734,60,Suitcase
56.4,0.0,25.0,4314.32,21.53,777.7,157959.3,19.8,0.4227039007092198,2752.649468085107,13.001063829787231,212.596328540417,0.0,2.760794749999997,2960.9889111747734,60,Suitcase
56.4,0.0,25.0,4314.32,21.53,777.7,157959.3,19.8,0.4227039007092198,2752.649468085107,13.001063829787231,212.596328540417,0.0,2.760794749999997,2960.9889111747734,60,Suitcase
56.4,0.0,25.0,4314.32,21.53,777.7,157959.3,19.8,0.4227039007092198,2752.649468085107,13.001063829787231,212.596328540417,0.0,2.760794749999997,2960.9889111747734,60,Suitcase
56.4,0.0,25.0,4314.32,21.53,777.7,157959.3,19.8,0.4227039007092198,2752.649468085107,13.001063829787231,212.596328540417,0.0,2.760794749999997,2960.9889111747734,60,Suitcase
56.4,0.0,25.0,4314.32,21.53,777.7,157959.3,19.8,0.4227039007092198,2752.649468085107,13.001063829787231,212.596328540417,0.0,2.760794749999997,2960.9889111747734,60,Suitcase
56.4,0.0,25.0,4742.01,23.69,755.48,157400.0,19.8,0.4227039007092198,2752.649468085107,13.001063829787231,212.596328540417,0.0,2.760794749999997,2960.9889111747734,60,Suitcase
56.4,0.0,25.0,4742.01,23.69,755.48,157400.0,19.8,0.4227039007092198,2752.649468085107,13.001063829787231,212.596328540417,0.0,2.760794749999997,2960.9889111747734,60,Suitcase
56.4,0.0,25.0,4742.01,23.69,755.48,157400.0,19.8,0.4227039007092198,2752.649468085107,13.001063829787231,212.596328540417,0.0,2.760794749999997,2960.9889111747734,60,Suitcase
56.4,0.0,25.0,4742.01,23.69,755.48,157400.0,19.8,0.4227039007092198,2752.649468085107,13.001063829787231,212.596328540417,0.0,2.760794749999997,2960.9889111747734,60,Suitcase
56.4,0.0,25.0,4742.01,23.69,755.48,157400.0,19.8,0.4227039007092198,2752.649468085107,13.001063829787231,212.596328540417,0.0,2.760794749999997,2960.9889111747734,60,Suitcase
56.4,0.0,25.0,4742.01,23.69,755.48,157400.0,19.8,0.4227039007092198,2752.649468085107,13.001063829787231,212.596328540417,0.0,2.760794749999997,2960.9889111747734,60,Suitcase
56.4,0.0,25.0,5243.31,26.22,644.38,150594.1,19.8,0.4227039007092198,2752.649468085107,13.001063829787231,212.596328540417,0.0,2.760794749999997,2960.9889111747734,60,Suitcase
56.4,0.0,25.0,5243.31,26.22,644.38,150594.1,19.8,0.4227039007092198,2752.649468085107,13.001063829787231,212.596328540417,0.0,2.760794749999997,2960.9889111747734,60,Suitcase
56.4,0.0,25.0,5243.31,26.22,644.38,150594.1,19.8,0.4227039007092198,2752.649468085107,13.001063829787231,212.596328540417,0.0,2.760794749999997,2960.9889111747734,60,Suitcase
56.4,0.0,25.0,5243.31,26.22,644.38,150594.1,19.8,0.4227039007092198,2752.649468085107,13.001063829787231,212.596328540417,0.0,2.760794749999997,2960.9889111747734,60,Suitcase
56.4,0.0,25.0,5243.31,26.22,644.38,150594.1,19.8,0.4227039007092198,2752.649468085107,13.001063829787231,212.596328540417,0.0,2.760794749999997,2960.9889111747734,60,Suitcase
67.6,0.0,25.0,2754.17,13.83,955.46,115908.7,19.8,0.1974186390532544,1663.55976331361,14.150458579881658,117.56573219471105,1.4210854715202004e-14,0.0736947500000001,1545.0811834334147,70,Suitcase
67.6,0.0,25.0,2754.17,13.83,955.46,115908.7,19.8,0.1974186390532544,1663.55976331361,14.150458579881658,117.56573219471105,1.4210854715202004e-14,0.0736947500000001,1545.0811834334147,70,Suitcase
67.6,0.0,25.0,2708.31,13.59,955.46,113749.5,19.8,0.1974186390532544,1663.55976331361,14.150458579881658,117.56573219471105,1.4210854715202004e-14,0.0736947500000001,1545.0811834334147,70,Suitcase
67.6,0.0,25.0,2708.31,13.59,955.46,113749.5,19.8,0.1974186390532544,1663.55976331361,14.150458579881658,117.56573219471105,1.4210854715202004e-14,0.0736947500000001,1545.0811834334147,70,Suitcase
67.6,0.0,25.0,2708.31,13.59,955.46,113749.5,19.8,0.1974186390532544,1663.55976331361,14.150458579881658,117.56573219471105,1.4210854715202004e-14,0.0736947500000001,1545.0811834334147,70,Suitcase
67.6,0.0,25.0,2708.31,13.59,955.46,113749.5,19.8,0.1974186390532544,1663.55976331361,14.150458579881658,117.56573219471105,1.4210854715202004e-14,0.0736947500000001,1545.0811834334147,70,Suitcase
67.6,0.0,25.0,2708.31,13.59,955.46,113749.5,19.8,0.1974186390532544,1663.55976331361,14.150458579881658,117.56573219471105,1.4210854715202004e-14,0.0736947500000001,1545.0811834334147,70,Suitcase
67.6,0.0,25.0,2663.29,13.35,955.46,111781.1,19.8,0.1974186390532544,1663.55976331361,14.150458579881658,117.56573219471105,1.4210854715202004e-14,0.0736947500000001,1545.0811834334147,70,Suitcase
67.6,0.0,25.0,2663.29,13.35,955.46,111781.1,19.8,0.1974186390532544,1663.55976331361,14.150458579881658,117.56573219471105,1.4210854715202004e-14,0.0736947500000001,1545.0811834334147,70,Suitcase
67.6,0.0,25.0,2663.29,13.35,955.46,111781.1,19.8,0.1974186390532544,1663.55976331361,14.150458579881658,117.56573219471105,1.4210854715202004e-14,0.0736947500000001,1545.0811834334147,70,Suitcase
67.6,0.0,25.0,2663.29,13.35,955.46,111781.1,19.8,0.1974186390532544,1663.55976331361,14.150458579881658,117.56573219471105,1.4210854715202004e-14,0.0736947500000001,1545.0811834334147,70,Suitcase
67.6,0.0,25.0,2663.29,13.35,955.46,111781.1,19.8,0.1974186390532544,1663.55976331361,14.150458579881658,117.56573219471105,1.4210854715202004e-14,0.0736947500000001,1545.0811834334147,70,Suitcase
67.6,0.0,25.0,2663.29,13.35,955.46,111781.1,19.8,0.1974186390532544,1663.55976331361,14.150458579881658,117.56573219471105,1.4210854715202004e-14,0.0736947500000001,1545.0811834334147,70,Suitcase
67.6,0.0,25.0,2608.42,13.04,955.46,111280.9,19.8,0.1974186390532544,1663.55976331361,14.150458579881658,117.56573219471105,1.4210854715202004e-14,0.0736947500000001,1545.0811834334147,70,Suitcase
67.6,0.0,25.0,2608.42,13.04,955.46,111280.9,19.8,0.1974186390532544,1663.55976331361,14.150458579881658,117.56573219471105,1.4210854715202004e-14,0.0736947500000001,1545.0811834334147,70,Suitcase
67.6,0.0,25.0,2608.42,13.04,955.46,111280.9,19.8,0.1974186390532544,1663.55976331361,14.150458579881658,117.56573219471105,1.4210854715202004e-14,0.0736947500000001,1545.0811834334147,70,Suitcase
67.6,0.0,25.0,2608.42,13.04,955.46,111280.9,19.8,0.1974186390532544,1663.55976331361,14.150458579881658,117.56573219471105,1.4210854715202004e-14,0.0736947500000001,1545.0811834334147,70,Suitcase
67.6,0.0,25.0,2608.42,13.04,955.46,111280.9,19.8,0.1974186390532544,1663.55976331361,14.150458579881658,117.56573219471105,1.4210854715202004e-14,0.0736947500000001,1545.0811834334147,70,Suitcase
67.6,0.0,25.0,2604.83,13.0,966.57,110738.4,19.8,0.1974186390532544,1663.55976331361,14.150458579881658,117.56573219471105,1.4210854715202004e-14,0.0736947500000001,1545.0811834334147,70,Suitcase
67.6,0.0,25.0,2604.83,13.0,966.57,110738.4,19.8,0.1974186390532544,1663.55976331361,14.150458579881658,117.56573219471105,1.4210854715202004e-14,0.0736947500000001,1545.0811834334147,70,Suitcase
74.6,-2.4,25.0,1363.56,6.86,1011.01,73826.1,19.8,0.0934767577209544,1001.245226469396,13.905302179936053,72.02492327890974,0.2850877058029679,0.013959,657.9941423751453,80,Suitcase
74.6,-2.4,25.0,1363.56,6.86,1011.01,73826.1,19.8,0.0934767577209544,1001.245226469396,13.905302179936053,72.02492327890974,0.2850877058029679,0.013959,657.9941423751453,80,Suitcase
74.1,-2.4,25.0,1373.75,6.91,1011.01,73678.2,19.8,0.0934767577209544,1001.245226469396,13.905302179936053,72.02492327890974,0.2850877058029679,0.013959,657.9941423751453,80,Suitcase
74.1,-2.4,25.0,1373.75,6.91,1011.01,73678.2,19.8,0.0934767577209544,1001.245226469396,13.905302179936053,72.02492327890974,0.2850877058029679,0.013959,657.9941423751453,80,Suitcase
74.1,-2.4,25.0,1373.75,6.91,1011.01,73678.2,19.8,0.0934767577209544,1001.245226469396,13.905302179936053,72.02492327890974,0.2850877058029679,0.013959,657.9941423751453,80,Suitcase
74.1,-2.4,25.0,1373.75,6.91,1011.01,73678.2,19.8,0.0934767577209544,1001.245226469396,13.905302179936053,72.02492327890974,0.2850877058029679,0.013959,657.9941423751453,80,Suitcase
74.1,-2.4,25.0,1373.75,6.91,1011.01,73678.2,19.8,0.0934767577209544,1001.245226469396,13.905302179936053,72.02492327890974,0.2850877058029679,0.013959,657.9941423751453,80,Suitcase
74.4,1.31,25.0,1369.36,6.89,1055.45,75252.1,19.8,0.0934767577209544,1001.245226469396,13.905302179936053,72.02492327890974,0.2850877058029679,0.013959,657.9941423751453,80,Suitcase
74.4,1.31,25.0,1369.36,6.89,1055.45,75252.1,19.8,0.0934767577209544,1001.245226469396,13.905302179936053,72.02492327890974,0.2850877058029679,0.013959,657.9941423751453,80,Suitcase
74.4,1.31,25.0,1369.36,6.89,1055.45,75252.1,19.8,0.0934767577209544,1001.245226469396,13.905302179936053,72.02492327890974,0.2850877058029679,0.013959,657.9941423751453,80,Suitcase
74.4,1.31,25.0,1369.36,6.89,1055.45,75252.1,19.8,0.0934767577209544,1001.245226469396,13.905302179936053,72.02492327890974,0.2850877058029679,0.013959,657.9941423751453,80,Suitcase
74.4,1.31,25.0,1369.36,6.89,1055.45,75252.1,19.8,0.0934767577209544,1001.245226469396,13.905302179936053,72.02492327890974,0.2850877058029679,0.013959,657.9941423751453,80,Suitcase
74.4,1.31,25.0,1369.36,6.89,1055.45,75252.1,19.8,0.0934767577209544,1001.245226469396,13.905302179936053,72.02492327890974,0.2850877058029679,0.013959,657.9941423751453,80,Suitcase
74.6,1.09,25.0,1390.6,7.01,1055.45,74954.0,19.8,0.0934767577209544,1001.245226469396,13.905302179936053,72.02492327890974,0.2850877058029679,0.013959,657.9941423751453,80,Suitcase
74.6,1.09,25.0,1390.6,7.01,1055.45,74954.0,19.8,0.0934767577209544,1001.245226469396,13.905302179936053,72.02492327890974,0.2850877058029679,0.013959,657.9941423751453,80,Suitcase
74.6,1.09,25.0,1390.6,7.01,1055.45,74954.0,19.8,0.0934767577209544,1001.245226469396,13.905302179936053,72.02492327890974,0.2850877058029679,0.013959,657.9941423751453,80,Suitcase
74.6,1.09,25.0,1390.6,7.01,1055.45,74954.0,19.8,0.0934767577209544,1001.245226469396,13.905302179936053,72.02492327890974,0.2850877058029679,0.013959,657.9941423751453,80,Suitcase
74.6,1.09,25.0,1390.6,7.01,1055.45,74954.0,19.8,0.0934767577209544,1001.245226469396,13.905302179936053,72.02492327890974,0.2850877058029679,0.013959,657.9941423751453,80,Suitcase
75.1,2.4,25.0,1443.27,7.28,1011.01,74411.7,19.8,0.0934767577209544,1001.245226469396,13.905302179936053,72.02492327890974,0.2850877058029679,0.013959,657.9941423751453,80,Suitcase
75.1,2.4,25.0,1443.27,7.28,1011.01,74411.7,19.8,0.0934767577209544,1001.245226469396,13.905302179936053,72.02492327890974,0.2850877058029679,0.013959,657.9941423751453,80,Suitcase
86.2,-0.66,25.0,1226.48,6.21,1199.88,76404.7,19.8,0.0731648700832363,883.1551895591396,13.45551940354703,65.66648454061092,0.1299038105676652,0.0112687499999999,350.8302046574658,90,Suitcase
86.2,-0.66,25.0,1226.48,6.21,1199.88,76404.7,19.8,0.0731648700832363,883.1551895591396,13.45551940354703,65.66648454061092,0.1299038105676652,0.0112687499999999,350.8302046574658,90,Suitcase
86.2,-0.66,25.0,1226.48,6.21,1199.88,76404.7,19.8,0.0731648700832363,883.1551895591396,13.45551940354703,65.66648454061092,0.1299038105676652,0.0112687499999999,350.8302046574658,90,Suitcase
86.2,-0.66,25.0,1226.48,6.21,1199.88,76404.7,19.8,0.0731648700832363,883.1551895591396,13.45551940354703,65.66648454061092,0.1299038105676652,0.0112687499999999,350.8302046574658,90,Suitcase
86.2,-0.66,25.0,1226.48,6.21,1199.88,76404.7,19.8,0.0731648700832363,883.1551895591396,13.45551940354703,65.66648454061092,0.1299038105676652,0.0112687499999999,350.8302046574658,90,Suitcase
86.2,0.0,25.0,1225.6,6.21,1166.55,75838.0,19.8,0.0731648700832363,883.1551895591396,13.45551940354703,65.66648454061092,0.1299038105676652,0.0112687499999999,350.8302046574658,90,Suitcase
86.2,0.0,25.0,1225.6,6.21,1166.55,75838.0,19.8,0.0731648700832363,883.1551895591396,13.45551940354703,65.66648454061092,0.1299038105676652,0.0112687499999999,350.8302046574658,90,Suitcase
86.2,0.0,25.0,1225.6,6.21,1166.55,75838.0,19.8,0.0731648700832363,883.1551895591396,13.45551940354703,65.66648454061092,0.1299038105676652,0.0112687499999999,350.8302046574658,90,Suitcase
86.2,0.0,25.0,1225.6,6.21,1166.55,75838.0,19.8,0.0731648700832363,883.1551895591396,13.45551940354703,65.66648454061092,0.1299038105676652,0.0112687499999999,350.8302046574658,90,Suitcase
86.2,0.0,25.0,1225.6,6.21,1166.55,75838.0,19.8,0.0731648700832363,883.1551895591396,13.45551940354703,65.66648454061092,0.1299038105676652,0.0112687499999999,350.8302046574658,90,Suitcase
86.0,-0.87,25.0,1245.13,6.3,1133.22,75533.7,19.8,0.0731648700832363,883.1551895591396,13.45551940354703,65.66648454061092,0.1299038105676652,0.0112687499999999,350.8302046574658,90,Suitcase
86.0,-0.87,25.0,1245.13,6.3,1133.22,75533.7,19.8,0.0731648700832363,883.1551895591396,13.45551940354703,65.66648454061092,0.1299038105676652,0.0112687499999999,350.8302046574658,90,Suitcase
86.0,-0.87,25.0,1245.13,6.3,1133.22,75533.7,19.8,0.0731648700832363,883.1551895591396,13.45551940354703,65.66648454061092,0.1299038105676652,0.0112687499999999,350.8302046574658,90,Suitcase
86.0,-0.87,25.0,1245.13,6.3,1133.22,75533.7,19.8,0.0731648700832363,883.1551895591396,13.45551940354703,65.66648454061092,0.1299038105676652,0.0112687499999999,350.8302046574658,90,Suitcase
86.0,-0.87,25.0,1245.13,6.3,1133.22,75533.7,19.8,0.0731648700832363,883.1551895591396,13.45551940354703,65.66648454061092,0.1299038105676652,0.0112687499999999,350.8302046574658,90,Suitcase
85.9,-0.66,25.0,1280.61,6.47,1133.22,76293.4,19.8,0.0731648700832363,883.1551895591396,13.45551940354703,65.66648454061092,0.1299038105676652,0.0112687499999999,350.8302046574658,90,Suitcase
85.9,-0.66,25.0,1280.61,6.47,1133.22,76293.4,19.8,0.0731648700832363,883.1551895591396,13.45551940354703,65.66648454061092,0.1299038105676652,0.0112687499999999,350.8302046574658,90,Suitcase
85.9,-0.66,25.0,1280.61,6.47,1133.22,76293.4,19.8,0.0731648700832363,883.1551895591396,13.45551940354703,65.66648454061092,0.1299038105676652,0.0112687499999999,350.8302046574658,90,Suitcase
85.9,-0.66,25.0,1280.61,6.47,1133.22,76293.4,19.8,0.0731648700832363,883.1551895591396,13.45551940354703,65.66648454061092,0.1299038105676652,0.0112687499999999,350.8302046574658,90,Suitcase
85.9,-0.66,25.0,1280.61,6.47,1133.22,76293.4,19.8,0.0731648700832363,883.1551895591396,13.45551940354703,65.66648454061092,0.1299038105676652,0.0112687499999999,350.8302046574658,90,Suitcase
96.4,2.4,25.0,1212.0,6.09,1066.56,70481.2,19.8,0.0621589311134091,733.8994496882558,11.12741953820326,65.95577215582382,0.1999999999999999,0.0061139999999999,214.88420666721828,100,Suitcase
96.4,2.4,25.0,1212.0,6.09,1066.56,70481.2,19.8,0.0621589311134091,733.8994496882558,11.12741953820326,65.95577215582382,0.1999999999999999,0.0061139999999999,214.88420666721828,100,Suitcase
96.4,2.4,25.0,1212.0,6.09,1066.56,70481.2,19.8,0.0621589311134091,733.8994496882558,11.12741953820326,65.95577215582382,0.1999999999999999,0.0061139999999999,214.88420666721828,100,Suitcase
96.4,2.4,25.0,1212.0,6.09,1066.56,70481.2,19.8,0.0621589311134091,733.8994496882558,11.12741953820326,65.95577215582382,0.1999999999999999,0.0061139999999999,214.88420666721828,100,Suitcase
96.4,2.4,25.0,1212.0,6.09,1066.56,70481.2,19.8,0.0621589311134091,733.8994496882558,11.12741953820326,65.95577215582382,0.1999999999999999,0.0061139999999999,214.88420666721828,100,Suitcase
96.4,2.4,25.0,1212.0,6.09,1066.56,70481.2,19.8,0.0621589311134091,733.8994496882558,11.12741953820326,65.95577215582382,0.1999999999999999,0.0061139999999999,214.88420666721828,100,Suitcase
96.4,0.0,25.0,1192.29,5.98,1077.67,71031.7,19.8,0.0621589311134091,733.8994496882558,11.12741953820326,65.95577215582382,0.1999999999999999,0.0061139999999999,214.88420666721828,100,Suitcase
96.4,0.0,25.0,1192.29,5.98,1077.67,71031.7,19.8,0.0621589311134091,733.8994496882558,11.12741953820326,65.95577215582382,0.1999999999999999,0.0061139999999999,214.88420666721828,100,Suitcase
96.4,0.0,25.0,1192.29,5.98,1077.67,71031.7,19.8,0.0621589311134091,733.8994496882558,11.12741953820326,65.95577215582382,0.1999999999999999,0.0061139999999999,214.88420666721828,100,Suitcase
96.4,0.0,25.0,1192.29,5.98,1077.67,71031.7,19.8,0.0621589311134091,733.8994496882558,11.12741953820326,65.95577215582382,0.1999999999999999,0.0061139999999999,214.88420666721828,100,Suitcase
96.4,0.0,25.0,1192.29,5.98,1077.67,71031.7,19.8,0.0621589311134091,733.8994496882558,11.12741953820326,65.95577215582382,0.1999999999999999,0.0061139999999999,214.88420666721828,100,Suitcase
96.4,-0.22,25.0,1188.19,5.96,1066.56,70643.8,19.8,0.0621589311134091,733.8994496882558,11.12741953820326,65.95577215582382,0.1999999999999999,0.0061139999999999,214.88420666721828,100,Suitcase
96.4,-0.22,25.0,1188.19,5.96,1066.56,70643.8,19.8,0.0621589311134091,733.8994496882558,11.12741953820326,65.95577215582382,0.1999999999999999,0.0061139999999999,214.88420666721828,100,Suitcase
96.4,-0.22,25.0,1188.19,5.96,1066.56,70643.8,19.8,0.0621589311134091,733.8994496882558,11.12741953820326,65.95577215582382,0.1999999999999999,0.0061139999999999,214.88420666721828,100,Suitcase
96.4,-0.22,25.0,1188.19,5.96,1066.56,70643.8,19.8,0.0621589311134091,733.8994496882558,11.12741953820326,65.95577215582382,0.1999999999999999,0.0061139999999999,214.88420666721828,100,Suitcase
96.4,-0.22,25.0,1188.19,5.96,1066.56,70643.8,19.8,0.0621589311134091,733.8994496882558,11.12741953820326,65.95577215582382,0.1999999999999999,0.0061139999999999,214.88420666721828,100,Suitcase
95.9,-1.97,25.0,1170.04,5.87,1077.67,70555.5,19.8,0.0621589311134091,733.8994496882558,11.12741953820326,65.95577215582382,0.1999999999999999,0.0061139999999999,214.88420666721828,100,Suitcase
95.9,-1.97,25.0,1170.04,5.87,1077.67,70555.5,19.8,0.0621589311134091,733.8994496882558,11.12741953820326,65.95577215582382,0.1999999999999999,0.0061139999999999,214.88420666721828,100,Suitcase
95.9,-1.97,25.0,1170.04,5.87,1077.67,70555.5,19.8,0.0621589311134091,733.8994496882558,11.12741953820326,65.95577215582382,0.1999999999999999,0.0061139999999999,214.88420666721828,100,Suitcase
95.9,-1.97,25.0,1170.04,5.87,1077.67,70555.5,19.8,0.0621589311134091,733.8994496882558,11.12741953820326,65.95577215582382,0.1999999999999999,0.0061139999999999,214.88420666721828,100,Suitcase
104.4,0.0,25.0,890.28,4.42,1610.95,59361.9,19.8,0.0407758620689655,556.6216954022989,15.54229406130268,35.83221175736527,1.4210854715202004e-14,0.031211,1039.455884814262,110,Suitcase
104.4,0.0,25.0,890.28,4.42,1610.95,59361.9,19.8,0.0407758620689655,556.6216954022989,15.54229406130268,35.83221175736527,1.4210854715202004e-14,0.031211,1039.455884814262,110,Suitcase
104.4,0.0,25.0,904.19,4.48,1588.73,58313.3,19.8,0.0407758620689655,556.6216954022989,15.54229406130268,35.83221175736527,1.4210854715202004e-14,0.031211,1039.455884814262,110,Suitcase
104.4,0.0,25.0,904.19,4.48,1588.73,58313.3,19.8,0.0407758620689655,556.6216954022989,15.54229406130268,35.83221175736527,1.4210854715202004e-14,0.031211,1039.455884814262,110,Suitcase
104.4,0.0,25.0,904.19,4.48,1588.73,58313.3,19.8,0.0407758620689655,556.6216954022989,15.54229406130268,35.83221175736527,1.4210854715202004e-14,0.031211,1039.455884814262,110,Suitcase
104.4,0.0,25.0,904.19,4.48,1588.73,58313.3,19.8,0.0407758620689655,556.6216954022989,15.54229406130268,35.83221175736527,1.4210854715202004e-14,0.031211,1039.455884814262,110,Suitcase
104.4,0.0,25.0,904.19,4.48,1588.73,58313.3,19.8,0.0407758620689655,556.6216954022989,15.54229406130268,35.83221175736527,1.4210854715202004e-14,0.031211,1039.455884814262,110,Suitcase
104.4,0.0,25.0,904.19,4.48,1588.73,58313.3,19.8,0.0407758620689655,556.6216954022989,15.54229406130268,35.83221175736527,1.4210854715202004e-14,0.031211,1039.455884814262,110,Suitcase
104.4,0.0,25.0,821.44,4.07,1699.83,59121.2,19.8,0.0407758620689655,556.6216954022989,15.54229406130268,35.83221175736527,1.4210854715202004e-14,0.031211,1039.455884814262,110,Suitcase
104.4,0.0,25.0,821.44,4.07,1699.83,59121.2,19.8,0.0407758620689655,556.6216954022989,15.54229406130268,35.83221175736527,1.4210854715202004e-14,0.031211,1039.455884814262,110,Suitcase
104.4,0.0,25.0,821.44,4.07,1699.83,59121.2,19.8,0.0407758620689655,556.6216954022989,15.54229406130268,35.83221175736527,1.4210854715202004e-14,0.031211,1039.455884814262,110,Suitcase
104.4,0.0,25.0,821.44,4.07,1699.83,59121.2,19.8,0.0407758620689655,556.6216954022989,15.54229406130268,35.83221175736527,1.4210854715202004e-14,0.031211,1039.455884814262,110,Suitcase
104.4,0.0,25.0,821.44,4.07,1699.83,59121.2,19.8,0.0407758620689655,556.6216954022989,15.54229406130268,35.83221175736527,1.4210854715202004e-14,0.031211,1039.455884814262,110,Suitcase
104.4,0.0,25.0,834.35,4.13,1610.95,57086.7,19.8,0.0407758620689655,556.6216954022989,15.54229406130268,35.83221175736527,1.4210854715202004e-14,0.031211,1039.455884814262,110,Suitcase
104.4,0.0,25.0,834.35,4.13,1610.95,57086.7,19.8,0.0407758620689655,556.6216954022989,15.54229406130268,35.83221175736527,1.4210854715202004e-14,0.031211,1039.455884814262,110,Suitcase
104.4,0.0,25.0,834.35,4.13,1610.95,57086.7,19.8,0.0407758620689655,556.6216954022989,15.54229406130268,35.83221175736527,1.4210854715202004e-14,0.031211,1039.455884814262,110,Suitcase
104.4,0.0,25.0,834.35,4.13,1610.95,57086.7,19.8,0.0407758620689655,556.6216954022989,15.54229406130268,35.83221175736527,1.4210854715202004e-14,0.031211,1039.455884814262,110,Suitcase
104.4,0.0,25.0,834.35,4.13,1610.95,57086.7,19.8,0.0407758620689655,556.6216954022989,15.54229406130268,35.83221175736527,1.4210854715202004e-14,0.031211,1039.455884814262,110,Suitcase
104.4,0.0,25.0,834.35,4.13,1610.95,57086.7,19.8,0.0407758620689655,556.6216954022989,15.54229406130268,35.83221175736527,1.4210854715202004e-14,0.031211,1039.455884814262,110,Suitcase
104.4,0.0,25.0,866.68,4.29,1533.18,55496.3,19.8,0.0407758620689655,556.6216954022989,15.54229406130268,35.83221175736527,1.4210854715202004e-14,0.031211,1039.455884814262,110,Suitcase
113.7,-0.44,25.0,824.28,4.11,1788.71,63188.5,19.8,0.037525438557969,531.4807383500593,14.6173418189918,36.52742670021638,0.0700000000000004,0.0107687499999999,3185.860643531038,120,Suitcase
113.7,-0.44,25.0,824.28,4.11,1788.71,63188.5,19.8,0.037525438557969,531.4807383500593,14.6173418189918,36.52742670021638,0.0700000000000004,0.0107687499999999,3185.860643531038,120,Suitcase
113.7,-0.44,25.0,824.28,4.11,1788.71,63188.5,19.8,0.037525438557969,531.4807383500593,14.6173418189918,36.52742670021638,0.0700000000000004,0.0107687499999999,3185.860643531038,120,Suitcase
113.7,-0.44,25.0,824.28,4.11,1788.71,63188.5,19.8,0.037525438557969,531.4807383500593,14.6173418189918,36.52742670021638,0.0700000000000004,0.0107687499999999,3185.860643531038,120,Suitcase
113.6,-0.44,25.0,863.64,4.31,1755.38,62302.7,19.8,0.037525438557969,531.4807383500593,14.6173418189918,36.52742670021638,0.0700000000000004,0.0107687499999999,3185.860643531038,120,Suitcase
113.6,-0.44,25.0,863.64,4.31,1755.38,62302.7,19.8,0.037525438557969,531.4807383500593,14.6173418189918,36.52742670021638,0.0700000000000004,0.0107687499999999,3185.860643531038,120,Suitcase
113.6,-0.44,25.0,863.64,4.31,1755.38,62302.7,19.8,0.037525438557969,531.4807383500593,14.6173418189918,36.52742670021638,0.0700000000000004,0.0107687499999999,3185.860643531038,120,Suitcase
113.6,-0.44,25.0,863.64,4.31,1755.38,62302.7,19.8,0.037525438557969,531.4807383500593,14.6173418189918,36.52742670021638,0.0700000000000004,0.0107687499999999,3185.860643531038,120,Suitcase
113.6,-0.44,25.0,863.64,4.31,1755.38,62302.7,19.8,0.037525438557969,531.4807383500593,14.6173418189918,36.52742670021638,0.0700000000000004,0.0107687499999999,3185.860643531038,120,Suitcase
113.6,0.0,25.0,883.21,4.4,1388.75,54961.1,19.8,0.037525438557969,531.4807383500593,14.6173418189918,36.52742670021638,0.0700000000000004,0.0107687499999999,3185.860643531038,120,Suitcase
113.6,0.0,25.0,883.21,4.4,1388.75,54961.1,19.8,0.037525438557969,531.4807383500593,14.6173418189918,36.52742670021638,0.0700000000000004,0.0107687499999999,3185.860643531038,120,Suitcase
113.6,0.0,25.0,883.21,4.4,1388.75,54961.1,19.8,0.037525438557969,531.4807383500593,14.6173418189918,36.52742670021638,0.0700000000000004,0.0107687499999999,3185.860643531038,120,Suitcase
113.6,0.0,25.0,883.21,4.4,1388.75,54961.1,19.8,0.037525438557969,531.4807383500593,14.6173418189918,36.52742670021638,0.0700000000000004,0.0107687499999999,3185.860643531038,120,Suitcase
113.6,0.0,25.0,883.21,4.4,1388.75,54961.1,19.8,0.037525438557969,531.4807383500593,14.6173418189918,36.52742670021638,0.0700000000000004,0.0107687499999999,3185.860643531038,120,Suitcase
113.5,-0.44,25.0,843.85,4.21,1722.05,61391.5,19.8,0.037525438557969,531.4807383500593,14.6173418189918,36.52742670021638,0.0700000000000004,0.0107687499999999,3185.860643531038,120,Suitcase
113.5,-0.44,25.0,843.85,4.21,1722.05,61391.5,19.8,0.037525438557969,531.4807383500593,14.6173418189918,36.52742670021638,0.0700000000000004,0.0107687499999999,3185.860643531038,120,Suitcase
113.5,-0.44,25.0,843.85,4.21,1722.05,61391.5,19.8,0.037525438557969,531.4807383500593,14.6173418189918,36.52742670021638,0.0700000000000004,0.0107687499999999,3185.860643531038,120,Suitcase
113.5,-0.44,25.0,843.85,4.21,1722.05,61391.5,19.8,0.037525438557969,531.4807383500593,14.6173418189918,36.52742670021638,0.0700000000000004,0.0107687499999999,3185.860643531038,120,Suitcase
113.5,-0.44,25.0,843.85,4.21,1722.05,61391.5,19.8,0.037525438557969,531.4807383500593,14.6173418189918,36.52742670021638,0.0700000000000004,0.0107687499999999,3185.860643531038,120,Suitcase
113.5,-0.44,25.0,843.85,4.21,1722.05,61391.5,19.8,0.037525438557969,531.4807383500593,14.6173418189918,36.52742670021638,0.0700000000000004,0.0107687499999999,3185.860643531038,120,Suitcase
124.0,0.44,25.0,1021.07,5.14,1199.88,60156.0,19.8,0.0422421174391099,478.2703921460321,9.431861804995972,50.729404659391506,0.0476969600708445,0.0064747499999999,775.2949895846086,130,Suitcase
124.0,0.44,25.0,1021.07,5.14,1199.88,60156.0,19.8,0.0422421174391099,478.2703921460321,9.431861804995972,50.729404659391506,0.0476969600708445,0.0064747499999999,775.2949895846086,130,Suitcase
124.0,0.44,25.0,1021.07,5.14,1199.88,60156.0,19.8,0.0422421174391099,478.2703921460321,9.431861804995972,50.729404659391506,0.0476969600708445,0.0064747499999999,775.2949895846086,130,Suitcase
124.0,-0.22,25.0,1033.38,5.2,1188.77,59605.6,19.8,0.0422421174391099,478.2703921460321,9.431861804995972,50.729404659391506,0.0476969600708445,0.0064747499999999,775.2949895846086,130,Suitcase
124.0,-0.22,25.0,1033.38,5.2,1188.77,59605.6,19.8,0.0422421174391099,478.2703921460321,9.431861804995972,50.729404659391506,0.0476969600708445,0.0064747499999999,775.2949895846086,130,Suitcase
124.0,-0.22,25.0,1033.38,5.2,1188.77,59605.6,19.8,0.0422421174391099,478.2703921460321,9.431861804995972,50.729404659391506,0.0476969600708445,0.0064747499999999,775.2949895846086,130,Suitcase
124.0,-0.22,25.0,1033.38,5.2,1188.77,59605.6,19.8,0.0422421174391099,478.2703921460321,9.431861804995972,50.729404659391506,0.0476969600708445,0.0064747499999999,775.2949895846086,130,Suitcase
124.0,-0.22,25.0,1033.38,5.2,1188.77,59605.6,19.8,0.0422421174391099,478.2703921460321,9.431861804995972,50.729404659391506,0.0476969600708445,0.0064747499999999,775.2949895846086,130,Suitcase
124.0,0.22,25.0,1061.87,5.34,1122.11,58212.9,19.8,0.0422421174391099,478.2703921460321,9.431861804995972,50.729404659391506,0.0476969600708445,0.0064747499999999,775.2949895846086,130,Suitcase
124.0,0.22,25.0,1061.87,5.34,1122.11,58212.9,19.8,0.0422421174391099,478.2703921460321,9.431861804995972,50.729404659391506,0.0476969600708445,0.0064747499999999,775.2949895846086,130,Suitcase
124.0,0.22,25.0,1061.87,5.34,1122.11,58212.9,19.8,0.0422421174391099,478.2703921460321,9.431861804995972,50.729404659391506,0.0476969600708445,0.0064747499999999,775.2949895846086,130,Suitcase
124.0,0.22,25.0,1061.87,5.34,1122.11,58212.9,19.8,0.0422421174391099,478.2703921460321,9.431861804995972,50.729404659391506,0.0476969600708445,0.0064747499999999,775.2949895846086,130,Suitcase
124.0,0.22,25.0,1061.87,5.34,1122.11,58212.9,19.8,0.0422421174391099,478.2703921460321,9.431861804995972,50.729404659391506,0.0476969600708445,0.0064747499999999,775.2949895846086,130,Suitcase
124.1,0.44,25.0,1047.63,5.27,1166.55,59287.8,19.8,0.0422421174391099,478.2703921460321,9.431861804995972,50.729404659391506,0.0476969600708445,0.0064747499999999,775.2949895846086,130,Suitcase
124.1,0.44,25.0,1047.63,5.27,1166.55,59287.8,19.8,0.0422421174391099,478.2703921460321,9.431861804995972,50.729404659391506,0.0476969600708445,0.0064747499999999,775.2949895846086,130,Suitcase
124.1,0.44,25.0,1047.63,5.27,1166.55,59287.8,19.8,0.0422421174391099,478.2703921460321,9.431861804995972,50.729404659391506,0.0476969600708445,0.0064747499999999,775.2949895846086,130,Suitcase
124.1,0.44,25.0,1047.63,5.27,1166.55,59287.8,19.8,0.0422421174391099,478.2703921460321,9.431861804995972,50.729404659391506,0.0476969600708445,0.0064747499999999,775.2949895846086,130,Suitcase
124.1,0.44,25.0,1047.63,5.27,1166.55,59287.8,19.8,0.0422421174391099,478.2703921460321,9.431861804995972,50.729404659391506,0.0476969600708445,0.0064747499999999,775.2949895846086,130,Suitcase
124.1,0.44,25.0,1047.63,5.27,1166.55,59287.8,19.8,0.0422421174391099,478.2703921460321,9.431861804995972,50.729404659391506,0.0476969600708445,0.0064747499999999,775.2949895846086,130,Suitcase
124.1,-0.22,25.0,1002.7,5.05,1244.32,61159.2,19.8,0.0422421174391099,478.2703921460321,9.431861804995972,50.729404659391506,0.0476969600708445,0.0064747499999999,775.2949895846086,130,Suitcase
134.8,0.0,25.0,1253.66,6.25,1077.67,67671.1,19.8,0.0473214167874653,500.8434045825791,7.907782539764591,63.34582682384134,0.0433012701892194,0.00966875,471.331843688712,140,Suitcase
134.8,0.0,25.0,1253.66,6.25,1077.67,67671.1,19.8,0.0473214167874653,500.8434045825791,7.907782539764591,63.34582682384134,0.0433012701892194,0.00966875,471.331843688712,140,Suitcase
134.8,0.0,25.0,1253.66,6.25,1077.67,67671.1,19.8,0.0473214167874653,500.8434045825791,7.907782539764591,63.34582682384134,0.0433012701892194,0.00966875,471.331843688712,140,Suitcase
134.8,0.0,25.0,1253.66,6.25,1077.67,67671.1,19.8,0.0473214167874653,500.8434045825791,7.907782539764591,63.34582682384134,0.0433012701892194,0.00966875,471.331843688712,140,Suitcase
134.8,0.0,25.0,1253.66,6.25,1077.67,67671.1,19.8,0.0473214167874653,500.8434045825791,7.907782539764591,63.34582682384134,0.0433012701892194,0.00966875,471.331843688712,140,Suitcase
134.9,0.22,25.0,1302.59,6.5,1044.34,66886.3,19.8,0.0473214167874653,500.8434045825791,7.907782539764591,63.34582682384134,0.0433012701892194,0.00966875,471.331843688712,140,Suitcase
134.9,0.22,25.0,1302.59,6.5,1044.34,66886.3,19.8,0.0473214167874653,500.8434045825791,7.907782539764591,63.34582682384134,0.0433012701892194,0.00966875,471.331843688712,140,Suitcase
134.9,0.22,25.0,1302.59,6.5,1044.34,66886.3,19.8,0.0473214167874653,500.8434045825791,7.907782539764591,63.34582682384134,0.0433012701892194,0.00966875,471.331843688712,140,Suitcase
134.9,0.22,25.0,1302.59,6.5,1044.34,66886.3,19.8,0.0473214167874653,500.8434045825791,7.907782539764591,63.34582682384134,0.0433012701892194,0.00966875,471.331843688712,140,Suitcase
134.9,0.22,25.0,1302.59,6.5,1044.34,66886.3,19.8,0.0473214167874653,500.8434045825791,7.907782539764591,63.34582682384134,0.0433012701892194,0.00966875,471.331843688712,140,Suitcase
134.9,0.22,25.0,1292.43,6.45,1055.45,67447.2,19.8,0.0473214167874653,500.8434045825791,7.907782539764591,63.34582682384134,0.0433012701892194,0.00966875,471.331843688712,140,Suitcase
134.9,0.22,25.0,1292.43,6.45,1055.45,67447.2,19.8,0.0473214167874653,500.8434045825791,7.907782539764591,63.34582682384134,0.0433012701892194,0.00966875,471.331843688712,140,Suitcase
134.9,0.22,25.0,1292.43,6.45,1055.45,67447.2,19.8,0.0473214167874653,500.8434045825791,7.907782539764591,63.34582682384134,0.0433012701892194,0.00966875,471.331843688712,140,Suitcase
134.9,0.22,25.0,1292.43,6.45,1055.45,67447.2,19.8,0.0473214167874653,500.8434045825791,7.907782539764591,63.34582682384134,0.0433012701892194,0.00966875,471.331843688712,140,Suitcase
134.9,0.22,25.0,1292.43,6.45,1055.45,67447.2,19.8,0.0473214167874653,500.8434045825791,7.907782539764591,63.34582682384134,0.0433012701892194,0.00966875,471.331843688712,140,Suitcase
134.9,-0.22,25.0,1270.23,6.33,1088.78,68200.3,19.8,0.0473214167874653,500.8434045825791,7.907782539764591,63.34582682384134,0.0433012701892194,0.00966875,471.331843688712,140,Suitcase
134.9,-0.22,25.0,1270.23,6.33,1088.78,68200.3,19.8,0.0473214167874653,500.8434045825791,7.907782539764591,63.34582682384134,0.0433012701892194,0.00966875,471.331843688712,140,Suitcase
134.9,-0.22,25.0,1270.23,6.33,1088.78,68200.3,19.8,0.0473214167874653,500.8434045825791,7.907782539764591,63.34582682384134,0.0433012701892194,0.00966875,471.331843688712,140,Suitcase
134.9,-0.22,25.0,1270.23,6.33,1088.78,68200.3,19.8,0.0473214167874653,500.8434045825791,7.907782539764591,63.34582682384134,0.0433012701892194,0.00966875,471.331843688712,140,Suitcase
134.9,-0.22,25.0,1270.23,6.33,1088.78,68200.3,19.8,0.0473214167874653,500.8434045825791,7.907782539764591,63.34582682384134,0.0433012701892194,0.00966875,471.331843688712,140,Suitcase
144.0,-0.44,25.0,900.57,4.57,1044.34,46833.9,19.8,0.032577571998612,320.39400563362625,7.005001060220526,45.746113514723774,0.0299999999999982,0.00852275,348.6897954844684,150,Suitcase
144.0,-0.44,25.0,900.57,4.57,1044.34,46833.9,19.8,0.032577571998612,320.39400563362625,7.005001060220526,45.746113514723774,0.0299999999999982,0.00852275,348.6897954844684,150,Suitcase
144.0,0.0,25.0,925.23,4.69,1022.12,46434.1,19.8,0.032577571998612,320.39400563362625,7.005001060220526,45.746113514723774,0.0299999999999982,0.00852275,348.6897954844684,150,Suitcase
144.0,0.0,25.0,925.23,4.69,1022.12,46434.1,19.8,0.032577571998612,320.39400563362625,7.005001060220526,45.746113514723774,0.0299999999999982,0.00852275,348.6897954844684,150,Suitcase
144.0,0.0,25.0,925.23,4.69,1022.12,46434.1,19.8,0.032577571998612,320.39400563362625,7.005001060220526,45.746113514723774,0.0299999999999982,0.00852275,348.6897954844684,150,Suitcase
144.0,0.0,25.0,925.23,4.69,1022.12,46434.1,19.8,0.032577571998612,320.39400563362625,7.005001060220526,45.746113514723774,0.0299999999999982,0.00852275,348.6897954844684,150,Suitcase
144.0,0.0,25.0,925.23,4.69,1022.12,46434.1,19.8,0.032577571998612,320.39400563362625,7.005001060220526,45.746113514723774,0.0299999999999982,0.00852275,348.6897954844684,150,Suitcase
144.0,0.0,25.0,925.23,4.69,1022.12,46434.1,19.8,0.032577571998612,320.39400563362625,7.005001060220526,45.746113514723774,0.0299999999999982,0.00852275,348.6897954844684,150,Suitcase
144.0,0.22,25.0,951.25,4.82,999.9,45913.7,19.8,0.032577571998612,320.39400563362625,7.005001060220526,45.746113514723774,0.0299999999999982,0.00852275,348.6897954844684,150,Suitcase
144.0,0.22,25.0,951.25,4.82,999.9,45913.7,19.8,0.032577571998612,320.39400563362625,7.005001060220526,45.746113514723774,0.0299999999999982,0.00852275,348.6897954844684,150,Suitcase
144.0,0.22,25.0,951.25,4.82,999.9,45913.7,19.8,0.032577571998612,320.39400563362625,7.005001060220526,45.746113514723774,0.0299999999999982,0.00852275,348.6897954844684,150,Suitcase
144.0,0.22,25.0,951.25,4.82,999.9,45913.7,19.8,0.032577571998612,320.39400563362625,7.005001060220526,45.746113514723774,0.0299999999999982,0.00852275,348.6897954844684,150,Suitcase
144.0,0.22,25.0,951.25,4.82,999.9,45913.7,19.8,0.032577571998612,320.39400563362625,7.005001060220526,45.746113514723774,0.0299999999999982,0.00852275,348.6897954844684,150,Suitcase
144.0,-0.22,25.0,905.72,4.59,999.9,45930.0,19.8,0.032577571998612,320.39400563362625,7.005001060220526,45.746113514723774,0.0299999999999982,0.00852275,348.6897954844684,150,Suitcase
144.0,-0.22,25.0,905.72,4.59,999.9,45930.0,19.8,0.032577571998612,320.39400563362625,7.005001060220526,45.746113514723774,0.0299999999999982,0.00852275,348.6897954844684,150,Suitcase
144.0,-0.22,25.0,905.72,4.59,999.9,45930.0,19.8,0.032577571998612,320.39400563362625,7.005001060220526,45.746113514723774,0.0299999999999982,0.00852275,348.6897954844684,150,Suitcase
144.0,-0.22,25.0,905.72,4.59,999.9,45930.0,19.8,0.032577571998612,320.39400563362625,7.005001060220526,45.746113514723774,0.0299999999999982,0.00852275,348.6897954844684,150,Suitcase
144.0,-0.22,25.0,905.72,4.59,999.9,45930.0,19.8,0.032577571998612,320.39400563362625,7.005001060220526,45.746113514723774,0.0299999999999982,0.00852275,348.6897954844684,150,Suitcase
144.1,0.44,25.0,937.64,4.75,977.68,45653.6,19.8,0.032577571998612,320.39400563362625,7.005001060220526,45.746113514723774,0.0299999999999982,0.00852275,348.6897954844684,150,Suitcase
144.1,0.44,25.0,937.64,4.75,977.68,45653.6,19.8,0.032577571998612,320.39400563362625,7.005001060220526,45.746113514723774,0.0299999999999982,0.00852275,348.6897954844684,150,Suitcase
153.4,-1.75,25.0,1242.23,6.31,1133.22,68231.6,19.8,0.0402038492903803,455.9638459758267,7.7094045586557325,59.16263396827694,0.1989974874213268,0.011214,1047.6051892172914,160,Suitcase
153.4,-1.75,25.0,1242.23,6.31,1133.22,68231.6,19.8,0.0402038492903803,455.9638459758267,7.7094045586557325,59.16263396827694,0.1989974874213268,0.011214,1047.6051892172914,160,Suitcase
153.4,-1.75,25.0,1242.23,6.31,1133.22,68231.6,19.8,0.0402038492903803,455.9638459758267,7.7094045586557325,59.16263396827694,0.1989974874213268,0.011214,1047.6051892172914,160,Suitcase
153.4,-1.75,25.0,1242.23,6.31,1133.22,68231.6,19.8,0.0402038492903803,455.9638459758267,7.7094045586557325,59.16263396827694,0.1989974874213268,0.011214,1047.6051892172914,160,Suitcase
153.8,1.75,25.0,1182.4,6.01,1166.55,69646.6,19.8,0.0402038492903803,455.9638459758267,7.7094045586557325,59.16263396827694,0.1989974874213268,0.011214,1047.6051892172914,160,Suitcase
153.8,1.75,25.0,1182.4,6.01,1166.55,69646.6,19.8,0.0402038492903803,455.9638459758267,7.7094045586557325,59.16263396827694,0.1989974874213268,0.011214,1047.6051892172914,160,Suitcase
153.8,1.75,25.0,1182.4,6.01,1166.55,69646.6,19.8,0.0402038492903803,455.9638459758267,7.7094045586557325,59.16263396827694,0.1989974874213268,0.011214,1047.6051892172914,160,Suitcase
153.8,1.75,25.0,1182.4,6.01,1166.55,69646.6,19.8,0.0402038492903803,455.9638459758267,7.7094045586557325,59.16263396827694,0.1989974874213268,0.011214,1047.6051892172914,160,Suitcase
153.8,1.75,25.0,1182.4,6.01,1166.55,69646.6,19.8,0.0402038492903803,455.9638459758267,7.7094045586557325,59.16263396827694,0.1989974874213268,0.011214,1047.6051892172914,160,Suitcase
153.8,0.0,25.0,1216.68,6.18,1210.99,71013.5,19.8,0.0402038492903803,455.9638459758267,7.7094045586557325,59.16263396827694,0.1989974874213268,0.011214,1047.6051892172914,160,Suitcase
153.8,0.0,25.0,1216.68,6.18,1210.99,71013.5,19.8,0.0402038492903803,455.9638459758267,7.7094045586557325,59.16263396827694,0.1989974874213268,0.011214,1047.6051892172914,160,Suitcase
153.8,0.0,25.0,1216.68,6.18,1210.99,71013.5,19.8,0.0402038492903803,455.9638459758267,7.7094045586557325,59.16263396827694,0.1989974874213268,0.011214,1047.6051892172914,160,Suitcase
153.8,0.0,25.0,1216.68,6.18,1210.99,71013.5,19.8,0.0402038492903803,455.9638459758267,7.7094045586557325,59.16263396827694,0.1989974874213268,0.011214,1047.6051892172914,160,Suitcase
153.8,0.0,25.0,1216.68,6.18,1210.99,71013.5,19.8,0.0402038492903803,455.9638459758267,7.7094045586557325,59.16263396827694,0.1989974874213268,0.011214,1047.6051892172914,160,Suitcase
153.8,0.0,25.0,1216.68,6.18,1210.99,71013.5,19.8,0.0402038492903803,455.9638459758267,7.7094045586557325,59.16263396827694,0.1989974874213268,0.011214,1047.6051892172914,160,Suitcase
153.4,-1.75,25.0,1226.75,6.23,1210.99,70734.1,19.8,0.0402038492903803,455.9638459758267,7.7094045586557325,59.16263396827694,0.1989974874213268,0.011214,1047.6051892172914,160,Suitcase
153.4,-1.75,25.0,1226.75,6.23,1210.99,70734.1,19.8,0.0402038492903803,455.9638459758267,7.7094045586557325,59.16263396827694,0.1989974874213268,0.011214,1047.6051892172914,160,Suitcase
153.4,-1.75,25.0,1226.75,6.23,1210.99,70734.1,19.8,0.0402038492903803,455.9638459758267,7.7094045586557325,59.16263396827694,0.1989974874213268,0.011214,1047.6051892172914,160,Suitcase
153.4,-1.75,25.0,1226.75,6.23,1210.99,70734.1,19.8,0.0402038492903803,455.9638459758267,7.7094045586557325,59.16263396827694,0.1989974874213268,0.011214,1047.6051892172914,160,Suitcase
153.4,-1.75,25.0,1226.75,6.23,1210.99,70734.1,19.8,0.0402038492903803,455.9638459758267,7.7094045586557325,59.16263396827694,0.1989974874213268,0.011214,1047.6051892172914,160,Suitcase
163.7,-1.53,25.0,1321.31,6.59,1122.11,74580.8,19.8,0.0424770922419059,458.98121563836287,6.637495418448383,69.17190419154193,2.8421709430404014e-14,0.04531275,699.0404400855464,170,Suitcase
163.7,-1.53,25.0,1321.31,6.59,1122.11,74580.8,19.8,0.0424770922419059,458.98121563836287,6.637495418448383,69.17190419154193,2.8421709430404014e-14,0.04531275,699.0404400855464,170,Suitcase
163.7,-1.53,25.0,1321.31,6.59,1122.11,74580.8,19.8,0.0424770922419059,458.98121563836287,6.637495418448383,69.17190419154193,2.8421709430404014e-14,0.04531275,699.0404400855464,170,Suitcase
163.7,-1.53,25.0,1321.31,6.59,1122.11,74580.8,19.8,0.0424770922419059,458.98121563836287,6.637495418448383,69.17190419154193,2.8421709430404014e-14,0.04531275,699.0404400855464,170,Suitcase
163.7,0.0,25.0,1384.42,6.91,1077.67,74413.3,19.8,0.0424770922419059,458.98121563836287,6.637495418448383,69.17190419154193,2.8421709430404014e-14,0.04531275,699.0404400855464,170,Suitcase
163.7,0.0,25.0,1384.42,6.91,1077.67,74413.3,19.8,0.0424770922419059,458.98121563836287,6.637495418448383,69.17190419154193,2.8421709430404014e-14,0.04531275,699.0404400855464,170,Suitcase
163.7,0.0,25.0,1384.42,6.91,1077.67,74413.3,19.8,0.0424770922419059,458.98121563836287,6.637495418448383,69.17190419154193,2.8421709430404014e-14,0.04531275,699.0404400855464,170,Suitcase
163.7,0.0,25.0,1384.42,6.91,1077.67,74413.3,19.8,0.0424770922419059,458.98121563836287,6.637495418448383,69.17190419154193,2.8421709430404014e-14,0.04531275,699.0404400855464,170,Suitcase
163.7,0.0,25.0,1384.42,6.91,1077.67,74413.3,19.8,0.0424770922419059,458.98121563836287,6.637495418448383,69.17190419154193,2.8421709430404014e-14,0.04531275,699.0404400855464,170,Suitcase
163.7,0.0,25.0,1384.42,6.91,1077.67,74413.3,19.8,0.0424770922419059,458.98121563836287,6.637495418448383,69.17190419154193,2.8421709430404014e-14,0.04531275,699.0404400855464,170,Suitcase
163.7,0.0,25.0,1445.32,7.21,1077.67,75454.4,19.8,0.0424770922419059,458.98121563836287,6.637495418448383,69.17190419154193,2.8421709430404014e-14,0.04531275,699.0404400855464,170,Suitcase
163.7,0.0,25.0,1445.32,7.21,1077.67,75454.4,19.8,0.0424770922419059,458.98121563836287,6.637495418448383,69.17190419154193,2.8421709430404014e-14,0.04531275,699.0404400855464,170,Suitcase
163.7,0.0,25.0,1445.32,7.21,1077.67,75454.4,19.8,0.0424770922419059,458.98121563836287,6.637495418448383,69.17190419154193,2.8421709430404014e-14,0.04531275,699.0404400855464,170,Suitcase
163.7,0.0,25.0,1445.32,7.21,1077.67,75454.4,19.8,0.0424770922419059,458.98121563836287,6.637495418448383,69.17190419154193,2.8421709430404014e-14,0.04531275,699.0404400855464,170,Suitcase
163.7,0.0,25.0,1445.32,7.21,1077.67,75454.4,19.8,0.0424770922419059,458.98121563836287,6.637495418448383,69.17190419154193,2.8421709430404014e-14,0.04531275,699.0404400855464,170,Suitcase
163.7,0.0,25.0,1411.21,7.04,1077.67,76125.9,19.8,0.0424770922419059,458.98121563836287,6.637495418448383,69.17190419154193,2.8421709430404014e-14,0.04531275,699.0404400855464,170,Suitcase
163.7,0.0,25.0,1411.21,7.04,1077.67,76125.9,19.8,0.0424770922419059,458.98121563836287,6.637495418448383,69.17190419154193,2.8421709430404014e-14,0.04531275,699.0404400855464,170,Suitcase
163.7,0.0,25.0,1411.21,7.04,1077.67,76125.9,19.8,0.0424770922419059,458.98121563836287,6.637495418448383,69.17190419154193,2.8421709430404014e-14,0.04531275,699.0404400855464,170,Suitcase
163.7,0.0,25.0,1411.21,7.04,1077.67,76125.9,19.8,0.0424770922419059,458.98121563836287,6.637495418448383,69.17190419154193,2.8421709430404014e-14,0.04531275,699.0404400855464,170,Suitcase
163.7,0.0,25.0,1411.21,7.04,1077.67,76125.9,19.8,0.0424770922419059,458.98121563836287,6.637495418448383,69.17190419154193,2.8421709430404014e-14,0.04531275,699.0404400855464,170,Suitcase
174.6,-0.22,25.0,1401.72,7.01,1188.77,81689.5,19.8,0.042919970891568,465.1703715191028,6.3616551190995825,73.13812944166122,0.0572276157112947,0.037626,949.5517212216484,180,Suitcase
174.5,-0.44,25.0,1489.42,7.46,1099.89,80020.1,19.8,0.042919970891568,465.1703715191028,6.3616551190995825,73.13812944166122,0.0572276157112947,0.037626,949.5517212216484,180,Suitcase
174.5,-0.44,25.0,1489.42,7.46,1099.89,80020.1,19.8,0.042919970891568,465.1703715191028,6.3616551190995825,73.13812944166122,0.0572276157112947,0.037626,949.5517212216484,180,Suitcase
174.5,-0.44,25.0,1489.42,7.46,1099.89,80020.1,19.8,0.042919970891568,465.1703715191028,6.3616551190995825,73.13812944166122,0.0572276157112947,0.037626,949.5517212216484,180,Suitcase
174.5,-0.44,25.0,1489.42,7.46,1099.89,80020.1,19.8,0.042919970891568,465.1703715191028,6.3616551190995825,73.13812944166122,0.0572276157112947,0.037626,949.5517212216484,180,Suitcase
174.5,-0.44,25.0,1489.42,7.46,1099.89,80020.1,19.8,0.042919970891568,465.1703715191028,6.3616551190995825,73.13812944166122,0.0572276157112947,0.037626,949.5517212216484,180,Suitcase
174.5,-0.44,25.0,1489.42,7.46,1099.89,80020.1,19.8,0.042919970891568,465.1703715191028,6.3616551190995825,73.13812944166122,0.0572276157112947,0.037626,949.5517212216484,180,Suitcase
174.5,0.0,25.0,1494.63,7.49,1111.0,80873.8,19.8,0.042919970891568,465.1703715191028,6.3616551190995825,73.13812944166122,0.0572276157112947,0.037626,949.5517212216484,180,Suitcase
174.5,0.0,25.0,1494.63,7.49,1111.0,80873.8,19.8,0.042919970891568,465.1703715191028,6.3616551190995825,73.13812944166122,0.0572276157112947,0.037626,949.5517212216484,180,Suitcase
174.5,0.0,25.0,1494.63,7.49,1111.0,80873.8,19.8,0.042919970891568,465.1703715191028,6.3616551190995825,73.13812944166122,0.0572276157112947,0.037626,949.5517212216484,180,Suitcase
174.5,0.0,25.0,1494.63,7.49,1111.0,80873.8,19.8,0.042919970891568,465.1703715191028,6.3616551190995825,73.13812944166122,0.0572276157112947,0.037626,949.5517212216484,180,Suitcase
174.5,0.0,25.0,1494.63,7.49,1111.0,80873.8,19.8,0.042919970891568,465.1703715191028,6.3616551190995825,73.13812944166122,0.0572276157112947,0.037626,949.5517212216484,180,Suitcase
174.4,-0.22,25.0,1471.36,7.38,1111.0,81708.8,19.8,0.042919970891568,465.1703715191028,6.3616551190995825,73.13812944166122,0.0572276157112947,0.037626,949.5517212216484,180,Suitcase
174.4,-0.22,25.0,1471.36,7.38,1111.0,81708.8,19.8,0.042919970891568,465.1703715191028,6.3616551190995825,73.13812944166122,0.0572276157112947,0.037626,949.5517212216484,180,Suitcase
174.4,-0.22,25.0,1471.36,7.38,1111.0,81708.8,19.8,0.042919970891568,465.1703715191028,6.3616551190995825,73.13812944166122,0.0572276157112947,0.037626,949.5517212216484,180,Suitcase
174.4,-0.22,25.0,1471.36,7.38,1111.0,81708.8,19.8,0.042919970891568,465.1703715191028,6.3616551190995825,73.13812944166122,0.0572276157112947,0.037626,949.5517212216484,180,Suitcase
174.4,-0.22,25.0,1471.36,7.38,1111.0,81708.8,19.8,0.042919970891568,465.1703715191028,6.3616551190995825,73.13812944166122,0.0572276157112947,0.037626,949.5517212216484,180,Suitcase
174.4,-0.22,25.0,1569.59,7.88,1099.89,82797.2,19.8,0.042919970891568,465.1703715191028,6.3616551190995825,73.13812944166122,0.0572276157112947,0.037626,949.5517212216484,180,Suitcase
174.4,-0.22,25.0,1569.59,7.88,1099.89,82797.2,19.8,0.042919970891568,465.1703715191028,6.3616551190995825,73.13812944166122,0.0572276157112947,0.037626,949.5517212216484,180,Suitcase
174.4,-0.22,25.0,1569.59,7.88,1099.89,82797.2,19.8,0.042919970891568,465.1703715191028,6.3616551190995825,73.13812944166122,0.0572276157112947,0.037626,949.5517212216484,180,Suitcase
184.5,0.22,25.0,1576.21,7.87,1066.56,81713.3,19.8,0.0405176430994244,446.6623989030563,6.065481082717551,73.65496666578422,0.0499999999999971,0.02278275,906.1053231275072,190,Suitcase
184.5,0.22,25.0,1576.21,7.87,1066.56,81713.3,19.8,0.0405176430994244,446.6623989030563,6.065481082717551,73.65496666578422,0.0499999999999971,0.02278275,906.1053231275072,190,Suitcase
184.5,0.22,25.0,1502.45,7.49,1133.22,83429.1,19.8,0.0405176430994244,446.6623989030563,6.065481082717551,73.65496666578422,0.0499999999999971,0.02278275,906.1053231275072,190,Suitcase
184.5,0.22,25.0,1502.45,7.49,1133.22,83429.1,19.8,0.0405176430994244,446.6623989030563,6.065481082717551,73.65496666578422,0.0499999999999971,0.02278275,906.1053231275072,190,Suitcase
184.5,0.22,25.0,1502.45,7.49,1133.22,83429.1,19.8,0.0405176430994244,446.6623989030563,6.065481082717551,73.65496666578422,0.0499999999999971,0.02278275,906.1053231275072,190,Suitcase
184.5,0.22,25.0,1502.45,7.49,1133.22,83429.1,19.8,0.0405176430994244,446.6623989030563,6.065481082717551,73.65496666578422,0.0499999999999971,0.02278275,906.1053231275072,190,Suitcase
184.5,0.22,25.0,1502.45,7.49,1133.22,83429.1,19.8,0.0405176430994244,446.6623989030563,6.065481082717551,73.65496666578422,0.0499999999999971,0.02278275,906.1053231275072,190,Suitcase
184.5,0.22,25.0,1502.45,7.49,1133.22,83429.1,19.8,0.0405176430994244,446.6623989030563,6.065481082717551,73.65496666578422,0.0499999999999971,0.02278275,906.1053231275072,190,Suitcase
184.4,-0.44,25.0,1469.44,7.31,1133.22,82816.8,19.8,0.0405176430994244,446.6623989030563,6.065481082717551,73.65496666578422,0.0499999999999971,0.02278275,906.1053231275072,190,Suitcase
184.4,-0.44,25.0,1469.44,7.31,1133.22,82816.8,19.8,0.0405176430994244,446.6623989030563,6.065481082717551,73.65496666578422,0.0499999999999971,0.02278275,906.1053231275072,190,Suitcase
184.4,-0.44,25.0,1469.44,7.31,1133.22,82816.8,19.8,0.0405176430994244,446.6623989030563,6.065481082717551,73.65496666578422,0.0499999999999971,0.02278275,906.1053231275072,190,Suitcase
184.4,-0.44,25.0,1469.44,7.31,1133.22,82816.8,19.8,0.0405176430994244,446.6623989030563,6.065481082717551,73.65496666578422,0.0499999999999971,0.02278275,906.1053231275072,190,Suitcase
184.4,-0.44,25.0,1469.44,7.31,1133.22,82816.8,19.8,0.0405176430994244,446.6623989030563,6.065481082717551,73.65496666578422,0.0499999999999971,0.02278275,906.1053231275072,190,Suitcase
184.4,0.0,25.0,1505.36,7.48,1111.0,81613.4,19.8,0.0405176430994244,446.6623989030563,6.065481082717551,73.65496666578422,0.0499999999999971,0.02278275,906.1053231275072,190,Suitcase
184.4,0.0,25.0,1505.36,7.48,1111.0,81613.4,19.8,0.0405176430994244,446.6623989030563,6.065481082717551,73.65496666578422,0.0499999999999971,0.02278275,906.1053231275072,190,Suitcase
184.4,0.0,25.0,1505.36,7.48,1111.0,81613.4,19.8,0.0405176430994244,446.6623989030563,6.065481082717551,73.65496666578422,0.0499999999999971,0.02278275,906.1053231275072,190,Suitcase
184.4,0.0,25.0,1505.36,7.48,1111.0,81613.4,19.8,0.0405176430994244,446.6623989030563,6.065481082717551,73.65496666578422,0.0499999999999971,0.02278275,906.1053231275072,190,Suitcase
184.4,0.0,25.0,1505.36,7.48,1111.0,81613.4,19.8,0.0405176430994244,446.6623989030563,6.065481082717551,73.65496666578422,0.0499999999999971,0.02278275,906.1053231275072,190,Suitcase
184.5,0.22,25.0,1496.91,7.42,1111.0,80793.1,19.8,0.0405176430994244,446.6623989030563,6.065481082717551,73.65496666578422,0.0499999999999971,0.02278275,906.1053231275072,190,Suitcase
184.5,0.22,25.0,1496.91,7.42,1111.0,80793.1,19.8,0.0405176430994244,446.6623989030563,6.065481082717551,73.65496666578422,0.0499999999999971,0.02278275,906.1053231275072,190,Suitcase
195.2,-0.22,25.0,967.02,4.82,1210.99,55657.7,19.8,0.0246530643216839,293.2627435689848,6.8076432222108725,43.108800927540386,0.2011839953873095,0.0056939999999999,1099.06141388914,200,Suitcase
194.7,-1.97,25.0,953.66,4.76,1333.2,57537.2,19.8,0.0246530643216839,293.2627435689848,6.8076432222108725,43.108800927540386,0.2011839953873095,0.0056939999999999,1099.06141388914,200,Suitcase
194.7,-1.97,25.0,953.66,4.76,1333.2,57537.2,19.8,0.0246530643216839,293.2627435689848,6.8076432222108725,43.108800927540386,0.2011839953873095,0.0056939999999999,1099.06141388914,200,Suitcase
194.7,-1.97,25.0,953.66,4.76,1333.2,57537.2,19.8,0.0246530643216839,293.2627435689848,6.8076432222108725,43.108800927540386,0.2011839953873095,0.0056939999999999,1099.06141388914,200,Suitcase
194.7,-1.97,25.0,953.66,4.76,1333.2,57537.2,19.8,0.0246530643216839,293.2627435689848,6.8076432222108725,43.108800927540386,0.2011839953873095,0.0056939999999999,1099.06141388914,200,Suitcase
194.7,-1.97,25.0,953.66,4.76,1333.2,57537.2,19.8,0.0246530643216839,293.2627435689848,6.8076432222108725,43.108800927540386,0.2011839953873095,0.0056939999999999,1099.06141388914,200,Suitcase
195.1,1.75,25.0,948.21,4.73,1277.65,55729.3,19.8,0.0246530643216839,293.2627435689848,6.8076432222108725,43.108800927540386,0.2011839953873095,0.0056939999999999,1099.06141388914,200,Suitcase
195.1,1.75,25.0,948.21,4.73,1277.65,55729.3,19.8,0.0246530643216839,293.2627435689848,6.8076432222108725,43.108800927540386,0.2011839953873095,0.0056939999999999,1099.06141388914,200,Suitcase
195.1,1.75,25.0,948.21,4.73,1277.65,55729.3,19.8,0.0246530643216839,293.2627435689848,6.8076432222108725,43.108800927540386,0.2011839953873095,0.0056939999999999,1099.06141388914,200,Suitcase
195.1,1.75,25.0,948.21,4.73,1277.65,55729.3,19.8,0.0246530643216839,293.2627435689848,6.8076432222108725,43.108800927540386,0.2011839953873095,0.0056939999999999,1099.06141388914,200,Suitcase
195.1,1.75,25.0,948.21,4.73,1277.65,55729.3,19.8,0.0246530643216839,293.2627435689848,6.8076432222108725,43.108800927540386,0.2011839953873095,0.0056939999999999,1099.06141388914,200,Suitcase
195.1,1.75,25.0,948.21,4.73,1277.65,55729.3,19.8,0.0246530643216839,293.2627435689848,6.8076432222108725,43.108800927540386,0.2011839953873095,0.0056939999999999,1099.06141388914,200,Suitcase
195.1,0.0,25.0,984.8,4.92,1366.53,58116.7,19.8,0.0246530643216839,293.2627435689848,6.8076432222108725,43.108800927540386,0.2011839953873095,0.0056939999999999,1099.06141388914,200,Suitcase
195.1,0.0,25.0,984.8,4.92,1366.53,58116.7,19.8,0.0246530643216839,293.2627435689848,6.8076432222108725,43.108800927540386,0.2011839953873095,0.0056939999999999,1099.06141388914,200,Suitcase
195.1,0.0,25.0,984.8,4.92,1366.53,58116.7,19.8,0.0246530643216839,293.2627435689848,6.8076432222108725,43.108800927540386,0.2011839953873095,0.0056939999999999,1099.06141388914,200,Suitcase
195.1,0.0,25.0,984.8,4.92,1366.53,58116.7,19.8,0.0246530643216839,293.2627435689848,6.8076432222108725,43.108800927540386,0.2011839953873095,0.0056939999999999,1099.06141388914,200,Suitcase
195.1,0.0,25.0,984.8,4.92,1366.53,58116.7,19.8,0.0246530643216839,293.2627435689848,6.8076432222108725,43.108800927540386,0.2011839953873095,0.0056939999999999,1099.06141388914,200,Suitcase
194.7,-1.75,25.0,969.01,4.84,1388.75,58362.0,19.8,0.0246530643216839,293.2627435689848,6.8076432222108725,43.108800927540386,0.2011839953873095,0.0056939999999999,1099.06141388914,200,Suitcase
194.7,-1.75,25.0,969.01,4.84,1388.75,58362.0,19.8,0.0246530643216839,293.2627435689848,6.8076432222108725,43.108800927540386,0.2011839953873095,0.0056939999999999,1099.06141388914,200,Suitcase
194.7,-1.75,25.0,969.01,4.84,1388.75,58362.0,19.8,0.0246530643216839,293.2627435689848,6.8076432222108725,43.108800927540386,0.2011839953873095,0.0056939999999999,1099.06141388914,200,Suitcase
205.1,0.44,25.0,1000.77,5.04,1288.76,59319.9,19.8,0.0240707346732729,301.2969753548937,7.092684985545217,42.79929845933699,0.1053565375285339,0.003549,3900.0834391843496,210,Suitcase
205.1,0.44,25.0,1000.77,5.04,1288.76,59319.9,19.8,0.0240707346732729,301.2969753548937,7.092684985545217,42.79929845933699,0.1053565375285339,0.003549,3900.0834391843496,210,Suitcase
205.1,0.44,25.0,1000.77,5.04,1288.76,59319.9,19.8,0.0240707346732729,301.2969753548937,7.092684985545217,42.79929845933699,0.1053565375285339,0.003549,3900.0834391843496,210,Suitcase
205.2,0.44,25.0,967.69,4.87,1288.76,58135.6,19.8,0.0240707346732729,301.2969753548937,7.092684985545217,42.79929845933699,0.1053565375285339,0.003549,3900.0834391843496,210,Suitcase
205.2,0.44,25.0,967.69,4.87,1288.76,58135.6,19.8,0.0240707346732729,301.2969753548937,7.092684985545217,42.79929845933699,0.1053565375285339,0.003549,3900.0834391843496,210,Suitcase
205.2,0.44,25.0,967.69,4.87,1288.76,58135.6,19.8,0.0240707346732729,301.2969753548937,7.092684985545217,42.79929845933699,0.1053565375285339,0.003549,3900.0834391843496,210,Suitcase
205.2,0.44,25.0,967.69,4.87,1288.76,58135.6,19.8,0.0240707346732729,301.2969753548937,7.092684985545217,42.79929845933699,0.1053565375285339,0.003549,3900.0834391843496,210,Suitcase
205.2,0.44,25.0,967.69,4.87,1288.76,58135.6,19.8,0.0240707346732729,301.2969753548937,7.092684985545217,42.79929845933699,0.1053565375285339,0.003549,3900.0834391843496,210,Suitcase
205.2,0.44,25.0,967.69,4.87,1288.76,58135.6,19.8,0.0240707346732729,301.2969753548937,7.092684985545217,42.79929845933699,0.1053565375285339,0.003549,3900.0834391843496,210,Suitcase
205.3,0.44,25.0,975.07,4.92,1744.27,68200.1,19.8,0.0240707346732729,301.2969753548937,7.092684985545217,42.79929845933699,0.1053565375285339,0.003549,3900.0834391843496,210,Suitcase
205.3,0.44,25.0,975.07,4.92,1744.27,68200.1,19.8,0.0240707346732729,301.2969753548937,7.092684985545217,42.79929845933699,0.1053565375285339,0.003549,3900.0834391843496,210,Suitcase
205.3,0.44,25.0,975.07,4.92,1744.27,68200.1,19.8,0.0240707346732729,301.2969753548937,7.092684985545217,42.79929845933699,0.1053565375285339,0.003549,3900.0834391843496,210,Suitcase
205.3,0.44,25.0,975.07,4.92,1744.27,68200.1,19.8,0.0240707346732729,301.2969753548937,7.092684985545217,42.79929845933699,0.1053565375285339,0.003549,3900.0834391843496,210,Suitcase
205.3,0.44,25.0,975.07,4.92,1744.27,68200.1,19.8,0.0240707346732729,301.2969753548937,7.092684985545217,42.79929845933699,0.1053565375285339,0.003549,3900.0834391843496,210,Suitcase
205.4,0.44,25.0,986.87,4.98,1466.52,61531.3,19.8,0.0240707346732729,301.2969753548937,7.092684985545217,42.79929845933699,0.1053565375285339,0.003549,3900.0834391843496,210,Suitcase
205.4,0.44,25.0,986.87,4.98,1466.52,61531.3,19.8,0.0240707346732729,301.2969753548937,7.092684985545217,42.79929845933699,0.1053565375285339,0.003549,3900.0834391843496,210,Suitcase
205.4,0.44,25.0,986.87,4.98,1466.52,61531.3,19.8,0.0240707346732729,301.2969753548937,7.092684985545217,42.79929845933699,0.1053565375285339,0.003549,3900.0834391843496,210,Suitcase
205.4,0.44,25.0,986.87,4.98,1466.52,61531.3,19.8,0.0240707346732729,301.2969753548937,7.092684985545217,42.79929845933699,0.1053565375285339,0.003549,3900.0834391843496,210,Suitcase
205.4,0.44,25.0,986.87,4.98,1466.52,61531.3,19.8,0.0240707346732729,301.2969753548937,7.092684985545217,42.79929845933699,0.1053565375285339,0.003549,3900.0834391843496,210,Suitcase
205.4,0.44,25.0,986.87,4.98,1466.52,61531.3,19.8,0.0240707346732729,301.2969753548937,7.092684985545217,42.79929845933699,0.1053565375285339,0.003549,3900.0834391843496,210,Suitcase
215.2,0.22,25.0,1365.41,6.77,1111.0,70936.3,19.8,0.0301777248932371,331.2935326181822,5.264251717235349,63.01979341510908,0.0489897948556607,0.0548309999999999,1058.8552665024597,220,Suitcase
215.2,0.22,25.0,1365.41,6.77,1111.0,70936.3,19.8,0.0301777248932371,331.2935326181822,5.264251717235349,63.01979341510908,0.0489897948556607,0.0548309999999999,1058.8552665024597,220,Suitcase
215.2,0.0,25.0,1262.94,6.26,1199.88,72751.4,19.8,0.0301777248932371,331.2935326181822,5.264251717235349,63.01979341510908,0.0489897948556607,0.0548309999999999,1058.8552665024597,220,Suitcase
215.2,0.0,25.0,1262.94,6.26,1199.88,72751.4,19.8,0.0301777248932371,331.2935326181822,5.264251717235349,63.01979341510908,0.0489897948556607,0.0548309999999999,1058.8552665024597,220,Suitcase
215.2,0.0,25.0,1262.94,6.26,1199.88,72751.4,19.8,0.0301777248932371,331.2935326181822,5.264251717235349,63.01979341510908,0.0489897948556607,0.0548309999999999,1058.8552665024597,220,Suitcase
215.2,0.0,25.0,1262.94,6.26,1199.88,72751.4,19.8,0.0301777248932371,331.2935326181822,5.264251717235349,63.01979341510908,0.0489897948556607,0.0548309999999999,1058.8552665024597,220,Suitcase
215.2,0.0,25.0,1262.94,6.26,1199.88,72751.4,19.8,0.0301777248932371,331.2935326181822,5.264251717235349,63.01979341510908,0.0489897948556607,0.0548309999999999,1058.8552665024597,220,Suitcase
215.2,-0.22,25.0,1265.26,6.28,1144.33,71216.0,19.8,0.0301777248932371,331.2935326181822,5.264251717235349,63.01979341510908,0.0489897948556607,0.0548309999999999,1058.8552665024597,220,Suitcase
215.2,-0.22,25.0,1265.26,6.28,1144.33,71216.0,19.8,0.0301777248932371,331.2935326181822,5.264251717235349,63.01979341510908,0.0489897948556607,0.0548309999999999,1058.8552665024597,220,Suitcase
215.2,-0.22,25.0,1265.26,6.28,1144.33,71216.0,19.8,0.0301777248932371,331.2935326181822,5.264251717235349,63.01979341510908,0.0489897948556607,0.0548309999999999,1058.8552665024597,220,Suitcase
215.2,-0.22,25.0,1265.26,6.28,1144.33,71216.0,19.8,0.0301777248932371,331.2935326181822,5.264251717235349,63.01979341510908,0.0489897948556607,0.0548309999999999,1058.8552665024597,220,Suitcase
215.2,-0.22,25.0,1265.26,6.28,1144.33,71216.0,19.8,0.0301777248932371,331.2935326181822,5.264251717235349,63.01979341510908,0.0489897948556607,0.0548309999999999,1058.8552665024597,220,Suitcase
215.1,-0.22,25.0,1336.62,6.64,1111.0,71003.5,19.8,0.0301777248932371,331.2935326181822,5.264251717235349,63.01979341510908,0.0489897948556607,0.0548309999999999,1058.8552665024597,220,Suitcase
215.1,-0.22,25.0,1336.62,6.64,1111.0,71003.5,19.8,0.0301777248932371,331.2935326181822,5.264251717235349,63.01979341510908,0.0489897948556607,0.0548309999999999,1058.8552665024597,220,Suitcase
215.1,-0.22,25.0,1336.62,6.64,1111.0,71003.5,19.8,0.0301777248932371,331.2935326181822,5.264251717235349,63.01979341510908,0.0489897948556607,0.0548309999999999,1058.8552665024597,220,Suitcase
215.1,-0.22,25.0,1336.62,6.64,1111.0,71003.5,19.8,0.0301777248932371,331.2935326181822,5.264251717235349,63.01979341510908,0.0489897948556607,0.0548309999999999,1058.8552665024597,220,Suitcase
215.1,-0.22,25.0,1336.62,6.64,1111.0,71003.5,19.8,0.0301777248932371,331.2935326181822,5.264251717235349,63.01979341510908,0.0489897948556607,0.0548309999999999,1058.8552665024597,220,Suitcase
215.1,-0.22,25.0,1336.62,6.64,1111.0,71003.5,19.8,0.0301777248932371,331.2935326181822,5.264251717235349,63.01979341510908,0.0489897948556607,0.0548309999999999,1058.8552665024597,220,Suitcase
215.1,-0.22,25.0,1386.01,6.89,1022.12,68947.3,19.8,0.0301777248932371,331.2935326181822,5.264251717235349,63.01979341510908,0.0489897948556607,0.0548309999999999,1058.8552665024597,220,Suitcase
215.1,-0.22,25.0,1386.01,6.89,1022.12,68947.3,19.8,0.0301777248932371,331.2935326181822,5.264251717235349,63.01979341510908,0.0489897948556607,0.0548309999999999,1058.8552665024597,220,Suitcase
235.4,0.0,25.0,976.27,4.85,2066.46,75259.9,19.8,0.0198729211434313,357.59287875032976,10.503942039454502,34.342455912831355,0.0739932429347395,0.0108959999999999,9077.616048093245,240,Suitcase
235.4,0.0,25.0,976.27,4.85,2066.46,75259.9,19.8,0.0198729211434313,357.59287875032976,10.503942039454502,34.342455912831355,0.0739932429347395,0.0108959999999999,9077.616048093245,240,Suitcase
235.4,0.0,25.0,976.27,4.85,2066.46,75259.9,19.8,0.0198729211434313,357.59287875032976,10.503942039454502,34.342455912831355,0.0739932429347395,0.0108959999999999,9077.616048093245,240,Suitcase
235.4,0.0,25.0,976.27,4.85,2066.46,75259.9,19.8,0.0198729211434313,357.59287875032976,10.503942039454502,34.342455912831355,0.0739932429347395,0.0108959999999999,9077.616048093245,240,Suitcase
235.3,-0.43,25.0,928.78,4.61,2521.97,85646.0,19.7,0.0198729211434313,357.59287875032976,10.503942039454502,34.342455912831355,0.0739932429347395,0.0108959999999999,9077.616048093245,240,Suitcase
235.3,-0.43,25.0,928.78,4.61,2521.97,85646.0,19.7,0.0198729211434313,357.59287875032976,10.503942039454502,34.342455912831355,0.0739932429347395,0.0108959999999999,9077.616048093245,240,Suitcase
235.3,-0.43,25.0,928.78,4.61,2521.97,85646.0,19.7,0.0198729211434313,357.59287875032976,10.503942039454502,34.342455912831355,0.0739932429347395,0.0108959999999999,9077.616048093245,240,Suitcase
235.3,-0.43,25.0,928.78,4.61,2521.97,85646.0,19.7,0.0198729211434313,357.59287875032976,10.503942039454502,34.342455912831355,0.0739932429347395,0.0108959999999999,9077.616048093245,240,Suitcase
235.3,-0.43,25.0,928.78,4.61,2521.97,85646.0,19.7,0.0198729211434313,357.59287875032976,10.503942039454502,34.342455912831355,0.0739932429347395,0.0108959999999999,9077.616048093245,240,Suitcase
235.3,-0.43,25.0,928.78,4.61,2521.97,85646.0,19.7,0.0198729211434313,357.59287875032976,10.503942039454502,34.342455912831355,0.0739932429347395,0.0108959999999999,9077.616048093245,240,Suitcase
235.4,0.44,25.0,919.44,4.57,3099.69,98016.3,19.7,0.0198729211434313,357.59287875032976,10.503942039454502,34.342455912831355,0.0739932429347395,0.0108959999999999,9077.616048093245,240,Suitcase
235.4,0.44,25.0,919.44,4.57,3099.69,98016.3,19.7,0.0198729211434313,357.59287875032976,10.503942039454502,34.342455912831355,0.0739932429347395,0.0108959999999999,9077.616048093245,240,Suitcase
235.4,0.44,25.0,919.44,4.57,3099.69,98016.3,19.7,0.0198729211434313,357.59287875032976,10.503942039454502,34.342455912831355,0.0739932429347395,0.0108959999999999,9077.616048093245,240,Suitcase
235.4,0.44,25.0,919.44,4.57,3099.69,98016.3,19.7,0.0198729211434313,357.59287875032976,10.503942039454502,34.342455912831355,0.0739932429347395,0.0108959999999999,9077.616048093245,240,Suitcase
235.4,0.44,25.0,919.44,4.57,3099.69,98016.3,19.7,0.0198729211434313,357.59287875032976,10.503942039454502,34.342455912831355,0.0739932429347395,0.0108959999999999,9077.616048093245,240,Suitcase
235.5,0.44,25.0,951.55,4.73,2110.9,75698.5,19.7,0.0198729211434313,357.59287875032976,10.503942039454502,34.342455912831355,0.0739932429347395,0.0108959999999999,9077.616048093245,240,Suitcase
235.5,0.44,25.0,951.55,4.73,2110.9,75698.5,19.7,0.0198729211434313,357.59287875032976,10.503942039454502,34.342455912831355,0.0739932429347395,0.0108959999999999,9077.616048093245,240,Suitcase
235.5,0.44,25.0,951.55,4.73,2110.9,75698.5,19.7,0.0198729211434313,357.59287875032976,10.503942039454502,34.342455912831355,0.0739932429347395,0.0108959999999999,9077.616048093245,240,Suitcase
235.5,0.44,25.0,951.55,4.73,2110.9,75698.5,19.7,0.0198729211434313,357.59287875032976,10.503942039454502,34.342455912831355,0.0739932429347395,0.0108959999999999,9077.616048093245,240,Suitcase
235.5,0.44,25.0,951.55,4.73,2110.9,75698.5,19.7,0.0198729211434313,357.59287875032976,10.503942039454502,34.342455912831355,0.0739932429347395,0.0108959999999999,9077.616048093245,240,Suitcase
245.4,0.0,25.0,955.09,4.77,1788.71,65567.3,19.7,0.0176536184155813,731.6115967267102,22.204745762852816,33.31343607956027,0.1732050807568902,0.0714447499999998,160887.84074453078,250,Suitcase
245.4,0.0,25.0,955.09,4.77,1788.71,65567.3,19.7,0.0176536184155813,731.6115967267102,22.204745762852816,33.31343607956027,0.1732050807568902,0.0714447499999998,160887.84074453078,250,Suitcase
245.4,0.0,25.0,955.09,4.77,1788.71,65567.3,19.7,0.0176536184155813,731.6115967267102,22.204745762852816,33.31343607956027,0.1732050807568902,0.0714447499999998,160887.84074453078,250,Suitcase
245.4,0.0,25.0,955.09,4.77,1788.71,65567.3,19.7,0.0176536184155813,731.6115967267102,22.204745762852816,33.31343607956027,0.1732050807568902,0.0714447499999998,160887.84074453078,250,Suitcase
245.4,0.0,25.0,887.89,4.43,2810.83,92859.8,19.7,0.0176536184155813,731.6115967267102,22.204745762852816,33.31343607956027,0.1732050807568902,0.0714447499999998,160887.84074453078,250,Suitcase
245.4,0.0,25.0,887.89,4.43,2810.83,92859.8,19.7,0.0176536184155813,731.6115967267102,22.204745762852816,33.31343607956027,0.1732050807568902,0.0714447499999998,160887.84074453078,250,Suitcase
245.4,0.0,25.0,887.89,4.43,2810.83,92859.8,19.7,0.0176536184155813,731.6115967267102,22.204745762852816,33.31343607956027,0.1732050807568902,0.0714447499999998,160887.84074453078,250,Suitcase
245.4,0.0,25.0,887.89,4.43,2810.83,92859.8,19.7,0.0176536184155813,731.6115967267102,22.204745762852816,33.31343607956027,0.1732050807568902,0.0714447499999998,160887.84074453078,250,Suitcase
245.4,0.0,25.0,887.89,4.43,2810.83,92859.8,19.7,0.0176536184155813,731.6115967267102,22.204745762852816,33.31343607956027,0.1732050807568902,0.0714447499999998,160887.84074453078,250,Suitcase
245.4,0.0,25.0,887.89,4.43,2810.83,92859.8,19.7,0.0176536184155813,731.6115967267102,22.204745762852816,33.31343607956027,0.1732050807568902,0.0714447499999998,160887.84074453078,250,Suitcase
245.4,0.0,25.0,806.37,4.03,13909.72,457488.8,19.2,0.0176536184155813,731.6115967267102,22.204745762852816,33.31343607956027,0.1732050807568902,0.0714447499999998,160887.84074453078,250,Suitcase
245.4,0.0,25.0,806.37,4.03,13909.72,457488.8,19.2,0.0176536184155813,731.6115967267102,22.204745762852816,33.31343607956027,0.1732050807568902,0.0714447499999998,160887.84074453078,250,Suitcase
245.4,0.0,25.0,806.37,4.03,13909.72,457488.8,19.2,0.0176536184155813,731.6115967267102,22.204745762852816,33.31343607956027,0.1732050807568902,0.0714447499999998,160887.84074453078,250,Suitcase
245.4,0.0,25.0,806.37,4.03,13909.72,457488.8,19.2,0.0176536184155813,731.6115967267102,22.204745762852816,33.31343607956027,0.1732050807568902,0.0714447499999998,160887.84074453078,250,Suitcase
245.4,0.0,25.0,806.37,4.03,13909.72,457488.8,19.2,0.0176536184155813,731.6115967267102,22.204745762852816,33.31343607956027,0.1732050807568902,0.0714447499999998,160887.84074453078,250,Suitcase
245.0,-1.96,25.0,831.82,4.16,3077.47,96617.8,19.7,0.0176536184155813,731.6115967267102,22.204745762852816,33.31343607956027,0.1732050807568902,0.0714447499999998,160887.84074453078,250,Suitcase
245.0,-1.96,25.0,831.82,4.16,3077.47,96617.8,19.7,0.0176536184155813,731.6115967267102,22.204745762852816,33.31343607956027,0.1732050807568902,0.0714447499999998,160887.84074453078,250,Suitcase
245.0,-1.96,25.0,831.82,4.16,3077.47,96617.8,19.7,0.0176536184155813,731.6115967267102,22.204745762852816,33.31343607956027,0.1732050807568902,0.0714447499999998,160887.84074453078,250,Suitcase
245.0,-1.96,25.0,831.82,4.16,3077.47,96617.8,19.7,0.0176536184155813,731.6115967267102,22.204745762852816,33.31343607956027,0.1732050807568902,0.0714447499999998,160887.84074453078,250,Suitcase
245.0,-1.96,25.0,831.82,4.16,3077.47,96617.8,19.7,0.0176536184155813,731.6115967267102,22.204745762852816,33.31343607956027,0.1732050807568902,0.0714447499999998,160887.84074453078,250,Suitcase
256.7,-1.09,25.0,1136.17,5.61,1388.75,73162.9,19.8,0.0215799772978421,272.521961299694,5.102850050919506,53.61734704327144,0.1492481155659946,0.00695475,3543.7822660118363,260,Suitcase
256.7,-1.09,25.0,1136.17,5.61,1388.75,73162.9,19.8,0.0215799772978421,272.521961299694,5.102850050919506,53.61734704327144,0.1492481155659946,0.00695475,3543.7822660118363,260,Suitcase
256.7,-1.09,25.0,1136.17,5.61,1388.75,73162.9,19.8,0.0215799772978421,272.521961299694,5.102850050919506,53.61734704327144,0.1492481155659946,0.00695475,3543.7822660118363,260,Suitcase
256.6,-0.66,25.0,1106.96,5.48,1466.52,74321.6,19.8,0.0215799772978421,272.521961299694,5.102850050919506,53.61734704327144,0.1492481155659946,0.00695475,3543.7822660118363,260,Suitcase
256.6,-0.66,25.0,1106.96,5.48,1466.52,74321.6,19.8,0.0215799772978421,272.521961299694,5.102850050919506,53.61734704327144,0.1492481155659946,0.00695475,3543.7822660118363,260,Suitcase
256.6,-0.66,25.0,1106.96,5.48,1466.52,74321.6,19.8,0.0215799772978421,272.521961299694,5.102850050919506,53.61734704327144,0.1492481155659946,0.00695475,3543.7822660118363,260,Suitcase
256.6,-0.66,25.0,1106.96,5.48,1466.52,74321.6,19.8,0.0215799772978421,272.521961299694,5.102850050919506,53.61734704327144,0.1492481155659946,0.00695475,3543.7822660118363,260,Suitcase
256.6,-0.66,25.0,1106.96,5.48,1466.52,74321.6,19.8,0.0215799772978421,272.521961299694,5.102850050919506,53.61734704327144,0.1492481155659946,0.00695475,3543.7822660118363,260,Suitcase
256.3,-1.53,25.0,1141.15,5.65,1166.55,65961.6,19.8,0.0215799772978421,272.521961299694,5.102850050919506,53.61734704327144,0.1492481155659946,0.00695475,3543.7822660118363,260,Suitcase
256.3,-1.53,25.0,1141.15,5.65,1166.55,65961.6,19.8,0.0215799772978421,272.521961299694,5.102850050919506,53.61734704327144,0.1492481155659946,0.00695475,3543.7822660118363,260,Suitcase
256.3,-1.53,25.0,1141.15,5.65,1166.55,65961.6,19.8,0.0215799772978421,272.521961299694,5.102850050919506,53.61734704327144,0.1492481155659946,0.00695475,3543.7822660118363,260,Suitcase
256.3,-1.53,25.0,1141.15,5.65,1166.55,65961.6,19.8,0.0215799772978421,272.521961299694,5.102850050919506,53.61734704327144,0.1492481155659946,0.00695475,3543.7822660118363,260,Suitcase
256.3,-1.53,25.0,1141.15,5.65,1166.55,65961.6,19.8,0.0215799772978421,272.521961299694,5.102850050919506,53.61734704327144,0.1492481155659946,0.00695475,3543.7822660118363,260,Suitcase
256.4,0.44,25.0,1101.74,5.46,1233.21,67412.1,19.8,0.0215799772978421,272.521961299694,5.102850050919506,53.61734704327144,0.1492481155659946,0.00695475,3543.7822660118363,260,Suitcase
256.4,0.44,25.0,1101.74,5.46,1233.21,67412.1,19.8,0.0215799772978421,272.521961299694,5.102850050919506,53.61734704327144,0.1492481155659946,0.00695475,3543.7822660118363,260,Suitcase
256.4,0.44,25.0,1101.74,5.46,1233.21,67412.1,19.8,0.0215799772978421,272.521961299694,5.102850050919506,53.61734704327144,0.1492481155659946,0.00695475,3543.7822660118363,260,Suitcase
256.4,0.44,25.0,1101.74,5.46,1233.21,67412.1,19.8,0.0215799772978421,272.521961299694,5.102850050919506,53.61734704327144,0.1492481155659946,0.00695475,3543.7822660118363,260,Suitcase
256.4,0.44,25.0,1101.74,5.46,1233.21,67412.1,19.8,0.0215799772978421,272.521961299694,5.102850050919506,53.61734704327144,0.1492481155659946,0.00695475,3543.7822660118363,260,Suitcase
256.4,0.44,25.0,1101.74,5.46,1233.21,67412.1,19.8,0.0215799772978421,272.521961299694,5.102850050919506,53.61734704327144,0.1492481155659946,0.00695475,3543.7822660118363,260,Suitcase
256.3,-0.44,25.0,1097.67,5.45,1444.3,72504.5,19.8,0.0215799772978421,272.521961299694,5.102850050919506,53.61734704327144,0.1492481155659946,0.00695475,3543.7822660118363,260,Suitcase
266.0,0.0,25.0,1167.49,5.84,3255.23,127788.1,19.7,0.0218930032741516,374.65274384678713,8.640819508501165,43.78671668272024,0.0653834841531028,0.0333089999999999,13591.94625034528,270,Suitcase
266.0,0.0,25.0,1167.49,5.84,3255.23,127788.1,19.7,0.0218930032741516,374.65274384678713,8.640819508501165,43.78671668272024,0.0653834841531028,0.0333089999999999,13591.94625034528,270,Suitcase
266.0,0.0,25.0,1167.49,5.84,3255.23,127788.1,19.7,0.0218930032741516,374.65274384678713,8.640819508501165,43.78671668272024,0.0653834841531028,0.0333089999999999,13591.94625034528,270,Suitcase
265.9,-0.44,25.0,1104.62,5.53,1944.25,86815.2,19.8,0.0218930032741516,374.65274384678713,8.640819508501165,43.78671668272024,0.0653834841531028,0.0333089999999999,13591.94625034528,270,Suitcase
265.9,-0.44,25.0,1104.62,5.53,1944.25,86815.2,19.8,0.0218930032741516,374.65274384678713,8.640819508501165,43.78671668272024,0.0653834841531028,0.0333089999999999,13591.94625034528,270,Suitcase
265.9,-0.44,25.0,1104.62,5.53,1944.25,86815.2,19.8,0.0218930032741516,374.65274384678713,8.640819508501165,43.78671668272024,0.0653834841531028,0.0333089999999999,13591.94625034528,270,Suitcase
265.9,-0.44,25.0,1104.62,5.53,1944.25,86815.2,19.8,0.0218930032741516,374.65274384678713,8.640819508501165,43.78671668272024,0.0653834841531028,0.0333089999999999,13591.94625034528,270,Suitcase
265.9,-0.44,25.0,1104.62,5.53,1944.25,86815.2,19.8,0.0218930032741516,374.65274384678713,8.640819508501165,43.78671668272024,0.0653834841531028,0.0333089999999999,13591.94625034528,270,Suitcase
265.9,0.0,25.0,1170.55,5.86,2377.54,102735.8,19.7,0.0218930032741516,374.65274384678713,8.640819508501165,43.78671668272024,0.0653834841531028,0.0333089999999999,13591.94625034528,270,Suitcase
265.9,0.0,25.0,1170.55,5.86,2377.54,102735.8,19.7,0.0218930032741516,374.65274384678713,8.640819508501165,43.78671668272024,0.0653834841531028,0.0333089999999999,13591.94625034528,270,Suitcase
265.9,0.0,25.0,1170.55,5.86,2377.54,102735.8,19.7,0.0218930032741516,374.65274384678713,8.640819508501165,43.78671668272024,0.0653834841531028,0.0333089999999999,13591.94625034528,270,Suitcase
265.9,0.0,25.0,1170.55,5.86,2377.54,102735.8,19.7,0.0218930032741516,374.65274384678713,8.640819508501165,43.78671668272024,0.0653834841531028,0.0333089999999999,13591.94625034528,270,Suitcase
265.9,0.0,25.0,1170.55,5.86,2377.54,102735.8,19.7,0.0218930032741516,374.65274384678713,8.640819508501165,43.78671668272024,0.0653834841531028,0.0333089999999999,13591.94625034528,270,Suitcase
265.9,0.0,25.0,1170.55,5.86,2377.54,102735.8,19.7,0.0218930032741516,374.65274384678713,8.640819508501165,43.78671668272024,0.0653834841531028,0.0333089999999999,13591.94625034528,270,Suitcase
265.8,-0.22,25.0,1200.29,6.0,2110.9,95528.7,19.7,0.0218930032741516,374.65274384678713,8.640819508501165,43.78671668272024,0.0653834841531028,0.0333089999999999,13591.94625034528,270,Suitcase
265.8,-0.22,25.0,1200.29,6.0,2110.9,95528.7,19.7,0.0218930032741516,374.65274384678713,8.640819508501165,43.78671668272024,0.0653834841531028,0.0333089999999999,13591.94625034528,270,Suitcase
265.8,-0.22,25.0,1200.29,6.0,2110.9,95528.7,19.7,0.0218930032741516,374.65274384678713,8.640819508501165,43.78671668272024,0.0653834841531028,0.0333089999999999,13591.94625034528,270,Suitcase
265.8,-0.22,25.0,1200.29,6.0,2110.9,95528.7,19.7,0.0218930032741516,374.65274384678713,8.640819508501165,43.78671668272024,0.0653834841531028,0.0333089999999999,13591.94625034528,270,Suitcase
265.8,-0.22,25.0,1200.29,6.0,2110.9,95528.7,19.7,0.0218930032741516,374.65274384678713,8.640819508501165,43.78671668272024,0.0653834841531028,0.0333089999999999,13591.94625034528,270,Suitcase
265.8,-0.22,25.0,1218.61,6.09,1644.28,80838.7,19.8,0.0218930032741516,374.65274384678713,8.640819508501165,43.78671668272024,0.0653834841531028,0.0333089999999999,13591.94625034528,270,Suitcase
277.0,1.75,25.0,945.95,4.74,2666.4,100085.4,19.7,0.014051658594532,767.9955978208975,21.368517253785683,36.08602463773759,23.565064714530276,0.011751,110886.81463409832,280,Suitcase
318.0,184.53,25.0,988.4,4.95,8243.62,299808.8,19.4,0.014051658594532,767.9955978208975,21.368517253785683,36.08602463773759,23.565064714530276,0.011751,110886.81463409832,280,Suitcase
318.0,184.53,25.0,988.4,4.95,8243.62,299808.8,19.4,0.014051658594532,767.9955978208975,21.368517253785683,36.08602463773759,23.565064714530276,0.011751,110886.81463409832,280,Suitcase
318.0,184.53,25.0,988.4,4.95,8243.62,299808.8,19.4,0.014051658594532,767.9955978208975,21.368517253785683,36.08602463773759,23.565064714530276,0.011751,110886.81463409832,280,Suitcase
318.0,184.53,25.0,988.4,4.95,8243.62,299808.8,19.4,0.014051658594532,767.9955978208975,21.368517253785683,36.08602463773759,23.565064714530276,0.011751,110886.81463409832,280,Suitcase
318.0,184.53,25.0,988.4,4.95,8243.62,299808.8,19.4,0.014051658594532,767.9955978208975,21.368517253785683,36.08602463773759,23.565064714530276,0.011751,110886.81463409832,280,Suitcase
359.4,186.46,25.0,931.92,4.67,8888.0,317328.9,19.4,0.014051658594532,767.9955978208975,21.368517253785683,36.08602463773759,23.565064714530276,0.011751,110886.81463409832,280,Suitcase
359.4,186.46,25.0,931.92,4.67,8888.0,317328.9,19.4,0.014051658594532,767.9955978208975,21.368517253785683,36.08602463773759,23.565064714530276,0.011751,110886.81463409832,280,Suitcase
359.4,186.46,25.0,931.92,4.67,8888.0,317328.9,19.4,0.014051658594532,767.9955978208975,21.368517253785683,36.08602463773759,23.565064714530276,0.011751,110886.81463409832,280,Suitcase
359.4,186.46,25.0,931.92,4.67,8888.0,317328.9,19.4,0.014051658594532,767.9955978208975,21.368517253785683,36.08602463773759,23.565064714530276,0.011751,110886.81463409832,280,Suitcase
359.4,186.46,25.0,931.92,4.67,8888.0,317328.9,19.4,0.014051658594532,767.9955978208975,21.368517253785683,36.08602463773759,23.565064714530276,0.011751,110886.81463409832,280,Suitcase
359.4,186.46,25.0,931.92,4.67,8888.0,317328.9,19.4,0.014051658594532,767.9955978208975,21.368517253785683,36.08602463773759,23.565064714530276,0.011751,110886.81463409832,280,Suitcase
359.3,-0.65,25.0,968.43,4.85,2933.04,106723.9,19.7,0.014051658594532,767.9955978208975,21.368517253785683,36.08602463773759,23.565064714530276,0.011751,110886.81463409832,280,Suitcase
359.3,-0.65,25.0,968.43,4.85,2933.04,106723.9,19.7,0.014051658594532,767.9955978208975,21.368517253785683,36.08602463773759,23.565064714530276,0.011751,110886.81463409832,280,Suitcase
359.3,-0.65,25.0,968.43,4.85,2933.04,106723.9,19.7,0.014051658594532,767.9955978208975,21.368517253785683,36.08602463773759,23.565064714530276,0.011751,110886.81463409832,280,Suitcase
359.3,-0.65,25.0,968.43,4.85,2933.04,106723.9,19.7,0.014051658594532,767.9955978208975,21.368517253785683,36.08602463773759,23.565064714530276,0.011751,110886.81463409832,280,Suitcase
359.3,-0.65,25.0,968.43,4.85,2933.04,106723.9,19.7,0.014051658594532,767.9955978208975,21.368517253785683,36.08602463773759,23.565064714530276,0.011751,110886.81463409832,280,Suitcase
358.8,-2.15,25.0,970.67,4.86,11832.15,418816.4,19.3,0.014051658594532,767.9955978208975,21.368517253785683,36.08602463773759,23.565064714530276,0.011751,110886.81463409832,280,Suitcase
358.8,-2.15,25.0,970.67,4.86,11832.15,418816.4,19.3,0.014051658594532,767.9955978208975,21.368517253785683,36.08602463773759,23.565064714530276,0.011751,110886.81463409832,280,Suitcase
358.8,-2.15,25.0,970.67,4.86,11832.15,418816.4,19.3,0.014051658594532,767.9955978208975,21.368517253785683,36.08602463773759,23.565064714530276,0.011751,110886.81463409832,280,Suitcase
286.0,0.0,25.0,950.86,4.8,1910.92,77623.7,19.8,0.0168871928807127,971.1151009442208,26.766190489782343,37.74025437585023,0.1042832680730668,0.000869,164576.60598516508,290,Suitcase
286.0,0.0,25.0,950.86,4.8,1910.92,77623.7,19.8,0.0168871928807127,971.1151009442208,26.766190489782343,37.74025437585023,0.1042832680730668,0.000869,164576.60598516508,290,Suitcase
286.0,0.0,25.0,964.11,4.86,1866.48,75858.9,19.8,0.0168871928807127,971.1151009442208,26.766190489782343,37.74025437585023,0.1042832680730668,0.000869,164576.60598516508,290,Suitcase
286.0,0.0,25.0,964.11,4.86,1866.48,75858.9,19.8,0.0168871928807127,971.1151009442208,26.766190489782343,37.74025437585023,0.1042832680730668,0.000869,164576.60598516508,290,Suitcase
286.0,0.0,25.0,964.11,4.86,1866.48,75858.9,19.8,0.0168871928807127,971.1151009442208,26.766190489782343,37.74025437585023,0.1042832680730668,0.000869,164576.60598516508,290,Suitcase
286.0,0.0,25.0,964.11,4.86,1866.48,75858.9,19.8,0.0168871928807127,971.1151009442208,26.766190489782343,37.74025437585023,0.1042832680730668,0.000869,164576.60598516508,290,Suitcase
286.0,0.0,25.0,964.11,4.86,1866.48,75858.9,19.8,0.0168871928807127,971.1151009442208,26.766190489782343,37.74025437585023,0.1042832680730668,0.000869,164576.60598516508,290,Suitcase
286.0,0.0,25.0,964.11,4.86,1866.48,75858.9,19.8,0.0168871928807127,971.1151009442208,26.766190489782343,37.74025437585023,0.1042832680730668,0.000869,164576.60598516508,290,Suitcase
286.1,0.43,25.0,950.62,4.79,11476.63,412069.2,19.3,0.0168871928807127,971.1151009442208,26.766190489782343,37.74025437585023,0.1042832680730668,0.000869,164576.60598516508,290,Suitcase
286.1,0.43,25.0,950.62,4.79,11476.63,412069.2,19.3,0.0168871928807127,971.1151009442208,26.766190489782343,37.74025437585023,0.1042832680730668,0.000869,164576.60598516508,290,Suitcase
286.1,0.43,25.0,950.62,4.79,11476.63,412069.2,19.3,0.0168871928807127,971.1151009442208,26.766190489782343,37.74025437585023,0.1042832680730668,0.000869,164576.60598516508,290,Suitcase
286.1,0.43,25.0,950.62,4.79,11476.63,412069.2,19.3,0.0168871928807127,971.1151009442208,26.766190489782343,37.74025437585023,0.1042832680730668,0.000869,164576.60598516508,290,Suitcase
286.1,0.43,25.0,950.62,4.79,11476.63,412069.2,19.3,0.0168871928807127,971.1151009442208,26.766190489782343,37.74025437585023,0.1042832680730668,0.000869,164576.60598516508,290,Suitcase
286.2,0.43,25.0,962.86,4.84,11476.63,410826.1,19.3,0.0168871928807127,971.1151009442208,26.766190489782343,37.74025437585023,0.1042832680730668,0.000869,164576.60598516508,290,Suitcase
286.2,0.43,25.0,962.86,4.84,11476.63,410826.1,19.3,0.0168871928807127,971.1151009442208,26.766190489782343,37.74025437585023,0.1042832680730668,0.000869,164576.60598516508,290,Suitcase
286.2,0.43,25.0,962.86,4.84,11476.63,410826.1,19.3,0.0168871928807127,971.1151009442208,26.766190489782343,37.74025437585023,0.1042832680730668,0.000869,164576.60598516508,290,Suitcase
286.2,0.43,25.0,962.86,4.84,11476.63,410826.1,19.3,0.0168871928807127,971.1151009442208,26.766190489782343,37.74025437585023,0.1042832680730668,0.000869,164576.60598516508,290,Suitcase
286.2,0.43,25.0,962.86,4.84,11476.63,410826.1,19.3,0.0168871928807127,971.1151009442208,26.766190489782343,37.74025437585023,0.1042832680730668,0.000869,164576.60598516508,290,Suitcase
286.2,0.43,25.0,962.86,4.84,11476.63,410826.1,19.3,0.0168871928807127,971.1151009442208,26.766190489782343,37.74025437585023,0.1042832680730668,0.000869,164576.60598516508,290,Suitcase
285.8,-1.72,25.0,969.24,4.87,11898.81,421222.9,19.3,0.0168871928807127,971.1151009442208,26.766190489782343,37.74025437585023,0.1042832680730668,0.000869,164576.60598516508,290,Suitcase
296.4,0.44,25.0,1518.26,7.54,1166.55,86628.2,19.8,0.0271470863319674,294.8392548243451,3.941548560792281,74.80653664630407,0.035707142142702,0.094504,433.38107538285664,300,Suitcase
296.4,0.0,25.0,1553.86,7.73,1177.66,87384.8,19.8,0.0271470863319674,294.8392548243451,3.941548560792281,74.80653664630407,0.035707142142702,0.094504,433.38107538285664,300,Suitcase
296.4,0.0,25.0,1553.86,7.73,1177.66,87384.8,19.8,0.0271470863319674,294.8392548243451,3.941548560792281,74.80653664630407,0.035707142142702,0.094504,433.38107538285664,300,Suitcase
296.4,0.0,25.0,1553.86,7.73,1177.66,87384.8,19.8,0.0271470863319674,294.8392548243451,3.941548560792281,74.80653664630407,0.035707142142702,0.094504,433.38107538285664,300,Suitcase
296.4,0.0,25.0,1553.86,7.73,1177.66,87384.8,19.8,0.0271470863319674,294.8392548243451,3.941548560792281,74.80653664630407,0.035707142142702,0.094504,433.38107538285664,300,Suitcase
296.4,0.0,25.0,1553.86,7.73,1177.66,87384.8,19.8,0.0271470863319674,294.8392548243451,3.941548560792281,74.80653664630407,0.035707142142702,0.094504,433.38107538285664,300,Suitcase
296.4,0.0,25.0,1634.14,8.14,1177.66,87987.3,19.8,0.0271470863319674,294.8392548243451,3.941548560792281,74.80653664630407,0.035707142142702,0.094504,433.38107538285664,300,Suitcase
296.4,0.0,25.0,1634.14,8.14,1177.66,87987.3,19.8,0.0271470863319674,294.8392548243451,3.941548560792281,74.80653664630407,0.035707142142702,0.094504,433.38107538285664,300,Suitcase
296.4,0.0,25.0,1634.14,8.14,1177.66,87987.3,19.8,0.0271470863319674,294.8392548243451,3.941548560792281,74.80653664630407,0.035707142142702,0.094504,433.38107538285664,300,Suitcase
296.4,0.0,25.0,1634.14,8.14,1177.66,87987.3,19.8,0.0271470863319674,294.8392548243451,3.941548560792281,74.80653664630407,0.035707142142702,0.094504,433.38107538285664,300,Suitcase
296.4,0.0,25.0,1634.14,8.14,1177.66,87987.3,19.8,0.0271470863319674,294.8392548243451,3.941548560792281,74.80653664630407,0.035707142142702,0.094504,433.38107538285664,300,Suitcase
296.4,0.0,25.0,1634.14,8.14,1177.66,87987.3,19.8,0.0271470863319674,294.8392548243451,3.941548560792281,74.80653664630407,0.035707142142702,0.094504,433.38107538285664,300,Suitcase
296.4,0.0,25.0,1698.1,8.48,1155.44,87039.0,19.8,0.0271470863319674,294.8392548243451,3.941548560792281,74.80653664630407,0.035707142142702,0.094504,433.38107538285664,300,Suitcase
296.4,0.0,25.0,1698.1,8.48,1155.44,87039.0,19.8,0.0271470863319674,294.8392548243451,3.941548560792281,74.80653664630407,0.035707142142702,0.094504,433.38107538285664,300,Suitcase
296.4,0.0,25.0,1698.1,8.48,1155.44,87039.0,19.8,0.0271470863319674,294.8392548243451,3.941548560792281,74.80653664630407,0.035707142142702,0.094504,433.38107538285664,300,Suitcase
296.4,0.0,25.0,1698.1,8.48,1155.44,87039.0,19.8,0.0271470863319674,294.8392548243451,3.941548560792281,74.80653664630407,0.035707142142702,0.094504,433.38107538285664,300,Suitcase
296.4,0.0,25.0,1698.1,8.48,1155.44,87039.0,19.8,0.0271470863319674,294.8392548243451,3.941548560792281,74.80653664630407,0.035707142142702,0.094504,433.38107538285664,300,Suitcase
296.3,-0.44,25.0,1566.64,7.83,1155.44,87016.0,19.8,0.0271470863319674,294.8392548243451,3.941548560792281,74.80653664630407,0.035707142142702,0.094504,433.38107538285664,300,Suitcase
296.3,-0.44,25.0,1566.64,7.83,1155.44,87016.0,19.8,0.0271470863319674,294.8392548243451,3.941548560792281,74.80653664630407,0.035707142142702,0.094504,433.38107538285664,300,Suitcase
296.3,-0.44,25.0,1566.64,7.83,1155.44,87016.0,19.8,0.0271470863319674,294.8392548243451,3.941548560792281,74.80653664630407,0.035707142142702,0.094504,433.38107538285664,300,Suitcase
306.3,0.22,25.0,1410.02,7.02,1699.83,96800.9,19.8,0.022203721841332,296.46864185439114,4.998230492980738,59.831512268121415,5.684341886080804e-14,0.0313789999999999,6808.650888573667,310,Suitcase
306.3,0.0,25.0,1322.69,6.58,1766.49,98308.7,19.8,0.022203721841332,296.46864185439114,4.998230492980738,59.831512268121415,5.684341886080804e-14,0.0313789999999999,6808.650888573667,310,Suitcase
306.3,0.0,25.0,1322.69,6.58,1766.49,98308.7,19.8,0.022203721841332,296.46864185439114,4.998230492980738,59.831512268121415,5.684341886080804e-14,0.0313789999999999,6808.650888573667,310,Suitcase
306.3,0.0,25.0,1322.69,6.58,1766.49,98308.7,19.8,0.022203721841332,296.46864185439114,4.998230492980738,59.831512268121415,5.684341886080804e-14,0.0313789999999999,6808.650888573667,310,Suitcase
306.3,0.0,25.0,1322.69,6.58,1766.49,98308.7,19.8,0.022203721841332,296.46864185439114,4.998230492980738,59.831512268121415,5.684341886080804e-14,0.0313789999999999,6808.650888573667,310,Suitcase
306.3,0.0,25.0,1322.69,6.58,1766.49,98308.7,19.8,0.022203721841332,296.46864185439114,4.998230492980738,59.831512268121415,5.684341886080804e-14,0.0313789999999999,6808.650888573667,310,Suitcase
306.3,0.0,25.0,1322.69,6.58,1766.49,98308.7,19.8,0.022203721841332,296.46864185439114,4.998230492980738,59.831512268121415,5.684341886080804e-14,0.0313789999999999,6808.650888573667,310,Suitcase
306.3,0.0,25.0,1384.08,6.88,1333.2,84018.8,19.8,0.022203721841332,296.46864185439114,4.998230492980738,59.831512268121415,5.684341886080804e-14,0.0313789999999999,6808.650888573667,310,Suitcase
306.3,0.0,25.0,1384.08,6.88,1333.2,84018.8,19.8,0.022203721841332,296.46864185439114,4.998230492980738,59.831512268121415,5.684341886080804e-14,0.0313789999999999,6808.650888573667,310,Suitcase
306.3,0.0,25.0,1384.08,6.88,1333.2,84018.8,19.8,0.022203721841332,296.46864185439114,4.998230492980738,59.831512268121415,5.684341886080804e-14,0.0313789999999999,6808.650888573667,310,Suitcase
306.3,0.0,25.0,1384.08,6.88,1333.2,84018.8,19.8,0.022203721841332,296.46864185439114,4.998230492980738,59.831512268121415,5.684341886080804e-14,0.0313789999999999,6808.650888573667,310,Suitcase
306.3,0.0,25.0,1384.08,6.88,1333.2,84018.8,19.8,0.022203721841332,296.46864185439114,4.998230492980738,59.831512268121415,5.684341886080804e-14,0.0313789999999999,6808.650888573667,310,Suitcase
306.3,0.0,25.0,1412.84,7.01,1310.98,84038.8,19.8,0.022203721841332,296.46864185439114,4.998230492980738,59.831512268121415,5.684341886080804e-14,0.0313789999999999,6808.650888573667,310,Suitcase
306.3,0.0,25.0,1412.84,7.01,1310.98,84038.8,19.8,0.022203721841332,296.46864185439114,4.998230492980738,59.831512268121415,5.684341886080804e-14,0.0313789999999999,6808.650888573667,310,Suitcase
306.3,0.0,25.0,1412.84,7.01,1310.98,84038.8,19.8,0.022203721841332,296.46864185439114,4.998230492980738,59.831512268121415,5.684341886080804e-14,0.0313789999999999,6808.650888573667,310,Suitcase
306.3,0.0,25.0,1412.84,7.01,1310.98,84038.8,19.8,0.022203721841332,296.46864185439114,4.998230492980738,59.831512268121415,5.684341886080804e-14,0.0313789999999999,6808.650888573667,310,Suitcase
306.3,0.0,25.0,1412.84,7.01,1310.98,84038.8,19.8,0.022203721841332,296.46864185439114,4.998230492980738,59.831512268121415,5.684341886080804e-14,0.0313789999999999,6808.650888573667,310,Suitcase
306.3,0.0,25.0,1348.91,6.69,1699.83,96408.6,19.8,0.022203721841332,296.46864185439114,4.998230492980738,59.831512268121415,5.684341886080804e-14,0.0313789999999999,6808.650888573667,310,Suitcase
306.3,0.0,25.0,1348.91,6.69,1699.83,96408.6,19.8,0.022203721841332,296.46864185439114,4.998230492980738,59.831512268121415,5.684341886080804e-14,0.0313789999999999,6808.650888573667,310,Suitcase
306.3,0.0,25.0,1348.91,6.69,1699.83,96408.6,19.8,0.022203721841332,296.46864185439114,4.998230492980738,59.831512268121415,5.684341886080804e-14,0.0313789999999999,6808.650888573667,310,Suitcase
315.5,0.43,25.0,851.78,4.23,12565.41,422436.2,19.2,0.0134571327968623,1343.0578649926852,40.292222904599704,33.336085007209455,0.2299456457513325,0.01123475,5345.845392068499,320,Suitcase
316.0,1.92,25.0,853.06,4.24,12554.3,420337.7,19.2,0.0134571327968623,1343.0578649926852,40.292222904599704,33.336085007209455,0.2299456457513325,0.01123475,5345.845392068499,320,Suitcase
316.0,1.92,25.0,853.06,4.24,12554.3,420337.7,19.2,0.0134571327968623,1343.0578649926852,40.292222904599704,33.336085007209455,0.2299456457513325,0.01123475,5345.845392068499,320,Suitcase
316.0,1.92,25.0,853.06,4.24,12554.3,420337.7,19.2,0.0134571327968623,1343.0578649926852,40.292222904599704,33.336085007209455,0.2299456457513325,0.01123475,5345.845392068499,320,Suitcase
316.0,1.92,25.0,853.06,4.24,12554.3,420337.7,19.2,0.0134571327968623,1343.0578649926852,40.292222904599704,33.336085007209455,0.2299456457513325,0.01123475,5345.845392068499,320,Suitcase
316.0,1.92,25.0,853.06,4.24,12554.3,420337.7,19.2,0.0134571327968623,1343.0578649926852,40.292222904599704,33.336085007209455,0.2299456457513325,0.01123475,5345.845392068499,320,Suitcase
316.3,1.71,25.0,828.2,4.13,12554.3,420129.0,19.2,0.0134571327968623,1343.0578649926852,40.292222904599704,33.336085007209455,0.2299456457513325,0.01123475,5345.845392068499,320,Suitcase
316.3,1.71,25.0,828.2,4.13,12554.3,420129.0,19.2,0.0134571327968623,1343.0578649926852,40.292222904599704,33.336085007209455,0.2299456457513325,0.01123475,5345.845392068499,320,Suitcase
316.3,1.71,25.0,828.2,4.13,12554.3,420129.0,19.2,0.0134571327968623,1343.0578649926852,40.292222904599704,33.336085007209455,0.2299456457513325,0.01123475,5345.845392068499,320,Suitcase
316.3,1.71,25.0,828.2,4.13,12554.3,420129.0,19.2,0.0134571327968623,1343.0578649926852,40.292222904599704,33.336085007209455,0.2299456457513325,0.01123475,5345.845392068499,320,Suitcase
316.3,1.71,25.0,828.2,4.13,12554.3,420129.0,19.2,0.0134571327968623,1343.0578649926852,40.292222904599704,33.336085007209455,0.2299456457513325,0.01123475,5345.845392068499,320,Suitcase
316.3,1.71,25.0,828.2,4.13,12554.3,420129.0,19.2,0.0134571327968623,1343.0578649926852,40.292222904599704,33.336085007209455,0.2299456457513325,0.01123475,5345.845392068499,320,Suitcase
316.4,0.43,25.0,864.53,4.31,13020.92,430227.0,19.2,0.0134571327968623,1343.0578649926852,40.292222904599704,33.336085007209455,0.2299456457513325,0.01123475,5345.845392068499,320,Suitcase
316.4,0.43,25.0,864.53,4.31,13020.92,430227.0,19.2,0.0134571327968623,1343.0578649926852,40.292222904599704,33.336085007209455,0.2299456457513325,0.01123475,5345.845392068499,320,Suitcase
316.4,0.43,25.0,864.53,4.31,13020.92,430227.0,19.2,0.0134571327968623,1343.0578649926852,40.292222904599704,33.336085007209455,0.2299456457513325,0.01123475,5345.845392068499,320,Suitcase
316.4,0.43,25.0,864.53,4.31,13020.92,430227.0,19.2,0.0134571327968623,1343.0578649926852,40.292222904599704,33.336085007209455,0.2299456457513325,0.01123475,5345.845392068499,320,Suitcase
316.4,0.43,25.0,864.53,4.31,13020.92,430227.0,19.2,0.0134571327968623,1343.0578649926852,40.292222904599704,33.336085007209455,0.2299456457513325,0.01123475,5345.845392068499,320,Suitcase
316.4,0.0,25.0,891.74,4.45,13020.92,432724.7,19.2,0.0134571327968623,1343.0578649926852,40.292222904599704,33.336085007209455,0.2299456457513325,0.01123475,5345.845392068499,320,Suitcase
316.4,0.0,25.0,891.74,4.45,13020.92,432724.7,19.2,0.0134571327968623,1343.0578649926852,40.292222904599704,33.336085007209455,0.2299456457513325,0.01123475,5345.845392068499,320,Suitcase
316.4,0.0,25.0,891.74,4.45,13020.92,432724.7,19.2,0.0134571327968623,1343.0578649926852,40.292222904599704,33.336085007209455,0.2299456457513325,0.01123475,5345.845392068499,320,Suitcase
327.0,0.0,25.0,907.93,4.51,12021.02,389957.2,19.3,0.0135871559633027,1174.5596941896024,35.46706116207952,33.12942912955382,0.0,0.014901,14115.523345614938,330,Suitcase
327.0,0.0,25.0,907.93,4.51,12021.02,389957.2,19.3,0.0135871559633027,1174.5596941896024,35.46706116207952,33.12942912955382,0.0,0.014901,14115.523345614938,330,Suitcase
327.0,0.0,25.0,917.79,4.56,10843.36,362732.6,19.3,0.0135871559633027,1174.5596941896024,35.46706116207952,33.12942912955382,0.0,0.014901,14115.523345614938,330,Suitcase
327.0,0.0,25.0,917.79,4.56,10843.36,362732.6,19.3,0.0135871559633027,1174.5596941896024,35.46706116207952,33.12942912955382,0.0,0.014901,14115.523345614938,330,Suitcase
327.0,0.0,25.0,917.79,4.56,10843.36,362732.6,19.3,0.0135871559633027,1174.5596941896024,35.46706116207952,33.12942912955382,0.0,0.014901,14115.523345614938,330,Suitcase
327.0,0.0,25.0,917.79,4.56,10843.36,362732.6,19.3,0.0135871559633027,1174.5596941896024,35.46706116207952,33.12942912955382,0.0,0.014901,14115.523345614938,330,Suitcase
327.0,0.0,25.0,917.79,4.56,10843.36,362732.6,19.3,0.0135871559633027,1174.5596941896024,35.46706116207952,33.12942912955382,0.0,0.014901,14115.523345614938,330,Suitcase
327.0,0.0,25.0,917.79,4.56,10843.36,362732.6,19.3,0.0135871559633027,1174.5596941896024,35.46706116207952,33.12942912955382,0.0,0.014901,14115.523345614938,330,Suitcase
327.0,0.0,25.0,859.17,4.27,12009.91,391824.7,19.3,0.0135871559633027,1174.5596941896024,35.46706116207952,33.12942912955382,0.0,0.014901,14115.523345614938,330,Suitcase
327.0,0.0,25.0,859.17,4.27,12009.91,391824.7,19.3,0.0135871559633027,1174.5596941896024,35.46706116207952,33.12942912955382,0.0,0.014901,14115.523345614938,330,Suitcase
327.0,0.0,25.0,859.17,4.27,12009.91,391824.7,19.3,0.0135871559633027,1174.5596941896024,35.46706116207952,33.12942912955382,0.0,0.014901,14115.523345614938,330,Suitcase
327.0,0.0,25.0,859.17,4.27,12009.91,391824.7,19.3,0.0135871559633027,1174.5596941896024,35.46706116207952,33.12942912955382,0.0,0.014901,14115.523345614938,330,Suitcase
327.0,0.0,25.0,859.17,4.27,12009.91,391824.7,19.3,0.0135871559633027,1174.5596941896024,35.46706116207952,33.12942912955382,0.0,0.014901,14115.523345614938,330,Suitcase
327.0,0.0,25.0,885.33,4.39,11921.03,396261.3,19.3,0.0135871559633027,1174.5596941896024,35.46706116207952,33.12942912955382,0.0,0.014901,14115.523345614938,330,Suitcase
327.0,0.0,25.0,885.33,4.39,11921.03,396261.3,19.3,0.0135871559633027,1174.5596941896024,35.46706116207952,33.12942912955382,0.0,0.014901,14115.523345614938,330,Suitcase
327.0,0.0,25.0,885.33,4.39,11921.03,396261.3,19.3,0.0135871559633027,1174.5596941896024,35.46706116207952,33.12942912955382,0.0,0.014901,14115.523345614938,330,Suitcase
327.0,0.0,25.0,885.33,4.39,11921.03,396261.3,19.3,0.0135871559633027,1174.5596941896024,35.46706116207952,33.12942912955382,0.0,0.014901,14115.523345614938,330,Suitcase
327.0,0.0,25.0,885.33,4.39,11921.03,396261.3,19.3,0.0135871559633027,1174.5596941896024,35.46706116207952,33.12942912955382,0.0,0.014901,14115.523345614938,330,Suitcase
327.0,0.0,25.0,924.15,4.59,11598.84,392440.2,19.3,0.0135871559633027,1174.5596941896024,35.46706116207952,33.12942912955382,0.0,0.014901,14115.523345614938,330,Suitcase
327.0,0.0,25.0,924.15,4.59,11598.84,392440.2,19.3,0.0135871559633027,1174.5596941896024,35.46706116207952,33.12942912955382,0.0,0.014901,14115.523345614938,330,Suitcase
336.8,-1.09,25.0,1570.76,7.89,1455.41,95397.8,19.8,0.0231724025063491,257.2898142405303,3.6092717693428016,71.52425212655392,0.0624499799839831,0.0249409999999999,3960.973121519512,340,Suitcase
336.8,-1.09,25.0,1570.76,7.89,1455.41,95397.8,19.8,0.0231724025063491,257.2898142405303,3.6092717693428016,71.52425212655392,0.0624499799839831,0.0249409999999999,3960.973121519512,340,Suitcase
336.8,-1.09,25.0,1570.76,7.89,1455.41,95397.8,19.8,0.0231724025063491,257.2898142405303,3.6092717693428016,71.52425212655392,0.0624499799839831,0.0249409999999999,3960.973121519512,340,Suitcase
337.0,0.66,25.0,1527.96,7.67,1222.1,86950.0,19.8,0.0231724025063491,257.2898142405303,3.6092717693428016,71.52425212655392,0.0624499799839831,0.0249409999999999,3960.973121519512,340,Suitcase
337.0,0.66,25.0,1527.96,7.67,1222.1,86950.0,19.8,0.0231724025063491,257.2898142405303,3.6092717693428016,71.52425212655392,0.0624499799839831,0.0249409999999999,3960.973121519512,340,Suitcase
337.0,0.66,25.0,1527.96,7.67,1222.1,86950.0,19.8,0.0231724025063491,257.2898142405303,3.6092717693428016,71.52425212655392,0.0624499799839831,0.0249409999999999,3960.973121519512,340,Suitcase
337.0,0.66,25.0,1527.96,7.67,1222.1,86950.0,19.8,0.0231724025063491,257.2898142405303,3.6092717693428016,71.52425212655392,0.0624499799839831,0.0249409999999999,3960.973121519512,340,Suitcase
337.0,0.66,25.0,1527.96,7.67,1222.1,86950.0,19.8,0.0231724025063491,257.2898142405303,3.6092717693428016,71.52425212655392,0.0624499799839831,0.0249409999999999,3960.973121519512,340,Suitcase
336.9,-0.22,25.0,1550.19,7.78,1155.44,84001.4,19.8,0.0231724025063491,257.2898142405303,3.6092717693428016,71.52425212655392,0.0624499799839831,0.0249409999999999,3960.973121519512,340,Suitcase
336.9,-0.22,25.0,1550.19,7.78,1155.44,84001.4,19.8,0.0231724025063491,257.2898142405303,3.6092717693428016,71.52425212655392,0.0624499799839831,0.0249409999999999,3960.973121519512,340,Suitcase
336.9,-0.22,25.0,1550.19,7.78,1155.44,84001.4,19.8,0.0231724025063491,257.2898142405303,3.6092717693428016,71.52425212655392,0.0624499799839831,0.0249409999999999,3960.973121519512,340,Suitcase
336.9,-0.22,25.0,1550.19,7.78,1155.44,84001.4,19.8,0.0231724025063491,257.2898142405303,3.6092717693428016,71.52425212655392,0.0624499799839831,0.0249409999999999,3960.973121519512,340,Suitcase
336.9,-0.22,25.0,1550.19,7.78,1155.44,84001.4,19.8,0.0231724025063491,257.2898142405303,3.6092717693428016,71.52425212655392,0.0624499799839831,0.0249409999999999,3960.973121519512,340,Suitcase
336.9,-0.22,25.0,1550.19,7.78,1155.44,84001.4,19.8,0.0231724025063491,257.2898142405303,3.6092717693428016,71.52425212655392,0.0624499799839831,0.0249409999999999,3960.973121519512,340,Suitcase
336.9,0.0,25.0,1596.11,8.01,1133.22,83951.9,19.8,0.0231724025063491,257.2898142405303,3.6092717693428016,71.52425212655392,0.0624499799839831,0.0249409999999999,3960.973121519512,340,Suitcase
336.9,0.0,25.0,1596.11,8.01,1133.22,83951.9,19.8,0.0231724025063491,257.2898142405303,3.6092717693428016,71.52425212655392,0.0624499799839831,0.0249409999999999,3960.973121519512,340,Suitcase
336.9,0.0,25.0,1596.11,8.01,1133.22,83951.9,19.8,0.0231724025063491,257.2898142405303,3.6092717693428016,71.52425212655392,0.0624499799839831,0.0249409999999999,3960.973121519512,340,Suitcase
336.9,0.0,25.0,1596.11,8.01,1133.22,83951.9,19.8,0.0231724025063491,257.2898142405303,3.6092717693428016,71.52425212655392,0.0624499799839831,0.0249409999999999,3960.973121519512,340,Suitcase
336.9,0.0,25.0,1596.11,8.01,1133.22,83951.9,19.8,0.0231724025063491,257.2898142405303,3.6092717693428016,71.52425212655392,0.0624499799839831,0.0249409999999999,3960.973121519512,340,Suitcase
336.9,0.0,25.0,1472.84,7.39,1244.32,88951.5,19.8,0.0231724025063491,257.2898142405303,3.6092717693428016,71.52425212655392,0.0624499799839831,0.0249409999999999,3960.973121519512,340,Suitcase
346.0,0.0,25.0,902.19,4.44,4399.56,146419.1,19.7,0.0131533392370765,1123.6304789366063,32.784765860145605,34.229149578266686,0.0653834841531088,0.0130027499999999,81822.62538527026,350,Suitcase
346.0,0.0,25.0,902.19,4.44,4399.56,146419.1,19.7,0.0131533392370765,1123.6304789366063,32.784765860145605,34.229149578266686,0.0653834841531088,0.0130027499999999,81822.62538527026,350,Suitcase
346.2,0.86,25.0,903.69,4.45,12254.33,413485.6,19.2,0.0131533392370765,1123.6304789366063,32.784765860145605,34.229149578266686,0.0653834841531088,0.0130027499999999,81822.62538527026,350,Suitcase
346.2,0.86,25.0,903.69,4.45,12254.33,413485.6,19.2,0.0131533392370765,1123.6304789366063,32.784765860145605,34.229149578266686,0.0653834841531088,0.0130027499999999,81822.62538527026,350,Suitcase
346.2,0.86,25.0,903.69,4.45,12254.33,413485.6,19.2,0.0131533392370765,1123.6304789366063,32.784765860145605,34.229149578266686,0.0653834841531088,0.0130027499999999,81822.62538527026,350,Suitcase
346.2,0.86,25.0,903.69,4.45,12254.33,413485.6,19.2,0.0131533392370765,1123.6304789366063,32.784765860145605,34.229149578266686,0.0653834841531088,0.0130027499999999,81822.62538527026,350,Suitcase
346.2,0.86,25.0,903.69,4.45,12254.33,413485.6,19.2,0.0131533392370765,1123.6304789366063,32.784765860145605,34.229149578266686,0.0653834841531088,0.0130027499999999,81822.62538527026,350,Suitcase
346.2,0.86,25.0,903.69,4.45,12254.33,413485.6,19.2,0.0131533392370765,1123.6304789366063,32.784765860145605,34.229149578266686,0.0653834841531088,0.0130027499999999,81822.62538527026,350,Suitcase
346.2,-0.21,25.0,921.71,4.54,12243.22,421474.2,19.2,0.0131533392370765,1123.6304789366063,32.784765860145605,34.229149578266686,0.0653834841531088,0.0130027499999999,81822.62538527026,350,Suitcase
346.2,-0.21,25.0,921.71,4.54,12243.22,421474.2,19.2,0.0131533392370765,1123.6304789366063,32.784765860145605,34.229149578266686,0.0653834841531088,0.0130027499999999,81822.62538527026,350,Suitcase
346.2,-0.21,25.0,921.71,4.54,12243.22,421474.2,19.2,0.0131533392370765,1123.6304789366063,32.784765860145605,34.229149578266686,0.0653834841531088,0.0130027499999999,81822.62538527026,350,Suitcase
346.2,-0.21,25.0,921.71,4.54,12243.22,421474.2,19.2,0.0131533392370765,1123.6304789366063,32.784765860145605,34.229149578266686,0.0653834841531088,0.0130027499999999,81822.62538527026,350,Suitcase
346.2,-0.21,25.0,921.71,4.54,12243.22,421474.2,19.2,0.0131533392370765,1123.6304789366063,32.784765860145605,34.229149578266686,0.0653834841531088,0.0130027499999999,81822.62538527026,350,Suitcase
346.2,0.0,25.0,943.78,4.65,12243.22,422458.3,19.2,0.0131533392370765,1123.6304789366063,32.784765860145605,34.229149578266686,0.0653834841531088,0.0130027499999999,81822.62538527026,350,Suitcase
346.2,0.0,25.0,943.78,4.65,12243.22,422458.3,19.2,0.0131533392370765,1123.6304789366063,32.784765860145605,34.229149578266686,0.0653834841531088,0.0130027499999999,81822.62538527026,350,Suitcase
346.2,0.0,25.0,943.78,4.65,12243.22,422458.3,19.2,0.0131533392370765,1123.6304789366063,32.784765860145605,34.229149578266686,0.0653834841531088,0.0130027499999999,81822.62538527026,350,Suitcase
346.2,0.0,25.0,943.78,4.65,12243.22,422458.3,19.2,0.0131533392370765,1123.6304789366063,32.784765860145605,34.229149578266686,0.0653834841531088,0.0130027499999999,81822.62538527026,350,Suitcase
346.2,0.0,25.0,943.78,4.65,12243.22,422458.3,19.2,0.0131533392370765,1123.6304789366063,32.784765860145605,34.229149578266686,0.0653834841531088,0.0130027499999999,81822.62538527026,350,Suitcase
346.2,0.0,25.0,943.78,4.65,12243.22,422458.3,19.2,0.0131533392370765,1123.6304789366063,32.784765860145605,34.229149578266686,0.0653834841531088,0.0130027499999999,81822.62538527026,350,Suitcase
346.3,0.86,25.0,991.98,4.89,9999.0,364080.7,19.3,0.0131533392370765,1123.6304789366063,32.784765860145605,34.229149578266686,0.0653834841531088,0.0130027499999999,81822.62538527026,350,Suitcase
357.0,-0.43,25.0,972.89,4.87,11865.48,429208.2,19.3,0.0131187223819622,1055.4821378196543,28.072531425128723,37.885525189175986,0.4396305266925864,0.03332875,42215.67315926012,360,Suitcase
357.0,-0.43,25.0,972.89,4.87,11865.48,429208.2,19.3,0.0131187223819622,1055.4821378196543,28.072531425128723,37.885525189175986,0.4396305266925864,0.03332875,42215.67315926012,360,Suitcase
357.0,-0.43,25.0,972.89,4.87,11865.48,429208.2,19.3,0.0131187223819622,1055.4821378196543,28.072531425128723,37.885525189175986,0.4396305266925864,0.03332875,42215.67315926012,360,Suitcase
357.0,0.0,25.0,977.1,4.89,8610.25,341523.9,19.4,0.0131187223819622,1055.4821378196543,28.072531425128723,37.885525189175986,0.4396305266925864,0.03332875,42215.67315926012,360,Suitcase
357.0,0.0,25.0,977.1,4.89,8610.25,341523.9,19.4,0.0131187223819622,1055.4821378196543,28.072531425128723,37.885525189175986,0.4396305266925864,0.03332875,42215.67315926012,360,Suitcase
357.0,0.0,25.0,977.1,4.89,8610.25,341523.9,19.4,0.0131187223819622,1055.4821378196543,28.072531425128723,37.885525189175986,0.4396305266925864,0.03332875,42215.67315926012,360,Suitcase
357.0,0.0,25.0,977.1,4.89,8610.25,341523.9,19.4,0.0131187223819622,1055.4821378196543,28.072531425128723,37.885525189175986,0.4396305266925864,0.03332875,42215.67315926012,360,Suitcase
357.0,0.0,25.0,977.1,4.89,8610.25,341523.9,19.4,0.0131187223819622,1055.4821378196543,28.072531425128723,37.885525189175986,0.4396305266925864,0.03332875,42215.67315926012,360,Suitcase
356.5,-2.16,25.0,925.32,4.63,8588.03,337440.1,19.4,0.0131187223819622,1055.4821378196543,28.072531425128723,37.885525189175986,0.4396305266925864,0.03332875,42215.67315926012,360,Suitcase
356.5,-2.16,25.0,925.32,4.63,8588.03,337440.1,19.4,0.0131187223819622,1055.4821378196543,28.072531425128723,37.885525189175986,0.4396305266925864,0.03332875,42215.67315926012,360,Suitcase
356.5,-2.16,25.0,925.32,4.63,8588.03,337440.1,19.4,0.0131187223819622,1055.4821378196543,28.072531425128723,37.885525189175986,0.4396305266925864,0.03332875,42215.67315926012,360,Suitcase
356.5,-2.16,25.0,925.32,4.63,8588.03,337440.1,19.4,0.0131187223819622,1055.4821378196543,28.072531425128723,37.885525189175986,0.4396305266925864,0.03332875,42215.67315926012,360,Suitcase
356.5,-2.16,25.0,925.32,4.63,8588.03,337440.1,19.4,0.0131187223819622,1055.4821378196543,28.072531425128723,37.885525189175986,0.4396305266925864,0.03332875,42215.67315926012,360,Suitcase
356.5,-2.16,25.0,925.32,4.63,8588.03,337440.1,19.4,0.0131187223819622,1055.4821378196543,28.072531425128723,37.885525189175986,0.4396305266925864,0.03332875,42215.67315926012,360,Suitcase
356.0,-2.15,25.0,893.22,4.47,11332.2,409767.2,19.3,0.0131187223819622,1055.4821378196543,28.072531425128723,37.885525189175986,0.4396305266925864,0.03332875,42215.67315926012,360,Suitcase
356.0,-2.15,25.0,893.22,4.47,11332.2,409767.2,19.3,0.0131187223819622,1055.4821378196543,28.072531425128723,37.885525189175986,0.4396305266925864,0.03332875,42215.67315926012,360,Suitcase
356.0,-2.15,25.0,893.22,4.47,11332.2,409767.2,19.3,0.0131187223819622,1055.4821378196543,28.072531425128723,37.885525189175986,0.4396305266925864,0.03332875,42215.67315926012,360,Suitcase
356.0,-2.15,25.0,893.22,4.47,11332.2,409767.2,19.3,0.0131187223819622,1055.4821378196543,28.072531425128723,37.885525189175986,0.4396305266925864,0.03332875,42215.67315926012,360,Suitcase
356.0,-2.15,25.0,893.22,4.47,11332.2,409767.2,19.3,0.0131187223819622,1055.4821378196543,28.072531425128723,37.885525189175986,0.4396305266925864,0.03332875,42215.67315926012,360,Suitcase
355.7,-1.28,25.0,870.88,4.36,13320.89,457156.2,19.2,0.0131187223819622,1055.4821378196543,28.072531425128723,37.885525189175986,0.4396305266925864,0.03332875,42215.67315926012,360,Suitcase
367.5,-0.22,25.0,1203.99,5.97,7110.4,286835.3,19.4,0.0169972789115646,455.215605442177,10.514443537414968,46.52562385779529,0.0,0.0296927499999999,91108.817056585,370,Suitcase
367.5,-0.22,25.0,1203.99,5.97,7110.4,286835.3,19.4,0.0169972789115646,455.215605442177,10.514443537414968,46.52562385779529,0.0,0.0296927499999999,91108.817056585,370,Suitcase
367.5,-0.22,25.0,1203.99,5.97,7110.4,286835.3,19.4,0.0169972789115646,455.215605442177,10.514443537414968,46.52562385779529,0.0,0.0296927499999999,91108.817056585,370,Suitcase
367.5,0.0,25.0,1265.13,6.27,6266.04,257827.0,19.5,0.0169972789115646,455.215605442177,10.514443537414968,46.52562385779529,0.0,0.0296927499999999,91108.817056585,370,Suitcase
367.5,0.0,25.0,1265.13,6.27,6266.04,257827.0,19.5,0.0169972789115646,455.215605442177,10.514443537414968,46.52562385779529,0.0,0.0296927499999999,91108.817056585,370,Suitcase
367.5,0.0,25.0,1265.13,6.27,6266.04,257827.0,19.5,0.0169972789115646,455.215605442177,10.514443537414968,46.52562385779529,0.0,0.0296927499999999,91108.817056585,370,Suitcase
367.5,0.0,25.0,1265.13,6.27,6266.04,257827.0,19.5,0.0169972789115646,455.215605442177,10.514443537414968,46.52562385779529,0.0,0.0296927499999999,91108.817056585,370,Suitcase
367.5,0.0,25.0,1265.13,6.27,6266.04,257827.0,19.5,0.0169972789115646,455.215605442177,10.514443537414968,46.52562385779529,0.0,0.0296927499999999,91108.817056585,370,Suitcase
367.5,0.0,25.0,1265.13,6.27,6266.04,257827.0,19.5,0.0169972789115646,455.215605442177,10.514443537414968,46.52562385779529,0.0,0.0296927499999999,91108.817056585,370,Suitcase
367.5,0.0,25.0,1237.2,6.13,1722.05,86761.7,19.8,0.0169972789115646,455.215605442177,10.514443537414968,46.52562385779529,0.0,0.0296927499999999,91108.817056585,370,Suitcase
367.5,0.0,25.0,1237.2,6.13,1722.05,86761.7,19.8,0.0169972789115646,455.215605442177,10.514443537414968,46.52562385779529,0.0,0.0296927499999999,91108.817056585,370,Suitcase
367.5,0.0,25.0,1237.2,6.13,1722.05,86761.7,19.8,0.0169972789115646,455.215605442177,10.514443537414968,46.52562385779529,0.0,0.0296927499999999,91108.817056585,370,Suitcase
367.5,0.0,25.0,1237.2,6.13,1722.05,86761.7,19.8,0.0169972789115646,455.215605442177,10.514443537414968,46.52562385779529,0.0,0.0296927499999999,91108.817056585,370,Suitcase
367.5,0.0,25.0,1237.2,6.13,1722.05,86761.7,19.8,0.0169972789115646,455.215605442177,10.514443537414968,46.52562385779529,0.0,0.0296927499999999,91108.817056585,370,Suitcase
367.5,0.0,25.0,1300.26,6.43,1622.06,83610.9,19.8,0.0169972789115646,455.215605442177,10.514443537414968,46.52562385779529,0.0,0.0296927499999999,91108.817056585,370,Suitcase
367.5,0.0,25.0,1300.26,6.43,1622.06,83610.9,19.8,0.0169972789115646,455.215605442177,10.514443537414968,46.52562385779529,0.0,0.0296927499999999,91108.817056585,370,Suitcase
367.5,0.0,25.0,1300.26,6.43,1622.06,83610.9,19.8,0.0169972789115646,455.215605442177,10.514443537414968,46.52562385779529,0.0,0.0296927499999999,91108.817056585,370,Suitcase
367.5,0.0,25.0,1300.26,6.43,1622.06,83610.9,19.8,0.0169972789115646,455.215605442177,10.514443537414968,46.52562385779529,0.0,0.0296927499999999,91108.817056585,370,Suitcase
367.5,0.0,25.0,1300.26,6.43,1622.06,83610.9,19.8,0.0169972789115646,455.215605442177,10.514443537414968,46.52562385779529,0.0,0.0296927499999999,91108.817056585,370,Suitcase
367.5,0.0,25.0,1333.32,6.6,1633.17,86503.8,19.8,0.0169972789115646,455.215605442177,10.514443537414968,46.52562385779529,0.0,0.0296927499999999,91108.817056585,370,Suitcase
377.4,0.64,25.0,767.02,3.85,12265.44,376376.5,19.2,0.0102144214688886,904.3200099042666,28.672540030760757,31.657624108789527,0.2692118125194506,0.0048659999999999,30267.623689250864,380,Suitcase
377.4,0.64,25.0,767.02,3.85,12265.44,376376.5,19.2,0.0102144214688886,904.3200099042666,28.672540030760757,31.657624108789527,0.2692118125194506,0.0048659999999999,30267.623689250864,380,Suitcase
377.4,0.64,25.0,767.02,3.85,12265.44,376376.5,19.2,0.0102144214688886,904.3200099042666,28.672540030760757,31.657624108789527,0.2692118125194506,0.0048659999999999,30267.623689250864,380,Suitcase
377.4,0.64,25.0,767.02,3.85,12265.44,376376.5,19.2,0.0102144214688886,904.3200099042666,28.672540030760757,31.657624108789527,0.2692118125194506,0.0048659999999999,30267.623689250864,380,Suitcase
377.5,0.64,25.0,788.61,3.96,9710.14,316119.6,19.4,0.0102144214688886,904.3200099042666,28.672540030760757,31.657624108789527,0.2692118125194506,0.0048659999999999,30267.623689250864,380,Suitcase
377.5,0.64,25.0,788.61,3.96,9710.14,316119.6,19.4,0.0102144214688886,904.3200099042666,28.672540030760757,31.657624108789527,0.2692118125194506,0.0048659999999999,30267.623689250864,380,Suitcase
377.5,0.64,25.0,788.61,3.96,9710.14,316119.6,19.4,0.0102144214688886,904.3200099042666,28.672540030760757,31.657624108789527,0.2692118125194506,0.0048659999999999,30267.623689250864,380,Suitcase
377.5,0.64,25.0,788.61,3.96,9710.14,316119.6,19.4,0.0102144214688886,904.3200099042666,28.672540030760757,31.657624108789527,0.2692118125194506,0.0048659999999999,30267.623689250864,380,Suitcase
377.5,0.64,25.0,788.61,3.96,9710.14,316119.6,19.4,0.0102144214688886,904.3200099042666,28.672540030760757,31.657624108789527,0.2692118125194506,0.0048659999999999,30267.623689250864,380,Suitcase
377.5,0.64,25.0,788.61,3.96,9710.14,316119.6,19.4,0.0102144214688886,904.3200099042666,28.672540030760757,31.657624108789527,0.2692118125194506,0.0048659999999999,30267.623689250864,380,Suitcase
377.8,1.29,25.0,758.31,3.81,12265.44,373835.1,19.3,0.0102144214688886,904.3200099042666,28.672540030760757,31.657624108789527,0.2692118125194506,0.0048659999999999,30267.623689250864,380,Suitcase
377.8,1.29,25.0,758.31,3.81,12265.44,373835.1,19.3,0.0102144214688886,904.3200099042666,28.672540030760757,31.657624108789527,0.2692118125194506,0.0048659999999999,30267.623689250864,380,Suitcase
377.8,1.29,25.0,758.31,3.81,12265.44,373835.1,19.3,0.0102144214688886,904.3200099042666,28.672540030760757,31.657624108789527,0.2692118125194506,0.0048659999999999,30267.623689250864,380,Suitcase
377.8,1.29,25.0,758.31,3.81,12265.44,373835.1,19.3,0.0102144214688886,904.3200099042666,28.672540030760757,31.657624108789527,0.2692118125194506,0.0048659999999999,30267.623689250864,380,Suitcase
377.8,1.29,25.0,758.31,3.81,12265.44,373835.1,19.3,0.0102144214688886,904.3200099042666,28.672540030760757,31.657624108789527,0.2692118125194506,0.0048659999999999,30267.623689250864,380,Suitcase
378.1,1.29,25.0,754.89,3.79,9587.93,311955.5,19.4,0.0102144214688886,904.3200099042666,28.672540030760757,31.657624108789527,0.2692118125194506,0.0048659999999999,30267.623689250864,380,Suitcase
378.1,1.29,25.0,754.89,3.79,9587.93,311955.5,19.4,0.0102144214688886,904.3200099042666,28.672540030760757,31.657624108789527,0.2692118125194506,0.0048659999999999,30267.623689250864,380,Suitcase
378.1,1.29,25.0,754.89,3.79,9587.93,311955.5,19.4,0.0102144214688886,904.3200099042666,28.672540030760757,31.657624108789527,0.2692118125194506,0.0048659999999999,30267.623689250864,380,Suitcase
378.1,1.29,25.0,754.89,3.79,9587.93,311955.5,19.4,0.0102144214688886,904.3200099042666,28.672540030760757,31.657624108789527,0.2692118125194506,0.0048659999999999,30267.623689250864,380,Suitcase
378.1,1.29,25.0,754.89,3.79,9587.93,311955.5,19.4,0.0102144214688886,904.3200099042666,28.672540030760757,31.657624108789527,0.2692118125194506,0.0048659999999999,30267.623689250864,380,Suitcase
19.4,0.0,25.0,11376.5,13.21,177.76,93396.6,19.8,0.6774226804123711,4851.8226804123715,9.162886597938146,529.5081008100811,3.552713678800501e-15,0.021666,1265.31281681646,20,Wood
19.4,0.0,25.0,11376.5,13.21,177.76,93396.6,19.8,0.6774226804123711,4851.8226804123715,9.162886597938146,529.5081008100811,3.552713678800501e-15,0.021666,1265.31281681646,20,Wood
19.4,0.0,25.0,11376.5,13.21,177.76,93396.6,19.8,0.6774226804123711,4851.8226804123715,9.162886597938146,529.5081008100811,3.552713678800501e-15,0.021666,1265.31281681646,20,Wood
19.4,0.0,25.0,11473.29,13.33,177.76,96037.1,19.8,0.6774226804123711,4851.8226804123715,9.162886597938146,529.5081008100811,3.552713678800501e-15,0.021666,1265.31281681646,20,Wood
19.4,0.0,25.0,11473.29,13.33,177.76,96037.1,19.8,0.6774226804123711,4851.8226804123715,9.162886597938146,529.5081008100811,3.552713678800501e-15,0.021666,1265.31281681646,20,Wood
19.4,0.0,25.0,11473.29,13.33,177.76,96037.1,19.8,0.6774226804123711,4851.8226804123715,9.162886597938146,529.5081008100811,3.552713678800501e-15,0.021666,1265.31281681646,20,Wood
19.4,0.0,25.0,11473.29,13.33,177.76,96037.1,19.8,0.6774226804123711,4851.8226804123715,9.162886597938146,529.5081008100811,3.552713678800501e-15,0.021666,1265.31281681646,20,Wood
19.4,0.0,25.0,11473.29,13.33,177.76,96037.1,19.8,0.6774226804123711,4851.8226804123715,9.162886597938146,529.5081008100811,3.552713678800501e-15,0.021666,1265.31281681646,20,Wood
19.4,0.0,25.0,11473.29,13.33,177.76,96037.1,19.8,0.6774226804123711,4851.8226804123715,9.162886597938146,529.5081008100811,3.552713678800501e-15,0.021666,1265.31281681646,20,Wood
19.4,0.0,25.0,11149.6,12.95,177.76,93550.2,19.8,0.6774226804123711,4851.8226804123715,9.162886597938146,529.5081008100811,3.552713678800501e-15,0.021666,1265.31281681646,20,Wood
19.4,0.0,25.0,11149.6,12.95,177.76,93550.2,19.8,0.6774226804123711,4851.8226804123715,9.162886597938146,529.5081008100811,3.552713678800501e-15,0.021666,1265.31281681646,20,Wood
19.4,0.0,25.0,11149.6,12.95,177.76,93550.2,19.8,0.6774226804123711,4851.8226804123715,9.162886597938146,529.5081008100811,3.552713678800501e-15,0.021666,1265.31281681646,20,Wood
19.4,0.0,25.0,11149.6,12.95,177.76,93550.2,19.8,0.6774226804123711,4851.8226804123715,9.162886597938146,529.5081008100811,3.552713678800501e-15,0.021666,1265.31281681646,20,Wood
19.4,0.0,25.0,11149.6,12.95,177.76,93550.2,19.8,0.6774226804123711,4851.8226804123715,9.162886597938146,529.5081008100811,3.552713678800501e-15,0.021666,1265.31281681646,20,Wood
19.4,0.0,25.0,11273.77,13.08,177.76,93057.3,19.8,0.6774226804123711,4851.8226804123715,9.162886597938146,529.5081008100811,3.552713678800501e-15,0.021666,1265.31281681646,20,Wood
19.4,0.0,25.0,11273.77,13.08,177.76,93057.3,19.8,0.6774226804123711,4851.8226804123715,9.162886597938146,529.5081008100811,3.552713678800501e-15,0.021666,1265.31281681646,20,Wood
19.4,0.0,25.0,11273.77,13.08,177.76,93057.3,19.8,0.6774226804123711,4851.8226804123715,9.162886597938146,529.5081008100811,3.552713678800501e-15,0.021666,1265.31281681646,20,Wood
19.4,0.0,25.0,11273.77,13.08,177.76,93057.3,19.8,0.6774226804123711,4851.8226804123715,9.162886597938146,529.5081008100811,3.552713678800501e-15,0.021666,1265.31281681646,20,Wood
19.4,0.0,25.0,11273.77,13.08,177.76,93057.3,19.8,0.6774226804123711,4851.8226804123715,9.162886597938146,529.5081008100811,3.552713678800501e-15,0.021666,1265.31281681646,20,Wood
19.4,0.0,25.0,11273.77,13.08,177.76,93057.3,19.8,0.6774226804123711,4851.8226804123715,9.162886597938146,529.5081008100811,3.552713678800501e-15,0.021666,1265.31281681646,20,Wood
30.7,0.0,25.0,16544.98,30.35,177.76,136566.4,19.8,1.0004397394136808,4441.32328990228,5.6816612377850175,782.2912972547252,7.105427357601002e-15,0.1293027499999998,626.6349909436915,30,Wood
30.7,0.0,25.0,16544.98,30.35,177.76,136566.4,19.8,1.0004397394136808,4441.32328990228,5.6816612377850175,782.2912972547252,7.105427357601002e-15,0.1293027499999998,626.6349909436915,30,Wood
30.7,0.0,25.0,16544.98,30.35,177.76,136566.4,19.8,1.0004397394136808,4441.32328990228,5.6816612377850175,782.2912972547252,7.105427357601002e-15,0.1293027499999998,626.6349909436915,30,Wood
30.7,0.0,25.0,16544.98,30.35,177.76,136566.4,19.8,1.0004397394136808,4441.32328990228,5.6816612377850175,782.2912972547252,7.105427357601002e-15,0.1293027499999998,626.6349909436915,30,Wood
30.7,0.0,25.0,16544.98,30.35,177.76,136566.4,19.8,1.0004397394136808,4441.32328990228,5.6816612377850175,782.2912972547252,7.105427357601002e-15,0.1293027499999998,626.6349909436915,30,Wood
30.7,0.0,25.0,16499.39,30.36,177.76,136262.9,19.8,1.0004397394136808,4441.32328990228,5.6816612377850175,782.2912972547252,7.105427357601002e-15,0.1293027499999998,626.6349909436915,30,Wood
30.7,0.0,25.0,16499.39,30.36,177.76,136262.9,19.8,1.0004397394136808,4441.32328990228,5.6816612377850175,782.2912972547252,7.105427357601002e-15,0.1293027499999998,626.6349909436915,30,Wood
30.7,0.0,25.0,16499.39,30.36,177.76,136262.9,19.8,1.0004397394136808,4441.32328990228,5.6816612377850175,782.2912972547252,7.105427357601002e-15,0.1293027499999998,626.6349909436915,30,Wood
30.7,0.0,25.0,16499.39,30.36,177.76,136262.9,19.8,1.0004397394136808,4441.32328990228,5.6816612377850175,782.2912972547252,7.105427357601002e-15,0.1293027499999998,626.6349909436915,30,Wood
30.7,0.0,25.0,16499.39,30.36,177.76,136262.9,19.8,1.0004397394136808,4441.32328990228,5.6816612377850175,782.2912972547252,7.105427357601002e-15,0.1293027499999998,626.6349909436915,30,Wood
30.7,0.0,25.0,16804.27,31.04,166.65,135573.8,19.8,1.0004397394136808,4441.32328990228,5.6816612377850175,782.2912972547252,7.105427357601002e-15,0.1293027499999998,626.6349909436915,30,Wood
30.7,0.0,25.0,16804.27,31.04,166.65,135573.8,19.8,1.0004397394136808,4441.32328990228,5.6816612377850175,782.2912972547252,7.105427357601002e-15,0.1293027499999998,626.6349909436915,30,Wood
30.7,0.0,25.0,16804.27,31.04,166.65,135573.8,19.8,1.0004397394136808,4441.32328990228,5.6816612377850175,782.2912972547252,7.105427357601002e-15,0.1293027499999998,626.6349909436915,30,Wood
30.7,0.0,25.0,16804.27,31.04,166.65,135573.8,19.8,1.0004397394136808,4441.32328990228,5.6816612377850175,782.2912972547252,7.105427357601002e-15,0.1293027499999998,626.6349909436915,30,Wood
30.7,0.0,25.0,16804.27,31.04,166.65,135573.8,19.8,1.0004397394136808,4441.32328990228,5.6816612377850175,782.2912972547252,7.105427357601002e-15,0.1293027499999998,626.6349909436915,30,Wood
30.7,0.0,25.0,16804.27,31.04,166.65,135573.8,19.8,1.0004397394136808,4441.32328990228,5.6816612377850175,782.2912972547252,7.105427357601002e-15,0.1293027499999998,626.6349909436915,30,Wood
30.7,0.0,25.0,16796.21,31.12,177.76,137345.8,19.8,1.0004397394136808,4441.32328990228,5.6816612377850175,782.2912972547252,7.105427357601002e-15,0.1293027499999998,626.6349909436915,30,Wood
30.7,0.0,25.0,16796.21,31.12,177.76,137345.8,19.8,1.0004397394136808,4441.32328990228,5.6816612377850175,782.2912972547252,7.105427357601002e-15,0.1293027499999998,626.6349909436915,30,Wood
30.7,0.0,25.0,16796.21,31.12,177.76,137345.8,19.8,1.0004397394136808,4441.32328990228,5.6816612377850175,782.2912972547252,7.105427357601002e-15,0.1293027499999998,626.6349909436915,30,Wood
30.7,0.0,25.0,16796.21,31.12,177.76,137345.8,19.8,1.0004397394136808,4441.32328990228,5.6816612377850175,782.2912972547252,7.105427357601002e-15,0.1293027499999998,626.6349909436915,30,Wood
39.9,0.22,25.0,13402.4,45.13,211.09,132158.6,19.8,1.249657769423559,3376.4905614035088,5.000822619047618,675.7907976556171,0.0300000000000004,6.628454999999995,1781.3515585083182,40,Wood
39.9,0.22,25.0,13402.4,45.13,211.09,132158.6,19.8,1.249657769423559,3376.4905614035088,5.000822619047618,675.7907976556171,0.0300000000000004,6.628454999999995,1781.3515585083182,40,Wood
40.0,0.22,25.0,14068.38,48.2,199.98,133353.3,19.8,1.249657769423559,3376.4905614035088,5.000822619047618,675.7907976556171,0.0300000000000004,6.628454999999995,1781.3515585083182,40,Wood
40.0,0.22,25.0,14068.38,48.2,199.98,133353.3,19.8,1.249657769423559,3376.4905614035088,5.000822619047618,675.7907976556171,0.0300000000000004,6.628454999999995,1781.3515585083182,40,Wood
40.0,0.22,25.0,14068.38,48.2,199.98,133353.3,19.8,1.249657769423559,3376.4905614035088,5.000822619047618,675.7907976556171,0.0300000000000004,6.628454999999995,1781.3515585083182,40,Wood
40.0,0.22,25.0,14068.38,48.2,199.98,133353.3,19.8,1.249657769423559,3376.4905614035088,5.000822619047618,675.7907976556171,0.0300000000000004,6.628454999999995,1781.3515585083182,40,Wood
40.0,0.22,25.0,14068.38,48.2,199.98,133353.3,19.8,1.249657769423559,3376.4905614035088,5.000822619047618,675.7907976556171,0.0300000000000004,6.628454999999995,1781.3515585083182,40,Wood
40.0,0.22,25.0,14300.71,49.8,199.98,135029.6,19.8,1.249657769423559,3376.4905614035088,5.000822619047618,675.7907976556171,0.0300000000000004,6.628454999999995,1781.3515585083182,40,Wood
40.0,0.22,25.0,14300.71,49.8,199.98,135029.6,19.8,1.249657769423559,3376.4905614035088,5.000822619047618,675.7907976556171,0.0300000000000004,6.628454999999995,1781.3515585083182,40,Wood
40.0,0.22,25.0,14300.71,49.8,199.98,135029.6,19.8,1.249657769423559,3376.4905614035088,5.000822619047618,675.7907976556171,0.0300000000000004,6.628454999999995,1781.3515585083182,40,Wood
40.0,0.22,25.0,14300.71,49.8,199.98,135029.6,19.8,1.249657769423559,3376.4905614035088,5.000822619047618,675.7907976556171,0.0300000000000004,6.628454999999995,1781.3515585083182,40,Wood
40.0,0.22,25.0,14300.71,49.8,199.98,135029.6,19.8,1.249657769423559,3376.4905614035088,5.000822619047618,675.7907976556171,0.0300000000000004,6.628454999999995,1781.3515585083182,40,Wood
40.0,0.22,25.0,14300.71,49.8,199.98,135029.6,19.8,1.249657769423559,3376.4905614035088,5.000822619047618,675.7907976556171,0.0300000000000004,6.628454999999995,1781.3515585083182,40,Wood
40.0,0.0,25.0,14659.59,51.86,199.98,136521.1,19.8,1.249657769423559,3376.4905614035088,5.000822619047618,675.7907976556171,0.0300000000000004,6.628454999999995,1781.3515585083182,40,Wood
40.0,0.0,25.0,14659.59,51.86,199.98,136521.1,19.8,1.249657769423559,3376.4905614035088,5.000822619047618,675.7907976556171,0.0300000000000004,6.628454999999995,1781.3515585083182,40,Wood
40.0,0.0,25.0,14659.59,51.86,199.98,136521.1,19.8,1.249657769423559,3376.4905614035088,5.000822619047618,675.7907976556171,0.0300000000000004,6.628454999999995,1781.3515585083182,40,Wood
40.0,0.0,25.0,14659.59,51.86,199.98,136521.1,19.8,1.249657769423559,3376.4905614035088,5.000822619047618,675.7907976556171,0.0300000000000004,6.628454999999995,1781.3515585083182,40,Wood
40.0,0.0,25.0,14659.59,51.86,199.98,136521.1,19.8,1.249657769423559,3376.4905614035088,5.000822619047618,675.7907976556171,0.0300000000000004,6.628454999999995,1781.3515585083182,40,Wood
40.0,0.0,25.0,15347.73,55.07,188.87,138331.6,19.8,1.249657769423559,3376.4905614035088,5.000822619047618,675.7907976556171,0.0300000000000004,6.628454999999995,1781.3515585083182,40,Wood
40.0,0.0,25.0,15347.73,55.07,188.87,138331.6,19.8,1.249657769423559,3376.4905614035088,5.000822619047618,675.7907976556171,0.0300000000000004,6.628454999999995,1781.3515585083182,40,Wood
49.5,0.44,25.0,8551.82,42.58,399.96,140890.9,19.8,0.9840266512620424,2687.7647672416883,6.379151140780425,432.80797293580025,0.1071214264281418,22.751022749999983,4395.433762724671,50,Wood
49.5,0.44,25.0,8551.82,42.58,399.96,140890.9,19.8,0.9840266512620424,2687.7647672416883,6.379151140780425,432.80797293580025,0.1071214264281418,22.751022749999983,4395.433762724671,50,Wood
49.5,0.44,25.0,8551.82,42.58,399.96,140890.9,19.8,0.9840266512620424,2687.7647672416883,6.379151140780425,432.80797293580025,0.1071214264281418,22.751022749999983,4395.433762724671,50,Wood
49.5,0.44,25.0,8551.82,42.58,399.96,140890.9,19.8,0.9840266512620424,2687.7647672416883,6.379151140780425,432.80797293580025,0.1071214264281418,22.751022749999983,4395.433762724671,50,Wood
49.6,0.44,25.0,9091.65,45.31,344.41,132567.9,19.8,0.9840266512620424,2687.7647672416883,6.379151140780425,432.80797293580025,0.1071214264281418,22.751022749999983,4395.433762724671,50,Wood
49.6,0.44,25.0,9091.65,45.31,344.41,132567.9,19.8,0.9840266512620424,2687.7647672416883,6.379151140780425,432.80797293580025,0.1071214264281418,22.751022749999983,4395.433762724671,50,Wood
49.6,0.44,25.0,9091.65,45.31,344.41,132567.9,19.8,0.9840266512620424,2687.7647672416883,6.379151140780425,432.80797293580025,0.1071214264281418,22.751022749999983,4395.433762724671,50,Wood
49.6,0.44,25.0,9091.65,45.31,344.41,132567.9,19.8,0.9840266512620424,2687.7647672416883,6.379151140780425,432.80797293580025,0.1071214264281418,22.751022749999983,4395.433762724671,50,Wood
49.6,0.44,25.0,9091.65,45.31,344.41,132567.9,19.8,0.9840266512620424,2687.7647672416883,6.379151140780425,432.80797293580025,0.1071214264281418,22.751022749999983,4395.433762724671,50,Wood
49.6,0.44,25.0,9091.65,45.31,344.41,132567.9,19.8,0.9840266512620424,2687.7647672416883,6.379151140780425,432.80797293580025,0.1071214264281418,22.751022749999983,4395.433762724671,50,Wood
49.7,0.44,25.0,10596.42,52.89,288.86,134178.4,19.8,0.9840266512620424,2687.7647672416883,6.379151140780425,432.80797293580025,0.1071214264281418,22.751022749999983,4395.433762724671,50,Wood
49.7,0.44,25.0,10596.42,52.89,288.86,134178.4,19.8,0.9840266512620424,2687.7647672416883,6.379151140780425,432.80797293580025,0.1071214264281418,22.751022749999983,4395.433762724671,50,Wood
49.7,0.44,25.0,10596.42,52.89,288.86,134178.4,19.8,0.9840266512620424,2687.7647672416883,6.379151140780425,432.80797293580025,0.1071214264281418,22.751022749999983,4395.433762724671,50,Wood
49.7,0.44,25.0,10596.42,52.89,288.86,134178.4,19.8,0.9840266512620424,2687.7647672416883,6.379151140780425,432.80797293580025,0.1071214264281418,22.751022749999983,4395.433762724671,50,Wood
49.7,0.44,25.0,10596.42,52.89,288.86,134178.4,19.8,0.9840266512620424,2687.7647672416883,6.379151140780425,432.80797293580025,0.1071214264281418,22.751022749999983,4395.433762724671,50,Wood
49.8,0.44,25.0,10834.65,54.16,244.42,127835.6,19.8,0.9840266512620424,2687.7647672416883,6.379151140780425,432.80797293580025,0.1071214264281418,22.751022749999983,4395.433762724671,50,Wood
49.8,0.44,25.0,10834.65,54.16,244.42,127835.6,19.8,0.9840266512620424,2687.7647672416883,6.379151140780425,432.80797293580025,0.1071214264281418,22.751022749999983,4395.433762724671,50,Wood
49.8,0.44,25.0,10834.65,54.16,244.42,127835.6,19.8,0.9840266512620424,2687.7647672416883,6.379151140780425,432.80797293580025,0.1071214264281418,22.751022749999983,4395.433762724671,50,Wood
49.8,0.44,25.0,10834.65,54.16,244.42,127835.6,19.8,0.9840266512620424,2687.7647672416883,6.379151140780425,432.80797293580025,0.1071214264281418,22.751022749999983,4395.433762724671,50,Wood
49.8,0.44,25.0,10834.65,54.16,244.42,127835.6,19.8,0.9840266512620424,2687.7647672416883,6.379151140780425,432.80797293580025,0.1071214264281418,22.751022749999983,4395.433762724671,50,Wood
58.1,0.0,25.0,4647.88,23.33,799.92,163960.9,19.8,0.4437210665321384,2784.510459819574,12.4631431390587,224.3234950427127,0.0433012701892225,2.4911490000000045,5738.546321279895,60,Wood
58.1,0.0,25.0,4647.88,23.33,799.92,163960.9,19.8,0.4437210665321384,2784.510459819574,12.4631431390587,224.3234950427127,0.0433012701892225,2.4911490000000045,5738.546321279895,60,Wood
58.1,0.0,25.0,4647.88,23.33,799.92,163960.9,19.8,0.4437210665321384,2784.510459819574,12.4631431390587,224.3234950427127,0.0433012701892225,2.4911490000000045,5738.546321279895,60,Wood
58.1,0.0,25.0,4647.88,23.33,799.92,163960.9,19.8,0.4437210665321384,2784.510459819574,12.4631431390587,224.3234950427127,0.0433012701892225,2.4911490000000045,5738.546321279895,60,Wood
58.0,-0.22,25.0,5172.35,25.97,677.71,155005.5,19.8,0.4437210665321384,2784.510459819574,12.4631431390587,224.3234950427127,0.0433012701892225,2.4911490000000045,5738.546321279895,60,Wood
58.0,-0.22,25.0,5172.35,25.97,677.71,155005.5,19.8,0.4437210665321384,2784.510459819574,12.4631431390587,224.3234950427127,0.0433012701892225,2.4911490000000045,5738.546321279895,60,Wood
58.0,-0.22,25.0,5172.35,25.97,677.71,155005.5,19.8,0.4437210665321384,2784.510459819574,12.4631431390587,224.3234950427127,0.0433012701892225,2.4911490000000045,5738.546321279895,60,Wood
58.0,-0.22,25.0,5172.35,25.97,677.71,155005.5,19.8,0.4437210665321384,2784.510459819574,12.4631431390587,224.3234950427127,0.0433012701892225,2.4911490000000045,5738.546321279895,60,Wood
58.0,-0.22,25.0,5172.35,25.97,677.71,155005.5,19.8,0.4437210665321384,2784.510459819574,12.4631431390587,224.3234950427127,0.0433012701892225,2.4911490000000045,5738.546321279895,60,Wood
58.1,0.22,25.0,5524.69,27.76,666.6,158732.3,19.8,0.4437210665321384,2784.510459819574,12.4631431390587,224.3234950427127,0.0433012701892225,2.4911490000000045,5738.546321279895,60,Wood
58.1,0.22,25.0,5524.69,27.76,666.6,158732.3,19.8,0.4437210665321384,2784.510459819574,12.4631431390587,224.3234950427127,0.0433012701892225,2.4911490000000045,5738.546321279895,60,Wood
58.1,0.22,25.0,5524.69,27.76,666.6,158732.3,19.8,0.4437210665321384,2784.510459819574,12.4631431390587,224.3234950427127,0.0433012701892225,2.4911490000000045,5738.546321279895,60,Wood
58.1,0.22,25.0,5524.69,27.76,666.6,158732.3,19.8,0.4437210665321384,2784.510459819574,12.4631431390587,224.3234950427127,0.0433012701892225,2.4911490000000045,5738.546321279895,60,Wood
58.1,0.22,25.0,5524.69,27.76,666.6,158732.3,19.8,0.4437210665321384,2784.510459819574,12.4631431390587,224.3234950427127,0.0433012701892225,2.4911490000000045,5738.546321279895,60,Wood
58.1,0.22,25.0,5524.69,27.76,666.6,158732.3,19.8,0.4437210665321384,2784.510459819574,12.4631431390587,224.3234950427127,0.0433012701892225,2.4911490000000045,5738.546321279895,60,Wood
58.1,0.0,25.0,4997.62,25.13,777.7,170200.0,19.8,0.4437210665321384,2784.510459819574,12.4631431390587,224.3234950427127,0.0433012701892225,2.4911490000000045,5738.546321279895,60,Wood
58.1,0.0,25.0,4997.62,25.13,777.7,170200.0,19.8,0.4437210665321384,2784.510459819574,12.4631431390587,224.3234950427127,0.0433012701892225,2.4911490000000045,5738.546321279895,60,Wood
58.1,0.0,25.0,4997.62,25.13,777.7,170200.0,19.8,0.4437210665321384,2784.510459819574,12.4631431390587,224.3234950427127,0.0433012701892225,2.4911490000000045,5738.546321279895,60,Wood
58.1,0.0,25.0,4997.62,25.13,777.7,170200.0,19.8,0.4437210665321384,2784.510459819574,12.4631431390587,224.3234950427127,0.0433012701892225,2.4911490000000045,5738.546321279895,60,Wood
58.1,0.0,25.0,4997.62,25.13,777.7,170200.0,19.8,0.4437210665321384,2784.510459819574,12.4631431390587,224.3234950427127,0.0433012701892225,2.4911490000000045,5738.546321279895,60,Wood
68.6,0.0,25.0,4960.16,24.79,733.26,173680.5,19.8,0.3591161818220511,2574.853307867464,10.840128971505184,239.11823825360895,0.0476969600708445,2.0688387499999985,6337.038117407452,70,Wood
68.6,0.0,25.0,4960.16,24.79,733.26,173680.5,19.8,0.3591161818220511,2574.853307867464,10.840128971505184,239.11823825360895,0.0476969600708445,2.0688387499999985,6337.038117407452,70,Wood
68.6,0.0,25.0,5194.54,25.95,655.49,167390.0,19.8,0.3591161818220511,2574.853307867464,10.840128971505184,239.11823825360895,0.0476969600708445,2.0688387499999985,6337.038117407452,70,Wood
68.6,0.0,25.0,5194.54,25.95,655.49,167390.0,19.8,0.3591161818220511,2574.853307867464,10.840128971505184,239.11823825360895,0.0476969600708445,2.0688387499999985,6337.038117407452,70,Wood
68.6,0.0,25.0,5194.54,25.95,655.49,167390.0,19.8,0.3591161818220511,2574.853307867464,10.840128971505184,239.11823825360895,0.0476969600708445,2.0688387499999985,6337.038117407452,70,Wood
68.6,0.0,25.0,5194.54,25.95,655.49,167390.0,19.8,0.3591161818220511,2574.853307867464,10.840128971505184,239.11823825360895,0.0476969600708445,2.0688387499999985,6337.038117407452,70,Wood
68.6,0.0,25.0,5194.54,25.95,655.49,167390.0,19.8,0.3591161818220511,2574.853307867464,10.840128971505184,239.11823825360895,0.0476969600708445,2.0688387499999985,6337.038117407452,70,Wood
68.6,0.0,25.0,4567.82,22.8,833.25,183238.3,19.8,0.3591161818220511,2574.853307867464,10.840128971505184,239.11823825360895,0.0476969600708445,2.0688387499999985,6337.038117407452,70,Wood
68.6,0.0,25.0,4567.82,22.8,833.25,183238.3,19.8,0.3591161818220511,2574.853307867464,10.840128971505184,239.11823825360895,0.0476969600708445,2.0688387499999985,6337.038117407452,70,Wood
68.6,0.0,25.0,4567.82,22.8,833.25,183238.3,19.8,0.3591161818220511,2574.853307867464,10.840128971505184,239.11823825360895,0.0476969600708445,2.0688387499999985,6337.038117407452,70,Wood
68.6,0.0,25.0,4567.82,22.8,833.25,183238.3,19.8,0.3591161818220511,2574.853307867464,10.840128971505184,239.11823825360895,0.0476969600708445,2.0688387499999985,6337.038117407452,70,Wood
68.6,0.0,25.0,4567.82,22.8,833.25,183238.3,19.8,0.3591161818220511,2574.853307867464,10.840128971505184,239.11823825360895,0.0476969600708445,2.0688387499999985,6337.038117407452,70,Wood
68.6,0.0,25.0,4567.82,22.8,833.25,183238.3,19.8,0.3591161818220511,2574.853307867464,10.840128971505184,239.11823825360895,0.0476969600708445,2.0688387499999985,6337.038117407452,70,Wood
68.5,-0.22,25.0,4889.38,24.42,766.59,180308.1,19.8,0.3591161818220511,2574.853307867464,10.840128971505184,239.11823825360895,0.0476969600708445,2.0688387499999985,6337.038117407452,70,Wood
68.5,-0.22,25.0,4889.38,24.42,766.59,180308.1,19.8,0.3591161818220511,2574.853307867464,10.840128971505184,239.11823825360895,0.0476969600708445,2.0688387499999985,6337.038117407452,70,Wood
68.5,-0.22,25.0,4889.38,24.42,766.59,180308.1,19.8,0.3591161818220511,2574.853307867464,10.840128971505184,239.11823825360895,0.0476969600708445,2.0688387499999985,6337.038117407452,70,Wood
68.5,-0.22,25.0,4889.38,24.42,766.59,180308.1,19.8,0.3591161818220511,2574.853307867464,10.840128971505184,239.11823825360895,0.0476969600708445,2.0688387499999985,6337.038117407452,70,Wood
68.5,-0.22,25.0,4889.38,24.42,766.59,180308.1,19.8,0.3591161818220511,2574.853307867464,10.840128971505184,239.11823825360895,0.0476969600708445,2.0688387499999985,6337.038117407452,70,Wood
68.5,0.0,25.0,5426.05,27.11,644.38,172798.4,19.8,0.3591161818220511,2574.853307867464,10.840128971505184,239.11823825360895,0.0476969600708445,2.0688387499999985,6337.038117407452,70,Wood
68.5,0.0,25.0,5426.05,27.11,644.38,172798.4,19.8,0.3591161818220511,2574.853307867464,10.840128971505184,239.11823825360895,0.0476969600708445,2.0688387499999985,6337.038117407452,70,Wood
76.4,0.0,25.0,3468.35,17.31,822.14,134316.4,19.8,0.2326243455497382,1759.1631544502616,10.731910994764398,163.9210164352237,1.4210854715202004e-14,0.1336187500000002,512.0907939760257,80,Wood
76.4,0.0,25.0,3468.35,17.31,822.14,134316.4,19.8,0.2326243455497382,1759.1631544502616,10.731910994764398,163.9210164352237,1.4210854715202004e-14,0.1336187500000002,512.0907939760257,80,Wood
76.4,0.0,25.0,3468.35,17.31,822.14,134316.4,19.8,0.2326243455497382,1759.1631544502616,10.731910994764398,163.9210164352237,1.4210854715202004e-14,0.1336187500000002,512.0907939760257,80,Wood
76.4,0.0,25.0,3468.35,17.31,822.14,134316.4,19.8,0.2326243455497382,1759.1631544502616,10.731910994764398,163.9210164352237,1.4210854715202004e-14,0.1336187500000002,512.0907939760257,80,Wood
76.4,0.0,25.0,3468.35,17.31,822.14,134316.4,19.8,0.2326243455497382,1759.1631544502616,10.731910994764398,163.9210164352237,1.4210854715202004e-14,0.1336187500000002,512.0907939760257,80,Wood
76.4,0.0,25.0,3629.48,18.11,822.14,135043.5,19.8,0.2326243455497382,1759.1631544502616,10.731910994764398,163.9210164352237,1.4210854715202004e-14,0.1336187500000002,512.0907939760257,80,Wood
76.4,0.0,25.0,3629.48,18.11,822.14,135043.5,19.8,0.2326243455497382,1759.1631544502616,10.731910994764398,163.9210164352237,1.4210854715202004e-14,0.1336187500000002,512.0907939760257,80,Wood
76.4,0.0,25.0,3629.48,18.11,822.14,135043.5,19.8,0.2326243455497382,1759.1631544502616,10.731910994764398,163.9210164352237,1.4210854715202004e-14,0.1336187500000002,512.0907939760257,80,Wood
76.4,0.0,25.0,3629.48,18.11,822.14,135043.5,19.8,0.2326243455497382,1759.1631544502616,10.731910994764398,163.9210164352237,1.4210854715202004e-14,0.1336187500000002,512.0907939760257,80,Wood
76.4,0.0,25.0,3629.48,18.11,822.14,135043.5,19.8,0.2326243455497382,1759.1631544502616,10.731910994764398,163.9210164352237,1.4210854715202004e-14,0.1336187500000002,512.0907939760257,80,Wood
76.4,0.0,25.0,3629.48,18.11,822.14,135043.5,19.8,0.2326243455497382,1759.1631544502616,10.731910994764398,163.9210164352237,1.4210854715202004e-14,0.1336187500000002,512.0907939760257,80,Wood
76.4,0.0,25.0,3511.98,17.52,822.14,134371.5,19.8,0.2326243455497382,1759.1631544502616,10.731910994764398,163.9210164352237,1.4210854715202004e-14,0.1336187500000002,512.0907939760257,80,Wood
76.4,0.0,25.0,3511.98,17.52,822.14,134371.5,19.8,0.2326243455497382,1759.1631544502616,10.731910994764398,163.9210164352237,1.4210854715202004e-14,0.1336187500000002,512.0907939760257,80,Wood
76.4,0.0,25.0,3511.98,17.52,822.14,134371.5,19.8,0.2326243455497382,1759.1631544502616,10.731910994764398,163.9210164352237,1.4210854715202004e-14,0.1336187500000002,512.0907939760257,80,Wood
76.4,0.0,25.0,3511.98,17.52,822.14,134371.5,19.8,0.2326243455497382,1759.1631544502616,10.731910994764398,163.9210164352237,1.4210854715202004e-14,0.1336187500000002,512.0907939760257,80,Wood
76.4,0.0,25.0,3511.98,17.52,822.14,134371.5,19.8,0.2326243455497382,1759.1631544502616,10.731910994764398,163.9210164352237,1.4210854715202004e-14,0.1336187500000002,512.0907939760257,80,Wood
76.4,0.0,25.0,3639.61,18.16,811.03,133575.2,19.8,0.2326243455497382,1759.1631544502616,10.731910994764398,163.9210164352237,1.4210854715202004e-14,0.1336187500000002,512.0907939760257,80,Wood
76.4,0.0,25.0,3639.61,18.16,811.03,133575.2,19.8,0.2326243455497382,1759.1631544502616,10.731910994764398,163.9210164352237,1.4210854715202004e-14,0.1336187500000002,512.0907939760257,80,Wood
76.4,0.0,25.0,3639.61,18.16,811.03,133575.2,19.8,0.2326243455497382,1759.1631544502616,10.731910994764398,163.9210164352237,1.4210854715202004e-14,0.1336187500000002,512.0907939760257,80,Wood
76.4,0.0,25.0,3639.61,18.16,811.03,133575.2,19.8,0.2326243455497382,1759.1631544502616,10.731910994764398,163.9210164352237,1.4210854715202004e-14,0.1336187500000002,512.0907939760257,80,Wood
86.4,-1.31,25.0,1760.23,8.89,1044.34,95307.6,19.8,0.0997947315782682,1086.155332946187,12.082250451671184,89.8974963041946,0.1200000000000045,0.02182275,927.167451650458,90,Wood
86.4,-1.31,25.0,1760.23,8.89,1044.34,95307.6,19.8,0.0997947315782682,1086.155332946187,12.082250451671184,89.8974963041946,0.1200000000000045,0.02182275,927.167451650458,90,Wood
86.4,-1.31,25.0,1760.23,8.89,1044.34,95307.6,19.8,0.0997947315782682,1086.155332946187,12.082250451671184,89.8974963041946,0.1200000000000045,0.02182275,927.167451650458,90,Wood
86.4,-1.31,25.0,1760.23,8.89,1044.34,95307.6,19.8,0.0997947315782682,1086.155332946187,12.082250451671184,89.8974963041946,0.1200000000000045,0.02182275,927.167451650458,90,Wood
86.1,-1.31,25.0,1683.49,8.5,1044.34,93707.6,19.8,0.0997947315782682,1086.155332946187,12.082250451671184,89.8974963041946,0.1200000000000045,0.02182275,927.167451650458,90,Wood
86.1,-1.31,25.0,1683.49,8.5,1044.34,93707.6,19.8,0.0997947315782682,1086.155332946187,12.082250451671184,89.8974963041946,0.1200000000000045,0.02182275,927.167451650458,90,Wood
86.1,-1.31,25.0,1683.49,8.5,1044.34,93707.6,19.8,0.0997947315782682,1086.155332946187,12.082250451671184,89.8974963041946,0.1200000000000045,0.02182275,927.167451650458,90,Wood
86.1,-1.31,25.0,1683.49,8.5,1044.34,93707.6,19.8,0.0997947315782682,1086.155332946187,12.082250451671184,89.8974963041946,0.1200000000000045,0.02182275,927.167451650458,90,Wood
86.1,-1.31,25.0,1683.49,8.5,1044.34,93707.6,19.8,0.0997947315782682,1086.155332946187,12.082250451671184,89.8974963041946,0.1200000000000045,0.02182275,927.167451650458,90,Wood
86.1,0.0,25.0,1694.31,8.56,1033.23,92811.3,19.8,0.0997947315782682,1086.155332946187,12.082250451671184,89.8974963041946,0.1200000000000045,0.02182275,927.167451650458,90,Wood
86.1,0.0,25.0,1694.31,8.56,1033.23,92811.3,19.8,0.0997947315782682,1086.155332946187,12.082250451671184,89.8974963041946,0.1200000000000045,0.02182275,927.167451650458,90,Wood
86.1,0.0,25.0,1694.31,8.56,1033.23,92811.3,19.8,0.0997947315782682,1086.155332946187,12.082250451671184,89.8974963041946,0.1200000000000045,0.02182275,927.167451650458,90,Wood
86.1,0.0,25.0,1694.31,8.56,1033.23,92811.3,19.8,0.0997947315782682,1086.155332946187,12.082250451671184,89.8974963041946,0.1200000000000045,0.02182275,927.167451650458,90,Wood
86.1,0.0,25.0,1694.31,8.56,1033.23,92811.3,19.8,0.0997947315782682,1086.155332946187,12.082250451671184,89.8974963041946,0.1200000000000045,0.02182275,927.167451650458,90,Wood
86.1,0.0,25.0,1694.31,8.56,1033.23,92811.3,19.8,0.0997947315782682,1086.155332946187,12.082250451671184,89.8974963041946,0.1200000000000045,0.02182275,927.167451650458,90,Wood
86.1,0.0,25.0,1683.47,8.51,1044.34,93009.4,19.8,0.0997947315782682,1086.155332946187,12.082250451671184,89.8974963041946,0.1200000000000045,0.02182275,927.167451650458,90,Wood
86.1,0.0,25.0,1683.47,8.51,1044.34,93009.4,19.8,0.0997947315782682,1086.155332946187,12.082250451671184,89.8974963041946,0.1200000000000045,0.02182275,927.167451650458,90,Wood
86.1,0.0,25.0,1683.47,8.51,1044.34,93009.4,19.8,0.0997947315782682,1086.155332946187,12.082250451671184,89.8974963041946,0.1200000000000045,0.02182275,927.167451650458,90,Wood
86.1,0.0,25.0,1683.47,8.51,1044.34,93009.4,19.8,0.0997947315782682,1086.155332946187,12.082250451671184,89.8974963041946,0.1200000000000045,0.02182275,927.167451650458,90,Wood
86.1,0.0,25.0,1683.47,8.51,1044.34,93009.4,19.8,0.0997947315782682,1086.155332946187,12.082250451671184,89.8974963041946,0.1200000000000045,0.02182275,927.167451650458,90,Wood
95.5,0.0,25.0,3464.03,17.51,899.91,149481.5,19.8,0.1853316100848453,1577.5251123404348,9.30298941903476,169.65370082508178,0.0399999999999977,0.1578347499999995,2355.4378509047974,100,Wood
95.5,0.0,25.0,3464.03,17.51,899.91,149481.5,19.8,0.1853316100848453,1577.5251123404348,9.30298941903476,169.65370082508178,0.0399999999999977,0.1578347499999995,2355.4378509047974,100,Wood
95.5,0.0,25.0,3464.03,17.51,899.91,149481.5,19.8,0.1853316100848453,1577.5251123404348,9.30298941903476,169.65370082508178,0.0399999999999977,0.1578347499999995,2355.4378509047974,100,Wood
95.5,0.0,25.0,3464.03,17.51,899.91,149481.5,19.8,0.1853316100848453,1577.5251123404348,9.30298941903476,169.65370082508178,0.0399999999999977,0.1578347499999995,2355.4378509047974,100,Wood
95.5,0.0,25.0,3464.03,17.51,899.91,149481.5,19.8,0.1853316100848453,1577.5251123404348,9.30298941903476,169.65370082508178,0.0399999999999977,0.1578347499999995,2355.4378509047974,100,Wood
95.5,0.0,25.0,3638.5,18.38,844.36,147625.0,19.8,0.1853316100848453,1577.5251123404348,9.30298941903476,169.65370082508178,0.0399999999999977,0.1578347499999995,2355.4378509047974,100,Wood
95.5,0.0,25.0,3638.5,18.38,844.36,147625.0,19.8,0.1853316100848453,1577.5251123404348,9.30298941903476,169.65370082508178,0.0399999999999977,0.1578347499999995,2355.4378509047974,100,Wood
95.5,0.0,25.0,3638.5,18.38,844.36,147625.0,19.8,0.1853316100848453,1577.5251123404348,9.30298941903476,169.65370082508178,0.0399999999999977,0.1578347499999995,2355.4378509047974,100,Wood
95.5,0.0,25.0,3638.5,18.38,844.36,147625.0,19.8,0.1853316100848453,1577.5251123404348,9.30298941903476,169.65370082508178,0.0399999999999977,0.1578347499999995,2355.4378509047974,100,Wood
95.5,0.0,25.0,3638.5,18.38,844.36,147625.0,19.8,0.1853316100848453,1577.5251123404348,9.30298941903476,169.65370082508178,0.0399999999999977,0.1578347499999995,2355.4378509047974,100,Wood
95.5,0.0,25.0,3449.09,17.41,899.91,151630.8,19.8,0.1853316100848453,1577.5251123404348,9.30298941903476,169.65370082508178,0.0399999999999977,0.1578347499999995,2355.4378509047974,100,Wood
95.5,0.0,25.0,3449.09,17.41,899.91,151630.8,19.8,0.1853316100848453,1577.5251123404348,9.30298941903476,169.65370082508178,0.0399999999999977,0.1578347499999995,2355.4378509047974,100,Wood
95.5,0.0,25.0,3449.09,17.41,899.91,151630.8,19.8,0.1853316100848453,1577.5251123404348,9.30298941903476,169.65370082508178,0.0399999999999977,0.1578347499999995,2355.4378509047974,100,Wood
95.5,0.0,25.0,3449.09,17.41,899.91,151630.8,19.8,0.1853316100848453,1577.5251123404348,9.30298941903476,169.65370082508178,0.0399999999999977,0.1578347499999995,2355.4378509047974,100,Wood
95.5,0.0,25.0,3449.09,17.41,899.91,151630.8,19.8,0.1853316100848453,1577.5251123404348,9.30298941903476,169.65370082508178,0.0399999999999977,0.1578347499999995,2355.4378509047974,100,Wood
95.5,0.0,25.0,3449.09,17.41,899.91,151630.8,19.8,0.1853316100848453,1577.5251123404348,9.30298941903476,169.65370082508178,0.0399999999999977,0.1578347499999995,2355.4378509047974,100,Wood
95.4,-0.22,25.0,3468.16,17.5,911.02,154277.2,19.8,0.1853316100848453,1577.5251123404348,9.30298941903476,169.65370082508178,0.0399999999999977,0.1578347499999995,2355.4378509047974,100,Wood
95.4,-0.22,25.0,3468.16,17.5,911.02,154277.2,19.8,0.1853316100848453,1577.5251123404348,9.30298941903476,169.65370082508178,0.0399999999999977,0.1578347499999995,2355.4378509047974,100,Wood
95.4,-0.22,25.0,3468.16,17.5,911.02,154277.2,19.8,0.1853316100848453,1577.5251123404348,9.30298941903476,169.65370082508178,0.0399999999999977,0.1578347499999995,2355.4378509047974,100,Wood
95.4,-0.22,25.0,3468.16,17.5,911.02,154277.2,19.8,0.1853316100848453,1577.5251123404348,9.30298941903476,169.65370082508178,0.0399999999999977,0.1578347499999995,2355.4378509047974,100,Wood
106.8,-0.87,25.0,3023.18,15.21,888.8,137934.5,19.8,0.1457970712126889,1285.3738231810432,8.185403231963173,157.11953262212188,0.3316624790355383,0.1926749999999995,921.7735331820946,110,Wood
106.8,-0.87,25.0,3023.18,15.21,888.8,137934.5,19.8,0.1457970712126889,1285.3738231810432,8.185403231963173,157.11953262212188,0.3316624790355383,0.1926749999999995,921.7735331820946,110,Wood
106.8,-0.87,25.0,3023.18,15.21,888.8,137934.5,19.8,0.1457970712126889,1285.3738231810432,8.185403231963173,157.11953262212188,0.3316624790355383,0.1926749999999995,921.7735331820946,110,Wood
106.8,-0.87,25.0,3023.18,15.21,888.8,137934.5,19.8,0.1457970712126889,1285.3738231810432,8.185403231963173,157.11953262212188,0.3316624790355383,0.1926749999999995,921.7735331820946,110,Wood
106.8,-0.87,25.0,3023.18,15.21,888.8,137934.5,19.8,0.1457970712126889,1285.3738231810432,8.185403231963173,157.11953262212188,0.3316624790355383,0.1926749999999995,921.7735331820946,110,Wood
107.2,1.75,25.0,3041.31,15.31,899.91,138635.4,19.8,0.1457970712126889,1285.3738231810432,8.185403231963173,157.11953262212188,0.3316624790355383,0.1926749999999995,921.7735331820946,110,Wood
107.2,1.75,25.0,3041.31,15.31,899.91,138635.4,19.8,0.1457970712126889,1285.3738231810432,8.185403231963173,157.11953262212188,0.3316624790355383,0.1926749999999995,921.7735331820946,110,Wood
107.2,1.75,25.0,3041.31,15.31,899.91,138635.4,19.8,0.1457970712126889,1285.3738231810432,8.185403231963173,157.11953262212188,0.3316624790355383,0.1926749999999995,921.7735331820946,110,Wood
107.2,1.75,25.0,3041.31,15.31,899.91,138635.4,19.8,0.1457970712126889,1285.3738231810432,8.185403231963173,157.11953262212188,0.3316624790355383,0.1926749999999995,921.7735331820946,110,Wood
107.2,1.75,25.0,3041.31,15.31,899.91,138635.4,19.8,0.1457970712126889,1285.3738231810432,8.185403231963173,157.11953262212188,0.3316624790355383,0.1926749999999995,921.7735331820946,110,Wood
107.6,1.75,25.0,3227.15,16.27,844.36,136618.4,19.8,0.1457970712126889,1285.3738231810432,8.185403231963173,157.11953262212188,0.3316624790355383,0.1926749999999995,921.7735331820946,110,Wood
107.6,1.75,25.0,3227.15,16.27,844.36,136618.4,19.8,0.1457970712126889,1285.3738231810432,8.185403231963173,157.11953262212188,0.3316624790355383,0.1926749999999995,921.7735331820946,110,Wood
107.6,1.75,25.0,3227.15,16.27,844.36,136618.4,19.8,0.1457970712126889,1285.3738231810432,8.185403231963173,157.11953262212188,0.3316624790355383,0.1926749999999995,921.7735331820946,110,Wood
107.6,1.75,25.0,3227.15,16.27,844.36,136618.4,19.8,0.1457970712126889,1285.3738231810432,8.185403231963173,157.11953262212188,0.3316624790355383,0.1926749999999995,921.7735331820946,110,Wood
107.6,1.75,25.0,3227.15,16.27,844.36,136618.4,19.8,0.1457970712126889,1285.3738231810432,8.185403231963173,157.11953262212188,0.3316624790355383,0.1926749999999995,921.7735331820946,110,Wood
107.6,1.75,25.0,3227.15,16.27,844.36,136618.4,19.8,0.1457970712126889,1285.3738231810432,8.185403231963173,157.11953262212188,0.3316624790355383,0.1926749999999995,921.7735331820946,110,Wood
107.6,0.22,25.0,3105.27,15.67,888.8,138953.0,19.8,0.1457970712126889,1285.3738231810432,8.185403231963173,157.11953262212188,0.3316624790355383,0.1926749999999995,921.7735331820946,110,Wood
107.6,0.22,25.0,3105.27,15.67,888.8,138953.0,19.8,0.1457970712126889,1285.3738231810432,8.185403231963173,157.11953262212188,0.3316624790355383,0.1926749999999995,921.7735331820946,110,Wood
107.6,0.22,25.0,3105.27,15.67,888.8,138953.0,19.8,0.1457970712126889,1285.3738231810432,8.185403231963173,157.11953262212188,0.3316624790355383,0.1926749999999995,921.7735331820946,110,Wood
107.6,0.22,25.0,3105.27,15.67,888.8,138953.0,19.8,0.1457970712126889,1285.3738231810432,8.185403231963173,157.11953262212188,0.3316624790355383,0.1926749999999995,921.7735331820946,110,Wood
117.6,-1.09,25.0,2904.42,14.57,888.8,126814.9,19.8,0.1245705782312925,1117.4508928571431,7.628677721088432,146.47899141201387,1.4210854715202004e-14,0.0863247499999999,3353.2633518521934,120,Wood
117.6,-1.09,25.0,2904.42,14.57,888.8,126814.9,19.8,0.1245705782312925,1117.4508928571431,7.628677721088432,146.47899141201387,1.4210854715202004e-14,0.0863247499999999,3353.2633518521934,120,Wood
117.6,-1.09,25.0,2904.42,14.57,888.8,126814.9,19.8,0.1245705782312925,1117.4508928571431,7.628677721088432,146.47899141201387,1.4210854715202004e-14,0.0863247499999999,3353.2633518521934,120,Wood
117.6,-1.09,25.0,2904.42,14.57,888.8,126814.9,19.8,0.1245705782312925,1117.4508928571431,7.628677721088432,146.47899141201387,1.4210854715202004e-14,0.0863247499999999,3353.2633518521934,120,Wood
117.6,-1.09,25.0,2904.42,14.57,888.8,126814.9,19.8,0.1245705782312925,1117.4508928571431,7.628677721088432,146.47899141201387,1.4210854715202004e-14,0.0863247499999999,3353.2633518521934,120,Wood
117.6,-1.09,25.0,2904.42,14.57,888.8,126814.9,19.8,0.1245705782312925,1117.4508928571431,7.628677721088432,146.47899141201387,1.4210854715202004e-14,0.0863247499999999,3353.2633518521934,120,Wood
117.6,0.0,25.0,2880.51,14.46,899.91,131143.7,19.8,0.1245705782312925,1117.4508928571431,7.628677721088432,146.47899141201387,1.4210854715202004e-14,0.0863247499999999,3353.2633518521934,120,Wood
117.6,0.0,25.0,2880.51,14.46,899.91,131143.7,19.8,0.1245705782312925,1117.4508928571431,7.628677721088432,146.47899141201387,1.4210854715202004e-14,0.0863247499999999,3353.2633518521934,120,Wood
117.6,0.0,25.0,2880.51,14.46,899.91,131143.7,19.8,0.1245705782312925,1117.4508928571431,7.628677721088432,146.47899141201387,1.4210854715202004e-14,0.0863247499999999,3353.2633518521934,120,Wood
117.6,0.0,25.0,2880.51,14.46,899.91,131143.7,19.8,0.1245705782312925,1117.4508928571431,7.628677721088432,146.47899141201387,1.4210854715202004e-14,0.0863247499999999,3353.2633518521934,120,Wood
117.6,0.0,25.0,2880.51,14.46,899.91,131143.7,19.8,0.1245705782312925,1117.4508928571431,7.628677721088432,146.47899141201387,1.4210854715202004e-14,0.0863247499999999,3353.2633518521934,120,Wood
117.6,0.0,25.0,2879.79,14.47,911.02,133977.0,19.8,0.1245705782312925,1117.4508928571431,7.628677721088432,146.47899141201387,1.4210854715202004e-14,0.0863247499999999,3353.2633518521934,120,Wood
117.6,0.0,25.0,2879.79,14.47,911.02,133977.0,19.8,0.1245705782312925,1117.4508928571431,7.628677721088432,146.47899141201387,1.4210854715202004e-14,0.0863247499999999,3353.2633518521934,120,Wood
117.6,0.0,25.0,2879.79,14.47,911.02,133977.0,19.8,0.1245705782312925,1117.4508928571431,7.628677721088432,146.47899141201387,1.4210854715202004e-14,0.0863247499999999,3353.2633518521934,120,Wood
117.6,0.0,25.0,2879.79,14.47,911.02,133977.0,19.8,0.1245705782312925,1117.4508928571431,7.628677721088432,146.47899141201387,1.4210854715202004e-14,0.0863247499999999,3353.2633518521934,120,Wood
117.6,0.0,25.0,2879.79,14.47,911.02,133977.0,19.8,0.1245705782312925,1117.4508928571431,7.628677721088432,146.47899141201387,1.4210854715202004e-14,0.0863247499999999,3353.2633518521934,120,Wood
117.6,0.0,25.0,3032.88,15.23,888.8,135437.9,19.8,0.1245705782312925,1117.4508928571431,7.628677721088432,146.47899141201387,1.4210854715202004e-14,0.0863247499999999,3353.2633518521934,120,Wood
117.6,0.0,25.0,3032.88,15.23,888.8,135437.9,19.8,0.1245705782312925,1117.4508928571431,7.628677721088432,146.47899141201387,1.4210854715202004e-14,0.0863247499999999,3353.2633518521934,120,Wood
117.6,0.0,25.0,3032.88,15.23,888.8,135437.9,19.8,0.1245705782312925,1117.4508928571431,7.628677721088432,146.47899141201387,1.4210854715202004e-14,0.0863247499999999,3353.2633518521934,120,Wood
117.6,0.0,25.0,3032.88,15.23,888.8,135437.9,19.8,0.1245705782312925,1117.4508928571431,7.628677721088432,146.47899141201387,1.4210854715202004e-14,0.0863247499999999,3353.2633518521934,120,Wood
128.5,-0.66,25.0,2449.11,12.44,966.57,122905.2,19.8,0.0968298388770516,959.3985292116822,7.509762050668613,127.75621623910588,0.1710993863226885,0.0542,212.01475915605528,130,Wood
128.5,-0.66,25.0,2449.11,12.44,966.57,122905.2,19.8,0.0968298388770516,959.3985292116822,7.509762050668613,127.75621623910588,0.1710993863226885,0.0542,212.01475915605528,130,Wood
128.5,-0.66,25.0,2449.11,12.44,966.57,122905.2,19.8,0.0968298388770516,959.3985292116822,7.509762050668613,127.75621623910588,0.1710993863226885,0.0542,212.01475915605528,130,Wood
128.5,-0.66,25.0,2449.11,12.44,966.57,122905.2,19.8,0.0968298388770516,959.3985292116822,7.509762050668613,127.75621623910588,0.1710993863226885,0.0542,212.01475915605528,130,Wood
128.5,-0.66,25.0,2449.11,12.44,966.57,122905.2,19.8,0.0968298388770516,959.3985292116822,7.509762050668613,127.75621623910588,0.1710993863226885,0.0542,212.01475915605528,130,Wood
128.3,-0.66,25.0,2514.73,12.74,955.46,122835.5,19.8,0.0968298388770516,959.3985292116822,7.509762050668613,127.75621623910588,0.1710993863226885,0.0542,212.01475915605528,130,Wood
128.3,-0.66,25.0,2514.73,12.74,955.46,122835.5,19.8,0.0968298388770516,959.3985292116822,7.509762050668613,127.75621623910588,0.1710993863226885,0.0542,212.01475915605528,130,Wood
128.3,-0.66,25.0,2514.73,12.74,955.46,122835.5,19.8,0.0968298388770516,959.3985292116822,7.509762050668613,127.75621623910588,0.1710993863226885,0.0542,212.01475915605528,130,Wood
128.3,-0.66,25.0,2514.73,12.74,955.46,122835.5,19.8,0.0968298388770516,959.3985292116822,7.509762050668613,127.75621623910588,0.1710993863226885,0.0542,212.01475915605528,130,Wood
128.3,-0.66,25.0,2514.73,12.74,955.46,122835.5,19.8,0.0968298388770516,959.3985292116822,7.509762050668613,127.75621623910588,0.1710993863226885,0.0542,212.01475915605528,130,Wood
128.3,-0.66,25.0,2514.73,12.74,955.46,122835.5,19.8,0.0968298388770516,959.3985292116822,7.509762050668613,127.75621623910588,0.1710993863226885,0.0542,212.01475915605528,130,Wood
128.2,-0.66,25.0,2403.09,12.16,966.57,123312.8,19.8,0.0968298388770516,959.3985292116822,7.509762050668613,127.75621623910588,0.1710993863226885,0.0542,212.01475915605528,130,Wood
128.2,-0.66,25.0,2403.09,12.16,966.57,123312.8,19.8,0.0968298388770516,959.3985292116822,7.509762050668613,127.75621623910588,0.1710993863226885,0.0542,212.01475915605528,130,Wood
128.2,-0.66,25.0,2403.09,12.16,966.57,123312.8,19.8,0.0968298388770516,959.3985292116822,7.509762050668613,127.75621623910588,0.1710993863226885,0.0542,212.01475915605528,130,Wood
128.2,-0.66,25.0,2403.09,12.16,966.57,123312.8,19.8,0.0968298388770516,959.3985292116822,7.509762050668613,127.75621623910588,0.1710993863226885,0.0542,212.01475915605528,130,Wood
128.2,-0.66,25.0,2403.09,12.16,966.57,123312.8,19.8,0.0968298388770516,959.3985292116822,7.509762050668613,127.75621623910588,0.1710993863226885,0.0542,212.01475915605528,130,Wood
128.0,-0.66,25.0,2423.53,12.24,966.57,123258.4,19.8,0.0968298388770516,959.3985292116822,7.509762050668613,127.75621623910588,0.1710993863226885,0.0542,212.01475915605528,130,Wood
128.0,-0.66,25.0,2423.53,12.24,966.57,123258.4,19.8,0.0968298388770516,959.3985292116822,7.509762050668613,127.75621623910588,0.1710993863226885,0.0542,212.01475915605528,130,Wood
128.0,-0.66,25.0,2423.53,12.24,966.57,123258.4,19.8,0.0968298388770516,959.3985292116822,7.509762050668613,127.75621623910588,0.1710993863226885,0.0542,212.01475915605528,130,Wood
128.0,-0.66,25.0,2423.53,12.24,966.57,123258.4,19.8,0.0968298388770516,959.3985292116822,7.509762050668613,127.75621623910588,0.1710993863226885,0.0542,212.01475915605528,130,Wood
137.6,0.0,25.0,2518.6,12.69,988.79,130796.8,19.8,0.0959788333347588,978.5196106210126,7.04298181436811,138.95481355180294,0.1042832680730651,0.1283647500000002,1908.673766224863,140,Wood
137.6,0.0,25.0,2587.27,13.05,966.57,132069.5,19.8,0.0959788333347588,978.5196106210126,7.04298181436811,138.95481355180294,0.1042832680730651,0.1283647500000002,1908.673766224863,140,Wood
137.6,0.0,25.0,2587.27,13.05,966.57,132069.5,19.8,0.0959788333347588,978.5196106210126,7.04298181436811,138.95481355180294,0.1042832680730651,0.1283647500000002,1908.673766224863,140,Wood
137.6,0.0,25.0,2587.27,13.05,966.57,132069.5,19.8,0.0959788333347588,978.5196106210126,7.04298181436811,138.95481355180294,0.1042832680730651,0.1283647500000002,1908.673766224863,140,Wood
137.6,0.0,25.0,2587.27,13.05,966.57,132069.5,19.8,0.0959788333347588,978.5196106210126,7.04298181436811,138.95481355180294,0.1042832680730651,0.1283647500000002,1908.673766224863,140,Wood
137.6,0.0,25.0,2587.27,13.05,966.57,132069.5,19.8,0.0959788333347588,978.5196106210126,7.04298181436811,138.95481355180294,0.1042832680730651,0.1283647500000002,1908.673766224863,140,Wood
137.5,-0.44,25.0,2546.78,12.86,977.68,134737.9,19.8,0.0959788333347588,978.5196106210126,7.04298181436811,138.95481355180294,0.1042832680730651,0.1283647500000002,1908.673766224863,140,Wood
137.5,-0.44,25.0,2546.78,12.86,977.68,134737.9,19.8,0.0959788333347588,978.5196106210126,7.04298181436811,138.95481355180294,0.1042832680730651,0.1283647500000002,1908.673766224863,140,Wood
137.5,-0.44,25.0,2546.78,12.86,977.68,134737.9,19.8,0.0959788333347588,978.5196106210126,7.04298181436811,138.95481355180294,0.1042832680730651,0.1283647500000002,1908.673766224863,140,Wood
137.5,-0.44,25.0,2546.78,12.86,977.68,134737.9,19.8,0.0959788333347588,978.5196106210126,7.04298181436811,138.95481355180294,0.1042832680730651,0.1283647500000002,1908.673766224863,140,Wood
137.5,-0.44,25.0,2546.78,12.86,977.68,134737.9,19.8,0.0959788333347588,978.5196106210126,7.04298181436811,138.95481355180294,0.1042832680730651,0.1283647500000002,1908.673766224863,140,Wood
137.5,-0.44,25.0,2546.78,12.86,977.68,134737.9,19.8,0.0959788333347588,978.5196106210126,7.04298181436811,138.95481355180294,0.1042832680730651,0.1283647500000002,1908.673766224863,140,Wood
137.4,-0.44,25.0,2717.53,13.73,955.46,135992.0,19.8,0.0959788333347588,978.5196106210126,7.04298181436811,138.95481355180294,0.1042832680730651,0.1283647500000002,1908.673766224863,140,Wood
137.4,-0.44,25.0,2717.53,13.73,955.46,135992.0,19.8,0.0959788333347588,978.5196106210126,7.04298181436811,138.95481355180294,0.1042832680730651,0.1283647500000002,1908.673766224863,140,Wood
137.4,-0.44,25.0,2717.53,13.73,955.46,135992.0,19.8,0.0959788333347588,978.5196106210126,7.04298181436811,138.95481355180294,0.1042832680730651,0.1283647500000002,1908.673766224863,140,Wood
137.4,-0.44,25.0,2717.53,13.73,955.46,135992.0,19.8,0.0959788333347588,978.5196106210126,7.04298181436811,138.95481355180294,0.1042832680730651,0.1283647500000002,1908.673766224863,140,Wood
137.4,-0.44,25.0,2717.53,13.73,955.46,135992.0,19.8,0.0959788333347588,978.5196106210126,7.04298181436811,138.95481355180294,0.1042832680730651,0.1283647500000002,1908.673766224863,140,Wood
137.3,-0.44,25.0,2645.88,13.38,966.57,136959.6,19.8,0.0959788333347588,978.5196106210126,7.04298181436811,138.95481355180294,0.1042832680730651,0.1283647500000002,1908.673766224863,140,Wood
137.3,-0.44,25.0,2645.88,13.38,966.57,136959.6,19.8,0.0959788333347588,978.5196106210126,7.04298181436811,138.95481355180294,0.1042832680730651,0.1283647500000002,1908.673766224863,140,Wood
137.3,-0.44,25.0,2645.88,13.38,966.57,136959.6,19.8,0.0959788333347588,978.5196106210126,7.04298181436811,138.95481355180294,0.1042832680730651,0.1283647500000002,1908.673766224863,140,Wood
145.4,-1.75,25.0,2057.71,10.41,966.57,105956.1,19.8,0.0711835888200343,730.6970619974759,6.650578853453206,109.87474723724468,0.0399999999999977,0.0050827499999999,263.4472020633361,150,Wood
145.4,-1.75,25.0,2057.71,10.41,966.57,105956.1,19.8,0.0711835888200343,730.6970619974759,6.650578853453206,109.87474723724468,0.0399999999999977,0.0050827499999999,263.4472020633361,150,Wood
145.4,-1.75,25.0,2057.71,10.41,966.57,105956.1,19.8,0.0711835888200343,730.6970619974759,6.650578853453206,109.87474723724468,0.0399999999999977,0.0050827499999999,263.4472020633361,150,Wood
145.4,-1.75,25.0,2057.71,10.41,966.57,105956.1,19.8,0.0711835888200343,730.6970619974759,6.650578853453206,109.87474723724468,0.0399999999999977,0.0050827499999999,263.4472020633361,150,Wood
145.4,-1.75,25.0,2057.71,10.41,966.57,105956.1,19.8,0.0711835888200343,730.6970619974759,6.650578853453206,109.87474723724468,0.0399999999999977,0.0050827499999999,263.4472020633361,150,Wood
145.4,0.0,25.0,2040.36,10.32,977.68,106659.8,19.8,0.0711835888200343,730.6970619974759,6.650578853453206,109.87474723724468,0.0399999999999977,0.0050827499999999,263.4472020633361,150,Wood
145.4,0.0,25.0,2040.36,10.32,977.68,106659.8,19.8,0.0711835888200343,730.6970619974759,6.650578853453206,109.87474723724468,0.0399999999999977,0.0050827499999999,263.4472020633361,150,Wood
145.4,0.0,25.0,2040.36,10.32,977.68,106659.8,19.8,0.0711835888200343,730.6970619974759,6.650578853453206,109.87474723724468,0.0399999999999977,0.0050827499999999,263.4472020633361,150,Wood
145.4,0.0,25.0,2040.36,10.32,977.68,106659.8,19.8,0.0711835888200343,730.6970619974759,6.650578853453206,109.87474723724468,0.0399999999999977,0.0050827499999999,263.4472020633361,150,Wood
145.4,0.0,25.0,2040.36,10.32,977.68,106659.8,19.8,0.0711835888200343,730.6970619974759,6.650578853453206,109.87474723724468,0.0399999999999977,0.0050827499999999,263.4472020633361,150,Wood
145.4,0.0,25.0,2059.57,10.41,966.57,106289.6,19.8,0.0711835888200343,730.6970619974759,6.650578853453206,109.87474723724468,0.0399999999999977,0.0050827499999999,263.4472020633361,150,Wood
145.4,0.0,25.0,2059.57,10.41,966.57,106289.6,19.8,0.0711835888200343,730.6970619974759,6.650578853453206,109.87474723724468,0.0399999999999977,0.0050827499999999,263.4472020633361,150,Wood
145.4,0.0,25.0,2059.57,10.41,966.57,106289.6,19.8,0.0711835888200343,730.6970619974759,6.650578853453206,109.87474723724468,0.0399999999999977,0.0050827499999999,263.4472020633361,150,Wood
145.4,0.0,25.0,2059.57,10.41,966.57,106289.6,19.8,0.0711835888200343,730.6970619974759,6.650578853453206,109.87474723724468,0.0399999999999977,0.0050827499999999,263.4472020633361,150,Wood
145.4,0.0,25.0,2059.57,10.41,966.57,106289.6,19.8,0.0711835888200343,730.6970619974759,6.650578853453206,109.87474723724468,0.0399999999999977,0.0050827499999999,263.4472020633361,150,Wood
145.4,0.0,25.0,2059.57,10.41,966.57,106289.6,19.8,0.0711835888200343,730.6970619974759,6.650578853453206,109.87474723724468,0.0399999999999977,0.0050827499999999,263.4472020633361,150,Wood
145.5,0.22,25.0,2026.13,10.23,955.46,106085.4,19.8,0.0711835888200343,730.6970619974759,6.650578853453206,109.87474723724468,0.0399999999999977,0.0050827499999999,263.4472020633361,150,Wood
145.5,0.22,25.0,2026.13,10.23,955.46,106085.4,19.8,0.0711835888200343,730.6970619974759,6.650578853453206,109.87474723724468,0.0399999999999977,0.0050827499999999,263.4472020633361,150,Wood
145.5,0.22,25.0,2026.13,10.23,955.46,106085.4,19.8,0.0711835888200343,730.6970619974759,6.650578853453206,109.87474723724468,0.0399999999999977,0.0050827499999999,263.4472020633361,150,Wood
145.5,0.22,25.0,2026.13,10.23,955.46,106085.4,19.8,0.0711835888200343,730.6970619974759,6.650578853453206,109.87474723724468,0.0399999999999977,0.0050827499999999,263.4472020633361,150,Wood
155.3,0.0,25.0,2010.13,10.17,1066.56,114405.9,19.8,0.0671302253868255,743.9939079176684,6.869530634028381,108.3115172448233,0.0489897948556607,0.012596,1084.5112375973792,160,Wood
155.3,0.0,25.0,2047.93,10.37,1044.34,114077.5,19.8,0.0671302253868255,743.9939079176684,6.869530634028381,108.3115172448233,0.0489897948556607,0.012596,1084.5112375973792,160,Wood
155.3,0.0,25.0,2047.93,10.37,1044.34,114077.5,19.8,0.0671302253868255,743.9939079176684,6.869530634028381,108.3115172448233,0.0489897948556607,0.012596,1084.5112375973792,160,Wood
155.3,0.0,25.0,2047.93,10.37,1044.34,114077.5,19.8,0.0671302253868255,743.9939079176684,6.869530634028381,108.3115172448233,0.0489897948556607,0.012596,1084.5112375973792,160,Wood
155.3,0.0,25.0,2047.93,10.37,1044.34,114077.5,19.8,0.0671302253868255,743.9939079176684,6.869530634028381,108.3115172448233,0.0489897948556607,0.012596,1084.5112375973792,160,Wood
155.3,0.0,25.0,2047.93,10.37,1044.34,114077.5,19.8,0.0671302253868255,743.9939079176684,6.869530634028381,108.3115172448233,0.0489897948556607,0.012596,1084.5112375973792,160,Wood
155.3,0.0,25.0,2047.93,10.37,1044.34,114077.5,19.8,0.0671302253868255,743.9939079176684,6.869530634028381,108.3115172448233,0.0489897948556607,0.012596,1084.5112375973792,160,Wood
155.3,0.0,25.0,2092.43,10.6,1077.67,116028.0,19.8,0.0671302253868255,743.9939079176684,6.869530634028381,108.3115172448233,0.0489897948556607,0.012596,1084.5112375973792,160,Wood
155.3,0.0,25.0,2092.43,10.6,1077.67,116028.0,19.8,0.0671302253868255,743.9939079176684,6.869530634028381,108.3115172448233,0.0489897948556607,0.012596,1084.5112375973792,160,Wood
155.3,0.0,25.0,2092.43,10.6,1077.67,116028.0,19.8,0.0671302253868255,743.9939079176684,6.869530634028381,108.3115172448233,0.0489897948556607,0.012596,1084.5112375973792,160,Wood
155.3,0.0,25.0,2092.43,10.6,1077.67,116028.0,19.8,0.0671302253868255,743.9939079176684,6.869530634028381,108.3115172448233,0.0489897948556607,0.012596,1084.5112375973792,160,Wood
155.3,0.0,25.0,2092.43,10.6,1077.67,116028.0,19.8,0.0671302253868255,743.9939079176684,6.869530634028381,108.3115172448233,0.0489897948556607,0.012596,1084.5112375973792,160,Wood
155.4,0.44,25.0,2048.05,10.37,1077.67,116571.0,19.8,0.0671302253868255,743.9939079176684,6.869530634028381,108.3115172448233,0.0489897948556607,0.012596,1084.5112375973792,160,Wood
155.4,0.44,25.0,2048.05,10.37,1077.67,116571.0,19.8,0.0671302253868255,743.9939079176684,6.869530634028381,108.3115172448233,0.0489897948556607,0.012596,1084.5112375973792,160,Wood
155.4,0.44,25.0,2048.05,10.37,1077.67,116571.0,19.8,0.0671302253868255,743.9939079176684,6.869530634028381,108.3115172448233,0.0489897948556607,0.012596,1084.5112375973792,160,Wood
155.4,0.44,25.0,2048.05,10.37,1077.67,116571.0,19.8,0.0671302253868255,743.9939079176684,6.869530634028381,108.3115172448233,0.0489897948556607,0.012596,1084.5112375973792,160,Wood
155.4,0.44,25.0,2048.05,10.37,1077.67,116571.0,19.8,0.0671302253868255,743.9939079176684,6.869530634028381,108.3115172448233,0.0489897948556607,0.012596,1084.5112375973792,160,Wood
155.4,0.22,25.0,2062.76,10.44,1077.67,116526.4,19.8,0.0671302253868255,743.9939079176684,6.869530634028381,108.3115172448233,0.0489897948556607,0.012596,1084.5112375973792,160,Wood
155.4,0.22,25.0,2062.76,10.44,1077.67,116526.4,19.8,0.0671302253868255,743.9939079176684,6.869530634028381,108.3115172448233,0.0489897948556607,0.012596,1084.5112375973792,160,Wood
155.4,0.22,25.0,2062.76,10.44,1077.67,116526.4,19.8,0.0671302253868255,743.9939079176684,6.869530634028381,108.3115172448233,0.0489897948556607,0.012596,1084.5112375973792,160,Wood
166.1,0.0,25.0,2012.86,10.14,1011.01,104771.1,19.8,0.0598169247915565,628.8087714033389,6.025139882801335,104.39504014325514,0.0583095189484535,0.0269359999999999,1114.0588893209397,170,Wood
166.1,0.0,25.0,2012.86,10.14,1011.01,104771.1,19.8,0.0598169247915565,628.8087714033389,6.025139882801335,104.39504014325514,0.0583095189484535,0.0269359999999999,1114.0588893209397,170,Wood
166.1,0.22,25.0,1930.41,9.72,1022.12,105667.8,19.8,0.0598169247915565,628.8087714033389,6.025139882801335,104.39504014325514,0.0583095189484535,0.0269359999999999,1114.0588893209397,170,Wood
166.1,0.22,25.0,1930.41,9.72,1022.12,105667.8,19.8,0.0598169247915565,628.8087714033389,6.025139882801335,104.39504014325514,0.0583095189484535,0.0269359999999999,1114.0588893209397,170,Wood
166.1,0.22,25.0,1930.41,9.72,1022.12,105667.8,19.8,0.0598169247915565,628.8087714033389,6.025139882801335,104.39504014325514,0.0583095189484535,0.0269359999999999,1114.0588893209397,170,Wood
166.1,0.22,25.0,1930.41,9.72,1022.12,105667.8,19.8,0.0598169247915565,628.8087714033389,6.025139882801335,104.39504014325514,0.0583095189484535,0.0269359999999999,1114.0588893209397,170,Wood
166.1,0.22,25.0,1930.41,9.72,1022.12,105667.8,19.8,0.0598169247915565,628.8087714033389,6.025139882801335,104.39504014325514,0.0583095189484535,0.0269359999999999,1114.0588893209397,170,Wood
166.1,0.22,25.0,1930.41,9.72,1022.12,105667.8,19.8,0.0598169247915565,628.8087714033389,6.025139882801335,104.39504014325514,0.0583095189484535,0.0269359999999999,1114.0588893209397,170,Wood
166.1,0.22,25.0,1980.56,9.97,1011.01,104868.3,19.8,0.0598169247915565,628.8087714033389,6.025139882801335,104.39504014325514,0.0583095189484535,0.0269359999999999,1114.0588893209397,170,Wood
166.1,0.22,25.0,1980.56,9.97,1011.01,104868.3,19.8,0.0598169247915565,628.8087714033389,6.025139882801335,104.39504014325514,0.0583095189484535,0.0269359999999999,1114.0588893209397,170,Wood
166.1,0.22,25.0,1980.56,9.97,1011.01,104868.3,19.8,0.0598169247915565,628.8087714033389,6.025139882801335,104.39504014325514,0.0583095189484535,0.0269359999999999,1114.0588893209397,170,Wood
166.1,0.22,25.0,1980.56,9.97,1011.01,104868.3,19.8,0.0598169247915565,628.8087714033389,6.025139882801335,104.39504014325514,0.0583095189484535,0.0269359999999999,1114.0588893209397,170,Wood
166.1,0.22,25.0,1980.56,9.97,1011.01,104868.3,19.8,0.0598169247915565,628.8087714033389,6.025139882801335,104.39504014325514,0.0583095189484535,0.0269359999999999,1114.0588893209397,170,Wood
166.2,0.44,25.0,2006.53,10.09,966.57,102879.2,19.8,0.0598169247915565,628.8087714033389,6.025139882801335,104.39504014325514,0.0583095189484535,0.0269359999999999,1114.0588893209397,170,Wood
166.2,0.44,25.0,2006.53,10.09,966.57,102879.2,19.8,0.0598169247915565,628.8087714033389,6.025139882801335,104.39504014325514,0.0583095189484535,0.0269359999999999,1114.0588893209397,170,Wood
166.2,0.44,25.0,2006.53,10.09,966.57,102879.2,19.8,0.0598169247915565,628.8087714033389,6.025139882801335,104.39504014325514,0.0583095189484535,0.0269359999999999,1114.0588893209397,170,Wood
166.2,0.44,25.0,2006.53,10.09,966.57,102879.2,19.8,0.0598169247915565,628.8087714033389,6.025139882801335,104.39504014325514,0.0583095189484535,0.0269359999999999,1114.0588893209397,170,Wood
166.2,0.44,25.0,2006.53,10.09,966.57,102879.2,19.8,0.0598169247915565,628.8087714033389,6.025139882801335,104.39504014325514,0.0583095189484535,0.0269359999999999,1114.0588893209397,170,Wood
166.2,0.44,25.0,2006.53,10.09,966.57,102879.2,19.8,0.0598169247915565,628.8087714033389,6.025139882801335,104.39504014325514,0.0583095189484535,0.0269359999999999,1114.0588893209397,170,Wood
166.3,0.44,25.0,1943.61,9.77,1011.01,104233.8,19.8,0.0598169247915565,628.8087714033389,6.025139882801335,104.39504014325514,0.0583095189484535,0.0269359999999999,1114.0588893209397,170,Wood
175.6,1.09,25.0,1805.5,9.18,1044.34,103554.8,19.8,0.0541907746272726,589.5031805474266,5.804701821643588,101.59441916034154,0.1532155344604478,0.071496,904.2404607597466,180,Wood
175.6,1.09,25.0,1805.5,9.18,1044.34,103554.8,19.8,0.0541907746272726,589.5031805474266,5.804701821643588,101.59441916034154,0.1532155344604478,0.071496,904.2404607597466,180,Wood
175.6,1.09,25.0,1805.5,9.18,1044.34,103554.8,19.8,0.0541907746272726,589.5031805474266,5.804701821643588,101.59441916034154,0.1532155344604478,0.071496,904.2404607597466,180,Wood
175.9,1.31,25.0,1825.87,9.28,1022.12,103165.9,19.8,0.0541907746272726,589.5031805474266,5.804701821643588,101.59441916034154,0.1532155344604478,0.071496,904.2404607597466,180,Wood
175.9,1.31,25.0,1825.87,9.28,1022.12,103165.9,19.8,0.0541907746272726,589.5031805474266,5.804701821643588,101.59441916034154,0.1532155344604478,0.071496,904.2404607597466,180,Wood
175.9,1.31,25.0,1825.87,9.28,1022.12,103165.9,19.8,0.0541907746272726,589.5031805474266,5.804701821643588,101.59441916034154,0.1532155344604478,0.071496,904.2404607597466,180,Wood
175.9,1.31,25.0,1825.87,9.28,1022.12,103165.9,19.8,0.0541907746272726,589.5031805474266,5.804701821643588,101.59441916034154,0.1532155344604478,0.071496,904.2404607597466,180,Wood
175.9,1.31,25.0,1825.87,9.28,1022.12,103165.9,19.8,0.0541907746272726,589.5031805474266,5.804701821643588,101.59441916034154,0.1532155344604478,0.071496,904.2404607597466,180,Wood
176.0,0.66,25.0,1938.31,9.86,988.79,102955.1,19.8,0.0541907746272726,589.5031805474266,5.804701821643588,101.59441916034154,0.1532155344604478,0.071496,904.2404607597466,180,Wood
176.0,0.66,25.0,1938.31,9.86,988.79,102955.1,19.8,0.0541907746272726,589.5031805474266,5.804701821643588,101.59441916034154,0.1532155344604478,0.071496,904.2404607597466,180,Wood
176.0,0.66,25.0,1938.31,9.86,988.79,102955.1,19.8,0.0541907746272726,589.5031805474266,5.804701821643588,101.59441916034154,0.1532155344604478,0.071496,904.2404607597466,180,Wood
176.0,0.66,25.0,1938.31,9.86,988.79,102955.1,19.8,0.0541907746272726,589.5031805474266,5.804701821643588,101.59441916034154,0.1532155344604478,0.071496,904.2404607597466,180,Wood
176.0,0.66,25.0,1938.31,9.86,988.79,102955.1,19.8,0.0541907746272726,589.5031805474266,5.804701821643588,101.59441916034154,0.1532155344604478,0.071496,904.2404607597466,180,Wood
176.0,0.66,25.0,1938.31,9.86,988.79,102955.1,19.8,0.0541907746272726,589.5031805474266,5.804701821643588,101.59441916034154,0.1532155344604478,0.071496,904.2404607597466,180,Wood
176.0,-0.22,25.0,1876.17,9.54,1044.34,105216.5,19.8,0.0541907746272726,589.5031805474266,5.804701821643588,101.59441916034154,0.1532155344604478,0.071496,904.2404607597466,180,Wood
176.0,-0.22,25.0,1876.17,9.54,1044.34,105216.5,19.8,0.0541907746272726,589.5031805474266,5.804701821643588,101.59441916034154,0.1532155344604478,0.071496,904.2404607597466,180,Wood
176.0,-0.22,25.0,1876.17,9.54,1044.34,105216.5,19.8,0.0541907746272726,589.5031805474266,5.804701821643588,101.59441916034154,0.1532155344604478,0.071496,904.2404607597466,180,Wood
176.0,-0.22,25.0,1876.17,9.54,1044.34,105216.5,19.8,0.0541907746272726,589.5031805474266,5.804701821643588,101.59441916034154,0.1532155344604478,0.071496,904.2404607597466,180,Wood
176.0,-0.22,25.0,1876.17,9.54,1044.34,105216.5,19.8,0.0541907746272726,589.5031805474266,5.804701821643588,101.59441916034154,0.1532155344604478,0.071496,904.2404607597466,180,Wood
175.6,-1.53,25.0,1935.0,9.84,1022.12,103507.5,19.8,0.0541907746272726,589.5031805474266,5.804701821643588,101.59441916034154,0.1532155344604478,0.071496,904.2404607597466,180,Wood
185.2,0.22,25.0,1426.45,7.27,966.57,69827.2,19.8,0.0393701081895099,373.6666407955578,5.197199866482348,71.9215713336644,0.0458257569495688,0.01672875,987.2229177217272,190,Wood
185.2,0.22,25.0,1459.97,7.45,933.24,68591.2,19.8,0.0393701081895099,373.6666407955578,5.197199866482348,71.9215713336644,0.0458257569495688,0.01672875,987.2229177217272,190,Wood
185.2,0.22,25.0,1459.97,7.45,933.24,68591.2,19.8,0.0393701081895099,373.6666407955578,5.197199866482348,71.9215713336644,0.0458257569495688,0.01672875,987.2229177217272,190,Wood
185.2,0.22,25.0,1459.97,7.45,933.24,68591.2,19.8,0.0393701081895099,373.6666407955578,5.197199866482348,71.9215713336644,0.0458257569495688,0.01672875,987.2229177217272,190,Wood
185.2,0.22,25.0,1459.97,7.45,933.24,68591.2,19.8,0.0393701081895099,373.6666407955578,5.197199866482348,71.9215713336644,0.0458257569495688,0.01672875,987.2229177217272,190,Wood
185.2,0.22,25.0,1459.97,7.45,933.24,68591.2,19.8,0.0393701081895099,373.6666407955578,5.197199866482348,71.9215713336644,0.0458257569495688,0.01672875,987.2229177217272,190,Wood
185.3,0.22,25.0,1398.05,7.14,988.79,70433.3,19.8,0.0393701081895099,373.6666407955578,5.197199866482348,71.9215713336644,0.0458257569495688,0.01672875,987.2229177217272,190,Wood
185.3,0.22,25.0,1398.05,7.14,988.79,70433.3,19.8,0.0393701081895099,373.6666407955578,5.197199866482348,71.9215713336644,0.0458257569495688,0.01672875,987.2229177217272,190,Wood
185.3,0.22,25.0,1398.05,7.14,988.79,70433.3,19.8,0.0393701081895099,373.6666407955578,5.197199866482348,71.9215713336644,0.0458257569495688,0.01672875,987.2229177217272,190,Wood
185.3,0.22,25.0,1398.05,7.14,988.79,70433.3,19.8,0.0393701081895099,373.6666407955578,5.197199866482348,71.9215713336644,0.0458257569495688,0.01672875,987.2229177217272,190,Wood
185.3,0.22,25.0,1398.05,7.14,988.79,70433.3,19.8,0.0393701081895099,373.6666407955578,5.197199866482348,71.9215713336644,0.0458257569495688,0.01672875,987.2229177217272,190,Wood
185.3,0.22,25.0,1398.05,7.14,988.79,70433.3,19.8,0.0393701081895099,373.6666407955578,5.197199866482348,71.9215713336644,0.0458257569495688,0.01672875,987.2229177217272,190,Wood
185.2,-0.22,25.0,1418.17,7.24,977.68,69247.9,19.8,0.0393701081895099,373.6666407955578,5.197199866482348,71.9215713336644,0.0458257569495688,0.01672875,987.2229177217272,190,Wood
185.2,-0.22,25.0,1418.17,7.24,977.68,69247.9,19.8,0.0393701081895099,373.6666407955578,5.197199866482348,71.9215713336644,0.0458257569495688,0.01672875,987.2229177217272,190,Wood
185.2,-0.22,25.0,1418.17,7.24,977.68,69247.9,19.8,0.0393701081895099,373.6666407955578,5.197199866482348,71.9215713336644,0.0458257569495688,0.01672875,987.2229177217272,190,Wood
185.2,-0.22,25.0,1418.17,7.24,977.68,69247.9,19.8,0.0393701081895099,373.6666407955578,5.197199866482348,71.9215713336644,0.0458257569495688,0.01672875,987.2229177217272,190,Wood
185.2,-0.22,25.0,1418.17,7.24,977.68,69247.9,19.8,0.0393701081895099,373.6666407955578,5.197199866482348,71.9215713336644,0.0458257569495688,0.01672875,987.2229177217272,190,Wood
185.2,0.0,25.0,1455.76,7.43,933.24,67555.6,19.8,0.0393701081895099,373.6666407955578,5.197199866482348,71.9215713336644,0.0458257569495688,0.01672875,987.2229177217272,190,Wood
185.2,0.0,25.0,1455.76,7.43,933.24,67555.6,19.8,0.0393701081895099,373.6666407955578,5.197199866482348,71.9215713336644,0.0458257569495688,0.01672875,987.2229177217272,190,Wood
185.2,0.0,25.0,1455.76,7.43,933.24,67555.6,19.8,0.0393701081895099,373.6666407955578,5.197199866482348,71.9215713336644,0.0458257569495688,0.01672875,987.2229177217272,190,Wood
194.7,0.22,25.0,1822.16,9.08,944.35,88446.1,19.8,0.0488982785493337,459.39713801717863,4.804633400577768,95.6203190277011,0.0707106781186607,0.0698647499999999,761.3783673542339,200,Wood
194.7,0.22,25.0,1822.16,9.08,944.35,88446.1,19.8,0.0488982785493337,459.39713801717863,4.804633400577768,95.6203190277011,0.0707106781186607,0.0698647499999999,761.3783673542339,200,Wood
194.7,0.22,25.0,1822.16,9.08,944.35,88446.1,19.8,0.0488982785493337,459.39713801717863,4.804633400577768,95.6203190277011,0.0707106781186607,0.0698647499999999,761.3783673542339,200,Wood
194.7,0.22,25.0,1822.16,9.08,944.35,88446.1,19.8,0.0488982785493337,459.39713801717863,4.804633400577768,95.6203190277011,0.0707106781186607,0.0698647499999999,761.3783673542339,200,Wood
194.6,-0.22,25.0,1902.51,9.48,933.24,88795.0,19.8,0.0488982785493337,459.39713801717863,4.804633400577768,95.6203190277011,0.0707106781186607,0.0698647499999999,761.3783673542339,200,Wood
194.6,-0.22,25.0,1902.51,9.48,933.24,88795.0,19.8,0.0488982785493337,459.39713801717863,4.804633400577768,95.6203190277011,0.0707106781186607,0.0698647499999999,761.3783673542339,200,Wood
194.6,-0.22,25.0,1902.51,9.48,933.24,88795.0,19.8,0.0488982785493337,459.39713801717863,4.804633400577768,95.6203190277011,0.0707106781186607,0.0698647499999999,761.3783673542339,200,Wood
194.6,-0.22,25.0,1902.51,9.48,933.24,88795.0,19.8,0.0488982785493337,459.39713801717863,4.804633400577768,95.6203190277011,0.0707106781186607,0.0698647499999999,761.3783673542339,200,Wood
194.6,-0.22,25.0,1902.51,9.48,933.24,88795.0,19.8,0.0488982785493337,459.39713801717863,4.804633400577768,95.6203190277011,0.0707106781186607,0.0698647499999999,761.3783673542339,200,Wood
194.7,0.22,25.0,1977.04,9.84,933.24,89869.4,19.8,0.0488982785493337,459.39713801717863,4.804633400577768,95.6203190277011,0.0707106781186607,0.0698647499999999,761.3783673542339,200,Wood
194.7,0.22,25.0,1977.04,9.84,933.24,89869.4,19.8,0.0488982785493337,459.39713801717863,4.804633400577768,95.6203190277011,0.0707106781186607,0.0698647499999999,761.3783673542339,200,Wood
194.7,0.22,25.0,1977.04,9.84,933.24,89869.4,19.8,0.0488982785493337,459.39713801717863,4.804633400577768,95.6203190277011,0.0707106781186607,0.0698647499999999,761.3783673542339,200,Wood
194.7,0.22,25.0,1977.04,9.84,933.24,89869.4,19.8,0.0488982785493337,459.39713801717863,4.804633400577768,95.6203190277011,0.0707106781186607,0.0698647499999999,761.3783673542339,200,Wood
194.7,0.22,25.0,1977.04,9.84,933.24,89869.4,19.8,0.0488982785493337,459.39713801717863,4.804633400577768,95.6203190277011,0.0707106781186607,0.0698647499999999,761.3783673542339,200,Wood
194.7,0.22,25.0,1977.04,9.84,933.24,89869.4,19.8,0.0488982785493337,459.39713801717863,4.804633400577768,95.6203190277011,0.0707106781186607,0.0698647499999999,761.3783673542339,200,Wood
194.8,0.44,25.0,1917.63,9.53,933.24,90384.1,19.8,0.0488982785493337,459.39713801717863,4.804633400577768,95.6203190277011,0.0707106781186607,0.0698647499999999,761.3783673542339,200,Wood
194.8,0.44,25.0,1917.63,9.53,933.24,90384.1,19.8,0.0488982785493337,459.39713801717863,4.804633400577768,95.6203190277011,0.0707106781186607,0.0698647499999999,761.3783673542339,200,Wood
194.8,0.44,25.0,1917.63,9.53,933.24,90384.1,19.8,0.0488982785493337,459.39713801717863,4.804633400577768,95.6203190277011,0.0707106781186607,0.0698647499999999,761.3783673542339,200,Wood
194.8,0.44,25.0,1917.63,9.53,933.24,90384.1,19.8,0.0488982785493337,459.39713801717863,4.804633400577768,95.6203190277011,0.0707106781186607,0.0698647499999999,761.3783673542339,200,Wood
194.8,0.44,25.0,1917.63,9.53,933.24,90384.1,19.8,0.0488982785493337,459.39713801717863,4.804633400577768,95.6203190277011,0.0707106781186607,0.0698647499999999,761.3783673542339,200,Wood
205.6,-1.53,25.0,1784.56,8.93,955.46,91324.0,19.8,0.042962393421993,445.0244921933828,4.880597997699157,91.32739952578214,0.1584297951775524,0.0073727499999999,1691.3050350542935,210,Wood
205.6,-1.53,25.0,1784.56,8.93,955.46,91324.0,19.8,0.042962393421993,445.0244921933828,4.880597997699157,91.32739952578214,0.1584297951775524,0.0073727499999999,1691.3050350542935,210,Wood
205.6,-1.53,25.0,1784.56,8.93,955.46,91324.0,19.8,0.042962393421993,445.0244921933828,4.880597997699157,91.32739952578214,0.1584297951775524,0.0073727499999999,1691.3050350542935,210,Wood
205.6,-1.53,25.0,1784.56,8.93,955.46,91324.0,19.8,0.042962393421993,445.0244921933828,4.880597997699157,91.32739952578214,0.1584297951775524,0.0073727499999999,1691.3050350542935,210,Wood
205.4,-1.09,25.0,1759.28,8.8,1033.23,92510.4,19.8,0.042962393421993,445.0244921933828,4.880597997699157,91.32739952578214,0.1584297951775524,0.0073727499999999,1691.3050350542935,210,Wood
205.4,-1.09,25.0,1759.28,8.8,1033.23,92510.4,19.8,0.042962393421993,445.0244921933828,4.880597997699157,91.32739952578214,0.1584297951775524,0.0073727499999999,1691.3050350542935,210,Wood
205.4,-1.09,25.0,1759.28,8.8,1033.23,92510.4,19.8,0.042962393421993,445.0244921933828,4.880597997699157,91.32739952578214,0.1584297951775524,0.0073727499999999,1691.3050350542935,210,Wood
205.4,-1.09,25.0,1759.28,8.8,1033.23,92510.4,19.8,0.042962393421993,445.0244921933828,4.880597997699157,91.32739952578214,0.1584297951775524,0.0073727499999999,1691.3050350542935,210,Wood
205.4,-1.09,25.0,1759.28,8.8,1033.23,92510.4,19.8,0.042962393421993,445.0244921933828,4.880597997699157,91.32739952578214,0.1584297951775524,0.0073727499999999,1691.3050350542935,210,Wood
205.2,-0.66,25.0,1740.77,8.71,1055.45,92789.6,19.8,0.042962393421993,445.0244921933828,4.880597997699157,91.32739952578214,0.1584297951775524,0.0073727499999999,1691.3050350542935,210,Wood
205.2,-0.66,25.0,1740.77,8.71,1055.45,92789.6,19.8,0.042962393421993,445.0244921933828,4.880597997699157,91.32739952578214,0.1584297951775524,0.0073727499999999,1691.3050350542935,210,Wood
205.2,-0.66,25.0,1740.77,8.71,1055.45,92789.6,19.8,0.042962393421993,445.0244921933828,4.880597997699157,91.32739952578214,0.1584297951775524,0.0073727499999999,1691.3050350542935,210,Wood
205.2,-0.66,25.0,1740.77,8.71,1055.45,92789.6,19.8,0.042962393421993,445.0244921933828,4.880597997699157,91.32739952578214,0.1584297951775524,0.0073727499999999,1691.3050350542935,210,Wood
205.2,-0.66,25.0,1740.77,8.71,1055.45,92789.6,19.8,0.042962393421993,445.0244921933828,4.880597997699157,91.32739952578214,0.1584297951775524,0.0073727499999999,1691.3050350542935,210,Wood
205.2,-0.66,25.0,1740.77,8.71,1055.45,92789.6,19.8,0.042962393421993,445.0244921933828,4.880597997699157,91.32739952578214,0.1584297951775524,0.0073727499999999,1691.3050350542935,210,Wood
205.2,0.0,25.0,1776.65,8.89,944.35,88591.2,19.8,0.042962393421993,445.0244921933828,4.880597997699157,91.32739952578214,0.1584297951775524,0.0073727499999999,1691.3050350542935,210,Wood
205.2,0.0,25.0,1776.65,8.89,944.35,88591.2,19.8,0.042962393421993,445.0244921933828,4.880597997699157,91.32739952578214,0.1584297951775524,0.0073727499999999,1691.3050350542935,210,Wood
205.2,0.0,25.0,1776.65,8.89,944.35,88591.2,19.8,0.042962393421993,445.0244921933828,4.880597997699157,91.32739952578214,0.1584297951775524,0.0073727499999999,1691.3050350542935,210,Wood
205.2,0.0,25.0,1776.65,8.89,944.35,88591.2,19.8,0.042962393421993,445.0244921933828,4.880597997699157,91.32739952578214,0.1584297951775524,0.0073727499999999,1691.3050350542935,210,Wood
205.2,0.0,25.0,1776.65,8.89,944.35,88591.2,19.8,0.042962393421993,445.0244921933828,4.880597997699157,91.32739952578214,0.1584297951775524,0.0073727499999999,1691.3050350542935,210,Wood
215.7,0.0,25.0,1577.25,7.97,1044.34,78500.8,19.8,0.0376388047738849,361.4477446845575,4.747600547017479,76.16062001002622,0.1989974874213268,0.0112747499999999,685.6063611140148,220,Wood
215.7,0.0,25.0,1577.25,7.97,1044.34,78500.8,19.8,0.0376388047738849,361.4477446845575,4.747600547017479,76.16062001002622,0.1989974874213268,0.0112747499999999,685.6063611140148,220,Wood
215.7,0.0,25.0,1577.25,7.97,1044.34,78500.8,19.8,0.0376388047738849,361.4477446845575,4.747600547017479,76.16062001002622,0.1989974874213268,0.0112747499999999,685.6063611140148,220,Wood
215.7,0.0,25.0,1577.25,7.97,1044.34,78500.8,19.8,0.0376388047738849,361.4477446845575,4.747600547017479,76.16062001002622,0.1989974874213268,0.0112747499999999,685.6063611140148,220,Wood
215.7,0.0,25.0,1577.25,7.97,1044.34,78500.8,19.8,0.0376388047738849,361.4477446845575,4.747600547017479,76.16062001002622,0.1989974874213268,0.0112747499999999,685.6063611140148,220,Wood
215.7,0.0,25.0,1618.39,8.18,1033.23,78234.6,19.8,0.0376388047738849,361.4477446845575,4.747600547017479,76.16062001002622,0.1989974874213268,0.0112747499999999,685.6063611140148,220,Wood
215.7,0.0,25.0,1618.39,8.18,1033.23,78234.6,19.8,0.0376388047738849,361.4477446845575,4.747600547017479,76.16062001002622,0.1989974874213268,0.0112747499999999,685.6063611140148,220,Wood
215.7,0.0,25.0,1618.39,8.18,1033.23,78234.6,19.8,0.0376388047738849,361.4477446845575,4.747600547017479,76.16062001002622,0.1989974874213268,0.0112747499999999,685.6063611140148,220,Wood
215.7,0.0,25.0,1618.39,8.18,1033.23,78234.6,19.8,0.0376388047738849,361.4477446845575,4.747600547017479,76.16062001002622,0.1989974874213268,0.0112747499999999,685.6063611140148,220,Wood
215.7,0.0,25.0,1618.39,8.18,1033.23,78234.6,19.8,0.0376388047738849,361.4477446845575,4.747600547017479,76.16062001002622,0.1989974874213268,0.0112747499999999,685.6063611140148,220,Wood
215.7,0.0,25.0,1618.39,8.18,1033.23,78234.6,19.8,0.0376388047738849,361.4477446845575,4.747600547017479,76.16062001002622,0.1989974874213268,0.0112747499999999,685.6063611140148,220,Wood
216.1,1.53,25.0,1604.16,8.1,1033.23,78395.6,19.8,0.0376388047738849,361.4477446845575,4.747600547017479,76.16062001002622,0.1989974874213268,0.0112747499999999,685.6063611140148,220,Wood
216.1,1.53,25.0,1604.16,8.1,1033.23,78395.6,19.8,0.0376388047738849,361.4477446845575,4.747600547017479,76.16062001002622,0.1989974874213268,0.0112747499999999,685.6063611140148,220,Wood
216.1,1.53,25.0,1604.16,8.1,1033.23,78395.6,19.8,0.0376388047738849,361.4477446845575,4.747600547017479,76.16062001002622,0.1989974874213268,0.0112747499999999,685.6063611140148,220,Wood
216.1,1.53,25.0,1604.16,8.1,1033.23,78395.6,19.8,0.0376388047738849,361.4477446845575,4.747600547017479,76.16062001002622,0.1989974874213268,0.0112747499999999,685.6063611140148,220,Wood
216.1,1.53,25.0,1604.16,8.1,1033.23,78395.6,19.8,0.0376388047738849,361.4477446845575,4.747600547017479,76.16062001002622,0.1989974874213268,0.0112747499999999,685.6063611140148,220,Wood
216.1,0.0,25.0,1637.11,8.27,977.68,76672.3,19.8,0.0376388047738849,361.4477446845575,4.747600547017479,76.16062001002622,0.1989974874213268,0.0112747499999999,685.6063611140148,220,Wood
216.1,0.0,25.0,1637.11,8.27,977.68,76672.3,19.8,0.0376388047738849,361.4477446845575,4.747600547017479,76.16062001002622,0.1989974874213268,0.0112747499999999,685.6063611140148,220,Wood
216.1,0.0,25.0,1637.11,8.27,977.68,76672.3,19.8,0.0376388047738849,361.4477446845575,4.747600547017479,76.16062001002622,0.1989974874213268,0.0112747499999999,685.6063611140148,220,Wood
216.1,0.0,25.0,1637.11,8.27,977.68,76672.3,19.8,0.0376388047738849,361.4477446845575,4.747600547017479,76.16062001002622,0.1989974874213268,0.0112747499999999,685.6063611140148,220,Wood
226.3,0.22,25.0,1685.67,8.54,977.68,84321.6,19.8,0.0408020326999558,383.6975916924436,4.244186920017675,90.41516434786124,2.8421709430404014e-14,0.0612727499999999,1284.735445247387,230,Wood
226.3,-0.22,25.0,1777.77,9.01,944.35,85027.5,19.8,0.0408020326999558,383.6975916924436,4.244186920017675,90.41516434786124,2.8421709430404014e-14,0.0612727499999999,1284.735445247387,230,Wood
226.3,-0.22,25.0,1777.77,9.01,944.35,85027.5,19.8,0.0408020326999558,383.6975916924436,4.244186920017675,90.41516434786124,2.8421709430404014e-14,0.0612727499999999,1284.735445247387,230,Wood
226.3,-0.22,25.0,1777.77,9.01,944.35,85027.5,19.8,0.0408020326999558,383.6975916924436,4.244186920017675,90.41516434786124,2.8421709430404014e-14,0.0612727499999999,1284.735445247387,230,Wood
226.3,-0.22,25.0,1777.77,9.01,944.35,85027.5,19.8,0.0408020326999558,383.6975916924436,4.244186920017675,90.41516434786124,2.8421709430404014e-14,0.0612727499999999,1284.735445247387,230,Wood
226.3,-0.22,25.0,1777.77,9.01,944.35,85027.5,19.8,0.0408020326999558,383.6975916924436,4.244186920017675,90.41516434786124,2.8421709430404014e-14,0.0612727499999999,1284.735445247387,230,Wood
226.3,0.22,25.0,1824.26,9.25,977.68,87553.1,19.8,0.0408020326999558,383.6975916924436,4.244186920017675,90.41516434786124,2.8421709430404014e-14,0.0612727499999999,1284.735445247387,230,Wood
226.3,0.22,25.0,1824.26,9.25,977.68,87553.1,19.8,0.0408020326999558,383.6975916924436,4.244186920017675,90.41516434786124,2.8421709430404014e-14,0.0612727499999999,1284.735445247387,230,Wood
226.3,0.22,25.0,1824.26,9.25,977.68,87553.1,19.8,0.0408020326999558,383.6975916924436,4.244186920017675,90.41516434786124,2.8421709430404014e-14,0.0612727499999999,1284.735445247387,230,Wood
226.3,0.22,25.0,1824.26,9.25,977.68,87553.1,19.8,0.0408020326999558,383.6975916924436,4.244186920017675,90.41516434786124,2.8421709430404014e-14,0.0612727499999999,1284.735445247387,230,Wood
226.3,0.22,25.0,1824.26,9.25,977.68,87553.1,19.8,0.0408020326999558,383.6975916924436,4.244186920017675,90.41516434786124,2.8421709430404014e-14,0.0612727499999999,1284.735445247387,230,Wood
226.3,0.22,25.0,1824.26,9.25,977.68,87553.1,19.8,0.0408020326999558,383.6975916924436,4.244186920017675,90.41516434786124,2.8421709430404014e-14,0.0612727499999999,1284.735445247387,230,Wood
226.3,0.0,25.0,1843.53,9.35,955.46,87475.6,19.8,0.0408020326999558,383.6975916924436,4.244186920017675,90.41516434786124,2.8421709430404014e-14,0.0612727499999999,1284.735445247387,230,Wood
226.3,0.0,25.0,1843.53,9.35,955.46,87475.6,19.8,0.0408020326999558,383.6975916924436,4.244186920017675,90.41516434786124,2.8421709430404014e-14,0.0612727499999999,1284.735445247387,230,Wood
226.3,0.0,25.0,1843.53,9.35,955.46,87475.6,19.8,0.0408020326999558,383.6975916924436,4.244186920017675,90.41516434786124,2.8421709430404014e-14,0.0612727499999999,1284.735445247387,230,Wood
226.3,0.0,25.0,1843.53,9.35,955.46,87475.6,19.8,0.0408020326999558,383.6975916924436,4.244186920017675,90.41516434786124,2.8421709430404014e-14,0.0612727499999999,1284.735445247387,230,Wood
226.3,0.0,25.0,1843.53,9.35,955.46,87475.6,19.8,0.0408020326999558,383.6975916924436,4.244186920017675,90.41516434786124,2.8421709430404014e-14,0.0612727499999999,1284.735445247387,230,Wood
226.3,0.0,25.0,1894.19,9.61,955.46,88153.2,19.8,0.0408020326999558,383.6975916924436,4.244186920017675,90.41516434786124,2.8421709430404014e-14,0.0612727499999999,1284.735445247387,230,Wood
226.3,0.0,25.0,1894.19,9.61,955.46,88153.2,19.8,0.0408020326999558,383.6975916924436,4.244186920017675,90.41516434786124,2.8421709430404014e-14,0.0612727499999999,1284.735445247387,230,Wood
226.3,0.0,25.0,1894.19,9.61,955.46,88153.2,19.8,0.0408020326999558,383.6975916924436,4.244186920017675,90.41516434786124,2.8421709430404014e-14,0.0612727499999999,1284.735445247387,230,Wood
236.2,0.0,25.0,1306.31,6.51,1122.11,79887.7,19.8,0.0288420829805249,343.21111346316684,4.905897544453853,70.06496423944827,2.8421709430404014e-14,0.05782875,1544.1324801567405,240,Wood
236.2,0.0,25.0,1377.95,6.87,1111.0,79788.7,19.8,0.0288420829805249,343.21111346316684,4.905897544453853,70.06496423944827,2.8421709430404014e-14,0.05782875,1544.1324801567405,240,Wood
236.2,0.0,25.0,1377.95,6.87,1111.0,79788.7,19.8,0.0288420829805249,343.21111346316684,4.905897544453853,70.06496423944827,2.8421709430404014e-14,0.05782875,1544.1324801567405,240,Wood
236.2,0.0,25.0,1377.95,6.87,1111.0,79788.7,19.8,0.0288420829805249,343.21111346316684,4.905897544453853,70.06496423944827,2.8421709430404014e-14,0.05782875,1544.1324801567405,240,Wood
236.2,0.0,25.0,1377.95,6.87,1111.0,79788.7,19.8,0.0288420829805249,343.21111346316684,4.905897544453853,70.06496423944827,2.8421709430404014e-14,0.05782875,1544.1324801567405,240,Wood
236.2,0.0,25.0,1377.95,6.87,1111.0,79788.7,19.8,0.0288420829805249,343.21111346316684,4.905897544453853,70.06496423944827,2.8421709430404014e-14,0.05782875,1544.1324801567405,240,Wood
236.2,0.0,25.0,1435.44,7.15,1099.89,79533.9,19.8,0.0288420829805249,343.21111346316684,4.905897544453853,70.06496423944827,2.8421709430404014e-14,0.05782875,1544.1324801567405,240,Wood
236.2,0.0,25.0,1435.44,7.15,1099.89,79533.9,19.8,0.0288420829805249,343.21111346316684,4.905897544453853,70.06496423944827,2.8421709430404014e-14,0.05782875,1544.1324801567405,240,Wood
236.2,0.0,25.0,1435.44,7.15,1099.89,79533.9,19.8,0.0288420829805249,343.21111346316684,4.905897544453853,70.06496423944827,2.8421709430404014e-14,0.05782875,1544.1324801567405,240,Wood
236.2,0.0,25.0,1435.44,7.15,1099.89,79533.9,19.8,0.0288420829805249,343.21111346316684,4.905897544453853,70.06496423944827,2.8421709430404014e-14,0.05782875,1544.1324801567405,240,Wood
236.2,0.0,25.0,1435.44,7.15,1099.89,79533.9,19.8,0.0288420829805249,343.21111346316684,4.905897544453853,70.06496423944827,2.8421709430404014e-14,0.05782875,1544.1324801567405,240,Wood
236.2,-0.22,25.0,1314.03,6.53,1222.1,82573.7,19.8,0.0288420829805249,343.21111346316684,4.905897544453853,70.06496423944827,2.8421709430404014e-14,0.05782875,1544.1324801567405,240,Wood
236.2,-0.22,25.0,1314.03,6.53,1222.1,82573.7,19.8,0.0288420829805249,343.21111346316684,4.905897544453853,70.06496423944827,2.8421709430404014e-14,0.05782875,1544.1324801567405,240,Wood
236.2,-0.22,25.0,1314.03,6.53,1222.1,82573.7,19.8,0.0288420829805249,343.21111346316684,4.905897544453853,70.06496423944827,2.8421709430404014e-14,0.05782875,1544.1324801567405,240,Wood
236.2,-0.22,25.0,1314.03,6.53,1222.1,82573.7,19.8,0.0288420829805249,343.21111346316684,4.905897544453853,70.06496423944827,2.8421709430404014e-14,0.05782875,1544.1324801567405,240,Wood
236.2,-0.22,25.0,1314.03,6.53,1222.1,82573.7,19.8,0.0288420829805249,343.21111346316684,4.905897544453853,70.06496423944827,2.8421709430404014e-14,0.05782875,1544.1324801567405,240,Wood
236.2,-0.22,25.0,1314.03,6.53,1222.1,82573.7,19.8,0.0288420829805249,343.21111346316684,4.905897544453853,70.06496423944827,2.8421709430404014e-14,0.05782875,1544.1324801567405,240,Wood
236.2,0.0,25.0,1372.59,6.82,1222.1,83128.8,19.8,0.0288420829805249,343.21111346316684,4.905897544453853,70.06496423944827,2.8421709430404014e-14,0.05782875,1544.1324801567405,240,Wood
236.2,0.0,25.0,1372.59,6.82,1222.1,83128.8,19.8,0.0288420829805249,343.21111346316684,4.905897544453853,70.06496423944827,2.8421709430404014e-14,0.05782875,1544.1324801567405,240,Wood
236.2,0.0,25.0,1372.59,6.82,1222.1,83128.8,19.8,0.0288420829805249,343.21111346316684,4.905897544453853,70.06496423944827,2.8421709430404014e-14,0.05782875,1544.1324801567405,240,Wood
246.8,0.44,25.0,1753.1,8.79,1066.56,94042.8,19.8,0.0364670405737793,385.65867141533954,4.351654237012208,88.63401868245334,0.0399999999999977,0.0241110000000001,1820.4412331835904,250,Wood
246.8,0.44,25.0,1753.1,8.79,1066.56,94042.8,19.8,0.0364670405737793,385.65867141533954,4.351654237012208,88.63401868245334,0.0399999999999977,0.0241110000000001,1820.4412331835904,250,Wood
246.8,0.44,25.0,1753.1,8.79,1066.56,94042.8,19.8,0.0364670405737793,385.65867141533954,4.351654237012208,88.63401868245334,0.0399999999999977,0.0241110000000001,1820.4412331835904,250,Wood
246.8,0.44,25.0,1753.1,8.79,1066.56,94042.8,19.8,0.0364670405737793,385.65867141533954,4.351654237012208,88.63401868245334,0.0399999999999977,0.0241110000000001,1820.4412331835904,250,Wood
246.9,0.44,25.0,1844.17,9.24,1044.34,93335.0,19.8,0.0364670405737793,385.65867141533954,4.351654237012208,88.63401868245334,0.0399999999999977,0.0241110000000001,1820.4412331835904,250,Wood
246.9,0.44,25.0,1844.17,9.24,1044.34,93335.0,19.8,0.0364670405737793,385.65867141533954,4.351654237012208,88.63401868245334,0.0399999999999977,0.0241110000000001,1820.4412331835904,250,Wood
246.9,0.44,25.0,1844.17,9.24,1044.34,93335.0,19.8,0.0364670405737793,385.65867141533954,4.351654237012208,88.63401868245334,0.0399999999999977,0.0241110000000001,1820.4412331835904,250,Wood
246.9,0.44,25.0,1844.17,9.24,1044.34,93335.0,19.8,0.0364670405737793,385.65867141533954,4.351654237012208,88.63401868245334,0.0399999999999977,0.0241110000000001,1820.4412331835904,250,Wood
246.9,0.44,25.0,1844.17,9.24,1044.34,93335.0,19.8,0.0364670405737793,385.65867141533954,4.351654237012208,88.63401868245334,0.0399999999999977,0.0241110000000001,1820.4412331835904,250,Wood
246.9,0.22,25.0,1784.46,8.94,1066.56,94829.9,19.8,0.0364670405737793,385.65867141533954,4.351654237012208,88.63401868245334,0.0399999999999977,0.0241110000000001,1820.4412331835904,250,Wood
246.9,0.22,25.0,1784.46,8.94,1066.56,94829.9,19.8,0.0364670405737793,385.65867141533954,4.351654237012208,88.63401868245334,0.0399999999999977,0.0241110000000001,1820.4412331835904,250,Wood
246.9,0.22,25.0,1784.46,8.94,1066.56,94829.9,19.8,0.0364670405737793,385.65867141533954,4.351654237012208,88.63401868245334,0.0399999999999977,0.0241110000000001,1820.4412331835904,250,Wood
246.9,0.22,25.0,1784.46,8.94,1066.56,94829.9,19.8,0.0364670405737793,385.65867141533954,4.351654237012208,88.63401868245334,0.0399999999999977,0.0241110000000001,1820.4412331835904,250,Wood
246.9,0.22,25.0,1784.46,8.94,1066.56,94829.9,19.8,0.0364670405737793,385.65867141533954,4.351654237012208,88.63401868245334,0.0399999999999977,0.0241110000000001,1820.4412331835904,250,Wood
246.9,-0.22,25.0,1796.6,9.0,1111.0,97872.4,19.8,0.0364670405737793,385.65867141533954,4.351654237012208,88.63401868245334,0.0399999999999977,0.0241110000000001,1820.4412331835904,250,Wood
246.9,-0.22,25.0,1796.6,9.0,1111.0,97872.4,19.8,0.0364670405737793,385.65867141533954,4.351654237012208,88.63401868245334,0.0399999999999977,0.0241110000000001,1820.4412331835904,250,Wood
246.9,-0.22,25.0,1796.6,9.0,1111.0,97872.4,19.8,0.0364670405737793,385.65867141533954,4.351654237012208,88.63401868245334,0.0399999999999977,0.0241110000000001,1820.4412331835904,250,Wood
246.9,-0.22,25.0,1796.6,9.0,1111.0,97872.4,19.8,0.0364670405737793,385.65867141533954,4.351654237012208,88.63401868245334,0.0399999999999977,0.0241110000000001,1820.4412331835904,250,Wood
246.9,-0.22,25.0,1796.6,9.0,1111.0,97872.4,19.8,0.0364670405737793,385.65867141533954,4.351654237012208,88.63401868245334,0.0399999999999977,0.0241110000000001,1820.4412331835904,250,Wood
246.9,-0.22,25.0,1796.6,9.0,1111.0,97872.4,19.8,0.0364670405737793,385.65867141533954,4.351654237012208,88.63401868245334,0.0399999999999977,0.0241110000000001,1820.4412331835904,250,Wood
256.1,0.22,25.0,1616.66,8.07,1077.67,87228.7,19.8,0.0333645078812341,335.0340422191883,3.927356744459391,85.32985150581558,0.049749371855314,0.06376275,567.6894191369055,260,Wood
256.1,-0.22,25.0,1654.74,8.26,1011.01,85471.5,19.8,0.0333645078812341,335.0340422191883,3.927356744459391,85.32985150581558,0.049749371855314,0.06376275,567.6894191369055,260,Wood
256.1,-0.22,25.0,1654.74,8.26,1011.01,85471.5,19.8,0.0333645078812341,335.0340422191883,3.927356744459391,85.32985150581558,0.049749371855314,0.06376275,567.6894191369055,260,Wood
256.1,-0.22,25.0,1654.74,8.26,1011.01,85471.5,19.8,0.0333645078812341,335.0340422191883,3.927356744459391,85.32985150581558,0.049749371855314,0.06376275,567.6894191369055,260,Wood
256.1,-0.22,25.0,1654.74,8.26,1011.01,85471.5,19.8,0.0333645078812341,335.0340422191883,3.927356744459391,85.32985150581558,0.049749371855314,0.06376275,567.6894191369055,260,Wood
256.1,-0.22,25.0,1654.74,8.26,1011.01,85471.5,19.8,0.0333645078812341,335.0340422191883,3.927356744459391,85.32985150581558,0.049749371855314,0.06376275,567.6894191369055,260,Wood
256.2,0.44,25.0,1745.03,8.72,988.79,85239.6,19.8,0.0333645078812341,335.0340422191883,3.927356744459391,85.32985150581558,0.049749371855314,0.06376275,567.6894191369055,260,Wood
256.2,0.44,25.0,1745.03,8.72,988.79,85239.6,19.8,0.0333645078812341,335.0340422191883,3.927356744459391,85.32985150581558,0.049749371855314,0.06376275,567.6894191369055,260,Wood
256.2,0.44,25.0,1745.03,8.72,988.79,85239.6,19.8,0.0333645078812341,335.0340422191883,3.927356744459391,85.32985150581558,0.049749371855314,0.06376275,567.6894191369055,260,Wood
256.2,0.44,25.0,1745.03,8.72,988.79,85239.6,19.8,0.0333645078812341,335.0340422191883,3.927356744459391,85.32985150581558,0.049749371855314,0.06376275,567.6894191369055,260,Wood
256.2,0.44,25.0,1745.03,8.72,988.79,85239.6,19.8,0.0333645078812341,335.0340422191883,3.927356744459391,85.32985150581558,0.049749371855314,0.06376275,567.6894191369055,260,Wood
256.2,0.44,25.0,1745.03,8.72,988.79,85239.6,19.8,0.0333645078812341,335.0340422191883,3.927356744459391,85.32985150581558,0.049749371855314,0.06376275,567.6894191369055,260,Wood
256.2,0.0,25.0,1700.23,8.49,1011.01,86294.0,19.8,0.0333645078812341,335.0340422191883,3.927356744459391,85.32985150581558,0.049749371855314,0.06376275,567.6894191369055,260,Wood
256.2,0.0,25.0,1700.23,8.49,1011.01,86294.0,19.8,0.0333645078812341,335.0340422191883,3.927356744459391,85.32985150581558,0.049749371855314,0.06376275,567.6894191369055,260,Wood
256.2,0.0,25.0,1700.23,8.49,1011.01,86294.0,19.8,0.0333645078812341,335.0340422191883,3.927356744459391,85.32985150581558,0.049749371855314,0.06376275,567.6894191369055,260,Wood
256.2,0.0,25.0,1700.23,8.49,1011.01,86294.0,19.8,0.0333645078812341,335.0340422191883,3.927356744459391,85.32985150581558,0.049749371855314,0.06376275,567.6894191369055,260,Wood
256.2,0.0,25.0,1700.23,8.49,1011.01,86294.0,19.8,0.0333645078812341,335.0340422191883,3.927356744459391,85.32985150581558,0.049749371855314,0.06376275,567.6894191369055,260,Wood
256.1,-0.44,25.0,1786.97,8.93,999.9,86306.2,19.8,0.0333645078812341,335.0340422191883,3.927356744459391,85.32985150581558,0.049749371855314,0.06376275,567.6894191369055,260,Wood
256.1,-0.44,25.0,1786.97,8.93,999.9,86306.2,19.8,0.0333645078812341,335.0340422191883,3.927356744459391,85.32985150581558,0.049749371855314,0.06376275,567.6894191369055,260,Wood
256.1,-0.44,25.0,1786.97,8.93,999.9,86306.2,19.8,0.0333645078812341,335.0340422191883,3.927356744459391,85.32985150581558,0.049749371855314,0.06376275,567.6894191369055,260,Wood
266.3,0.0,25.0,1519.18,7.63,1111.0,81367.2,19.8,0.0285144552174765,307.0391483291199,4.132195481068072,74.31163908227556,0.1071214264281478,0.03316875,446.8707592526063,270,Wood
266.3,0.0,25.0,1519.18,7.63,1111.0,81367.2,19.8,0.0285144552174765,307.0391483291199,4.132195481068072,74.31163908227556,0.1071214264281478,0.03316875,446.8707592526063,270,Wood
266.3,0.0,25.0,1519.18,7.63,1111.0,81367.2,19.8,0.0285144552174765,307.0391483291199,4.132195481068072,74.31163908227556,0.1071214264281478,0.03316875,446.8707592526063,270,Wood
266.3,0.0,25.0,1519.18,7.63,1111.0,81367.2,19.8,0.0285144552174765,307.0391483291199,4.132195481068072,74.31163908227556,0.1071214264281478,0.03316875,446.8707592526063,270,Wood
266.3,0.0,25.0,1519.18,7.63,1111.0,81367.2,19.8,0.0285144552174765,307.0391483291199,4.132195481068072,74.31163908227556,0.1071214264281478,0.03316875,446.8707592526063,270,Wood
266.4,0.44,25.0,1566.54,7.86,1088.78,81359.3,19.8,0.0285144552174765,307.0391483291199,4.132195481068072,74.31163908227556,0.1071214264281478,0.03316875,446.8707592526063,270,Wood
266.4,0.44,25.0,1566.54,7.86,1088.78,81359.3,19.8,0.0285144552174765,307.0391483291199,4.132195481068072,74.31163908227556,0.1071214264281478,0.03316875,446.8707592526063,270,Wood
266.4,0.44,25.0,1566.54,7.86,1088.78,81359.3,19.8,0.0285144552174765,307.0391483291199,4.132195481068072,74.31163908227556,0.1071214264281478,0.03316875,446.8707592526063,270,Wood
266.4,0.44,25.0,1566.54,7.86,1088.78,81359.3,19.8,0.0285144552174765,307.0391483291199,4.132195481068072,74.31163908227556,0.1071214264281478,0.03316875,446.8707592526063,270,Wood
266.4,0.44,25.0,1566.54,7.86,1088.78,81359.3,19.8,0.0285144552174765,307.0391483291199,4.132195481068072,74.31163908227556,0.1071214264281478,0.03316875,446.8707592526063,270,Wood
266.5,0.66,25.0,1470.38,7.37,1111.0,82222.1,19.8,0.0285144552174765,307.0391483291199,4.132195481068072,74.31163908227556,0.1071214264281478,0.03316875,446.8707592526063,270,Wood
266.5,0.66,25.0,1470.38,7.37,1111.0,82222.1,19.8,0.0285144552174765,307.0391483291199,4.132195481068072,74.31163908227556,0.1071214264281478,0.03316875,446.8707592526063,270,Wood
266.5,0.66,25.0,1470.38,7.37,1111.0,82222.1,19.8,0.0285144552174765,307.0391483291199,4.132195481068072,74.31163908227556,0.1071214264281478,0.03316875,446.8707592526063,270,Wood
266.5,0.66,25.0,1470.38,7.37,1111.0,82222.1,19.8,0.0285144552174765,307.0391483291199,4.132195481068072,74.31163908227556,0.1071214264281478,0.03316875,446.8707592526063,270,Wood
266.5,0.66,25.0,1470.38,7.37,1111.0,82222.1,19.8,0.0285144552174765,307.0391483291199,4.132195481068072,74.31163908227556,0.1071214264281478,0.03316875,446.8707592526063,270,Wood
266.5,0.66,25.0,1470.38,7.37,1111.0,82222.1,19.8,0.0285144552174765,307.0391483291199,4.132195481068072,74.31163908227556,0.1071214264281478,0.03316875,446.8707592526063,270,Wood
266.6,0.44,25.0,1512.13,7.57,1088.78,82304.7,19.8,0.0285144552174765,307.0391483291199,4.132195481068072,74.31163908227556,0.1071214264281478,0.03316875,446.8707592526063,270,Wood
266.6,0.44,25.0,1512.13,7.57,1088.78,82304.7,19.8,0.0285144552174765,307.0391483291199,4.132195481068072,74.31163908227556,0.1071214264281478,0.03316875,446.8707592526063,270,Wood
266.6,0.44,25.0,1512.13,7.57,1088.78,82304.7,19.8,0.0285144552174765,307.0391483291199,4.132195481068072,74.31163908227556,0.1071214264281478,0.03316875,446.8707592526063,270,Wood
266.6,0.44,25.0,1512.13,7.57,1088.78,82304.7,19.8,0.0285144552174765,307.0391483291199,4.132195481068072,74.31163908227556,0.1071214264281478,0.03316875,446.8707592526063,270,Wood
276.3,-0.22,25.0,1535.33,7.75,1188.77,85853.7,19.8,0.027930957091146,309.2878907982945,4.267889875148816,72.47505413604931,0.0433012701892071,0.0213459999999999,708.1559916254299,280,Wood
276.3,-0.22,25.0,1535.33,7.75,1188.77,85853.7,19.8,0.027930957091146,309.2878907982945,4.267889875148816,72.47505413604931,0.0433012701892071,0.0213459999999999,708.1559916254299,280,Wood
276.3,-0.22,25.0,1535.33,7.75,1188.77,85853.7,19.8,0.027930957091146,309.2878907982945,4.267889875148816,72.47505413604931,0.0433012701892071,0.0213459999999999,708.1559916254299,280,Wood
276.3,-0.22,25.0,1535.33,7.75,1188.77,85853.7,19.8,0.027930957091146,309.2878907982945,4.267889875148816,72.47505413604931,0.0433012701892071,0.0213459999999999,708.1559916254299,280,Wood
276.3,-0.22,25.0,1535.33,7.75,1188.77,85853.7,19.8,0.027930957091146,309.2878907982945,4.267889875148816,72.47505413604931,0.0433012701892071,0.0213459999999999,708.1559916254299,280,Wood
276.3,-0.22,25.0,1535.33,7.75,1188.77,85853.7,19.8,0.027930957091146,309.2878907982945,4.267889875148816,72.47505413604931,0.0433012701892071,0.0213459999999999,708.1559916254299,280,Wood
276.4,0.22,25.0,1482.14,7.48,1199.88,86355.9,19.8,0.027930957091146,309.2878907982945,4.267889875148816,72.47505413604931,0.0433012701892071,0.0213459999999999,708.1559916254299,280,Wood
276.4,0.22,25.0,1482.14,7.48,1199.88,86355.9,19.8,0.027930957091146,309.2878907982945,4.267889875148816,72.47505413604931,0.0433012701892071,0.0213459999999999,708.1559916254299,280,Wood
276.4,0.22,25.0,1482.14,7.48,1199.88,86355.9,19.8,0.027930957091146,309.2878907982945,4.267889875148816,72.47505413604931,0.0433012701892071,0.0213459999999999,708.1559916254299,280,Wood
276.4,0.22,25.0,1482.14,7.48,1199.88,86355.9,19.8,0.027930957091146,309.2878907982945,4.267889875148816,72.47505413604931,0.0433012701892071,0.0213459999999999,708.1559916254299,280,Wood
276.4,0.22,25.0,1482.14,7.48,1199.88,86355.9,19.8,0.027930957091146,309.2878907982945,4.267889875148816,72.47505413604931,0.0433012701892071,0.0213459999999999,708.1559916254299,280,Wood
276.3,-0.22,25.0,1541.92,7.78,1166.55,84736.2,19.8,0.027930957091146,309.2878907982945,4.267889875148816,72.47505413604931,0.0433012701892071,0.0213459999999999,708.1559916254299,280,Wood
276.3,-0.22,25.0,1541.92,7.78,1166.55,84736.2,19.8,0.027930957091146,309.2878907982945,4.267889875148816,72.47505413604931,0.0433012701892071,0.0213459999999999,708.1559916254299,280,Wood
276.3,-0.22,25.0,1541.92,7.78,1166.55,84736.2,19.8,0.027930957091146,309.2878907982945,4.267889875148816,72.47505413604931,0.0433012701892071,0.0213459999999999,708.1559916254299,280,Wood
276.3,-0.22,25.0,1541.92,7.78,1166.55,84736.2,19.8,0.027930957091146,309.2878907982945,4.267889875148816,72.47505413604931,0.0433012701892071,0.0213459999999999,708.1559916254299,280,Wood
276.3,-0.22,25.0,1541.92,7.78,1166.55,84736.2,19.8,0.027930957091146,309.2878907982945,4.267889875148816,72.47505413604931,0.0433012701892071,0.0213459999999999,708.1559916254299,280,Wood
276.3,0.0,25.0,1563.73,7.89,1155.44,84674.6,19.8,0.027930957091146,309.2878907982945,4.267889875148816,72.47505413604931,0.0433012701892071,0.0213459999999999,708.1559916254299,280,Wood
276.3,0.0,25.0,1563.73,7.89,1155.44,84674.6,19.8,0.027930957091146,309.2878907982945,4.267889875148816,72.47505413604931,0.0433012701892071,0.0213459999999999,708.1559916254299,280,Wood
276.3,0.0,25.0,1563.73,7.89,1155.44,84674.6,19.8,0.027930957091146,309.2878907982945,4.267889875148816,72.47505413604931,0.0433012701892071,0.0213459999999999,708.1559916254299,280,Wood
276.3,0.0,25.0,1563.73,7.89,1155.44,84674.6,19.8,0.027930957091146,309.2878907982945,4.267889875148816,72.47505413604931,0.0433012701892071,0.0213459999999999,708.1559916254299,280,Wood
285.3,-1.53,25.0,1338.58,6.75,1322.09,87164.1,19.8,0.0247940721784775,299.068001387383,4.354363368640816,68.74069809506524,0.2156385865284752,0.01987875,1605.2199881636143,290,Wood
285.0,-1.09,25.0,1415.94,7.14,1233.21,84867.5,19.8,0.0247940721784775,299.068001387383,4.354363368640816,68.74069809506524,0.2156385865284752,0.01987875,1605.2199881636143,290,Wood
285.0,-1.09,25.0,1415.94,7.14,1233.21,84867.5,19.8,0.0247940721784775,299.068001387383,4.354363368640816,68.74069809506524,0.2156385865284752,0.01987875,1605.2199881636143,290,Wood
285.0,-1.09,25.0,1415.94,7.14,1233.21,84867.5,19.8,0.0247940721784775,299.068001387383,4.354363368640816,68.74069809506524,0.2156385865284752,0.01987875,1605.2199881636143,290,Wood
285.0,-1.09,25.0,1415.94,7.14,1233.21,84867.5,19.8,0.0247940721784775,299.068001387383,4.354363368640816,68.74069809506524,0.2156385865284752,0.01987875,1605.2199881636143,290,Wood
285.0,-1.09,25.0,1415.94,7.14,1233.21,84867.5,19.8,0.0247940721784775,299.068001387383,4.354363368640816,68.74069809506524,0.2156385865284752,0.01987875,1605.2199881636143,290,Wood
285.1,0.44,25.0,1410.92,7.11,1177.66,83000.5,19.8,0.0247940721784775,299.068001387383,4.354363368640816,68.74069809506524,0.2156385865284752,0.01987875,1605.2199881636143,290,Wood
285.1,0.44,25.0,1410.92,7.11,1177.66,83000.5,19.8,0.0247940721784775,299.068001387383,4.354363368640816,68.74069809506524,0.2156385865284752,0.01987875,1605.2199881636143,290,Wood
285.1,0.44,25.0,1410.92,7.11,1177.66,83000.5,19.8,0.0247940721784775,299.068001387383,4.354363368640816,68.74069809506524,0.2156385865284752,0.01987875,1605.2199881636143,290,Wood
285.1,0.44,25.0,1410.92,7.11,1177.66,83000.5,19.8,0.0247940721784775,299.068001387383,4.354363368640816,68.74069809506524,0.2156385865284752,0.01987875,1605.2199881636143,290,Wood
285.1,0.44,25.0,1410.92,7.11,1177.66,83000.5,19.8,0.0247940721784775,299.068001387383,4.354363368640816,68.74069809506524,0.2156385865284752,0.01987875,1605.2199881636143,290,Wood
285.4,1.31,25.0,1377.84,6.93,1299.87,87143.9,19.8,0.0247940721784775,299.068001387383,4.354363368640816,68.74069809506524,0.2156385865284752,0.01987875,1605.2199881636143,290,Wood
285.4,1.31,25.0,1377.84,6.93,1299.87,87143.9,19.8,0.0247940721784775,299.068001387383,4.354363368640816,68.74069809506524,0.2156385865284752,0.01987875,1605.2199881636143,290,Wood
285.4,1.31,25.0,1377.84,6.93,1299.87,87143.9,19.8,0.0247940721784775,299.068001387383,4.354363368640816,68.74069809506524,0.2156385865284752,0.01987875,1605.2199881636143,290,Wood
285.4,1.31,25.0,1377.84,6.93,1299.87,87143.9,19.8,0.0247940721784775,299.068001387383,4.354363368640816,68.74069809506524,0.2156385865284752,0.01987875,1605.2199881636143,290,Wood
285.4,1.31,25.0,1377.84,6.93,1299.87,87143.9,19.8,0.0247940721784775,299.068001387383,4.354363368640816,68.74069809506524,0.2156385865284752,0.01987875,1605.2199881636143,290,Wood
285.4,1.31,25.0,1377.84,6.93,1299.87,87143.9,19.8,0.0247940721784775,299.068001387383,4.354363368640816,68.74069809506524,0.2156385865284752,0.01987875,1605.2199881636143,290,Wood
285.6,0.87,25.0,1449.71,7.29,1222.1,85609.9,19.8,0.0247940721784775,299.068001387383,4.354363368640816,68.74069809506524,0.2156385865284752,0.01987875,1605.2199881636143,290,Wood
285.6,0.87,25.0,1449.71,7.29,1222.1,85609.9,19.8,0.0247940721784775,299.068001387383,4.354363368640816,68.74069809506524,0.2156385865284752,0.01987875,1605.2199881636143,290,Wood
285.6,0.87,25.0,1449.71,7.29,1222.1,85609.9,19.8,0.0247940721784775,299.068001387383,4.354363368640816,68.74069809506524,0.2156385865284752,0.01987875,1605.2199881636143,290,Wood
296.1,0.0,25.0,1170.88,5.87,1477.63,82954.4,19.8,0.0204832064620316,279.5558657351784,4.805578560144246,58.23098428494673,0.1785357107135708,0.0261427499999999,1216.704800793934,300,Wood
296.0,-0.66,25.0,1166.65,5.84,1477.63,83434.7,19.8,0.0204832064620316,279.5558657351784,4.805578560144246,58.23098428494673,0.1785357107135708,0.0261427499999999,1216.704800793934,300,Wood
296.0,-0.66,25.0,1166.65,5.84,1477.63,83434.7,19.8,0.0204832064620316,279.5558657351784,4.805578560144246,58.23098428494673,0.1785357107135708,0.0261427499999999,1216.704800793934,300,Wood
296.0,-0.66,25.0,1166.65,5.84,1477.63,83434.7,19.8,0.0204832064620316,279.5558657351784,4.805578560144246,58.23098428494673,0.1785357107135708,0.0261427499999999,1216.704800793934,300,Wood
296.0,-0.66,25.0,1166.65,5.84,1477.63,83434.7,19.8,0.0204832064620316,279.5558657351784,4.805578560144246,58.23098428494673,0.1785357107135708,0.0261427499999999,1216.704800793934,300,Wood
296.0,-0.66,25.0,1166.65,5.84,1477.63,83434.7,19.8,0.0204832064620316,279.5558657351784,4.805578560144246,58.23098428494673,0.1785357107135708,0.0261427499999999,1216.704800793934,300,Wood
296.1,0.66,25.0,1242.14,6.22,1344.31,80922.9,19.8,0.0204832064620316,279.5558657351784,4.805578560144246,58.23098428494673,0.1785357107135708,0.0261427499999999,1216.704800793934,300,Wood
296.1,0.66,25.0,1242.14,6.22,1344.31,80922.9,19.8,0.0204832064620316,279.5558657351784,4.805578560144246,58.23098428494673,0.1785357107135708,0.0261427499999999,1216.704800793934,300,Wood
296.1,0.66,25.0,1242.14,6.22,1344.31,80922.9,19.8,0.0204832064620316,279.5558657351784,4.805578560144246,58.23098428494673,0.1785357107135708,0.0261427499999999,1216.704800793934,300,Wood
296.1,0.66,25.0,1242.14,6.22,1344.31,80922.9,19.8,0.0204832064620316,279.5558657351784,4.805578560144246,58.23098428494673,0.1785357107135708,0.0261427499999999,1216.704800793934,300,Wood
296.1,0.66,25.0,1242.14,6.22,1344.31,80922.9,19.8,0.0204832064620316,279.5558657351784,4.805578560144246,58.23098428494673,0.1785357107135708,0.0261427499999999,1216.704800793934,300,Wood
296.1,0.66,25.0,1242.14,6.22,1344.31,80922.9,19.8,0.0204832064620316,279.5558657351784,4.805578560144246,58.23098428494673,0.1785357107135708,0.0261427499999999,1216.704800793934,300,Wood
295.8,-1.53,25.0,1234.99,6.18,1455.41,83920.8,19.8,0.0204832064620316,279.5558657351784,4.805578560144246,58.23098428494673,0.1785357107135708,0.0261427499999999,1216.704800793934,300,Wood
295.8,-1.53,25.0,1234.99,6.18,1455.41,83920.8,19.8,0.0204832064620316,279.5558657351784,4.805578560144246,58.23098428494673,0.1785357107135708,0.0261427499999999,1216.704800793934,300,Wood
295.8,-1.53,25.0,1234.99,6.18,1455.41,83920.8,19.8,0.0204832064620316,279.5558657351784,4.805578560144246,58.23098428494673,0.1785357107135708,0.0261427499999999,1216.704800793934,300,Wood
295.8,-1.53,25.0,1234.99,6.18,1455.41,83920.8,19.8,0.0204832064620316,279.5558657351784,4.805578560144246,58.23098428494673,0.1785357107135708,0.0261427499999999,1216.704800793934,300,Wood
295.8,-1.53,25.0,1234.99,6.18,1455.41,83920.8,19.8,0.0204832064620316,279.5558657351784,4.805578560144246,58.23098428494673,0.1785357107135708,0.0261427499999999,1216.704800793934,300,Wood
295.6,-0.66,25.0,1197.84,5.98,1410.97,83090.8,19.8,0.0204832064620316,279.5558657351784,4.805578560144246,58.23098428494673,0.1785357107135708,0.0261427499999999,1216.704800793934,300,Wood
295.6,-0.66,25.0,1197.84,5.98,1410.97,83090.8,19.8,0.0204832064620316,279.5558657351784,4.805578560144246,58.23098428494673,0.1785357107135708,0.0261427499999999,1216.704800793934,300,Wood
295.6,-0.66,25.0,1197.84,5.98,1410.97,83090.8,19.8,0.0204832064620316,279.5558657351784,4.805578560144246,58.23098428494673,0.1785357107135708,0.0261427499999999,1216.704800793934,300,Wood
307.1,-0.22,25.0,1234.84,6.24,2188.67,96307.2,19.7,0.0200827995258059,310.7992475285431,6.948964595713936,44.755176477596144,0.0458257569495427,0.057166,2187.0541736317364,310,Wood
307.1,-0.22,25.0,1234.84,6.24,2188.67,96307.2,19.7,0.0200827995258059,310.7992475285431,6.948964595713936,44.755176477596144,0.0458257569495427,0.057166,2187.0541736317364,310,Wood
307.1,-0.22,25.0,1234.84,6.24,2188.67,96307.2,19.7,0.0200827995258059,310.7992475285431,6.948964595713936,44.755176477596144,0.0458257569495427,0.057166,2187.0541736317364,310,Wood
307.1,0.0,25.0,1276.3,6.44,2133.12,96152.7,19.7,0.0200827995258059,310.7992475285431,6.948964595713936,44.755176477596144,0.0458257569495427,0.057166,2187.0541736317364,310,Wood
307.1,0.0,25.0,1276.3,6.44,2133.12,96152.7,19.7,0.0200827995258059,310.7992475285431,6.948964595713936,44.755176477596144,0.0458257569495427,0.057166,2187.0541736317364,310,Wood
307.1,0.0,25.0,1276.3,6.44,2133.12,96152.7,19.7,0.0200827995258059,310.7992475285431,6.948964595713936,44.755176477596144,0.0458257569495427,0.057166,2187.0541736317364,310,Wood
307.1,0.0,25.0,1276.3,6.44,2133.12,96152.7,19.7,0.0200827995258059,310.7992475285431,6.948964595713936,44.755176477596144,0.0458257569495427,0.057166,2187.0541736317364,310,Wood
307.1,0.0,25.0,1276.3,6.44,2133.12,96152.7,19.7,0.0200827995258059,310.7992475285431,6.948964595713936,44.755176477596144,0.0458257569495427,0.057166,2187.0541736317364,310,Wood
307.1,0.0,25.0,1246.73,6.29,2088.68,94158.6,19.7,0.0200827995258059,310.7992475285431,6.948964595713936,44.755176477596144,0.0458257569495427,0.057166,2187.0541736317364,310,Wood
307.1,0.0,25.0,1246.73,6.29,2088.68,94158.6,19.7,0.0200827995258059,310.7992475285431,6.948964595713936,44.755176477596144,0.0458257569495427,0.057166,2187.0541736317364,310,Wood
307.1,0.0,25.0,1246.73,6.29,2088.68,94158.6,19.7,0.0200827995258059,310.7992475285431,6.948964595713936,44.755176477596144,0.0458257569495427,0.057166,2187.0541736317364,310,Wood
307.1,0.0,25.0,1246.73,6.29,2088.68,94158.6,19.7,0.0200827995258059,310.7992475285431,6.948964595713936,44.755176477596144,0.0458257569495427,0.057166,2187.0541736317364,310,Wood
307.1,0.0,25.0,1246.73,6.29,2088.68,94158.6,19.7,0.0200827995258059,310.7992475285431,6.948964595713936,44.755176477596144,0.0458257569495427,0.057166,2187.0541736317364,310,Wood
307.2,0.22,25.0,1162.56,5.86,2088.68,94116.7,19.7,0.0200827995258059,310.7992475285431,6.948964595713936,44.755176477596144,0.0458257569495427,0.057166,2187.0541736317364,310,Wood
307.2,0.22,25.0,1162.56,5.86,2088.68,94116.7,19.7,0.0200827995258059,310.7992475285431,6.948964595713936,44.755176477596144,0.0458257569495427,0.057166,2187.0541736317364,310,Wood
307.2,0.22,25.0,1162.56,5.86,2088.68,94116.7,19.7,0.0200827995258059,310.7992475285431,6.948964595713936,44.755176477596144,0.0458257569495427,0.057166,2187.0541736317364,310,Wood
307.2,0.22,25.0,1162.56,5.86,2088.68,94116.7,19.7,0.0200827995258059,310.7992475285431,6.948964595713936,44.755176477596144,0.0458257569495427,0.057166,2187.0541736317364,310,Wood
307.2,0.22,25.0,1162.56,5.86,2088.68,94116.7,19.7,0.0200827995258059,310.7992475285431,6.948964595713936,44.755176477596144,0.0458257569495427,0.057166,2187.0541736317364,310,Wood
307.2,0.22,25.0,1162.56,5.86,2088.68,94116.7,19.7,0.0200827995258059,310.7992475285431,6.948964595713936,44.755176477596144,0.0458257569495427,0.057166,2187.0541736317364,310,Wood
307.1,-0.22,25.0,1156.99,5.83,2477.53,103934.5,19.7,0.0200827995258059,310.7992475285431,6.948964595713936,44.755176477596144,0.0458257569495427,0.057166,2187.0541736317364,310,Wood
316.2,-0.22,25.0,1438.04,7.3,855.47,64016.5,19.8,0.0234954953874128,208.73397957477687,2.8476634107396124,73.34477847683294,0.1044030650890905,0.00779475,1449.8448923505562,320,Wood
316.2,-0.22,25.0,1438.04,7.3,855.47,64016.5,19.8,0.0234954953874128,208.73397957477687,2.8476634107396124,73.34477847683294,0.1044030650890905,0.00779475,1449.8448923505562,320,Wood
316.2,-0.22,25.0,1438.04,7.3,855.47,64016.5,19.8,0.0234954953874128,208.73397957477687,2.8476634107396124,73.34477847683294,0.1044030650890905,0.00779475,1449.8448923505562,320,Wood
316.2,-0.22,25.0,1438.04,7.3,855.47,64016.5,19.8,0.0234954953874128,208.73397957477687,2.8476634107396124,73.34477847683294,0.1044030650890905,0.00779475,1449.8448923505562,320,Wood
316.2,-0.22,25.0,1438.04,7.3,855.47,64016.5,19.8,0.0234954953874128,208.73397957477687,2.8476634107396124,73.34477847683294,0.1044030650890905,0.00779475,1449.8448923505562,320,Wood
316.2,-0.22,25.0,1486.38,7.53,888.8,65495.8,19.8,0.0234954953874128,208.73397957477687,2.8476634107396124,73.34477847683294,0.1044030650890905,0.00779475,1449.8448923505562,320,Wood
316.2,-0.22,25.0,1486.38,7.53,888.8,65495.8,19.8,0.0234954953874128,208.73397957477687,2.8476634107396124,73.34477847683294,0.1044030650890905,0.00779475,1449.8448923505562,320,Wood
316.2,-0.22,25.0,1486.38,7.53,888.8,65495.8,19.8,0.0234954953874128,208.73397957477687,2.8476634107396124,73.34477847683294,0.1044030650890905,0.00779475,1449.8448923505562,320,Wood
316.2,-0.22,25.0,1486.38,7.53,888.8,65495.8,19.8,0.0234954953874128,208.73397957477687,2.8476634107396124,73.34477847683294,0.1044030650890905,0.00779475,1449.8448923505562,320,Wood
316.2,-0.22,25.0,1486.38,7.53,888.8,65495.8,19.8,0.0234954953874128,208.73397957477687,2.8476634107396124,73.34477847683294,0.1044030650890905,0.00779475,1449.8448923505562,320,Wood
316.1,-0.22,25.0,1477.39,7.48,911.02,66650.2,19.8,0.0234954953874128,208.73397957477687,2.8476634107396124,73.34477847683294,0.1044030650890905,0.00779475,1449.8448923505562,320,Wood
316.1,-0.22,25.0,1477.39,7.48,911.02,66650.2,19.8,0.0234954953874128,208.73397957477687,2.8476634107396124,73.34477847683294,0.1044030650890905,0.00779475,1449.8448923505562,320,Wood
316.1,-0.22,25.0,1477.39,7.48,911.02,66650.2,19.8,0.0234954953874128,208.73397957477687,2.8476634107396124,73.34477847683294,0.1044030650890905,0.00779475,1449.8448923505562,320,Wood
316.1,-0.22,25.0,1477.39,7.48,911.02,66650.2,19.8,0.0234954953874128,208.73397957477687,2.8476634107396124,73.34477847683294,0.1044030650890905,0.00779475,1449.8448923505562,320,Wood
316.1,-0.22,25.0,1477.39,7.48,911.02,66650.2,19.8,0.0234954953874128,208.73397957477687,2.8476634107396124,73.34477847683294,0.1044030650890905,0.00779475,1449.8448923505562,320,Wood
316.1,-0.22,25.0,1477.39,7.48,911.02,66650.2,19.8,0.0234954953874128,208.73397957477687,2.8476634107396124,73.34477847683294,0.1044030650890905,0.00779475,1449.8448923505562,320,Wood
316.4,1.31,25.0,1460.11,7.39,955.46,68154.2,19.8,0.0234954953874128,208.73397957477687,2.8476634107396124,73.34477847683294,0.1044030650890905,0.00779475,1449.8448923505562,320,Wood
316.4,1.31,25.0,1460.11,7.39,955.46,68154.2,19.8,0.0234954953874128,208.73397957477687,2.8476634107396124,73.34477847683294,0.1044030650890905,0.00779475,1449.8448923505562,320,Wood
316.4,1.31,25.0,1460.11,7.39,955.46,68154.2,19.8,0.0234954953874128,208.73397957477687,2.8476634107396124,73.34477847683294,0.1044030650890905,0.00779475,1449.8448923505562,320,Wood
316.4,1.31,25.0,1460.11,7.39,955.46,68154.2,19.8,0.0234954953874128,208.73397957477687,2.8476634107396124,73.34477847683294,0.1044030650890905,0.00779475,1449.8448923505562,320,Wood
328.2,0.22,25.0,1368.79,6.88,1422.08,83252.7,19.8,0.0212915355588836,250.36622520352253,4.241517182628138,59.044357268561726,0.1615549442140275,0.053975,1013.7841921607402,330,Wood
328.2,0.22,25.0,1368.79,6.88,1422.08,83252.7,19.8,0.0212915355588836,250.36622520352253,4.241517182628138,59.044357268561726,0.1615549442140275,0.053975,1013.7841921607402,330,Wood
328.2,0.22,25.0,1368.79,6.88,1422.08,83252.7,19.8,0.0212915355588836,250.36622520352253,4.241517182628138,59.044357268561726,0.1615549442140275,0.053975,1013.7841921607402,330,Wood
328.2,0.22,25.0,1368.79,6.88,1422.08,83252.7,19.8,0.0212915355588836,250.36622520352253,4.241517182628138,59.044357268561726,0.1615549442140275,0.053975,1013.7841921607402,330,Wood
328.2,0.22,25.0,1343.52,6.75,1433.19,83263.3,19.8,0.0212915355588836,250.36622520352253,4.241517182628138,59.044357268561726,0.1615549442140275,0.053975,1013.7841921607402,330,Wood
328.2,0.22,25.0,1343.52,6.75,1433.19,83263.3,19.8,0.0212915355588836,250.36622520352253,4.241517182628138,59.044357268561726,0.1615549442140275,0.053975,1013.7841921607402,330,Wood
328.2,0.22,25.0,1343.52,6.75,1433.19,83263.3,19.8,0.0212915355588836,250.36622520352253,4.241517182628138,59.044357268561726,0.1615549442140275,0.053975,1013.7841921607402,330,Wood
328.2,0.22,25.0,1343.52,6.75,1433.19,83263.3,19.8,0.0212915355588836,250.36622520352253,4.241517182628138,59.044357268561726,0.1615549442140275,0.053975,1013.7841921607402,330,Wood
328.2,0.22,25.0,1343.52,6.75,1433.19,83263.3,19.8,0.0212915355588836,250.36622520352253,4.241517182628138,59.044357268561726,0.1615549442140275,0.053975,1013.7841921607402,330,Wood
328.1,-0.66,25.0,1381.16,6.93,1366.53,81199.4,19.8,0.0212915355588836,250.36622520352253,4.241517182628138,59.044357268561726,0.1615549442140275,0.053975,1013.7841921607402,330,Wood
328.1,-0.66,25.0,1381.16,6.93,1366.53,81199.4,19.8,0.0212915355588836,250.36622520352253,4.241517182628138,59.044357268561726,0.1615549442140275,0.053975,1013.7841921607402,330,Wood
328.1,-0.66,25.0,1381.16,6.93,1366.53,81199.4,19.8,0.0212915355588836,250.36622520352253,4.241517182628138,59.044357268561726,0.1615549442140275,0.053975,1013.7841921607402,330,Wood
328.1,-0.66,25.0,1381.16,6.93,1366.53,81199.4,19.8,0.0212915355588836,250.36622520352253,4.241517182628138,59.044357268561726,0.1615549442140275,0.053975,1013.7841921607402,330,Wood
328.1,-0.66,25.0,1381.16,6.93,1366.53,81199.4,19.8,0.0212915355588836,250.36622520352253,4.241517182628138,59.044357268561726,0.1615549442140275,0.053975,1013.7841921607402,330,Wood
328.1,-0.66,25.0,1381.16,6.93,1366.53,81199.4,19.8,0.0212915355588836,250.36622520352253,4.241517182628138,59.044357268561726,0.1615549442140275,0.053975,1013.7841921607402,330,Wood
327.8,-1.09,25.0,1469.9,7.37,1355.42,81247.2,19.8,0.0212915355588836,250.36622520352253,4.241517182628138,59.044357268561726,0.1615549442140275,0.053975,1013.7841921607402,330,Wood
327.8,-1.09,25.0,1469.9,7.37,1355.42,81247.2,19.8,0.0212915355588836,250.36622520352253,4.241517182628138,59.044357268561726,0.1615549442140275,0.053975,1013.7841921607402,330,Wood
327.8,-1.09,25.0,1469.9,7.37,1355.42,81247.2,19.8,0.0212915355588836,250.36622520352253,4.241517182628138,59.044357268561726,0.1615549442140275,0.053975,1013.7841921607402,330,Wood
327.8,-1.09,25.0,1469.9,7.37,1355.42,81247.2,19.8,0.0212915355588836,250.36622520352253,4.241517182628138,59.044357268561726,0.1615549442140275,0.053975,1013.7841921607402,330,Wood
327.8,-1.09,25.0,1469.9,7.37,1355.42,81247.2,19.8,0.0212915355588836,250.36622520352253,4.241517182628138,59.044357268561726,0.1615549442140275,0.053975,1013.7841921607402,330,Wood
338.0,0.22,25.0,1368.38,6.94,1155.44,72035.7,19.8,0.0203814451885072,208.26403369493823,3.3017702404828264,63.136993914148334,0.1479019945774784,0.00286875,1758.8399534565372,340,Wood
338.0,0.22,25.0,1368.38,6.94,1155.44,72035.7,19.8,0.0203814451885072,208.26403369493823,3.3017702404828264,63.136993914148334,0.1479019945774784,0.00286875,1758.8399534565372,340,Wood
338.0,0.22,25.0,1368.38,6.94,1155.44,72035.7,19.8,0.0203814451885072,208.26403369493823,3.3017702404828264,63.136993914148334,0.1479019945774784,0.00286875,1758.8399534565372,340,Wood
338.0,0.22,25.0,1368.38,6.94,1155.44,72035.7,19.8,0.0203814451885072,208.26403369493823,3.3017702404828264,63.136993914148334,0.1479019945774784,0.00286875,1758.8399534565372,340,Wood
338.0,0.22,25.0,1368.38,6.94,1155.44,72035.7,19.8,0.0203814451885072,208.26403369493823,3.3017702404828264,63.136993914148334,0.1479019945774784,0.00286875,1758.8399534565372,340,Wood
338.1,0.44,25.0,1343.33,6.81,1155.44,71908.6,19.8,0.0203814451885072,208.26403369493823,3.3017702404828264,63.136993914148334,0.1479019945774784,0.00286875,1758.8399534565372,340,Wood
338.1,0.44,25.0,1343.33,6.81,1155.44,71908.6,19.8,0.0203814451885072,208.26403369493823,3.3017702404828264,63.136993914148334,0.1479019945774784,0.00286875,1758.8399534565372,340,Wood
338.1,0.44,25.0,1343.33,6.81,1155.44,71908.6,19.8,0.0203814451885072,208.26403369493823,3.3017702404828264,63.136993914148334,0.1479019945774784,0.00286875,1758.8399534565372,340,Wood
338.1,0.44,25.0,1343.33,6.81,1155.44,71908.6,19.8,0.0203814451885072,208.26403369493823,3.3017702404828264,63.136993914148334,0.1479019945774784,0.00286875,1758.8399534565372,340,Wood
338.1,0.44,25.0,1343.33,6.81,1155.44,71908.6,19.8,0.0203814451885072,208.26403369493823,3.3017702404828264,63.136993914148334,0.1479019945774784,0.00286875,1758.8399534565372,340,Wood
338.2,0.44,25.0,1356.92,6.88,1122.11,70077.3,19.8,0.0203814451885072,208.26403369493823,3.3017702404828264,63.136993914148334,0.1479019945774784,0.00286875,1758.8399534565372,340,Wood
338.2,0.44,25.0,1356.92,6.88,1122.11,70077.3,19.8,0.0203814451885072,208.26403369493823,3.3017702404828264,63.136993914148334,0.1479019945774784,0.00286875,1758.8399534565372,340,Wood
338.2,0.44,25.0,1356.92,6.88,1122.11,70077.3,19.8,0.0203814451885072,208.26403369493823,3.3017702404828264,63.136993914148334,0.1479019945774784,0.00286875,1758.8399534565372,340,Wood
338.2,0.44,25.0,1356.92,6.88,1122.11,70077.3,19.8,0.0203814451885072,208.26403369493823,3.3017702404828264,63.136993914148334,0.1479019945774784,0.00286875,1758.8399534565372,340,Wood
338.2,0.44,25.0,1356.92,6.88,1122.11,70077.3,19.8,0.0203814451885072,208.26403369493823,3.3017702404828264,63.136993914148334,0.1479019945774784,0.00286875,1758.8399534565372,340,Wood
338.4,0.87,25.0,1366.54,6.94,1033.23,67694.1,19.8,0.0203814451885072,208.26403369493823,3.3017702404828264,63.136993914148334,0.1479019945774784,0.00286875,1758.8399534565372,340,Wood
338.4,0.87,25.0,1366.54,6.94,1033.23,67694.1,19.8,0.0203814451885072,208.26403369493823,3.3017702404828264,63.136993914148334,0.1479019945774784,0.00286875,1758.8399534565372,340,Wood
338.4,0.87,25.0,1366.54,6.94,1033.23,67694.1,19.8,0.0203814451885072,208.26403369493823,3.3017702404828264,63.136993914148334,0.1479019945774784,0.00286875,1758.8399534565372,340,Wood
338.4,0.87,25.0,1366.54,6.94,1033.23,67694.1,19.8,0.0203814451885072,208.26403369493823,3.3017702404828264,63.136993914148334,0.1479019945774784,0.00286875,1758.8399534565372,340,Wood
338.4,0.87,25.0,1366.54,6.94,1033.23,67694.1,19.8,0.0203814451885072,208.26403369493823,3.3017702404828264,63.136993914148334,0.1479019945774784,0.00286875,1758.8399534565372,340,Wood
346.3,0.43,25.0,966.97,4.85,9487.94,334311.3,19.4,0.0143183428493539,898.155571099211,25.93396965758002,34.675754744402965,0.0572276157113042,0.0059587499999999,46089.42661595471,350,Wood
346.3,0.43,25.0,966.97,4.85,9487.94,334311.3,19.4,0.0143183428493539,898.155571099211,25.93396965758002,34.675754744402965,0.0572276157113042,0.0059587499999999,46089.42661595471,350,Wood
346.3,0.43,25.0,966.97,4.85,9487.94,334311.3,19.4,0.0143183428493539,898.155571099211,25.93396965758002,34.675754744402965,0.0572276157113042,0.0059587499999999,46089.42661595471,350,Wood
346.3,0.0,25.0,978.0,4.91,6843.76,237524.6,19.5,0.0143183428493539,898.155571099211,25.93396965758002,34.675754744402965,0.0572276157113042,0.0059587499999999,46089.42661595471,350,Wood
346.3,0.0,25.0,978.0,4.91,6843.76,237524.6,19.5,0.0143183428493539,898.155571099211,25.93396965758002,34.675754744402965,0.0572276157113042,0.0059587499999999,46089.42661595471,350,Wood
346.3,0.0,25.0,978.0,4.91,6843.76,237524.6,19.5,0.0143183428493539,898.155571099211,25.93396965758002,34.675754744402965,0.0572276157113042,0.0059587499999999,46089.42661595471,350,Wood
346.3,0.0,25.0,978.0,4.91,6843.76,237524.6,19.5,0.0143183428493539,898.155571099211,25.93396965758002,34.675754744402965,0.0572276157113042,0.0059587499999999,46089.42661595471,350,Wood
346.3,0.0,25.0,978.0,4.91,6843.76,237524.6,19.5,0.0143183428493539,898.155571099211,25.93396965758002,34.675754744402965,0.0572276157113042,0.0059587499999999,46089.42661595471,350,Wood
346.2,-0.43,25.0,1001.53,5.02,10543.39,356976.8,19.3,0.0143183428493539,898.155571099211,25.93396965758002,34.675754744402965,0.0572276157113042,0.0059587499999999,46089.42661595471,350,Wood
346.2,-0.43,25.0,1001.53,5.02,10543.39,356976.8,19.3,0.0143183428493539,898.155571099211,25.93396965758002,34.675754744402965,0.0572276157113042,0.0059587499999999,46089.42661595471,350,Wood
346.2,-0.43,25.0,1001.53,5.02,10543.39,356976.8,19.3,0.0143183428493539,898.155571099211,25.93396965758002,34.675754744402965,0.0572276157113042,0.0059587499999999,46089.42661595471,350,Wood
346.2,-0.43,25.0,1001.53,5.02,10543.39,356976.8,19.3,0.0143183428493539,898.155571099211,25.93396965758002,34.675754744402965,0.0572276157113042,0.0059587499999999,46089.42661595471,350,Wood
346.2,-0.43,25.0,1001.53,5.02,10543.39,356976.8,19.3,0.0143183428493539,898.155571099211,25.93396965758002,34.675754744402965,0.0572276157113042,0.0059587499999999,46089.42661595471,350,Wood
346.2,-0.43,25.0,1001.53,5.02,10543.39,356976.8,19.3,0.0143183428493539,898.155571099211,25.93396965758002,34.675754744402965,0.0572276157113042,0.0059587499999999,46089.42661595471,350,Wood
346.2,0.0,25.0,987.95,4.95,8743.57,308421.7,19.4,0.0143183428493539,898.155571099211,25.93396965758002,34.675754744402965,0.0572276157113042,0.0059587499999999,46089.42661595471,350,Wood
346.2,0.0,25.0,987.95,4.95,8743.57,308421.7,19.4,0.0143183428493539,898.155571099211,25.93396965758002,34.675754744402965,0.0572276157113042,0.0059587499999999,46089.42661595471,350,Wood
346.2,0.0,25.0,987.95,4.95,8743.57,308421.7,19.4,0.0143183428493539,898.155571099211,25.93396965758002,34.675754744402965,0.0572276157113042,0.0059587499999999,46089.42661595471,350,Wood
346.2,0.0,25.0,987.95,4.95,8743.57,308421.7,19.4,0.0143183428493539,898.155571099211,25.93396965758002,34.675754744402965,0.0572276157113042,0.0059587499999999,46089.42661595471,350,Wood
346.2,0.0,25.0,987.95,4.95,8743.57,308421.7,19.4,0.0143183428493539,898.155571099211,25.93396965758002,34.675754744402965,0.0572276157113042,0.0059587499999999,46089.42661595471,350,Wood
346.1,-0.43,25.0,1034.35,5.18,9921.23,344835.9,19.3,0.0143183428493539,898.155571099211,25.93396965758002,34.675754744402965,0.0572276157113042,0.0059587499999999,46089.42661595471,350,Wood
356.5,-0.65,25.0,1003.97,5.07,4666.2,160133.0,19.5,0.0140281144342022,444.400554328003,13.0110223656194,34.220511371007966,0.1299038105676679,0.0327227499999999,7975.196862552984,360,Wood
356.5,-0.65,25.0,1003.97,5.07,4666.2,160133.0,19.5,0.0140281144342022,444.400554328003,13.0110223656194,34.220511371007966,0.1299038105676679,0.0327227499999999,7975.196862552984,360,Wood
356.5,-0.65,25.0,1003.97,5.07,4666.2,160133.0,19.5,0.0140281144342022,444.400554328003,13.0110223656194,34.220511371007966,0.1299038105676679,0.0327227499999999,7975.196862552984,360,Wood
356.5,-0.65,25.0,1003.97,5.07,4666.2,160133.0,19.5,0.0140281144342022,444.400554328003,13.0110223656194,34.220511371007966,0.1299038105676679,0.0327227499999999,7975.196862552984,360,Wood
356.5,-0.65,25.0,1003.97,5.07,4666.2,160133.0,19.5,0.0140281144342022,444.400554328003,13.0110223656194,34.220511371007966,0.1299038105676679,0.0327227499999999,7975.196862552984,360,Wood
356.6,0.22,25.0,938.2,4.74,5021.72,167061.5,19.5,0.0140281144342022,444.400554328003,13.0110223656194,34.220511371007966,0.1299038105676679,0.0327227499999999,7975.196862552984,360,Wood
356.6,0.22,25.0,938.2,4.74,5021.72,167061.5,19.5,0.0140281144342022,444.400554328003,13.0110223656194,34.220511371007966,0.1299038105676679,0.0327227499999999,7975.196862552984,360,Wood
356.6,0.22,25.0,938.2,4.74,5021.72,167061.5,19.5,0.0140281144342022,444.400554328003,13.0110223656194,34.220511371007966,0.1299038105676679,0.0327227499999999,7975.196862552984,360,Wood
356.6,0.22,25.0,938.2,4.74,5021.72,167061.5,19.5,0.0140281144342022,444.400554328003,13.0110223656194,34.220511371007966,0.1299038105676679,0.0327227499999999,7975.196862552984,360,Wood
356.6,0.22,25.0,938.2,4.74,5021.72,167061.5,19.5,0.0140281144342022,444.400554328003,13.0110223656194,34.220511371007966,0.1299038105676679,0.0327227499999999,7975.196862552984,360,Wood
356.8,0.87,25.0,986.66,4.99,4721.75,159911.2,19.5,0.0140281144342022,444.400554328003,13.0110223656194,34.220511371007966,0.1299038105676679,0.0327227499999999,7975.196862552984,360,Wood
356.8,0.87,25.0,986.66,4.99,4721.75,159911.2,19.5,0.0140281144342022,444.400554328003,13.0110223656194,34.220511371007966,0.1299038105676679,0.0327227499999999,7975.196862552984,360,Wood
356.8,0.87,25.0,986.66,4.99,4721.75,159911.2,19.5,0.0140281144342022,444.400554328003,13.0110223656194,34.220511371007966,0.1299038105676679,0.0327227499999999,7975.196862552984,360,Wood
356.8,0.87,25.0,986.66,4.99,4721.75,159911.2,19.5,0.0140281144342022,444.400554328003,13.0110223656194,34.220511371007966,0.1299038105676679,0.0327227499999999,7975.196862552984,360,Wood
356.8,0.87,25.0,986.66,4.99,4721.75,159911.2,19.5,0.0140281144342022,444.400554328003,13.0110223656194,34.220511371007966,0.1299038105676679,0.0327227499999999,7975.196862552984,360,Wood
356.8,0.87,25.0,986.66,4.99,4721.75,159911.2,19.5,0.0140281144342022,444.400554328003,13.0110223656194,34.220511371007966,0.1299038105676679,0.0327227499999999,7975.196862552984,360,Wood
356.8,0.0,25.0,1040.64,5.27,4010.71,143665.1,19.7,0.0140281144342022,444.400554328003,13.0110223656194,34.220511371007966,0.1299038105676679,0.0327227499999999,7975.196862552984,360,Wood
356.8,0.0,25.0,1040.64,5.27,4010.71,143665.1,19.7,0.0140281144342022,444.400554328003,13.0110223656194,34.220511371007966,0.1299038105676679,0.0327227499999999,7975.196862552984,360,Wood
356.8,0.0,25.0,1040.64,5.27,4010.71,143665.1,19.7,0.0140281144342022,444.400554328003,13.0110223656194,34.220511371007966,0.1299038105676679,0.0327227499999999,7975.196862552984,360,Wood
356.8,0.0,25.0,1040.64,5.27,4010.71,143665.1,19.7,0.0140281144342022,444.400554328003,13.0110223656194,34.220511371007966,0.1299038105676679,0.0327227499999999,7975.196862552984,360,Wood
367.3,-0.22,25.0,763.93,3.84,9387.95,315315.1,19.4,0.0106790877315016,866.5116733388147,26.619994791278703,32.60610030074862,0.178535710713572,0.00315,13527.45843100247,370,Wood
367.3,-0.22,25.0,763.93,3.84,9387.95,315315.1,19.4,0.0106790877315016,866.5116733388147,26.619994791278703,32.60610030074862,0.178535710713572,0.00315,13527.45843100247,370,Wood
367.3,-0.22,25.0,763.93,3.84,9387.95,315315.1,19.4,0.0106790877315016,866.5116733388147,26.619994791278703,32.60610030074862,0.178535710713572,0.00315,13527.45843100247,370,Wood
367.3,-0.22,25.0,763.93,3.84,9387.95,315315.1,19.4,0.0106790877315016,866.5116733388147,26.619994791278703,32.60610030074862,0.178535710713572,0.00315,13527.45843100247,370,Wood
367.3,-0.22,25.0,763.93,3.84,9387.95,315315.1,19.4,0.0106790877315016,866.5116733388147,26.619994791278703,32.60610030074862,0.178535710713572,0.00315,13527.45843100247,370,Wood
367.1,-0.86,25.0,785.65,3.95,9387.95,308339.8,19.4,0.0106790877315016,866.5116733388147,26.619994791278703,32.60610030074862,0.178535710713572,0.00315,13527.45843100247,370,Wood
367.1,-0.86,25.0,785.65,3.95,9387.95,308339.8,19.4,0.0106790877315016,866.5116733388147,26.619994791278703,32.60610030074862,0.178535710713572,0.00315,13527.45843100247,370,Wood
367.1,-0.86,25.0,785.65,3.95,9387.95,308339.8,19.4,0.0106790877315016,866.5116733388147,26.619994791278703,32.60610030074862,0.178535710713572,0.00315,13527.45843100247,370,Wood
367.1,-0.86,25.0,785.65,3.95,9387.95,308339.8,19.4,0.0106790877315016,866.5116733388147,26.619994791278703,32.60610030074862,0.178535710713572,0.00315,13527.45843100247,370,Wood
367.1,-0.86,25.0,785.65,3.95,9387.95,308339.8,19.4,0.0106790877315016,866.5116733388147,26.619994791278703,32.60610030074862,0.178535710713572,0.00315,13527.45843100247,370,Wood
367.1,-0.22,25.0,776.23,3.9,9387.95,307701.9,19.4,0.0106790877315016,866.5116733388147,26.619994791278703,32.60610030074862,0.178535710713572,0.00315,13527.45843100247,370,Wood
367.1,-0.22,25.0,776.23,3.9,9387.95,307701.9,19.4,0.0106790877315016,866.5116733388147,26.619994791278703,32.60610030074862,0.178535710713572,0.00315,13527.45843100247,370,Wood
367.1,-0.22,25.0,776.23,3.9,9387.95,307701.9,19.4,0.0106790877315016,866.5116733388147,26.619994791278703,32.60610030074862,0.178535710713572,0.00315,13527.45843100247,370,Wood
367.1,-0.22,25.0,776.23,3.9,9387.95,307701.9,19.4,0.0106790877315016,866.5116733388147,26.619994791278703,32.60610030074862,0.178535710713572,0.00315,13527.45843100247,370,Wood
367.1,-0.22,25.0,776.23,3.9,9387.95,307701.9,19.4,0.0106790877315016,866.5116733388147,26.619994791278703,32.60610030074862,0.178535710713572,0.00315,13527.45843100247,370,Wood
366.8,-1.29,25.0,793.37,3.99,10921.13,340921.8,19.3,0.0106790877315016,866.5116733388147,26.619994791278703,32.60610030074862,0.178535710713572,0.00315,13527.45843100247,370,Wood
366.8,-1.29,25.0,793.37,3.99,10921.13,340921.8,19.3,0.0106790877315016,866.5116733388147,26.619994791278703,32.60610030074862,0.178535710713572,0.00315,13527.45843100247,370,Wood
366.8,-1.29,25.0,793.37,3.99,10921.13,340921.8,19.3,0.0106790877315016,866.5116733388147,26.619994791278703,32.60610030074862,0.178535710713572,0.00315,13527.45843100247,370,Wood
366.8,-1.29,25.0,793.37,3.99,10921.13,340921.8,19.3,0.0106790877315016,866.5116733388147,26.619994791278703,32.60610030074862,0.178535710713572,0.00315,13527.45843100247,370,Wood
366.8,-1.29,25.0,793.37,3.99,10921.13,340921.8,19.3,0.0106790877315016,866.5116733388147,26.619994791278703,32.60610030074862,0.178535710713572,0.00315,13527.45843100247,370,Wood
377.3,0.0,25.0,1061.15,5.42,6710.44,254863.8,19.5,0.0146480992928771,675.7073033116924,17.68158711265145,38.2174126660641,0.0357071421427223,0.01072275,1769.4283555077816,380,Wood
377.3,0.0,25.0,1061.15,5.42,6710.44,254863.8,19.5,0.0146480992928771,675.7073033116924,17.68158711265145,38.2174126660641,0.0357071421427223,0.01072275,1769.4283555077816,380,Wood
377.3,0.0,25.0,1061.15,5.42,6710.44,254863.8,19.5,0.0146480992928771,675.7073033116924,17.68158711265145,38.2174126660641,0.0357071421427223,0.01072275,1769.4283555077816,380,Wood
377.3,0.0,25.0,1061.15,5.42,6710.44,254863.8,19.5,0.0146480992928771,675.7073033116924,17.68158711265145,38.2174126660641,0.0357071421427223,0.01072275,1769.4283555077816,380,Wood
377.3,0.0,25.0,1061.15,5.42,6710.44,254863.8,19.5,0.0146480992928771,675.7073033116924,17.68158711265145,38.2174126660641,0.0357071421427223,0.01072275,1769.4283555077816,380,Wood
377.3,0.0,25.0,1061.15,5.42,6710.44,254863.8,19.5,0.0146480992928771,675.7073033116924,17.68158711265145,38.2174126660641,0.0357071421427223,0.01072275,1769.4283555077816,380,Wood
377.3,0.0,25.0,1073.9,5.48,6699.33,252692.2,19.5,0.0146480992928771,675.7073033116924,17.68158711265145,38.2174126660641,0.0357071421427223,0.01072275,1769.4283555077816,380,Wood
377.3,0.0,25.0,1073.9,5.48,6699.33,252692.2,19.5,0.0146480992928771,675.7073033116924,17.68158711265145,38.2174126660641,0.0357071421427223,0.01072275,1769.4283555077816,380,Wood
377.3,0.0,25.0,1073.9,5.48,6699.33,252692.2,19.5,0.0146480992928771,675.7073033116924,17.68158711265145,38.2174126660641,0.0357071421427223,0.01072275,1769.4283555077816,380,Wood
377.3,0.0,25.0,1073.9,5.48,6699.33,252692.2,19.5,0.0146480992928771,675.7073033116924,17.68158711265145,38.2174126660641,0.0357071421427223,0.01072275,1769.4283555077816,380,Wood
377.3,0.0,25.0,1073.9,5.48,6699.33,252692.2,19.5,0.0146480992928771,675.7073033116924,17.68158711265145,38.2174126660641,0.0357071421427223,0.01072275,1769.4283555077816,380,Wood
377.3,0.0,25.0,1091.83,5.57,6632.67,257342.8,19.5,0.0146480992928771,675.7073033116924,17.68158711265145,38.2174126660641,0.0357071421427223,0.01072275,1769.4283555077816,380,Wood
377.3,0.0,25.0,1091.83,5.57,6632.67,257342.8,19.5,0.0146480992928771,675.7073033116924,17.68158711265145,38.2174126660641,0.0357071421427223,0.01072275,1769.4283555077816,380,Wood
377.3,0.0,25.0,1091.83,5.57,6632.67,257342.8,19.5,0.0146480992928771,675.7073033116924,17.68158711265145,38.2174126660641,0.0357071421427223,0.01072275,1769.4283555077816,380,Wood
377.3,0.0,25.0,1091.83,5.57,6632.67,257342.8,19.5,0.0146480992928771,675.7073033116924,17.68158711265145,38.2174126660641,0.0357071421427223,0.01072275,1769.4283555077816,380,Wood
377.3,0.0,25.0,1091.83,5.57,6632.67,257342.8,19.5,0.0146480992928771,675.7073033116924,17.68158711265145,38.2174126660641,0.0357071421427223,0.01072275,1769.4283555077816,380,Wood
377.3,0.0,25.0,1091.83,5.57,6632.67,257342.8,19.5,0.0146480992928771,675.7073033116924,17.68158711265145,38.2174126660641,0.0357071421427223,0.01072275,1769.4283555077816,380,Wood
377.2,-0.22,25.0,1123.81,5.73,6621.56,253994.9,19.5,0.0146480992928771,675.7073033116924,17.68158711265145,38.2174126660641,0.0357071421427223,0.01072275,1769.4283555077816,380,Wood
377.2,-0.22,25.0,1123.81,5.73,6621.56,253994.9,19.5,0.0146480992928771,675.7073033116924,17.68158711265145,38.2174126660641,0.0357071421427223,0.01072275,1769.4283555077816,380,Wood
377.2,-0.22,25.0,1123.81,5.73,6621.56,253994.9,19.5,0.0146480992928771,675.7073033116924,17.68158711265145,38.2174126660641,0.0357071421427223,0.01072275,1769.4283555077816,380,Wood
387.6,0.0,25.0,856.31,4.31,11287.76,360139.5,19.3,0.0110956547477875,927.7773744793792,28.291632582590616,32.79797499360806,0.0458257569495427,0.0056189999999999,811.2877069819363,390,Wood
387.6,0.0,25.0,856.31,4.31,11287.76,360139.5,19.3,0.0110956547477875,927.7773744793792,28.291632582590616,32.79797499360806,0.0458257569495427,0.0056189999999999,811.2877069819363,390,Wood
387.6,0.0,25.0,856.31,4.31,11287.76,360139.5,19.3,0.0110956547477875,927.7773744793792,28.291632582590616,32.79797499360806,0.0458257569495427,0.0056189999999999,811.2877069819363,390,Wood
387.6,0.0,25.0,863.48,4.35,10910.02,360359.9,19.3,0.0110956547477875,927.7773744793792,28.291632582590616,32.79797499360806,0.0458257569495427,0.0056189999999999,811.2877069819363,390,Wood
387.6,0.0,25.0,863.48,4.35,10910.02,360359.9,19.3,0.0110956547477875,927.7773744793792,28.291632582590616,32.79797499360806,0.0458257569495427,0.0056189999999999,811.2877069819363,390,Wood
387.6,0.0,25.0,863.48,4.35,10910.02,360359.9,19.3,0.0110956547477875,927.7773744793792,28.291632582590616,32.79797499360806,0.0458257569495427,0.0056189999999999,811.2877069819363,390,Wood
387.6,0.0,25.0,863.48,4.35,10910.02,360359.9,19.3,0.0110956547477875,927.7773744793792,28.291632582590616,32.79797499360806,0.0458257569495427,0.0056189999999999,811.2877069819363,390,Wood
387.6,0.0,25.0,863.48,4.35,10910.02,360359.9,19.3,0.0110956547477875,927.7773744793792,28.291632582590616,32.79797499360806,0.0458257569495427,0.0056189999999999,811.2877069819363,390,Wood
387.6,0.0,25.0,863.48,4.35,10910.02,360359.9,19.3,0.0110956547477875,927.7773744793792,28.291632582590616,32.79797499360806,0.0458257569495427,0.0056189999999999,811.2877069819363,390,Wood
387.6,0.0,25.0,868.4,4.37,10910.02,358284.5,19.3,0.0110956547477875,927.7773744793792,28.291632582590616,32.79797499360806,0.0458257569495427,0.0056189999999999,811.2877069819363,390,Wood
387.6,0.0,25.0,868.4,4.37,10910.02,358284.5,19.3,0.0110956547477875,927.7773744793792,28.291632582590616,32.79797499360806,0.0458257569495427,0.0056189999999999,811.2877069819363,390,Wood
387.6,0.0,25.0,868.4,4.37,10910.02,358284.5,19.3,0.0110956547477875,927.7773744793792,28.291632582590616,32.79797499360806,0.0458257569495427,0.0056189999999999,811.2877069819363,390,Wood
387.6,0.0,25.0,868.4,4.37,10910.02,358284.5,19.3,0.0110956547477875,927.7773744793792,28.291632582590616,32.79797499360806,0.0458257569495427,0.0056189999999999,811.2877069819363,390,Wood
387.6,0.0,25.0,868.4,4.37,10910.02,358284.5,19.3,0.0110956547477875,927.7773744793792,28.291632582590616,32.79797499360806,0.0458257569495427,0.0056189999999999,811.2877069819363,390,Wood
387.7,0.43,25.0,833.04,4.19,10910.02,359781.1,19.3,0.0110956547477875,927.7773744793792,28.291632582590616,32.79797499360806,0.0458257569495427,0.0056189999999999,811.2877069819363,390,Wood
387.7,0.43,25.0,833.04,4.19,10910.02,359781.1,19.3,0.0110956547477875,927.7773744793792,28.291632582590616,32.79797499360806,0.0458257569495427,0.0056189999999999,811.2877069819363,390,Wood
387.7,0.43,25.0,833.04,4.19,10910.02,359781.1,19.3,0.0110956547477875,927.7773744793792,28.291632582590616,32.79797499360806,0.0458257569495427,0.0056189999999999,811.2877069819363,390,Wood
387.7,0.43,25.0,833.04,4.19,10910.02,359781.1,19.3,0.0110956547477875,927.7773744793792,28.291632582590616,32.79797499360806,0.0458257569495427,0.0056189999999999,811.2877069819363,390,Wood
387.7,0.43,25.0,833.04,4.19,10910.02,359781.1,19.3,0.0110956547477875,927.7773744793792,28.291632582590616,32.79797499360806,0.0458257569495427,0.0056189999999999,811.2877069819363,390,Wood
387.7,0.43,25.0,833.04,4.19,10910.02,359781.1,19.3,0.0110956547477875,927.7773744793792,28.291632582590616,32.79797499360806,0.0458257569495427,0.0056189999999999,811.2877069819363,390,Wood
397.7,-1.07,25.0,810.21,4.11,11065.56,348745.1,19.3,0.0106642073957621,681.3541623488751,19.723742794015173,35.1919887487977,0.144913767461892,0.0096389999999999,51039.5696034584,400,Wood
397.7,-1.07,25.0,810.21,4.11,11065.56,348745.1,19.3,0.0106642073957621,681.3541623488751,19.723742794015173,35.1919887487977,0.144913767461892,0.0096389999999999,51039.5696034584,400,Wood
397.7,-1.07,25.0,810.21,4.11,11065.56,348745.1,19.3,0.0106642073957621,681.3541623488751,19.723742794015173,35.1919887487977,0.144913767461892,0.0096389999999999,51039.5696034584,400,Wood
397.7,-1.07,25.0,810.21,4.11,11065.56,348745.1,19.3,0.0106642073957621,681.3541623488751,19.723742794015173,35.1919887487977,0.144913767461892,0.0096389999999999,51039.5696034584,400,Wood
397.7,-1.07,25.0,810.21,4.11,11065.56,348745.1,19.3,0.0106642073957621,681.3541623488751,19.723742794015173,35.1919887487977,0.144913767461892,0.0096389999999999,51039.5696034584,400,Wood
397.7,-1.07,25.0,810.21,4.11,11065.56,348745.1,19.3,0.0106642073957621,681.3541623488751,19.723742794015173,35.1919887487977,0.144913767461892,0.0096389999999999,51039.5696034584,400,Wood
397.5,-1.08,25.0,853.42,4.32,6466.02,233911.4,19.5,0.0106642073957621,681.3541623488751,19.723742794015173,35.1919887487977,0.144913767461892,0.0096389999999999,51039.5696034584,400,Wood
397.5,-1.08,25.0,853.42,4.32,6466.02,233911.4,19.5,0.0106642073957621,681.3541623488751,19.723742794015173,35.1919887487977,0.144913767461892,0.0096389999999999,51039.5696034584,400,Wood
397.5,-1.08,25.0,853.42,4.32,6466.02,233911.4,19.5,0.0106642073957621,681.3541623488751,19.723742794015173,35.1919887487977,0.144913767461892,0.0096389999999999,51039.5696034584,400,Wood
397.5,-1.08,25.0,853.42,4.32,6466.02,233911.4,19.5,0.0106642073957621,681.3541623488751,19.723742794015173,35.1919887487977,0.144913767461892,0.0096389999999999,51039.5696034584,400,Wood
397.5,-1.08,25.0,853.42,4.32,6466.02,233911.4,19.5,0.0106642073957621,681.3541623488751,19.723742794015173,35.1919887487977,0.144913767461892,0.0096389999999999,51039.5696034584,400,Wood
397.4,-0.65,25.0,855.34,4.33,6454.91,239432.0,19.5,0.0106642073957621,681.3541623488751,19.723742794015173,35.1919887487977,0.144913767461892,0.0096389999999999,51039.5696034584,400,Wood
397.4,-0.65,25.0,855.34,4.33,6454.91,239432.0,19.5,0.0106642073957621,681.3541623488751,19.723742794015173,35.1919887487977,0.144913767461892,0.0096389999999999,51039.5696034584,400,Wood
397.4,-0.65,25.0,855.34,4.33,6454.91,239432.0,19.5,0.0106642073957621,681.3541623488751,19.723742794015173,35.1919887487977,0.144913767461892,0.0096389999999999,51039.5696034584,400,Wood
397.4,-0.65,25.0,855.34,4.33,6454.91,239432.0,19.5,0.0106642073957621,681.3541623488751,19.723742794015173,35.1919887487977,0.144913767461892,0.0096389999999999,51039.5696034584,400,Wood
397.4,-0.65,25.0,855.34,4.33,6454.91,239432.0,19.5,0.0106642073957621,681.3541623488751,19.723742794015173,35.1919887487977,0.144913767461892,0.0096389999999999,51039.5696034584,400,Wood
397.4,-0.65,25.0,855.34,4.33,6454.91,239432.0,19.5,0.0106642073957621,681.3541623488751,19.723742794015173,35.1919887487977,0.144913767461892,0.0096389999999999,51039.5696034584,400,Wood
397.3,-0.43,25.0,826.11,4.18,6454.91,239491.7,19.5,0.0106642073957621,681.3541623488751,19.723742794015173,35.1919887487977,0.144913767461892,0.0096389999999999,51039.5696034584,400,Wood
397.3,-0.43,25.0,826.11,4.18,6454.91,239491.7,19.5,0.0106642073957621,681.3541623488751,19.723742794015173,35.1919887487977,0.144913767461892,0.0096389999999999,51039.5696034584,400,Wood
397.3,-0.43,25.0,826.11,4.18,6454.91,239491.7,19.5,0.0106642073957621,681.3541623488751,19.723742794015173,35.1919887487977,0.144913767461892,0.0096389999999999,51039.5696034584,400,Wood
