r_cm,snr,area_norm_r,energy_density,width_rel,snr_variance,echo_consistency,material
20.0,16.77,5281.619,633.8576657665765,8.332500000000001,0.03532275,987.9202030528544,Cardboard
20.0,16.84,5281.619,633.8576657665765,8.332500000000001,0.03532275,987.9202030528544,Cardboard
20.0,16.84,5281.619,633.8576657665765,8.332500000000001,0.03532275,987.9202030528544,Cardboard
20.0,16.84,5281.619,633.8576657665765,8.332500000000001,0.03532275,987.9202030528544,Cardboard
20.0,16.84,5281.619,633.8576657665765,8.332500000000001,0.03532275,987.9202030528544,Cardboard
20.0,16.84,5281.619,633.8576657665765,8.332500000000001,0.03532275,987.9202030528544,Cardboard
20.0,17.25,5281.619,633.8576657665765,8.332500000000001,0.03532275,987.9202030528544,Cardboard
20.0,17.25,5281.619,633.8576657665765,8.332500000000001,0.03532275,987.9202030528544,Cardboard
20.0,17.25,5281.619,633.8576657665765,8.332500000000001,0.03532275,987.9202030528544,Cardboard
20.0,17.25,5281.619,633.8576657665765,8.332500000000001,0.03532275,987.9202030528544,Cardboard
20.0,17.25,5281.619,633.8576657665765,8.332500000000001,0.03532275,987.9202030528544,Cardboard
20.0,16.79,5281.619,633.8576657665765,8.332500000000001,0.03532275,987.9202030528544,Cardboard
20.0,16.79,5281.619,633.8576657665765,8.332500000000001,0.03532275,987.9202030528544,Cardboard
20.0,16.79,5281.619,633.8576657665765,8.332500000000001,0.03532275,987.9202030528544,Cardboard
20.0,16.79,5281.619,633.8576657665765,8.332500000000001,0.03532275,987.9202030528544,Cardboard
20.0,16.79,5281.619,633.8576657665765,8.332500000000001,0.03532275,987.9202030528544,Cardboard
20.0,16.79,5281.619,633.8576657665765,8.332500000000001,0.03532275,987.9202030528544,Cardboard
20.0,16.87,5281.619,633.8576657665765,8.332500000000001,0.03532275,987.9202030528544,Cardboard
20.0,16.87,5281.619,633.8576657665765,8.332500000000001,0.03532275,987.9202030528544,Cardboard
20.0,16.87,5281.619,633.8576657665765,8.332500000000001,0.03532275,987.9202030528544,Cardboard
29.9,30.55,3829.471739130436,617.5520232170277,6.205250836120401,0.1626210000000003,707.0071141615206,Cardboard
29.9,30.2,3829.471739130436,617.5520232170277,6.205250836120401,0.1626210000000003,707.0071141615206,Cardboard
29.9,30.2,3829.471739130436,617.5520232170277,6.205250836120401,0.1626210000000003,707.0071141615206,Cardboard
29.9,30.2,3829.471739130436,617.5520232170277,6.205250836120401,0.1626210000000003,707.0071141615206,Cardboard
29.9,30.2,3829.471739130436,617.5520232170277,6.205250836120401,0.1626210000000003,707.0071141615206,Cardboard
29.9,30.2,3829.471739130436,617.5520232170277,6.205250836120401,0.1626210000000003,707.0071141615206,Cardboard
29.9,30.2,3829.471739130436,617.5520232170277,6.205250836120401,0.1626210000000003,707.0071141615206,Cardboard
29.9,30.67,3829.471739130436,617.5520232170277,6.205250836120401,0.1626210000000003,707.0071141615206,Cardboard
29.9,30.67,3829.471739130436,617.5520232170277,6.205250836120401,0.1626210000000003,707.0071141615206,Cardboard
29.9,30.67,3829.471739130436,617.5520232170277,6.205250836120401,0.1626210000000003,707.0071141615206,Cardboard
29.9,30.67,3829.471739130436,617.5520232170277,6.205250836120401,0.1626210000000003,707.0071141615206,Cardboard
29.9,30.67,3829.471739130436,617.5520232170277,6.205250836120401,0.1626210000000003,707.0071141615206,Cardboard
29.9,31.23,3829.471739130436,617.5520232170277,6.205250836120401,0.1626210000000003,707.0071141615206,Cardboard
29.9,31.23,3829.471739130436,617.5520232170277,6.205250836120401,0.1626210000000003,707.0071141615206,Cardboard
29.9,31.23,3829.471739130436,617.5520232170277,6.205250836120401,0.1626210000000003,707.0071141615206,Cardboard
29.9,31.23,3829.471739130436,617.5520232170277,6.205250836120401,0.1626210000000003,707.0071141615206,Cardboard
29.9,31.23,3829.471739130436,617.5520232170277,6.205250836120401,0.1626210000000003,707.0071141615206,Cardboard
29.9,31.03,3829.471739130436,617.5520232170277,6.205250836120401,0.1626210000000003,707.0071141615206,Cardboard
29.9,31.03,3829.471739130436,617.5520232170277,6.205250836120401,0.1626210000000003,707.0071141615206,Cardboard
29.9,31.03,3829.471739130436,617.5520232170277,6.205250836120401,0.1626210000000003,707.0071141615206,Cardboard
36.6,26.14,3558.0399281383334,213.8782062357224,16.70782992738977,3.0097687499999983,621.6776918146544,Cardboard
36.6,26.14,3558.0399281383334,213.8782062357224,16.70782992738977,3.0097687499999983,621.6776918146544,Cardboard
36.6,26.14,3558.0399281383334,213.8782062357224,16.70782992738977,3.0097687499999983,621.6776918146544,Cardboard
36.6,26.14,3558.0399281383334,213.8782062357224,16.70782992738977,3.0097687499999983,621.6776918146544,Cardboard
36.6,26.14,3558.0399281383334,213.8782062357224,16.70782992738977,3.0097687499999983,621.6776918146544,Cardboard
36.6,26.5,3558.0399281383334,213.8782062357224,16.70782992738977,3.0097687499999983,621.6776918146544,Cardboard
36.6,26.5,3558.0399281383334,213.8782062357224,16.70782992738977,3.0097687499999983,621.6776918146544,Cardboard
36.6,26.5,3558.0399281383334,213.8782062357224,16.70782992738977,3.0097687499999983,621.6776918146544,Cardboard
36.6,26.5,3558.0399281383334,213.8782062357224,16.70782992738977,3.0097687499999983,621.6776918146544,Cardboard
36.6,26.5,3558.0399281383334,213.8782062357224,16.70782992738977,3.0097687499999983,621.6776918146544,Cardboard
36.6,23.3,3558.0399281383334,213.8782062357224,16.70782992738977,3.0097687499999983,621.6776918146544,Cardboard
36.6,23.3,3558.0399281383334,213.8782062357224,16.70782992738977,3.0097687499999983,621.6776918146544,Cardboard
36.6,23.3,3558.0399281383334,213.8782062357224,16.70782992738977,3.0097687499999983,621.6776918146544,Cardboard
36.6,23.3,3558.0399281383334,213.8782062357224,16.70782992738977,3.0097687499999983,621.6776918146544,Cardboard
36.6,23.3,3558.0399281383334,213.8782062357224,16.70782992738977,3.0097687499999983,621.6776918146544,Cardboard
36.5,22.51,3558.0399281383334,213.8782062357224,16.70782992738977,3.0097687499999983,621.6776918146544,Cardboard
36.5,22.51,3558.0399281383334,213.8782062357224,16.70782992738977,3.0097687499999983,621.6776918146544,Cardboard
36.5,22.51,3558.0399281383334,213.8782062357224,16.70782992738977,3.0097687499999983,621.6776918146544,Cardboard
36.5,22.51,3558.0399281383334,213.8782062357224,16.70782992738977,3.0097687499999983,621.6776918146544,Cardboard
36.5,22.51,3558.0399281383334,213.8782062357224,16.70782992738977,3.0097687499999983,621.6776918146544,Cardboard
46.2,11.7,2024.002062893438,114.03896805348082,17.757538989394885,0.05660275,1412.1425209499937,Cardboard
46.2,11.7,2024.002062893438,114.03896805348082,17.757538989394885,0.05660275,1412.1425209499937,Cardboard
46.2,11.7,2024.002062893438,114.03896805348082,17.757538989394885,0.05660275,1412.1425209499937,Cardboard
45.8,11.68,2024.002062893438,114.03896805348082,17.757538989394885,0.05660275,1412.1425209499937,Cardboard
45.8,11.68,2024.002062893438,114.03896805348082,17.757538989394885,0.05660275,1412.1425209499937,Cardboard
45.8,11.68,2024.002062893438,114.03896805348082,17.757538989394885,0.05660275,1412.1425209499937,Cardboard
45.8,11.68,2024.002062893438,114.03896805348082,17.757538989394885,0.05660275,1412.1425209499937,Cardboard
45.8,11.68,2024.002062893438,114.03896805348082,17.757538989394885,0.05660275,1412.1425209499937,Cardboard
45.8,12.04,2024.002062893438,114.03896805348082,17.757538989394885,0.05660275,1412.1425209499937,Cardboard
45.8,12.04,2024.002062893438,114.03896805348082,17.757538989394885,0.05660275,1412.1425209499937,Cardboard
45.8,12.04,2024.002062893438,114.03896805348082,17.757538989394885,0.05660275,1412.1425209499937,Cardboard
45.8,12.04,2024.002062893438,114.03896805348082,17.757538989394885,0.05660275,1412.1425209499937,Cardboard
45.8,12.04,2024.002062893438,114.03896805348082,17.757538989394885,0.05660275,1412.1425209499937,Cardboard
45.8,12.25,2024.002062893438,114.03896805348082,17.757538989394885,0.05660275,1412.1425209499937,Cardboard
45.8,12.25,2024.002062893438,114.03896805348082,17.757538989394885,0.05660275,1412.1425209499937,Cardboard
45.8,12.25,2024.002062893438,114.03896805348082,17.757538989394885,0.05660275,1412.1425209499937,Cardboard
45.8,12.25,2024.002062893438,114.03896805348082,17.757538989394885,0.05660275,1412.1425209499937,Cardboard
45.8,12.25,2024.002062893438,114.03896805348082,17.757538989394885,0.05660275,1412.1425209499937,Cardboard
45.8,12.25,2024.002062893438,114.03896805348082,17.757538989394885,0.05660275,1412.1425209499937,Cardboard
45.8,11.93,2024.002062893438,114.03896805348082,17.757538989394885,0.05660275,1412.1425209499937,Cardboard
56.6,25.47,2758.887978360799,243.5544300763122,11.32987926451734,1.2137227500000018,5570.195296450564,Cardboard
56.6,25.47,2758.887978360799,243.5544300763122,11.32987926451734,1.2137227500000018,5570.195296450564,Cardboard
56.6,25.47,2758.887978360799,243.5544300763122,11.32987926451734,1.2137227500000018,5570.195296450564,Cardboard
56.6,25.47,2758.887978360799,243.5544300763122,11.32987926451734,1.2137227500000018,5570.195296450564,Cardboard
56.6,25.47,2758.887978360799,243.5544300763122,11.32987926451734,1.2137227500000018,5570.195296450564,Cardboard
56.6,28.28,2758.887978360799,243.5544300763122,11.32987926451734,1.2137227500000018,5570.195296450564,Cardboard
56.6,28.28,2758.887978360799,243.5544300763122,11.32987926451734,1.2137227500000018,5570.195296450564,Cardboard
56.6,28.28,2758.887978360799,243.5544300763122,11.32987926451734,1.2137227500000018,5570.195296450564,Cardboard
56.6,28.28,2758.887978360799,243.5544300763122,11.32987926451734,1.2137227500000018,5570.195296450564,Cardboard
56.6,28.28,2758.887978360799,243.5544300763122,11.32987926451734,1.2137227500000018,5570.195296450564,Cardboard
56.6,28.28,2758.887978360799,243.5544300763122,11.32987926451734,1.2137227500000018,5570.195296450564,Cardboard
56.6,26.66,2758.887978360799,243.5544300763122,11.32987926451734,1.2137227500000018,5570.195296450564,Cardboard
56.6,26.66,2758.887978360799,243.5544300763122,11.32987926451734,1.2137227500000018,5570.195296450564,Cardboard
56.6,26.66,2758.887978360799,243.5544300763122,11.32987926451734,1.2137227500000018,5570.195296450564,Cardboard
56.6,26.66,2758.887978360799,243.5544300763122,11.32987926451734,1.2137227500000018,5570.195296450564,Cardboard
56.6,26.66,2758.887978360799,243.5544300763122,11.32987926451734,1.2137227500000018,5570.195296450564,Cardboard
56.5,27.75,2758.887978360799,243.5544300763122,11.32987926451734,1.2137227500000018,5570.195296450564,Cardboard
56.5,27.75,2758.887978360799,243.5544300763122,11.32987926451734,1.2137227500000018,5570.195296450564,Cardboard
56.5,27.75,2758.887978360799,243.5544300763122,11.32987926451734,1.2137227500000018,5570.195296450564,Cardboard
56.5,27.75,2758.887978360799,243.5544300763122,11.32987926451734,1.2137227500000018,5570.195296450564,Cardboard
67.4,36.74,3024.3648356929643,331.8657106619753,9.11464202097874,4.271638999999995,3513.672098332452,Cardboard
67.4,36.74,3024.3648356929643,331.8657106619753,9.11464202097874,4.271638999999995,3513.672098332452,Cardboard
67.4,36.74,3024.3648356929643,331.8657106619753,9.11464202097874,4.271638999999995,3513.672098332452,Cardboard
67.4,36.74,3024.3648356929643,331.8657106619753,9.11464202097874,4.271638999999995,3513.672098332452,Cardboard
67.4,33.09,3024.3648356929643,331.8657106619753,9.11464202097874,4.271638999999995,3513.672098332452,Cardboard
67.4,33.09,3024.3648356929643,331.8657106619753,9.11464202097874,4.271638999999995,3513.672098332452,Cardboard
67.4,33.09,3024.3648356929643,331.8657106619753,9.11464202097874,4.271638999999995,3513.672098332452,Cardboard
67.4,33.09,3024.3648356929643,331.8657106619753,9.11464202097874,4.271638999999995,3513.672098332452,Cardboard
67.4,33.09,3024.3648356929643,331.8657106619753,9.11464202097874,4.271638999999995,3513.672098332452,Cardboard
67.3,37.03,3024.3648356929643,331.8657106619753,9.11464202097874,4.271638999999995,3513.672098332452,Cardboard
67.3,37.03,3024.3648356929643,331.8657106619753,9.11464202097874,4.271638999999995,3513.672098332452,Cardboard
67.3,37.03,3024.3648356929643,331.8657106619753,9.11464202097874,4.271638999999995,3513.672098332452,Cardboard
67.3,37.03,3024.3648356929643,331.8657106619753,9.11464202097874,4.271638999999995,3513.672098332452,Cardboard
67.3,37.03,3024.3648356929643,331.8657106619753,9.11464202097874,4.271638999999995,3513.672098332452,Cardboard
67.3,38.57,3024.3648356929643,331.8657106619753,9.11464202097874,4.271638999999995,3513.672098332452,Cardboard
67.3,38.57,3024.3648356929643,331.8657106619753,9.11464202097874,4.271638999999995,3513.672098332452,Cardboard
67.3,38.57,3024.3648356929643,331.8657106619753,9.11464202097874,4.271638999999995,3513.672098332452,Cardboard
67.3,38.57,3024.3648356929643,331.8657106619753,9.11464202097874,4.271638999999995,3513.672098332452,Cardboard
67.3,38.57,3024.3648356929643,331.8657106619753,9.11464202097874,4.271638999999995,3513.672098332452,Cardboard
67.3,38.57,3024.3648356929643,331.8657106619753,9.11464202097874,4.271638999999995,3513.672098332452,Cardboard
76.9,61.6,3644.4737024808737,504.9796849684969,7.217100130039012,3.432240000000001,2261.4951203296764,Cardboard
76.9,61.6,3644.4737024808737,504.9796849684969,7.217100130039012,3.432240000000001,2261.4951203296764,Cardboard
76.9,61.6,3644.4737024808737,504.9796849684969,7.217100130039012,3.432240000000001,2261.4951203296764,Cardboard
76.9,61.6,3644.4737024808737,504.9796849684969,7.217100130039012,3.432240000000001,2261.4951203296764,Cardboard
76.9,61.6,3644.4737024808737,504.9796849684969,7.217100130039012,3.432240000000001,2261.4951203296764,Cardboard
76.9,61.6,3644.4737024808737,504.9796849684969,7.217100130039012,3.432240000000001,2261.4951203296764,Cardboard
77.0,64.62,3644.4737024808737,504.9796849684969,7.217100130039012,3.432240000000001,2261.4951203296764,Cardboard
77.0,64.62,3644.4737024808737,504.9796849684969,7.217100130039012,3.432240000000001,2261.4951203296764,Cardboard
77.0,64.62,3644.4737024808737,504.9796849684969,7.217100130039012,3.432240000000001,2261.4951203296764,Cardboard
77.0,64.62,3644.4737024808737,504.9796849684969,7.217100130039012,3.432240000000001,2261.4951203296764,Cardboard
77.0,64.62,3644.4737024808737,504.9796849684969,7.217100130039012,3.432240000000001,2261.4951203296764,Cardboard
77.0,60.84,3644.4737024808737,504.9796849684969,7.217100130039012,3.432240000000001,2261.4951203296764,Cardboard
77.0,60.84,3644.4737024808737,504.9796849684969,7.217100130039012,3.432240000000001,2261.4951203296764,Cardboard
77.0,60.84,3644.4737024808737,504.9796849684969,7.217100130039012,3.432240000000001,2261.4951203296764,Cardboard
77.0,60.84,3644.4737024808737,504.9796849684969,7.217100130039012,3.432240000000001,2261.4951203296764,Cardboard
77.0,60.84,3644.4737024808737,504.9796849684969,7.217100130039012,3.432240000000001,2261.4951203296764,Cardboard
77.0,60.84,3644.4737024808737,504.9796849684969,7.217100130039012,3.432240000000001,2261.4951203296764,Cardboard
77.0,65.42,3644.4737024808737,504.9796849684969,7.217100130039012,3.432240000000001,2261.4951203296764,Cardboard
77.0,65.42,3644.4737024808737,504.9796849684969,7.217100130039012,3.432240000000001,2261.4951203296764,Cardboard
77.0,65.42,3644.4737024808737,504.9796849684969,7.217100130039012,3.432240000000001,2261.4951203296764,Cardboard
85.9,29.04,2384.721143195183,272.549369696695,8.775590355511778,1.5103860000000005,2153.421575835766,Cardboard
85.9,29.04,2384.721143195183,272.549369696695,8.775590355511778,1.5103860000000005,2153.421575835766,Cardboard
85.8,29.44,2384.721143195183,272.549369696695,8.775590355511778,1.5103860000000005,2153.421575835766,Cardboard
85.8,29.44,2384.721143195183,272.549369696695,8.775590355511778,1.5103860000000005,2153.421575835766,Cardboard
85.8,29.44,2384.721143195183,272.549369696695,8.775590355511778,1.5103860000000005,2153.421575835766,Cardboard
85.8,29.44,2384.721143195183,272.549369696695,8.775590355511778,1.5103860000000005,2153.421575835766,Cardboard
85.8,29.44,2384.721143195183,272.549369696695,8.775590355511778,1.5103860000000005,2153.421575835766,Cardboard
85.8,29.44,2384.721143195183,272.549369696695,8.775590355511778,1.5103860000000005,2153.421575835766,Cardboard
85.9,29.17,2384.721143195183,272.549369696695,8.775590355511778,1.5103860000000005,2153.421575835766,Cardboard
85.9,29.17,2384.721143195183,272.549369696695,8.775590355511778,1.5103860000000005,2153.421575835766,Cardboard
85.9,29.17,2384.721143195183,272.549369696695,8.775590355511778,1.5103860000000005,2153.421575835766,Cardboard
85.9,29.17,2384.721143195183,272.549369696695,8.775590355511778,1.5103860000000005,2153.421575835766,Cardboard
85.9,29.17,2384.721143195183,272.549369696695,8.775590355511778,1.5103860000000005,2153.421575835766,Cardboard
85.8,29.67,2384.721143195183,272.549369696695,8.775590355511778,1.5103860000000005,2153.421575835766,Cardboard
85.8,29.67,2384.721143195183,272.549369696695,8.775590355511778,1.5103860000000005,2153.421575835766,Cardboard
85.8,29.67,2384.721143195183,272.549369696695,8.775590355511778,1.5103860000000005,2153.421575835766,Cardboard
85.8,29.67,2384.721143195183,272.549369696695,8.775590355511778,1.5103860000000005,2153.421575835766,Cardboard
85.8,29.67,2384.721143195183,272.549369696695,8.775590355511778,1.5103860000000005,2153.421575835766,Cardboard
85.8,33.42,2384.721143195183,272.549369696695,8.775590355511778,1.5103860000000005,2153.421575835766,Cardboard
85.8,33.42,2384.721143195183,272.549369696695,8.775590355511778,1.5103860000000005,2153.421575835766,Cardboard
97.1,48.55,2352.148286334632,371.8374699671338,6.33325557667194,2.4198327500000008,6407.3052341429,Cardboard
97.1,48.55,2352.148286334632,371.8374699671338,6.33325557667194,2.4198327500000008,6407.3052341429,Cardboard
97.0,45.5,2352.148286334632,371.8374699671338,6.33325557667194,2.4198327500000008,6407.3052341429,Cardboard
97.0,45.5,2352.148286334632,371.8374699671338,6.33325557667194,2.4198327500000008,6407.3052341429,Cardboard
97.0,45.5,2352.148286334632,371.8374699671338,6.33325557667194,2.4198327500000008,6407.3052341429,Cardboard
97.0,45.5,2352.148286334632,371.8374699671338,6.33325557667194,2.4198327500000008,6407.3052341429,Cardboard
97.0,45.5,2352.148286334632,371.8374699671338,6.33325557667194,2.4198327500000008,6407.3052341429,Cardboard
97.0,46.83,2352.148286334632,371.8374699671338,6.33325557667194,2.4198327500000008,6407.3052341429,Cardboard
97.0,46.83,2352.148286334632,371.8374699671338,6.33325557667194,2.4198327500000008,6407.3052341429,Cardboard
97.0,46.83,2352.148286334632,371.8374699671338,6.33325557667194,2.4198327500000008,6407.3052341429,Cardboard
97.0,46.83,2352.148286334632,371.8374699671338,6.33325557667194,2.4198327500000008,6407.3052341429,Cardboard
97.0,46.83,2352.148286334632,371.8374699671338,6.33325557667194,2.4198327500000008,6407.3052341429,Cardboard
97.0,43.66,2352.148286334632,371.8374699671338,6.33325557667194,2.4198327500000008,6407.3052341429,Cardboard
97.0,43.66,2352.148286334632,371.8374699671338,6.33325557667194,2.4198327500000008,6407.3052341429,Cardboard
97.0,43.66,2352.148286334632,371.8374699671338,6.33325557667194,2.4198327500000008,6407.3052341429,Cardboard
97.0,43.66,2352.148286334632,371.8374699671338,6.33325557667194,2.4198327500000008,6407.3052341429,Cardboard
97.0,43.66,2352.148286334632,371.8374699671338,6.33325557667194,2.4198327500000008,6407.3052341429,Cardboard
97.0,43.66,2352.148286334632,371.8374699671338,6.33325557667194,2.4198327500000008,6407.3052341429,Cardboard
97.0,44.93,2352.148286334632,371.8374699671338,6.33325557667194,2.4198327500000008,6407.3052341429,Cardboard
97.0,44.93,2352.148286334632,371.8374699671338,6.33325557667194,2.4198327500000008,6407.3052341429,Cardboard
105.4,20.29,1569.5530711260194,191.30060815898355,8.205615781001285,0.23716275,445.3504310933161,Cardboard
105.4,20.29,1569.5530711260194,191.30060815898355,8.205615781001285,0.23716275,445.3504310933161,Cardboard
105.4,20.29,1569.5530711260194,191.30060815898355,8.205615781001285,0.23716275,445.3504310933161,Cardboard
105.4,20.07,1569.5530711260194,191.30060815898355,8.205615781001285,0.23716275,445.3504310933161,Cardboard
105.4,20.07,1569.5530711260194,191.30060815898355,8.205615781001285,0.23716275,445.3504310933161,Cardboard
105.4,20.07,1569.5530711260194,191.30060815898355,8.205615781001285,0.23716275,445.3504310933161,Cardboard
105.4,20.07,1569.5530711260194,191.30060815898355,8.205615781001285,0.23716275,445.3504310933161,Cardboard
105.4,20.07,1569.5530711260194,191.30060815898355,8.205615781001285,0.23716275,445.3504310933161,Cardboard
105.4,20.07,1569.5530711260194,191.30060815898355,8.205615781001285,0.23716275,445.3504310933161,Cardboard
105.4,19.0,1569.5530711260194,191.30060815898355,8.205615781001285,0.23716275,445.3504310933161,Cardboard
105.4,19.0,1569.5530711260194,191.30060815898355,8.205615781001285,0.23716275,445.3504310933161,Cardboard
105.4,19.0,1569.5530711260194,191.30060815898355,8.205615781001285,0.23716275,445.3504310933161,Cardboard
105.4,19.0,1569.5530711260194,191.30060815898355,8.205615781001285,0.23716275,445.3504310933161,Cardboard
105.4,19.0,1569.5530711260194,191.30060815898355,8.205615781001285,0.23716275,445.3504310933161,Cardboard
105.4,19.8,1569.5530711260194,191.30060815898355,8.205615781001285,0.23716275,445.3504310933161,Cardboard
105.4,19.8,1569.5530711260194,191.30060815898355,8.205615781001285,0.23716275,445.3504310933161,Cardboard
105.4,19.8,1569.5530711260194,191.30060815898355,8.205615781001285,0.23716275,445.3504310933161,Cardboard
105.4,19.8,1569.5530711260194,191.30060815898355,8.205615781001285,0.23716275,445.3504310933161,Cardboard
105.4,19.8,1569.5530711260194,191.30060815898355,8.205615781001285,0.23716275,445.3504310933161,Cardboard
105.5,19.08,1569.5530711260194,191.30060815898355,8.205615781001285,0.23716275,445.3504310933161,Cardboard
117.7,32.12,2119.7435530276125,295.7131123745286,7.170611804341405,1.0584189999999984,2355.680106381161,Cardboard
117.7,32.12,2119.7435530276125,295.7131123745286,7.170611804341405,1.0584189999999984,2355.680106381161,Cardboard
117.7,32.12,2119.7435530276125,295.7131123745286,7.170611804341405,1.0584189999999984,2355.680106381161,Cardboard
117.7,32.12,2119.7435530276125,295.7131123745286,7.170611804341405,1.0584189999999984,2355.680106381161,Cardboard
117.6,29.46,2119.7435530276125,295.7131123745286,7.170611804341405,1.0584189999999984,2355.680106381161,Cardboard
117.6,29.46,2119.7435530276125,295.7131123745286,7.170611804341405,1.0584189999999984,2355.680106381161,Cardboard
117.6,29.46,2119.7435530276125,295.7131123745286,7.170611804341405,1.0584189999999984,2355.680106381161,Cardboard
117.6,29.46,2119.7435530276125,295.7131123745286,7.170611804341405,1.0584189999999984,2355.680106381161,Cardboard
117.6,29.46,2119.7435530276125,295.7131123745286,7.170611804341405,1.0584189999999984,2355.680106381161,Cardboard
117.8,31.7,2119.7435530276125,295.7131123745286,7.170611804341405,1.0584189999999984,2355.680106381161,Cardboard
117.8,31.7,2119.7435530276125,295.7131123745286,7.170611804341405,1.0584189999999984,2355.680106381161,Cardboard
117.8,31.7,2119.7435530276125,295.7131123745286,7.170611804341405,1.0584189999999984,2355.680106381161,Cardboard
117.8,31.7,2119.7435530276125,295.7131123745286,7.170611804341405,1.0584189999999984,2355.680106381161,Cardboard
117.8,31.7,2119.7435530276125,295.7131123745286,7.170611804341405,1.0584189999999984,2355.680106381161,Cardboard
117.8,31.7,2119.7435530276125,295.7131123745286,7.170611804341405,1.0584189999999984,2355.680106381161,Cardboard
117.9,31.68,2119.7435530276125,295.7131123745286,7.170611804341405,1.0584189999999984,2355.680106381161,Cardboard
117.9,31.68,2119.7435530276125,295.7131123745286,7.170611804341405,1.0584189999999984,2355.680106381161,Cardboard
117.9,31.68,2119.7435530276125,295.7131123745286,7.170611804341405,1.0584189999999984,2355.680106381161,Cardboard
117.9,31.68,2119.7435530276125,295.7131123745286,7.170611804341405,1.0584189999999984,2355.680106381161,Cardboard
117.9,31.68,2119.7435530276125,295.7131123745286,7.170611804341405,1.0584189999999984,2355.680106381161,Cardboard
126.9,31.43,1763.6774231678487,283.13538975976564,6.2378841607565,1.7801727500000006,3082.396209002829,Cardboard
126.9,31.43,1763.6774231678487,283.13538975976564,6.2378841607565,1.7801727500000006,3082.396209002829,Cardboard
126.9,31.43,1763.6774231678487,283.13538975976564,6.2378841607565,1.7801727500000006,3082.396209002829,Cardboard
126.9,31.43,1763.6774231678487,283.13538975976564,6.2378841607565,1.7801727500000006,3082.396209002829,Cardboard
126.9,29.61,1763.6774231678487,283.13538975976564,6.2378841607565,1.7801727500000006,3082.396209002829,Cardboard
126.9,29.61,1763.6774231678487,283.13538975976564,6.2378841607565,1.7801727500000006,3082.396209002829,Cardboard
126.9,29.61,1763.6774231678487,283.13538975976564,6.2378841607565,1.7801727500000006,3082.396209002829,Cardboard
126.9,29.61,1763.6774231678487,283.13538975976564,6.2378841607565,1.7801727500000006,3082.396209002829,Cardboard
126.9,29.61,1763.6774231678487,283.13538975976564,6.2378841607565,1.7801727500000006,3082.396209002829,Cardboard
126.9,29.61,1763.6774231678487,283.13538975976564,6.2378841607565,1.7801727500000006,3082.396209002829,Cardboard
126.9,30.3,1763.6774231678487,283.13538975976564,6.2378841607565,1.7801727500000006,3082.396209002829,Cardboard
126.9,30.3,1763.6774231678487,283.13538975976564,6.2378841607565,1.7801727500000006,3082.396209002829,Cardboard
126.9,30.3,1763.6774231678487,283.13538975976564,6.2378841607565,1.7801727500000006,3082.396209002829,Cardboard
126.9,30.3,1763.6774231678487,283.13538975976564,6.2378841607565,1.7801727500000006,3082.396209002829,Cardboard
126.9,30.3,1763.6774231678487,283.13538975976564,6.2378841607565,1.7801727500000006,3082.396209002829,Cardboard
126.9,27.61,1763.6774231678487,283.13538975976564,6.2378841607565,1.7801727500000006,3082.396209002829,Cardboard
126.9,27.61,1763.6774231678487,283.13538975976564,6.2378841607565,1.7801727500000006,3082.396209002829,Cardboard
126.9,27.61,1763.6774231678487,283.13538975976564,6.2378841607565,1.7801727500000006,3082.396209002829,Cardboard
126.9,27.61,1763.6774231678487,283.13538975976564,6.2378841607565,1.7801727500000006,3082.396209002829,Cardboard
126.9,27.61,1763.6774231678487,283.13538975976564,6.2378841607565,1.7801727500000006,3082.396209002829,Cardboard
137.0,20.95,1307.802483772016,201.6717371737174,6.48475616822877,0.3834009999999997,1894.2890664837807,Cardboard
137.0,20.95,1307.802483772016,201.6717371737174,6.48475616822877,0.3834009999999997,1894.2890664837807,Cardboard
137.0,20.95,1307.802483772016,201.6717371737174,6.48475616822877,0.3834009999999997,1894.2890664837807,Cardboard
137.0,20.95,1307.802483772016,201.6717371737174,6.48475616822877,0.3834009999999997,1894.2890664837807,Cardboard
137.0,20.95,1307.802483772016,201.6717371737174,6.48475616822877,0.3834009999999997,1894.2890664837807,Cardboard
137.0,20.47,1307.802483772016,201.6717371737174,6.48475616822877,0.3834009999999997,1894.2890664837807,Cardboard
137.0,20.47,1307.802483772016,201.6717371737174,6.48475616822877,0.3834009999999997,1894.2890664837807,Cardboard
137.0,20.47,1307.802483772016,201.6717371737174,6.48475616822877,0.3834009999999997,1894.2890664837807,Cardboard
137.0,20.47,1307.802483772016,201.6717371737174,6.48475616822877,0.3834009999999997,1894.2890664837807,Cardboard
137.0,20.47,1307.802483772016,201.6717371737174,6.48475616822877,0.3834009999999997,1894.2890664837807,Cardboard
137.0,19.36,1307.802483772016,201.6717371737174,6.48475616822877,0.3834009999999997,1894.2890664837807,Cardboard
137.0,19.36,1307.802483772016,201.6717371737174,6.48475616822877,0.3834009999999997,1894.2890664837807,Cardboard
137.0,19.36,1307.802483772016,201.6717371737174,6.48475616822877,0.3834009999999997,1894.2890664837807,Cardboard
137.0,19.36,1307.802483772016,201.6717371737174,6.48475616822877,0.3834009999999997,1894.2890664837807,Cardboard
137.0,19.36,1307.802483772016,201.6717371737174,6.48475616822877,0.3834009999999997,1894.2890664837807,Cardboard
137.0,19.36,1307.802483772016,201.6717371737174,6.48475616822877,0.3834009999999997,1894.2890664837807,Cardboard
137.3,19.92,1307.802483772016,201.6717371737174,6.48475616822877,0.3834009999999997,1894.2890664837807,Cardboard
137.3,19.92,1307.802483772016,201.6717371737174,6.48475616822877,0.3834009999999997,1894.2890664837807,Cardboard
137.3,19.92,1307.802483772016,201.6717371737174,6.48475616822877,0.3834009999999997,1894.2890664837807,Cardboard
137.3,19.92,1307.802483772016,201.6717371737174,6.48475616822877,0.3834009999999997,1894.2890664837807,Cardboard
147.3,13.4,988.1304820095044,144.44607251933985,6.840984385607603,0.04420875,103.4263728456133,Cardboard
147.3,13.4,988.1304820095044,144.44607251933985,6.840984385607603,0.04420875,103.4263728456133,Cardboard
147.3,13.4,988.1304820095044,144.44607251933985,6.840984385607603,0.04420875,103.4263728456133,Cardboard
147.3,13.67,988.1304820095044,144.44607251933985,6.840984385607603,0.04420875,103.4263728456133,Cardboard
147.3,13.67,988.1304820095044,144.44607251933985,6.840984385607603,0.04420875,103.4263728456133,Cardboard
147.3,13.67,988.1304820095044,144.44607251933985,6.840984385607603,0.04420875,103.4263728456133,Cardboard
147.3,13.67,988.1304820095044,144.44607251933985,6.840984385607603,0.04420875,103.4263728456133,Cardboard
147.3,13.67,988.1304820095044,144.44607251933985,6.840984385607603,0.04420875,103.4263728456133,Cardboard
147.3,13.67,988.1304820095044,144.44607251933985,6.840984385607603,0.04420875,103.4263728456133,Cardboard
147.3,13.17,988.1304820095044,144.44607251933985,6.840984385607603,0.04420875,103.4263728456133,Cardboard
147.3,13.17,988.1304820095044,144.44607251933985,6.840984385607603,0.04420875,103.4263728456133,Cardboard
147.3,13.17,988.1304820095044,144.44607251933985,6.840984385607603,0.04420875,103.4263728456133,Cardboard
147.3,13.17,988.1304820095044,144.44607251933985,6.840984385607603,0.04420875,103.4263728456133,Cardboard
147.3,13.17,988.1304820095044,144.44607251933985,6.840984385607603,0.04420875,103.4263728456133,Cardboard
147.3,13.64,988.1304820095044,144.44607251933985,6.840984385607603,0.04420875,103.4263728456133,Cardboard
147.3,13.64,988.1304820095044,144.44607251933985,6.840984385607603,0.04420875,103.4263728456133,Cardboard
147.3,13.64,988.1304820095044,144.44607251933985,6.840984385607603,0.04420875,103.4263728456133,Cardboard
147.3,13.64,988.1304820095044,144.44607251933985,6.840984385607603,0.04420875,103.4263728456133,Cardboard
147.3,13.64,988.1304820095044,144.44607251933985,6.840984385607603,0.04420875,103.4263728456133,Cardboard
147.3,13.28,988.1304820095044,144.44607251933985,6.840984385607603,0.04420875,103.4263728456133,Cardboard
156.1,12.12,909.1906985666784,132.5823570667566,6.857916300832541,0.0118447499999999,965.1380449966716,Cardboard
156.1,12.12,909.1906985666784,132.5823570667566,6.857916300832541,0.0118447499999999,965.1380449966716,Cardboard
156.1,12.12,909.1906985666784,132.5823570667566,6.857916300832541,0.0118447499999999,965.1380449966716,Cardboard
156.1,12.12,909.1906985666784,132.5823570667566,6.857916300832541,0.0118447499999999,965.1380449966716,Cardboard
156.1,12.12,909.1906985666784,132.5823570667566,6.857916300832541,0.0118447499999999,965.1380449966716,Cardboard
155.8,12.33,909.1906985666784,132.5823570667566,6.857916300832541,0.0118447499999999,965.1380449966716,Cardboard
155.8,12.33,909.1906985666784,132.5823570667566,6.857916300832541,0.0118447499999999,965.1380449966716,Cardboard
155.8,12.33,909.1906985666784,132.5823570667566,6.857916300832541,0.0118447499999999,965.1380449966716,Cardboard
155.8,12.33,909.1906985666784,132.5823570667566,6.857916300832541,0.0118447499999999,965.1380449966716,Cardboard
155.8,12.33,909.1906985666784,132.5823570667566,6.857916300832541,0.0118447499999999,965.1380449966716,Cardboard
155.5,12.07,909.1906985666784,132.5823570667566,6.857916300832541,0.0118447499999999,965.1380449966716,Cardboard
155.5,12.07,909.1906985666784,132.5823570667566,6.857916300832541,0.0118447499999999,965.1380449966716,Cardboard
155.5,12.07,909.1906985666784,132.5823570667566,6.857916300832541,0.0118447499999999,965.1380449966716,Cardboard
155.5,12.07,909.1906985666784,132.5823570667566,6.857916300832541,0.0118447499999999,965.1380449966716,Cardboard
155.5,12.07,909.1906985666784,132.5823570667566,6.857916300832541,0.0118447499999999,965.1380449966716,Cardboard
155.5,12.07,909.1906985666784,132.5823570667566,6.857916300832541,0.0118447499999999,965.1380449966716,Cardboard
155.7,12.06,909.1906985666784,132.5823570667566,6.857916300832541,0.0118447499999999,965.1380449966716,Cardboard
155.7,12.06,909.1906985666784,132.5823570667566,6.857916300832541,0.0118447499999999,965.1380449966716,Cardboard
155.7,12.06,909.1906985666784,132.5823570667566,6.857916300832541,0.0118447499999999,965.1380449966716,Cardboard
155.7,12.06,909.1906985666784,132.5823570667566,6.857916300832541,0.0118447499999999,965.1380449966716,Cardboard
165.0,9.96,638.3157878787881,106.27174083003914,6.009499999999999,0.0323147500000001,994.7769305100514,Cardboard
165.0,9.96,638.3157878787881,106.27174083003914,6.009499999999999,0.0323147500000001,994.7769305100514,Cardboard
165.0,9.96,638.3157878787881,106.27174083003914,6.009499999999999,0.0323147500000001,994.7769305100514,Cardboard
165.0,9.96,638.3157878787881,106.27174083003914,6.009499999999999,0.0323147500000001,994.7769305100514,Cardboard
165.0,9.96,638.3157878787881,106.27174083003914,6.009499999999999,0.0323147500000001,994.7769305100514,Cardboard
165.0,9.87,638.3157878787881,106.27174083003914,6.009499999999999,0.0323147500000001,994.7769305100514,Cardboard
165.0,9.87,638.3157878787881,106.27174083003914,6.009499999999999,0.0323147500000001,994.7769305100514,Cardboard
165.0,9.87,638.3157878787881,106.27174083003914,6.009499999999999,0.0323147500000001,994.7769305100514,Cardboard
165.0,9.87,638.3157878787881,106.27174083003914,6.009499999999999,0.0323147500000001,994.7769305100514,Cardboard
165.0,9.87,638.3157878787881,106.27174083003914,6.009499999999999,0.0323147500000001,994.7769305100514,Cardboard
165.0,9.52,638.3157878787881,106.27174083003914,6.009499999999999,0.0323147500000001,994.7769305100514,Cardboard
165.0,9.52,638.3157878787881,106.27174083003914,6.009499999999999,0.0323147500000001,994.7769305100514,Cardboard
165.0,9.52,638.3157878787881,106.27174083003914,6.009499999999999,0.0323147500000001,994.7769305100514,Cardboard
165.0,9.52,638.3157878787881,106.27174083003914,6.009499999999999,0.0323147500000001,994.7769305100514,Cardboard
165.0,9.52,638.3157878787881,106.27174083003914,6.009499999999999,0.0323147500000001,994.7769305100514,Cardboard
165.0,9.52,638.3157878787881,106.27174083003914,6.009499999999999,0.0323147500000001,994.7769305100514,Cardboard
165.0,9.88,638.3157878787881,106.27174083003914,6.009499999999999,0.0323147500000001,994.7769305100514,Cardboard
165.0,9.88,638.3157878787881,106.27174083003914,6.009499999999999,0.0323147500000001,994.7769305100514,Cardboard
165.0,9.88,638.3157878787881,106.27174083003914,6.009499999999999,0.0323147500000001,994.7769305100514,Cardboard
165.0,9.88,638.3157878787881,106.27174083003914,6.009499999999999,0.0323147500000001,994.7769305100514,Cardboard
177.0,24.4,1302.0387459604997,248.3632500076461,5.245981892830825,0.7123890000000004,1734.6803573281156,Cardboard
177.0,24.4,1302.0387459604997,248.3632500076461,5.245981892830825,0.7123890000000004,1734.6803573281156,Cardboard
177.0,24.4,1302.0387459604997,248.3632500076461,5.245981892830825,0.7123890000000004,1734.6803573281156,Cardboard
177.0,24.4,1302.0387459604997,248.3632500076461,5.245981892830825,0.7123890000000004,1734.6803573281156,Cardboard
177.1,24.12,1302.0387459604997,248.3632500076461,5.245981892830825,0.7123890000000004,1734.6803573281156,Cardboard
177.1,24.12,1302.0387459604997,248.3632500076461,5.245981892830825,0.7123890000000004,1734.6803573281156,Cardboard
177.1,24.12,1302.0387459604997,248.3632500076461,5.245981892830825,0.7123890000000004,1734.6803573281156,Cardboard
177.1,24.12,1302.0387459604997,248.3632500076461,5.245981892830825,0.7123890000000004,1734.6803573281156,Cardboard
177.1,24.12,1302.0387459604997,248.3632500076461,5.245981892830825,0.7123890000000004,1734.6803573281156,Cardboard
177.0,23.63,1302.0387459604997,248.3632500076461,5.245981892830825,0.7123890000000004,1734.6803573281156,Cardboard
177.0,23.63,1302.0387459604997,248.3632500076461,5.245981892830825,0.7123890000000004,1734.6803573281156,Cardboard
177.0,23.63,1302.0387459604997,248.3632500076461,5.245981892830825,0.7123890000000004,1734.6803573281156,Cardboard
177.0,23.63,1302.0387459604997,248.3632500076461,5.245981892830825,0.7123890000000004,1734.6803573281156,Cardboard
177.0,23.63,1302.0387459604997,248.3632500076461,5.245981892830825,0.7123890000000004,1734.6803573281156,Cardboard
177.0,23.63,1302.0387459604997,248.3632500076461,5.245981892830825,0.7123890000000004,1734.6803573281156,Cardboard
177.1,25.84,1302.0387459604997,248.3632500076461,5.245981892830825,0.7123890000000004,1734.6803573281156,Cardboard
177.1,25.84,1302.0387459604997,248.3632500076461,5.245981892830825,0.7123890000000004,1734.6803573281156,Cardboard
177.1,25.84,1302.0387459604997,248.3632500076461,5.245981892830825,0.7123890000000004,1734.6803573281156,Cardboard
177.1,25.84,1302.0387459604997,248.3632500076461,5.245981892830825,0.7123890000000004,1734.6803573281156,Cardboard
177.1,25.84,1302.0387459604997,248.3632500076461,5.245981892830825,0.7123890000000004,1734.6803573281156,Cardboard
184.3,8.3,486.077128765396,84.56764285401104,5.748146475330375,0.0383127499999999,191.1915573449853,Cardboard
184.3,8.3,486.077128765396,84.56764285401104,5.748146475330375,0.0383127499999999,191.1915573449853,Cardboard
184.3,8.3,486.077128765396,84.56764285401104,5.748146475330375,0.0383127499999999,191.1915573449853,Cardboard
184.3,8.3,486.077128765396,84.56764285401104,5.748146475330375,0.0383127499999999,191.1915573449853,Cardboard
184.0,7.98,486.077128765396,84.56764285401104,5.748146475330375,0.0383127499999999,191.1915573449853,Cardboard
184.0,7.98,486.077128765396,84.56764285401104,5.748146475330375,0.0383127499999999,191.1915573449853,Cardboard
184.0,7.98,486.077128765396,84.56764285401104,5.748146475330375,0.0383127499999999,191.1915573449853,Cardboard
184.0,7.98,486.077128765396,84.56764285401104,5.748146475330375,0.0383127499999999,191.1915573449853,Cardboard
184.0,7.98,486.077128765396,84.56764285401104,5.748146475330375,0.0383127499999999,191.1915573449853,Cardboard
184.0,7.98,486.077128765396,84.56764285401104,5.748146475330375,0.0383127499999999,191.1915573449853,Cardboard
183.5,8.14,486.077128765396,84.56764285401104,5.748146475330375,0.0383127499999999,191.1915573449853,Cardboard
183.5,8.14,486.077128765396,84.56764285401104,5.748146475330375,0.0383127499999999,191.1915573449853,Cardboard
183.5,8.14,486.077128765396,84.56764285401104,5.748146475330375,0.0383127499999999,191.1915573449853,Cardboard
183.5,8.14,486.077128765396,84.56764285401104,5.748146475330375,0.0383127499999999,191.1915573449853,Cardboard
183.5,8.14,486.077128765396,84.56764285401104,5.748146475330375,0.0383127499999999,191.1915573449853,Cardboard
183.5,8.49,486.077128765396,84.56764285401104,5.748146475330375,0.0383127499999999,191.1915573449853,Cardboard
183.5,8.49,486.077128765396,84.56764285401104,5.748146475330375,0.0383127499999999,191.1915573449853,Cardboard
183.5,8.49,486.077128765396,84.56764285401104,5.748146475330375,0.0383127499999999,191.1915573449853,Cardboard
183.5,8.49,486.077128765396,84.56764285401104,5.748146475330375,0.0383127499999999,191.1915573449853,Cardboard
183.5,8.49,486.077128765396,84.56764285401104,5.748146475330375,0.0383127499999999,191.1915573449853,Cardboard
194.8,10.09,549.1410197590892,100.39311689021228,5.471289255664862,0.078111,1338.9365075592602,Cardboard
194.8,10.09,549.1410197590892,100.39311689021228,5.471289255664862,0.078111,1338.9365075592602,Cardboard
194.4,9.34,549.1410197590892,100.39311689021228,5.471289255664862,0.078111,1338.9365075592602,Cardboard
194.4,9.34,549.1410197590892,100.39311689021228,5.471289255664862,0.078111,1338.9365075592602,Cardboard
194.4,9.34,549.1410197590892,100.39311689021228,5.471289255664862,0.078111,1338.9365075592602,Cardboard
194.4,9.34,549.1410197590892,100.39311689021228,5.471289255664862,0.078111,1338.9365075592602,Cardboard
194.4,9.34,549.1410197590892,100.39311689021228,5.471289255664862,0.078111,1338.9365075592602,Cardboard
194.4,9.44,549.1410197590892,100.39311689021228,5.471289255664862,0.078111,1338.9365075592602,Cardboard
194.4,9.44,549.1410197590892,100.39311689021228,5.471289255664862,0.078111,1338.9365075592602,Cardboard
194.4,9.44,549.1410197590892,100.39311689021228,5.471289255664862,0.078111,1338.9365075592602,Cardboard
194.4,9.44,549.1410197590892,100.39311689021228,5.471289255664862,0.078111,1338.9365075592602,Cardboard
194.4,9.44,549.1410197590892,100.39311689021228,5.471289255664862,0.078111,1338.9365075592602,Cardboard
194.1,9.1,549.1410197590892,100.39311689021228,5.471289255664862,0.078111,1338.9365075592602,Cardboard
194.1,9.1,549.1410197590892,100.39311689021228,5.471289255664862,0.078111,1338.9365075592602,Cardboard
194.1,9.1,549.1410197590892,100.39311689021228,5.471289255664862,0.078111,1338.9365075592602,Cardboard
194.1,9.1,549.1410197590892,100.39311689021228,5.471289255664862,0.078111,1338.9365075592602,Cardboard
194.1,9.1,549.1410197590892,100.39311689021228,5.471289255664862,0.078111,1338.9365075592602,Cardboard
194.1,9.1,549.1410197590892,100.39311689021228,5.471289255664862,0.078111,1338.9365075592602,Cardboard
194.2,9.19,549.1410197590892,100.39311689021228,5.471289255664862,0.078111,1338.9365075592602,Cardboard
194.2,9.19,549.1410197590892,100.39311689021228,5.471289255664862,0.078111,1338.9365075592602,Cardboard
204.1,7.3,371.934076433121,66.3795659375337,5.628486036256739,0.005875,3432.2423156698924,Cardboard
204.1,7.3,371.934076433121,66.3795659375337,5.628486036256739,0.005875,3432.2423156698924,Cardboard
204.1,7.3,371.934076433121,66.3795659375337,5.628486036256739,0.005875,3432.2423156698924,Cardboard
204.1,7.3,371.934076433121,66.3795659375337,5.628486036256739,0.005875,3432.2423156698924,Cardboard
204.1,7.3,371.934076433121,66.3795659375337,5.628486036256739,0.005875,3432.2423156698924,Cardboard
204.1,7.22,371.934076433121,66.3795659375337,5.628486036256739,0.005875,3432.2423156698924,Cardboard
204.1,7.22,371.934076433121,66.3795659375337,5.628486036256739,0.005875,3432.2423156698924,Cardboard
204.1,7.22,371.934076433121,66.3795659375337,5.628486036256739,0.005875,3432.2423156698924,Cardboard
204.1,7.22,371.934076433121,66.3795659375337,5.628486036256739,0.005875,3432.2423156698924,Cardboard
204.1,7.22,371.934076433121,66.3795659375337,5.628486036256739,0.005875,3432.2423156698924,Cardboard
204.1,7.22,371.934076433121,66.3795659375337,5.628486036256739,0.005875,3432.2423156698924,Cardboard
204.1,7.12,371.934076433121,66.3795659375337,5.628486036256739,0.005875,3432.2423156698924,Cardboard
204.1,7.12,371.934076433121,66.3795659375337,5.628486036256739,0.005875,3432.2423156698924,Cardboard
204.1,7.12,371.934076433121,66.3795659375337,5.628486036256739,0.005875,3432.2423156698924,Cardboard
204.1,7.12,371.934076433121,66.3795659375337,5.628486036256739,0.005875,3432.2423156698924,Cardboard
204.1,7.12,371.934076433121,66.3795659375337,5.628486036256739,0.005875,3432.2423156698924,Cardboard
204.1,7.32,371.934076433121,66.3795659375337,5.628486036256739,0.005875,3432.2423156698924,Cardboard
204.1,7.32,371.934076433121,66.3795659375337,5.628486036256739,0.005875,3432.2423156698924,Cardboard
204.1,7.32,371.934076433121,66.3795659375337,5.628486036256739,0.005875,3432.2423156698924,Cardboard
204.1,7.32,371.934076433121,66.3795659375337,5.628486036256739,0.005875,3432.2423156698924,Cardboard
214.9,8.89,403.9436370513056,89.89969195555189,4.496215449046066,0.0266249999999999,947.395833574859,Cardboard
214.9,8.89,403.9436370513056,89.89969195555189,4.496215449046066,0.0266249999999999,947.395833574859,Cardboard
214.9,8.89,403.9436370513056,89.89969195555189,4.496215449046066,0.0266249999999999,947.395833574859,Cardboard
214.9,8.89,403.9436370513056,89.89969195555189,4.496215449046066,0.0266249999999999,947.395833574859,Cardboard
214.9,8.89,403.9436370513056,89.89969195555189,4.496215449046066,0.0266249999999999,947.395833574859,Cardboard
215.0,8.94,403.9436370513056,89.89969195555189,4.496215449046066,0.0266249999999999,947.395833574859,Cardboard
215.0,8.94,403.9436370513056,89.89969195555189,4.496215449046066,0.0266249999999999,947.395833574859,Cardboard
215.0,8.94,403.9436370513056,89.89969195555189,4.496215449046066,0.0266249999999999,947.395833574859,Cardboard
215.0,8.94,403.9436370513056,89.89969195555189,4.496215449046066,0.0266249999999999,947.395833574859,Cardboard
215.0,8.94,403.9436370513056,89.89969195555189,4.496215449046066,0.0266249999999999,947.395833574859,Cardboard
215.0,8.94,403.9436370513056,89.89969195555189,4.496215449046066,0.0266249999999999,947.395833574859,Cardboard
215.0,9.05,403.9436370513056,89.89969195555189,4.496215449046066,0.0266249999999999,947.395833574859,Cardboard
215.0,9.05,403.9436370513056,89.89969195555189,4.496215449046066,0.0266249999999999,947.395833574859,Cardboard
215.0,9.05,403.9436370513056,89.89969195555189,4.496215449046066,0.0266249999999999,947.395833574859,Cardboard
215.0,9.05,403.9436370513056,89.89969195555189,4.496215449046066,0.0266249999999999,947.395833574859,Cardboard
215.0,9.05,403.9436370513056,89.89969195555189,4.496215449046066,0.0266249999999999,947.395833574859,Cardboard
215.0,9.34,403.9436370513056,89.89969195555189,4.496215449046066,0.0266249999999999,947.395833574859,Cardboard
215.0,9.34,403.9436370513056,89.89969195555189,4.496215449046066,0.0266249999999999,947.395833574859,Cardboard
215.0,9.34,403.9436370513056,89.89969195555189,4.496215449046066,0.0266249999999999,947.395833574859,Cardboard
215.0,9.34,403.9436370513056,89.89969195555189,4.496215449046066,0.0266249999999999,947.395833574859,Cardboard
224.3,7.28,344.7561142053081,74.93998801418705,4.601077529690513,0.00265275,574.974760228654,Cardboard
224.3,7.28,344.7561142053081,74.93998801418705,4.601077529690513,0.00265275,574.974760228654,Cardboard
224.3,7.13,344.7561142053081,74.93998801418705,4.601077529690513,0.00265275,574.974760228654,Cardboard
224.3,7.13,344.7561142053081,74.93998801418705,4.601077529690513,0.00265275,574.974760228654,Cardboard
224.3,7.13,344.7561142053081,74.93998801418705,4.601077529690513,0.00265275,574.974760228654,Cardboard
224.3,7.13,344.7561142053081,74.93998801418705,4.601077529690513,0.00265275,574.974760228654,Cardboard
224.3,7.13,344.7561142053081,74.93998801418705,4.601077529690513,0.00265275,574.974760228654,Cardboard
224.3,7.13,344.7561142053081,74.93998801418705,4.601077529690513,0.00265275,574.974760228654,Cardboard
224.5,7.18,344.7561142053081,74.93998801418705,4.601077529690513,0.00265275,574.974760228654,Cardboard
224.5,7.18,344.7561142053081,74.93998801418705,4.601077529690513,0.00265275,574.974760228654,Cardboard
224.5,7.18,344.7561142053081,74.93998801418705,4.601077529690513,0.00265275,574.974760228654,Cardboard
224.5,7.18,344.7561142053081,74.93998801418705,4.601077529690513,0.00265275,574.974760228654,Cardboard
224.5,7.18,344.7561142053081,74.93998801418705,4.601077529690513,0.00265275,574.974760228654,Cardboard
224.2,7.24,344.7561142053081,74.93998801418705,4.601077529690513,0.00265275,574.974760228654,Cardboard
224.2,7.24,344.7561142053081,74.93998801418705,4.601077529690513,0.00265275,574.974760228654,Cardboard
224.2,7.24,344.7561142053081,74.93998801418705,4.601077529690513,0.00265275,574.974760228654,Cardboard
224.2,7.24,344.7561142053081,74.93998801418705,4.601077529690513,0.00265275,574.974760228654,Cardboard
224.2,7.24,344.7561142053081,74.93998801418705,4.601077529690513,0.00265275,574.974760228654,Cardboard
224.2,7.24,344.7561142053081,74.93998801418705,4.601077529690513,0.00265275,574.974760228654,Cardboard
224.3,7.19,344.7561142053081,74.93998801418705,4.601077529690513,0.00265275,574.974760228654,Cardboard
235.2,6.49,325.06960587254224,64.01061739397706,5.080547645216455,0.02536875,1218.2567904592192,Cardboard
235.2,6.49,325.06960587254224,64.01061739397706,5.080547645216455,0.02536875,1218.2567904592192,Cardboard
235.2,6.49,325.06960587254224,64.01061739397706,5.080547645216455,0.02536875,1218.2567904592192,Cardboard
235.2,6.49,325.06960587254224,64.01061739397706,5.080547645216455,0.02536875,1218.2567904592192,Cardboard
235.2,6.49,325.06960587254224,64.01061739397706,5.080547645216455,0.02536875,1218.2567904592192,Cardboard
235.3,6.73,325.06960587254224,64.01061739397706,5.080547645216455,0.02536875,1218.2567904592192,Cardboard
235.3,6.73,325.06960587254224,64.01061739397706,5.080547645216455,0.02536875,1218.2567904592192,Cardboard
235.3,6.73,325.06960587254224,64.01061739397706,5.080547645216455,0.02536875,1218.2567904592192,Cardboard
235.3,6.73,325.06960587254224,64.01061739397706,5.080547645216455,0.02536875,1218.2567904592192,Cardboard
235.3,6.73,325.06960587254224,64.01061739397706,5.080547645216455,0.02536875,1218.2567904592192,Cardboard
234.9,6.73,325.06960587254224,64.01061739397706,5.080547645216455,0.02536875,1218.2567904592192,Cardboard
234.9,6.73,325.06960587254224,64.01061739397706,5.080547645216455,0.02536875,1218.2567904592192,Cardboard
234.9,6.73,325.06960587254224,64.01061739397706,5.080547645216455,0.02536875,1218.2567904592192,Cardboard
234.9,6.73,325.06960587254224,64.01061739397706,5.080547645216455,0.02536875,1218.2567904592192,Cardboard
234.9,6.73,325.06960587254224,64.01061739397706,5.080547645216455,0.02536875,1218.2567904592192,Cardboard
234.9,6.94,325.06960587254224,64.01061739397706,5.080547645216455,0.02536875,1218.2567904592192,Cardboard
234.9,6.94,325.06960587254224,64.01061739397706,5.080547645216455,0.02536875,1218.2567904592192,Cardboard
234.9,6.94,325.06960587254224,64.01061739397706,5.080547645216455,0.02536875,1218.2567904592192,Cardboard
234.9,6.94,325.06960587254224,64.01061739397706,5.080547645216455,0.02536875,1218.2567904592192,Cardboard
234.9,6.94,325.06960587254224,64.01061739397706,5.080547645216455,0.02536875,1218.2567904592192,Cardboard
244.5,4.9,284.31641608435467,42.67316493471237,6.712926772477749,0.00892275,6759.936076169656,Cardboard
244.5,4.9,284.31641608435467,42.67316493471237,6.712926772477749,0.00892275,6759.936076169656,Cardboard
244.5,4.9,284.31641608435467,42.67316493471237,6.712926772477749,0.00892275,6759.936076169656,Cardboard
244.5,4.9,284.31641608435467,42.67316493471237,6.712926772477749,0.00892275,6759.936076169656,Cardboard
244.5,4.98,284.31641608435467,42.67316493471237,6.712926772477749,0.00892275,6759.936076169656,Cardboard
244.5,4.98,284.31641608435467,42.67316493471237,6.712926772477749,0.00892275,6759.936076169656,Cardboard
244.5,4.98,284.31641608435467,42.67316493471237,6.712926772477749,0.00892275,6759.936076169656,Cardboard
244.5,4.98,284.31641608435467,42.67316493471237,6.712926772477749,0.00892275,6759.936076169656,Cardboard
244.5,4.98,284.31641608435467,42.67316493471237,6.712926772477749,0.00892275,6759.936076169656,Cardboard
244.5,4.98,284.31641608435467,42.67316493471237,6.712926772477749,0.00892275,6759.936076169656,Cardboard
244.5,4.73,284.31641608435467,42.67316493471237,6.712926772477749,0.00892275,6759.936076169656,Cardboard
244.5,4.73,284.31641608435467,42.67316493471237,6.712926772477749,0.00892275,6759.936076169656,Cardboard
244.5,4.73,284.31641608435467,42.67316493471237,6.712926772477749,0.00892275,6759.936076169656,Cardboard
244.5,4.73,284.31641608435467,42.67316493471237,6.712926772477749,0.00892275,6759.936076169656,Cardboard
244.5,4.73,284.31641608435467,42.67316493471237,6.712926772477749,0.00892275,6759.936076169656,Cardboard
244.6,4.84,284.31641608435467,42.67316493471237,6.712926772477749,0.00892275,6759.936076169656,Cardboard
244.6,4.84,284.31641608435467,42.67316493471237,6.712926772477749,0.00892275,6759.936076169656,Cardboard
244.6,4.84,284.31641608435467,42.67316493471237,6.712926772477749,0.00892275,6759.936076169656,Cardboard
244.6,4.84,284.31641608435467,42.67316493471237,6.712926772477749,0.00892275,6759.936076169656,Cardboard
244.6,4.84,284.31641608435467,42.67316493471237,6.712926772477749,0.00892275,6759.936076169656,Cardboard
256.0,6.36,258.63239577661017,59.34708219516822,4.357945284885799,0.0206947499999999,973.8501180879964,Cardboard
256.0,6.36,258.63239577661017,59.34708219516822,4.357945284885799,0.0206947499999999,973.8501180879964,Cardboard
256.0,6.36,258.63239577661017,59.34708219516822,4.357945284885799,0.0206947499999999,973.8501180879964,Cardboard
256.0,6.36,258.63239577661017,59.34708219516822,4.357945284885799,0.0206947499999999,973.8501180879964,Cardboard
256.0,6.2,258.63239577661017,59.34708219516822,4.357945284885799,0.0206947499999999,973.8501180879964,Cardboard
256.0,6.2,258.63239577661017,59.34708219516822,4.357945284885799,0.0206947499999999,973.8501180879964,Cardboard
256.0,6.2,258.63239577661017,59.34708219516822,4.357945284885799,0.0206947499999999,973.8501180879964,Cardboard
256.0,6.2,258.63239577661017,59.34708219516822,4.357945284885799,0.0206947499999999,973.8501180879964,Cardboard
256.0,6.2,258.63239577661017,59.34708219516822,4.357945284885799,0.0206947499999999,973.8501180879964,Cardboard
256.0,6.2,258.63239577661017,59.34708219516822,4.357945284885799,0.0206947499999999,973.8501180879964,Cardboard
255.6,5.94,258.63239577661017,59.34708219516822,4.357945284885799,0.0206947499999999,973.8501180879964,Cardboard
255.6,5.94,258.63239577661017,59.34708219516822,4.357945284885799,0.0206947499999999,973.8501180879964,Cardboard
255.6,5.94,258.63239577661017,59.34708219516822,4.357945284885799,0.0206947499999999,973.8501180879964,Cardboard
255.6,5.94,258.63239577661017,59.34708219516822,4.357945284885799,0.0206947499999999,973.8501180879964,Cardboard
255.6,5.94,258.63239577661017,59.34708219516822,4.357945284885799,0.0206947499999999,973.8501180879964,Cardboard
255.2,6.13,258.63239577661017,59.34708219516822,4.357945284885799,0.0206947499999999,973.8501180879964,Cardboard
255.2,6.13,258.63239577661017,59.34708219516822,4.357945284885799,0.0206947499999999,973.8501180879964,Cardboard
255.2,6.13,258.63239577661017,59.34708219516822,4.357945284885799,0.0206947499999999,973.8501180879964,Cardboard
255.2,6.13,258.63239577661017,59.34708219516822,4.357945284885799,0.0206947499999999,973.8501180879964,Cardboard
255.2,6.13,258.63239577661017,59.34708219516822,4.357945284885799,0.0206947499999999,973.8501180879964,Cardboard
265.7,6.28,326.9289596131915,62.08486802901679,5.266984707261338,0.0413947499999999,1499.5781227648672,Cardboard
265.7,6.28,326.9289596131915,62.08486802901679,5.266984707261338,0.0413947499999999,1499.5781227648672,Cardboard
265.7,6.28,326.9289596131915,62.08486802901679,5.266984707261338,0.0413947499999999,1499.5781227648672,Cardboard
265.7,6.28,326.9289596131915,62.08486802901679,5.266984707261338,0.0413947499999999,1499.5781227648672,Cardboard
265.8,6.81,326.9289596131915,62.08486802901679,5.266984707261338,0.0413947499999999,1499.5781227648672,Cardboard
265.8,6.81,326.9289596131915,62.08486802901679,5.266984707261338,0.0413947499999999,1499.5781227648672,Cardboard
265.8,6.81,326.9289596131915,62.08486802901679,5.266984707261338,0.0413947499999999,1499.5781227648672,Cardboard
265.8,6.81,326.9289596131915,62.08486802901679,5.266984707261338,0.0413947499999999,1499.5781227648672,Cardboard
265.8,6.81,326.9289596131915,62.08486802901679,5.266984707261338,0.0413947499999999,1499.5781227648672,Cardboard
265.8,6.34,326.9289596131915,62.08486802901679,5.266984707261338,0.0413947499999999,1499.5781227648672,Cardboard
265.8,6.34,326.9289596131915,62.08486802901679,5.266984707261338,0.0413947499999999,1499.5781227648672,Cardboard
265.8,6.34,326.9289596131915,62.08486802901679,5.266984707261338,0.0413947499999999,1499.5781227648672,Cardboard
265.8,6.34,326.9289596131915,62.08486802901679,5.266984707261338,0.0413947499999999,1499.5781227648672,Cardboard
265.8,6.34,326.9289596131915,62.08486802901679,5.266984707261338,0.0413947499999999,1499.5781227648672,Cardboard
265.8,6.34,326.9289596131915,62.08486802901679,5.266984707261338,0.0413947499999999,1499.5781227648672,Cardboard
265.8,6.52,326.9289596131915,62.08486802901679,5.266984707261338,0.0413947499999999,1499.5781227648672,Cardboard
265.8,6.52,326.9289596131915,62.08486802901679,5.266984707261338,0.0413947499999999,1499.5781227648672,Cardboard
265.8,6.52,326.9289596131915,62.08486802901679,5.266984707261338,0.0413947499999999,1499.5781227648672,Cardboard
265.8,6.52,326.9289596131915,62.08486802901679,5.266984707261338,0.0413947499999999,1499.5781227648672,Cardboard
265.8,6.52,326.9289596131915,62.08486802901679,5.266984707261338,0.0413947499999999,1499.5781227648672,Cardboard
277.1,6.02,303.01173618068515,49.30287034956158,6.240225971804416,0.028605,9697.295802123135,Cardboard
277.1,5.92,303.01173618068515,49.30287034956158,6.240225971804416,0.028605,9697.295802123135,Cardboard
277.1,5.92,303.01173618068515,49.30287034956158,6.240225971804416,0.028605,9697.295802123135,Cardboard
277.1,5.92,303.01173618068515,49.30287034956158,6.240225971804416,0.028605,9697.295802123135,Cardboard
277.1,5.92,303.01173618068515,49.30287034956158,6.240225971804416,0.028605,9697.295802123135,Cardboard
277.1,5.92,303.01173618068515,49.30287034956158,6.240225971804416,0.028605,9697.295802123135,Cardboard
277.1,5.92,303.01173618068515,49.30287034956158,6.240225971804416,0.028605,9697.295802123135,Cardboard
277.0,5.78,303.01173618068515,49.30287034956158,6.240225971804416,0.028605,9697.295802123135,Cardboard
277.0,5.78,303.01173618068515,49.30287034956158,6.240225971804416,0.028605,9697.295802123135,Cardboard
277.0,5.78,303.01173618068515,49.30287034956158,6.240225971804416,0.028605,9697.295802123135,Cardboard
277.0,5.78,303.01173618068515,49.30287034956158,6.240225971804416,0.028605,9697.295802123135,Cardboard
277.0,5.78,303.01173618068515,49.30287034956158,6.240225971804416,0.028605,9697.295802123135,Cardboard
277.0,6.15,303.01173618068515,49.30287034956158,6.240225971804416,0.028605,9697.295802123135,Cardboard
277.0,6.15,303.01173618068515,49.30287034956158,6.240225971804416,0.028605,9697.295802123135,Cardboard
277.0,6.15,303.01173618068515,49.30287034956158,6.240225971804416,0.028605,9697.295802123135,Cardboard
277.0,6.15,303.01173618068515,49.30287034956158,6.240225971804416,0.028605,9697.295802123135,Cardboard
277.0,6.15,303.01173618068515,49.30287034956158,6.240225971804416,0.028605,9697.295802123135,Cardboard
277.0,6.15,303.01173618068515,49.30287034956158,6.240225971804416,0.028605,9697.295802123135,Cardboard
277.0,6.28,303.01173618068515,49.30287034956158,6.240225971804416,0.028605,9697.295802123135,Cardboard
277.0,6.28,303.01173618068515,49.30287034956158,6.240225971804416,0.028605,9697.295802123135,Cardboard
285.2,4.41,1109.100385859228,34.39397214082929,32.31811733944589,0.0263947499999999,127967.07629680222,Cardboard
285.2,4.41,1109.100385859228,34.39397214082929,32.31811733944589,0.0263947499999999,127967.07629680222,Cardboard
285.2,4.41,1109.100385859228,34.39397214082929,32.31811733944589,0.0263947499999999,127967.07629680222,Cardboard
285.2,4.41,1109.100385859228,34.39397214082929,32.31811733944589,0.0263947499999999,127967.07629680222,Cardboard
285.2,4.41,1109.100385859228,34.39397214082929,32.31811733944589,0.0263947499999999,127967.07629680222,Cardboard
285.2,4.41,1109.100385859228,34.39397214082929,32.31811733944589,0.0263947499999999,127967.07629680222,Cardboard
285.4,4.77,1109.100385859228,34.39397214082929,32.31811733944589,0.0263947499999999,127967.07629680222,Cardboard
285.4,4.77,1109.100385859228,34.39397214082929,32.31811733944589,0.0263947499999999,127967.07629680222,Cardboard
285.4,4.77,1109.100385859228,34.39397214082929,32.31811733944589,0.0263947499999999,127967.07629680222,Cardboard
285.4,4.77,1109.100385859228,34.39397214082929,32.31811733944589,0.0263947499999999,127967.07629680222,Cardboard
285.4,4.77,1109.100385859228,34.39397214082929,32.31811733944589,0.0263947499999999,127967.07629680222,Cardboard
285.4,4.54,1109.100385859228,34.39397214082929,32.31811733944589,0.0263947499999999,127967.07629680222,Cardboard
285.4,4.54,1109.100385859228,34.39397214082929,32.31811733944589,0.0263947499999999,127967.07629680222,Cardboard
285.4,4.54,1109.100385859228,34.39397214082929,32.31811733944589,0.0263947499999999,127967.07629680222,Cardboard
285.4,4.54,1109.100385859228,34.39397214082929,32.31811733944589,0.0263947499999999,127967.07629680222,Cardboard
285.4,4.54,1109.100385859228,34.39397214082929,32.31811733944589,0.0263947499999999,127967.07629680222,Cardboard
285.4,4.54,1109.100385859228,34.39397214082929,32.31811733944589,0.0263947499999999,127967.07629680222,Cardboard
285.6,4.82,1109.100385859228,34.39397214082929,32.31811733944589,0.0263947499999999,127967.07629680222,Cardboard
285.6,4.82,1109.100385859228,34.39397214082929,32.31811733944589,0.0263947499999999,127967.07629680222,Cardboard
285.6,4.82,1109.100385859228,34.39397214082929,32.31811733944589,0.0263947499999999,127967.07629680222,Cardboard
296.3,6.33,349.89080323995944,44.902904095661285,8.10471312858589,0.0043627499999999,22567.00717420179,Cardboard
296.3,6.33,349.89080323995944,44.902904095661285,8.10471312858589,0.0043627499999999,22567.00717420179,Cardboard
296.3,6.3,349.89080323995944,44.902904095661285,8.10471312858589,0.0043627499999999,22567.00717420179,Cardboard
296.3,6.3,349.89080323995944,44.902904095661285,8.10471312858589,0.0043627499999999,22567.00717420179,Cardboard
296.3,6.3,349.89080323995944,44.902904095661285,8.10471312858589,0.0043627499999999,22567.00717420179,Cardboard
296.3,6.3,349.89080323995944,44.902904095661285,8.10471312858589,0.0043627499999999,22567.00717420179,Cardboard
296.3,6.3,349.89080323995944,44.902904095661285,8.10471312858589,0.0043627499999999,22567.00717420179,Cardboard
296.3,6.3,349.89080323995944,44.902904095661285,8.10471312858589,0.0043627499999999,22567.00717420179,Cardboard
296.3,6.2,349.89080323995944,44.902904095661285,8.10471312858589,0.0043627499999999,22567.00717420179,Cardboard
296.3,6.2,349.89080323995944,44.902904095661285,8.10471312858589,0.0043627499999999,22567.00717420179,Cardboard
296.3,6.2,349.89080323995944,44.902904095661285,8.10471312858589,0.0043627499999999,22567.00717420179,Cardboard
296.3,6.2,349.89080323995944,44.902904095661285,8.10471312858589,0.0043627499999999,22567.00717420179,Cardboard
296.3,6.2,349.89080323995944,44.902904095661285,8.10471312858589,0.0043627499999999,22567.00717420179,Cardboard
296.3,6.17,349.89080323995944,44.902904095661285,8.10471312858589,0.0043627499999999,22567.00717420179,Cardboard
296.3,6.17,349.89080323995944,44.902904095661285,8.10471312858589,0.0043627499999999,22567.00717420179,Cardboard
296.3,6.17,349.89080323995944,44.902904095661285,8.10471312858589,0.0043627499999999,22567.00717420179,Cardboard
296.3,6.17,349.89080323995944,44.902904095661285,8.10471312858589,0.0043627499999999,22567.00717420179,Cardboard
296.3,6.17,349.89080323995944,44.902904095661285,8.10471312858589,0.0043627499999999,22567.00717420179,Cardboard
296.3,6.17,349.89080323995944,44.902904095661285,8.10471312858589,0.0043627499999999,22567.00717420179,Cardboard
296.3,6.35,349.89080323995944,44.902904095661285,8.10471312858589,0.0043627499999999,22567.00717420179,Cardboard
305.4,4.56,898.5662082514737,38.343610208316306,24.15715618860511,0.0025827499999999,130302.63014633508,Cardboard
305.4,4.56,898.5662082514737,38.343610208316306,24.15715618860511,0.0025827499999999,130302.63014633508,Cardboard
305.4,4.56,898.5662082514737,38.343610208316306,24.15715618860511,0.0025827499999999,130302.63014633508,Cardboard
305.4,4.6,898.5662082514737,38.343610208316306,24.15715618860511,0.0025827499999999,130302.63014633508,Cardboard
305.4,4.6,898.5662082514737,38.343610208316306,24.15715618860511,0.0025827499999999,130302.63014633508,Cardboard
305.4,4.6,898.5662082514737,38.343610208316306,24.15715618860511,0.0025827499999999,130302.63014633508,Cardboard
305.4,4.6,898.5662082514737,38.343610208316306,24.15715618860511,0.0025827499999999,130302.63014633508,Cardboard
305.4,4.6,898.5662082514737,38.343610208316306,24.15715618860511,0.0025827499999999,130302.63014633508,Cardboard
305.4,4.6,898.5662082514737,38.343610208316306,24.15715618860511,0.0025827499999999,130302.63014633508,Cardboard
305.4,4.5,898.5662082514737,38.343610208316306,24.15715618860511,0.0025827499999999,130302.63014633508,Cardboard
305.4,4.5,898.5662082514737,38.343610208316306,24.15715618860511,0.0025827499999999,130302.63014633508,Cardboard
305.4,4.5,898.5662082514737,38.343610208316306,24.15715618860511,0.0025827499999999,130302.63014633508,Cardboard
305.4,4.5,898.5662082514737,38.343610208316306,24.15715618860511,0.0025827499999999,130302.63014633508,Cardboard
305.4,4.5,898.5662082514737,38.343610208316306,24.15715618860511,0.0025827499999999,130302.63014633508,Cardboard
305.4,4.63,898.5662082514737,38.343610208316306,24.15715618860511,0.0025827499999999,130302.63014633508,Cardboard
305.4,4.63,898.5662082514737,38.343610208316306,24.15715618860511,0.0025827499999999,130302.63014633508,Cardboard
305.4,4.63,898.5662082514737,38.343610208316306,24.15715618860511,0.0025827499999999,130302.63014633508,Cardboard
305.4,4.63,898.5662082514737,38.343610208316306,24.15715618860511,0.0025827499999999,130302.63014633508,Cardboard
305.4,4.63,898.5662082514737,38.343610208316306,24.15715618860511,0.0025827499999999,130302.63014633508,Cardboard
305.4,4.64,898.5662082514737,38.343610208316306,24.15715618860511,0.0025827499999999,130302.63014633508,Cardboard
316.7,9.41,333.46442041945556,91.8851393944014,3.6561359554383177,0.0283599999999998,6887.453935256121,Cardboard
316.7,9.55,333.46442041945556,91.8851393944014,3.6561359554383177,0.0283599999999998,6887.453935256121,Cardboard
316.7,9.55,333.46442041945556,91.8851393944014,3.6561359554383177,0.0283599999999998,6887.453935256121,Cardboard
316.7,9.55,333.46442041945556,91.8851393944014,3.6561359554383177,0.0283599999999998,6887.453935256121,Cardboard
316.7,9.55,333.46442041945556,91.8851393944014,3.6561359554383177,0.0283599999999998,6887.453935256121,Cardboard
316.7,9.55,333.46442041945556,91.8851393944014,3.6561359554383177,0.0283599999999998,6887.453935256121,Cardboard
316.3,9.83,333.46442041945556,91.8851393944014,3.6561359554383177,0.0283599999999998,6887.453935256121,Cardboard
316.3,9.83,333.46442041945556,91.8851393944014,3.6561359554383177,0.0283599999999998,6887.453935256121,Cardboard
316.3,9.83,333.46442041945556,91.8851393944014,3.6561359554383177,0.0283599999999998,6887.453935256121,Cardboard
316.3,9.83,333.46442041945556,91.8851393944014,3.6561359554383177,0.0283599999999998,6887.453935256121,Cardboard
316.3,9.83,333.46442041945556,91.8851393944014,3.6561359554383177,0.0283599999999998,6887.453935256121,Cardboard
316.3,9.83,333.46442041945556,91.8851393944014,3.6561359554383177,0.0283599999999998,6887.453935256121,Cardboard
316.4,9.85,333.46442041945556,91.8851393944014,3.6561359554383177,0.0283599999999998,6887.453935256121,Cardboard
316.4,9.85,333.46442041945556,91.8851393944014,3.6561359554383177,0.0283599999999998,6887.453935256121,Cardboard
316.4,9.85,333.46442041945556,91.8851393944014,3.6561359554383177,0.0283599999999998,6887.453935256121,Cardboard
316.4,9.85,333.46442041945556,91.8851393944014,3.6561359554383177,0.0283599999999998,6887.453935256121,Cardboard
316.4,9.85,333.46442041945556,91.8851393944014,3.6561359554383177,0.0283599999999998,6887.453935256121,Cardboard
316.5,9.47,333.46442041945556,91.8851393944014,3.6561359554383177,0.0283599999999998,6887.453935256121,Cardboard
316.5,9.47,333.46442041945556,91.8851393944014,3.6561359554383177,0.0283599999999998,6887.453935256121,Cardboard
316.5,9.47,333.46442041945556,91.8851393944014,3.6561359554383177,0.0283599999999998,6887.453935256121,Cardboard
327.5,7.68,296.47904845028677,67.19149599222227,4.412705216747954,0.0082727499999999,1578.5583074121762,Cardboard
327.5,7.68,296.47904845028677,67.19149599222227,4.412705216747954,0.0082727499999999,1578.5583074121762,Cardboard
327.5,7.68,296.47904845028677,67.19149599222227,4.412705216747954,0.0082727499999999,1578.5583074121762,Cardboard
327.5,7.68,296.47904845028677,67.19149599222227,4.412705216747954,0.0082727499999999,1578.5583074121762,Cardboard
327.5,7.68,296.47904845028677,67.19149599222227,4.412705216747954,0.0082727499999999,1578.5583074121762,Cardboard
327.5,7.89,296.47904845028677,67.19149599222227,4.412705216747954,0.0082727499999999,1578.5583074121762,Cardboard
327.5,7.89,296.47904845028677,67.19149599222227,4.412705216747954,0.0082727499999999,1578.5583074121762,Cardboard
327.5,7.89,296.47904845028677,67.19149599222227,4.412705216747954,0.0082727499999999,1578.5583074121762,Cardboard
327.5,7.89,296.47904845028677,67.19149599222227,4.412705216747954,0.0082727499999999,1578.5583074121762,Cardboard
327.5,7.89,296.47904845028677,67.19149599222227,4.412705216747954,0.0082727499999999,1578.5583074121762,Cardboard
327.4,7.67,296.47904845028677,67.19149599222227,4.412705216747954,0.0082727499999999,1578.5583074121762,Cardboard
327.4,7.67,296.47904845028677,67.19149599222227,4.412705216747954,0.0082727499999999,1578.5583074121762,Cardboard
327.4,7.67,296.47904845028677,67.19149599222227,4.412705216747954,0.0082727499999999,1578.5583074121762,Cardboard
327.4,7.67,296.47904845028677,67.19149599222227,4.412705216747954,0.0082727499999999,1578.5583074121762,Cardboard
327.4,7.67,296.47904845028677,67.19149599222227,4.412705216747954,0.0082727499999999,1578.5583074121762,Cardboard
327.4,7.67,296.47904845028677,67.19149599222227,4.412705216747954,0.0082727499999999,1578.5583074121762,Cardboard
327.3,7.7,296.47904845028677,67.19149599222227,4.412705216747954,0.0082727499999999,1578.5583074121762,Cardboard
327.3,7.7,296.47904845028677,67.19149599222227,4.412705216747954,0.0082727499999999,1578.5583074121762,Cardboard
327.3,7.7,296.47904845028677,67.19149599222227,4.412705216747954,0.0082727499999999,1578.5583074121762,Cardboard
327.3,7.7,296.47904845028677,67.19149599222227,4.412705216747954,0.0082727499999999,1578.5583074121762,Cardboard
338.8,4.68,979.8960743801654,37.269393005398626,26.42396103896104,0.02311275,25438.91239066443,Cardboard
338.8,4.68,979.8960743801654,37.269393005398626,26.42396103896104,0.02311275,25438.91239066443,Cardboard
338.8,4.68,979.8960743801654,37.269393005398626,26.42396103896104,0.02311275,25438.91239066443,Cardboard
338.8,4.68,979.8960743801654,37.269393005398626,26.42396103896104,0.02311275,25438.91239066443,Cardboard
338.8,4.98,979.8960743801654,37.269393005398626,26.42396103896104,0.02311275,25438.91239066443,Cardboard
338.8,4.98,979.8960743801654,37.269393005398626,26.42396103896104,0.02311275,25438.91239066443,Cardboard
338.8,4.98,979.8960743801654,37.269393005398626,26.42396103896104,0.02311275,25438.91239066443,Cardboard
338.8,4.98,979.8960743801654,37.269393005398626,26.42396103896104,0.02311275,25438.91239066443,Cardboard
338.8,4.98,979.8960743801654,37.269393005398626,26.42396103896104,0.02311275,25438.91239066443,Cardboard
338.8,4.7,979.8960743801654,37.269393005398626,26.42396103896104,0.02311275,25438.91239066443,Cardboard
338.8,4.7,979.8960743801654,37.269393005398626,26.42396103896104,0.02311275,25438.91239066443,Cardboard
338.8,4.7,979.8960743801654,37.269393005398626,26.42396103896104,0.02311275,25438.91239066443,Cardboard
338.8,4.7,979.8960743801654,37.269393005398626,26.42396103896104,0.02311275,25438.91239066443,Cardboard
338.8,4.7,979.8960743801654,37.269393005398626,26.42396103896104,0.02311275,25438.91239066443,Cardboard
338.8,4.7,979.8960743801654,37.269393005398626,26.42396103896104,0.02311275,25438.91239066443,Cardboard
338.8,5.01,979.8960743801654,37.269393005398626,26.42396103896104,0.02311275,25438.91239066443,Cardboard
338.8,5.01,979.8960743801654,37.269393005398626,26.42396103896104,0.02311275,25438.91239066443,Cardboard
338.8,5.01,979.8960743801654,37.269393005398626,26.42396103896104,0.02311275,25438.91239066443,Cardboard
338.8,5.01,979.8960743801654,37.269393005398626,26.42396103896104,0.02311275,25438.91239066443,Cardboard
338.8,5.01,979.8960743801654,37.269393005398626,26.42396103896104,0.02311275,25438.91239066443,Cardboard
347.1,5.36,922.0947649950192,37.58242184483315,24.569461108553742,0.01513275,13912.171810598082,Cardboard
347.1,5.36,922.0947649950192,37.58242184483315,24.569461108553742,0.01513275,13912.171810598082,Cardboard
347.1,5.36,922.0947649950192,37.58242184483315,24.569461108553742,0.01513275,13912.171810598082,Cardboard
347.1,5.36,922.0947649950192,37.58242184483315,24.569461108553742,0.01513275,13912.171810598082,Cardboard
347.1,5.36,922.0947649950192,37.58242184483315,24.569461108553742,0.01513275,13912.171810598082,Cardboard
346.7,5.23,922.0947649950192,37.58242184483315,24.569461108553742,0.01513275,13912.171810598082,Cardboard
346.7,5.23,922.0947649950192,37.58242184483315,24.569461108553742,0.01513275,13912.171810598082,Cardboard
346.7,5.23,922.0947649950192,37.58242184483315,24.569461108553742,0.01513275,13912.171810598082,Cardboard
346.7,5.23,922.0947649950192,37.58242184483315,24.569461108553742,0.01513275,13912.171810598082,Cardboard
346.7,5.23,922.0947649950192,37.58242184483315,24.569461108553742,0.01513275,13912.171810598082,Cardboard
347.2,5.1,922.0947649950192,37.58242184483315,24.569461108553742,0.01513275,13912.171810598082,Cardboard
347.2,5.1,922.0947649950192,37.58242184483315,24.569461108553742,0.01513275,13912.171810598082,Cardboard
347.2,5.1,922.0947649950192,37.58242184483315,24.569461108553742,0.01513275,13912.171810598082,Cardboard
347.2,5.1,922.0947649950192,37.58242184483315,24.569461108553742,0.01513275,13912.171810598082,Cardboard
347.2,5.1,922.0947649950192,37.58242184483315,24.569461108553742,0.01513275,13912.171810598082,Cardboard
347.2,5.1,922.0947649950192,37.58242184483315,24.569461108553742,0.01513275,13912.171810598082,Cardboard
347.3,5.03,922.0947649950192,37.58242184483315,24.569461108553742,0.01513275,13912.171810598082,Cardboard
347.3,5.03,922.0947649950192,37.58242184483315,24.569461108553742,0.01513275,13912.171810598082,Cardboard
347.3,5.03,922.0947649950192,37.58242184483315,24.569461108553742,0.01513275,13912.171810598082,Cardboard
347.3,5.03,922.0947649950192,37.58242184483315,24.569461108553742,0.01513275,13912.171810598082,Cardboard
357.5,4.84,875.7337841180597,36.489726749676485,23.998385792533515,0.0271147499999999,5628.4106816644835,Cardboard
357.5,4.77,875.7337841180597,36.489726749676485,23.998385792533515,0.0271147499999999,5628.4106816644835,Cardboard
357.5,4.77,875.7337841180597,36.489726749676485,23.998385792533515,0.0271147499999999,5628.4106816644835,Cardboard
357.5,4.77,875.7337841180597,36.489726749676485,23.998385792533515,0.0271147499999999,5628.4106816644835,Cardboard
357.5,4.77,875.7337841180597,36.489726749676485,23.998385792533515,0.0271147499999999,5628.4106816644835,Cardboard
357.5,4.77,875.7337841180597,36.489726749676485,23.998385792533515,0.0271147499999999,5628.4106816644835,Cardboard
357.6,4.36,875.7337841180597,36.489726749676485,23.998385792533515,0.0271147499999999,5628.4106816644835,Cardboard
357.6,4.36,875.7337841180597,36.489726749676485,23.998385792533515,0.0271147499999999,5628.4106816644835,Cardboard
357.6,4.36,875.7337841180597,36.489726749676485,23.998385792533515,0.0271147499999999,5628.4106816644835,Cardboard
357.6,4.36,875.7337841180597,36.489726749676485,23.998385792533515,0.0271147499999999,5628.4106816644835,Cardboard
357.6,4.36,875.7337841180597,36.489726749676485,23.998385792533515,0.0271147499999999,5628.4106816644835,Cardboard
357.8,4.63,875.7337841180597,36.489726749676485,23.998385792533515,0.0271147499999999,5628.4106816644835,Cardboard
357.8,4.63,875.7337841180597,36.489726749676485,23.998385792533515,0.0271147499999999,5628.4106816644835,Cardboard
357.8,4.63,875.7337841180597,36.489726749676485,23.998385792533515,0.0271147499999999,5628.4106816644835,Cardboard
357.8,4.63,875.7337841180597,36.489726749676485,23.998385792533515,0.0271147499999999,5628.4106816644835,Cardboard
357.8,4.63,875.7337841180597,36.489726749676485,23.998385792533515,0.0271147499999999,5628.4106816644835,Cardboard
357.8,4.63,875.7337841180597,36.489726749676485,23.998385792533515,0.0271147499999999,5628.4106816644835,Cardboard
357.9,4.74,875.7337841180597,36.489726749676485,23.998385792533515,0.0271147499999999,5628.4106816644835,Cardboard
357.9,4.74,875.7337841180597,36.489726749676485,23.998385792533515,0.0271147499999999,5628.4106816644835,Cardboard
357.9,4.74,875.7337841180597,36.489726749676485,23.998385792533515,0.0271147499999999,5628.4106816644835,Cardboard
366.9,7.58,322.2120158843177,63.433418998342894,5.237451072876463,0.029861,17098.212073847808,Cardboard
366.9,7.58,322.2120158843177,63.433418998342894,5.237451072876463,0.029861,17098.212073847808,Cardboard
366.9,7.58,322.2120158843177,63.433418998342894,5.237451072876463,0.029861,17098.212073847808,Cardboard
366.9,7.58,322.2120158843177,63.433418998342894,5.237451072876463,0.029861,17098.212073847808,Cardboard
367.2,7.72,322.2120158843177,63.433418998342894,5.237451072876463,0.029861,17098.212073847808,Cardboard
367.2,7.72,322.2120158843177,63.433418998342894,5.237451072876463,0.029861,17098.212073847808,Cardboard
367.2,7.72,322.2120158843177,63.433418998342894,5.237451072876463,0.029861,17098.212073847808,Cardboard
367.2,7.72,322.2120158843177,63.433418998342894,5.237451072876463,0.029861,17098.212073847808,Cardboard
367.2,7.72,322.2120158843177,63.433418998342894,5.237451072876463,0.029861,17098.212073847808,Cardboard
367.1,7.47,322.2120158843177,63.433418998342894,5.237451072876463,0.029861,17098.212073847808,Cardboard
367.1,7.47,322.2120158843177,63.433418998342894,5.237451072876463,0.029861,17098.212073847808,Cardboard
367.1,7.47,322.2120158843177,63.433418998342894,5.237451072876463,0.029861,17098.212073847808,Cardboard
367.1,7.47,322.2120158843177,63.433418998342894,5.237451072876463,0.029861,17098.212073847808,Cardboard
367.1,7.47,322.2120158843177,63.433418998342894,5.237451072876463,0.029861,17098.212073847808,Cardboard
367.1,7.47,322.2120158843177,63.433418998342894,5.237451072876463,0.029861,17098.212073847808,Cardboard
367.1,7.92,322.2120158843177,63.433418998342894,5.237451072876463,0.029861,17098.212073847808,Cardboard
367.1,7.92,322.2120158843177,63.433418998342894,5.237451072876463,0.029861,17098.212073847808,Cardboard
367.1,7.92,322.2120158843177,63.433418998342894,5.237451072876463,0.029861,17098.212073847808,Cardboard
367.1,7.92,322.2120158843177,63.433418998342894,5.237451072876463,0.029861,17098.212073847808,Cardboard
367.1,7.92,322.2120158843177,63.433418998342894,5.237451072876463,0.029861,17098.212073847808,Cardboard
376.8,4.69,785.768395385075,37.32828075211474,21.162714867903517,0.0368947499999999,24020.564556818295,Cardboard
376.8,5.05,785.768395385075,37.32828075211474,21.162714867903517,0.0368947499999999,24020.564556818295,Cardboard
376.8,5.05,785.768395385075,37.32828075211474,21.162714867903517,0.0368947499999999,24020.564556818295,Cardboard
376.8,5.05,785.768395385075,37.32828075211474,21.162714867903517,0.0368947499999999,24020.564556818295,Cardboard
376.8,5.05,785.768395385075,37.32828075211474,21.162714867903517,0.0368947499999999,24020.564556818295,Cardboard
376.8,5.05,785.768395385075,37.32828075211474,21.162714867903517,0.0368947499999999,24020.564556818295,Cardboard
376.9,5.17,785.768395385075,37.32828075211474,21.162714867903517,0.0368947499999999,24020.564556818295,Cardboard
376.9,5.17,785.768395385075,37.32828075211474,21.162714867903517,0.0368947499999999,24020.564556818295,Cardboard
376.9,5.17,785.768395385075,37.32828075211474,21.162714867903517,0.0368947499999999,24020.564556818295,Cardboard
376.9,5.17,785.768395385075,37.32828075211474,21.162714867903517,0.0368947499999999,24020.564556818295,Cardboard
376.9,5.17,785.768395385075,37.32828075211474,21.162714867903517,0.0368947499999999,24020.564556818295,Cardboard
376.9,5.17,785.768395385075,37.32828075211474,21.162714867903517,0.0368947499999999,24020.564556818295,Cardboard
377.1,5.32,785.768395385075,37.32828075211474,21.162714867903517,0.0368947499999999,24020.564556818295,Cardboard
377.1,5.32,785.768395385075,37.32828075211474,21.162714867903517,0.0368947499999999,24020.564556818295,Cardboard
377.1,5.32,785.768395385075,37.32828075211474,21.162714867903517,0.0368947499999999,24020.564556818295,Cardboard
377.1,5.32,785.768395385075,37.32828075211474,21.162714867903517,0.0368947499999999,24020.564556818295,Cardboard
377.1,5.32,785.768395385075,37.32828075211474,21.162714867903517,0.0368947499999999,24020.564556818295,Cardboard
377.3,5.51,785.768395385075,37.32828075211474,21.162714867903517,0.0368947499999999,24020.564556818295,Cardboard
377.3,5.51,785.768395385075,37.32828075211474,21.162714867903517,0.0368947499999999,24020.564556818295,Cardboard
377.3,5.51,785.768395385075,37.32828075211474,21.162714867903517,0.0368947499999999,24020.564556818295,Cardboard
385.8,15.49,440.9387371087879,147.79416068101972,2.983907522508707,0.0780527499999999,1336.3230459361262,Cardboard
386.0,14.42,440.9387371087879,147.79416068101972,2.983907522508707,0.0780527499999999,1336.3230459361262,Cardboard
386.0,14.42,440.9387371087879,147.79416068101972,2.983907522508707,0.0780527499999999,1336.3230459361262,Cardboard
386.0,14.42,440.9387371087879,147.79416068101972,2.983907522508707,0.0780527499999999,1336.3230459361262,Cardboard
386.0,14.42,440.9387371087879,147.79416068101972,2.983907522508707,0.0780527499999999,1336.3230459361262,Cardboard
386.0,14.42,440.9387371087879,147.79416068101972,2.983907522508707,0.0780527499999999,1336.3230459361262,Cardboard
385.9,14.87,440.9387371087879,147.79416068101972,2.983907522508707,0.0780527499999999,1336.3230459361262,Cardboard
385.9,14.87,440.9387371087879,147.79416068101972,2.983907522508707,0.0780527499999999,1336.3230459361262,Cardboard
385.9,14.87,440.9387371087879,147.79416068101972,2.983907522508707,0.0780527499999999,1336.3230459361262,Cardboard
385.9,14.87,440.9387371087879,147.79416068101972,2.983907522508707,0.0780527499999999,1336.3230459361262,Cardboard
385.9,14.87,440.9387371087879,147.79416068101972,2.983907522508707,0.0780527499999999,1336.3230459361262,Cardboard
385.9,14.74,440.9387371087879,147.79416068101972,2.983907522508707,0.0780527499999999,1336.3230459361262,Cardboard
385.9,14.74,440.9387371087879,147.79416068101972,2.983907522508707,0.0780527499999999,1336.3230459361262,Cardboard
385.9,14.74,440.9387371087879,147.79416068101972,2.983907522508707,0.0780527499999999,1336.3230459361262,Cardboard
385.9,14.74,440.9387371087879,147.79416068101972,2.983907522508707,0.0780527499999999,1336.3230459361262,Cardboard
385.9,14.74,440.9387371087879,147.79416068101972,2.983907522508707,0.0780527499999999,1336.3230459361262,Cardboard
385.9,14.74,440.9387371087879,147.79416068101972,2.983907522508707,0.0780527499999999,1336.3230459361262,Cardboard
385.9,14.33,440.9387371087879,147.79416068101972,2.983907522508707,0.0780527499999999,1336.3230459361262,Cardboard
385.9,14.33,440.9387371087879,147.79416068101972,2.983907522508707,0.0780527499999999,1336.3230459361262,Cardboard
385.9,14.33,440.9387371087879,147.79416068101972,2.983907522508707,0.0780527499999999,1336.3230459361262,Cardboard
397.6,3.78,1135.647119670723,31.568542134446595,36.110163902541835,0.0069709999999999,31519.477943780665,Cardboard
397.6,3.78,1135.647119670723,31.568542134446595,36.110163902541835,0.0069709999999999,31519.477943780665,Cardboard
397.6,3.78,1135.647119670723,31.568542134446595,36.110163902541835,0.0069709999999999,31519.477943780665,Cardboard
397.6,3.78,1135.647119670723,31.568542134446595,36.110163902541835,0.0069709999999999,31519.477943780665,Cardboard
397.6,3.78,1135.647119670723,31.568542134446595,36.110163902541835,0.0069709999999999,31519.477943780665,Cardboard
396.7,3.6,1135.647119670723,31.568542134446595,36.110163902541835,0.0069709999999999,31519.477943780665,Cardboard
396.7,3.6,1135.647119670723,31.568542134446595,36.110163902541835,0.0069709999999999,31519.477943780665,Cardboard
396.7,3.6,1135.647119670723,31.568542134446595,36.110163902541835,0.0069709999999999,31519.477943780665,Cardboard
396.7,3.6,1135.647119670723,31.568542134446595,36.110163902541835,0.0069709999999999,31519.477943780665,Cardboard
396.7,3.6,1135.647119670723,31.568542134446595,36.110163902541835,0.0069709999999999,31519.477943780665,Cardboard
396.7,3.6,1135.647119670723,31.568542134446595,36.110163902541835,0.0069709999999999,31519.477943780665,Cardboard
395.8,3.56,1135.647119670723,31.568542134446595,36.110163902541835,0.0069709999999999,31519.477943780665,Cardboard
395.8,3.56,1135.647119670723,31.568542134446595,36.110163902541835,0.0069709999999999,31519.477943780665,Cardboard
395.8,3.56,1135.647119670723,31.568542134446595,36.110163902541835,0.0069709999999999,31519.477943780665,Cardboard
395.8,3.56,1135.647119670723,31.568542134446595,36.110163902541835,0.0069709999999999,31519.477943780665,Cardboard
395.8,3.56,1135.647119670723,31.568542134446595,36.110163902541835,0.0069709999999999,31519.477943780665,Cardboard
395.0,3.64,1135.647119670723,31.568542134446595,36.110163902541835,0.0069709999999999,31519.477943780665,Cardboard
395.0,3.64,1135.647119670723,31.568542134446595,36.110163902541835,0.0069709999999999,31519.477943780665,Cardboard
395.0,3.64,1135.647119670723,31.568542134446595,36.110163902541835,0.0069709999999999,31519.477943780665,Cardboard
395.0,3.64,1135.647119670723,31.568542134446595,36.110163902541835,0.0069709999999999,31519.477943780665,Cardboard
18.0,3.97,3638.934331160771,108.45141914921255,33.76533131595283,0.18590475,4812.370523190729,Cloth
18.0,3.97,3638.934331160771,108.45141914921255,33.76533131595283,0.18590475,4812.370523190729,Cloth
18.0,3.52,3638.934331160771,108.45141914921255,33.76533131595283,0.18590475,4812.370523190729,Cloth
18.0,3.52,3638.934331160771,108.45141914921255,33.76533131595283,0.18590475,4812.370523190729,Cloth
18.0,3.52,3638.934331160771,108.45141914921255,33.76533131595283,0.18590475,4812.370523190729,Cloth
18.0,3.52,3638.934331160771,108.45141914921255,33.76533131595283,0.18590475,4812.370523190729,Cloth
18.0,3.52,3638.934331160771,108.45141914921255,33.76533131595283,0.18590475,4812.370523190729,Cloth
17.9,3.08,3638.934331160771,108.45141914921255,33.76533131595283,0.18590475,4812.370523190729,Cloth
17.9,3.08,3638.934331160771,108.45141914921255,33.76533131595283,0.18590475,4812.370523190729,Cloth
17.9,3.08,3638.934331160771,108.45141914921255,33.76533131595283,0.18590475,4812.370523190729,Cloth
17.9,3.08,3638.934331160771,108.45141914921255,33.76533131595283,0.18590475,4812.370523190729,Cloth
17.9,3.08,3638.934331160771,108.45141914921255,33.76533131595283,0.18590475,4812.370523190729,Cloth
17.9,3.08,3638.934331160771,108.45141914921255,33.76533131595283,0.18590475,4812.370523190729,Cloth
17.9,2.71,3638.934331160771,108.45141914921255,33.76533131595283,0.18590475,4812.370523190729,Cloth
17.9,2.71,3638.934331160771,108.45141914921255,33.76533131595283,0.18590475,4812.370523190729,Cloth
17.9,2.71,3638.934331160771,108.45141914921255,33.76533131595283,0.18590475,4812.370523190729,Cloth
17.9,2.71,3638.934331160771,108.45141914921255,33.76533131595283,0.18590475,4812.370523190729,Cloth
17.9,2.71,3638.934331160771,108.45141914921255,33.76533131595283,0.18590475,4812.370523190729,Cloth
17.9,2.56,3638.934331160771,108.45141914921255,33.76533131595283,0.18590475,4812.370523190729,Cloth
17.9,2.56,3638.934331160771,108.45141914921255,33.76533131595283,0.18590475,4812.370523190729,Cloth
28.6,12.87,3251.957557354926,127.037666861467,25.609769905533057,0.4194989999999996,3134.36115779197,Cloth
28.6,12.87,3251.957557354926,127.037666861467,25.609769905533057,0.4194989999999996,3134.36115779197,Cloth
28.6,12.87,3251.957557354926,127.037666861467,25.609769905533057,0.4194989999999996,3134.36115779197,Cloth
28.6,11.51,3251.957557354926,127.037666861467,25.609769905533057,0.4194989999999996,3134.36115779197,Cloth
28.6,11.51,3251.957557354926,127.037666861467,25.609769905533057,0.4194989999999996,3134.36115779197,Cloth
28.6,11.51,3251.957557354926,127.037666861467,25.609769905533057,0.4194989999999996,3134.36115779197,Cloth
28.6,11.51,3251.957557354926,127.037666861467,25.609769905533057,0.4194989999999996,3134.36115779197,Cloth
28.6,11.51,3251.957557354926,127.037666861467,25.609769905533057,0.4194989999999996,3134.36115779197,Cloth
28.6,11.51,3251.957557354926,127.037666861467,25.609769905533057,0.4194989999999996,3134.36115779197,Cloth
28.5,10.97,3251.957557354926,127.037666861467,25.609769905533057,0.4194989999999996,3134.36115779197,Cloth
28.5,10.97,3251.957557354926,127.037666861467,25.609769905533057,0.4194989999999996,3134.36115779197,Cloth
28.5,10.97,3251.957557354926,127.037666861467,25.609769905533057,0.4194989999999996,3134.36115779197,Cloth
28.5,10.97,3251.957557354926,127.037666861467,25.609769905533057,0.4194989999999996,3134.36115779197,Cloth
28.5,10.97,3251.957557354926,127.037666861467,25.609769905533057,0.4194989999999996,3134.36115779197,Cloth
28.5,12.21,3251.957557354926,127.037666861467,25.609769905533057,0.4194989999999996,3134.36115779197,Cloth
28.5,12.21,3251.957557354926,127.037666861467,25.609769905533057,0.4194989999999996,3134.36115779197,Cloth
28.5,12.21,3251.957557354926,127.037666861467,25.609769905533057,0.4194989999999996,3134.36115779197,Cloth
28.5,12.21,3251.957557354926,127.037666861467,25.609769905533057,0.4194989999999996,3134.36115779197,Cloth
28.5,12.21,3251.957557354926,127.037666861467,25.609769905533057,0.4194989999999996,3134.36115779197,Cloth
28.5,12.21,3251.957557354926,127.037666861467,25.609769905533057,0.4194989999999996,3134.36115779197,Cloth
40.6,19.69,2681.120197044335,131.91646968098416,20.48235221674876,5.4609847500000015,8491.489511599244,Cloth
40.6,19.69,2681.120197044335,131.91646968098416,20.48235221674876,5.4609847500000015,8491.489511599244,Cloth
40.6,19.69,2681.120197044335,131.91646968098416,20.48235221674876,5.4609847500000015,8491.489511599244,Cloth
40.6,19.69,2681.120197044335,131.91646968098416,20.48235221674876,5.4609847500000015,8491.489511599244,Cloth
40.6,19.69,2681.120197044335,131.91646968098416,20.48235221674876,5.4609847500000015,8491.489511599244,Cloth
40.6,17.3,2681.120197044335,131.91646968098416,20.48235221674876,5.4609847500000015,8491.489511599244,Cloth
40.6,17.3,2681.120197044335,131.91646968098416,20.48235221674876,5.4609847500000015,8491.489511599244,Cloth
40.6,17.3,2681.120197044335,131.91646968098416,20.48235221674876,5.4609847500000015,8491.489511599244,Cloth
40.6,17.3,2681.120197044335,131.91646968098416,20.48235221674876,5.4609847500000015,8491.489511599244,Cloth
40.6,17.3,2681.120197044335,131.91646968098416,20.48235221674876,5.4609847500000015,8491.489511599244,Cloth
40.6,15.17,2681.120197044335,131.91646968098416,20.48235221674876,5.4609847500000015,8491.489511599244,Cloth
40.6,15.17,2681.120197044335,131.91646968098416,20.48235221674876,5.4609847500000015,8491.489511599244,Cloth
40.6,15.17,2681.120197044335,131.91646968098416,20.48235221674876,5.4609847500000015,8491.489511599244,Cloth
40.6,15.17,2681.120197044335,131.91646968098416,20.48235221674876,5.4609847500000015,8491.489511599244,Cloth
40.6,15.17,2681.120197044335,131.91646968098416,20.48235221674876,5.4609847500000015,8491.489511599244,Cloth
40.6,15.17,2681.120197044335,131.91646968098416,20.48235221674876,5.4609847500000015,8491.489511599244,Cloth
40.6,13.16,2681.120197044335,131.91646968098416,20.48235221674876,5.4609847500000015,8491.489511599244,Cloth
40.6,13.16,2681.120197044335,131.91646968098416,20.48235221674876,5.4609847500000015,8491.489511599244,Cloth
40.6,13.16,2681.120197044335,131.91646968098416,20.48235221674876,5.4609847500000015,8491.489511599244,Cloth
40.6,13.16,2681.120197044335,131.91646968098416,20.48235221674876,5.4609847500000015,8491.489511599244,Cloth
49.2,14.44,2461.598600297019,205.8390878665301,12.168915754111186,22.68990475,10495.933130270025,Cloth
49.2,14.44,2461.598600297019,205.8390878665301,12.168915754111186,22.68990475,10495.933130270025,Cloth
49.2,14.44,2461.598600297019,205.8390878665301,12.168915754111186,22.68990475,10495.933130270025,Cloth
49.1,24.94,2461.598600297019,205.8390878665301,12.168915754111186,22.68990475,10495.933130270025,Cloth
49.1,24.94,2461.598600297019,205.8390878665301,12.168915754111186,22.68990475,10495.933130270025,Cloth
49.1,24.94,2461.598600297019,205.8390878665301,12.168915754111186,22.68990475,10495.933130270025,Cloth
49.1,24.94,2461.598600297019,205.8390878665301,12.168915754111186,22.68990475,10495.933130270025,Cloth
49.1,24.94,2461.598600297019,205.8390878665301,12.168915754111186,22.68990475,10495.933130270025,Cloth
49.0,29.35,2461.598600297019,205.8390878665301,12.168915754111186,22.68990475,10495.933130270025,Cloth
49.0,29.35,2461.598600297019,205.8390878665301,12.168915754111186,22.68990475,10495.933130270025,Cloth
49.0,29.35,2461.598600297019,205.8390878665301,12.168915754111186,22.68990475,10495.933130270025,Cloth
49.0,29.35,2461.598600297019,205.8390878665301,12.168915754111186,22.68990475,10495.933130270025,Cloth
49.0,29.35,2461.598600297019,205.8390878665301,12.168915754111186,22.68990475,10495.933130270025,Cloth
49.0,29.35,2461.598600297019,205.8390878665301,12.168915754111186,22.68990475,10495.933130270025,Cloth
48.9,25.15,2461.598600297019,205.8390878665301,12.168915754111186,22.68990475,10495.933130270025,Cloth
48.9,25.15,2461.598600297019,205.8390878665301,12.168915754111186,22.68990475,10495.933130270025,Cloth
48.9,25.15,2461.598600297019,205.8390878665301,12.168915754111186,22.68990475,10495.933130270025,Cloth
48.9,25.15,2461.598600297019,205.8390878665301,12.168915754111186,22.68990475,10495.933130270025,Cloth
48.9,25.15,2461.598600297019,205.8390878665301,12.168915754111186,22.68990475,10495.933130270025,Cloth
48.9,22.02,2461.598600297019,205.8390878665301,12.168915754111186,22.68990475,10495.933130270025,Cloth
67.5,4.52,706.2495762460651,43.55637712536533,16.24091577981748,0.0936547499999998,696.0636191290286,Cloth
67.5,4.52,706.2495762460651,43.55637712536533,16.24091577981748,0.0936547499999998,696.0636191290286,Cloth
67.5,4.52,706.2495762460651,43.55637712536533,16.24091577981748,0.0936547499999998,696.0636191290286,Cloth
67.5,4.52,706.2495762460651,43.55637712536533,16.24091577981748,0.0936547499999998,696.0636191290286,Cloth
66.7,4.64,706.2495762460651,43.55637712536533,16.24091577981748,0.0936547499999998,696.0636191290286,Cloth
66.7,4.64,706.2495762460651,43.55637712536533,16.24091577981748,0.0936547499999998,696.0636191290286,Cloth
66.7,4.64,706.2495762460651,43.55637712536533,16.24091577981748,0.0936547499999998,696.0636191290286,Cloth
66.7,4.64,706.2495762460651,43.55637712536533,16.24091577981748,0.0936547499999998,696.0636191290286,Cloth
66.7,4.64,706.2495762460651,43.55637712536533,16.24091577981748,0.0936547499999998,696.0636191290286,Cloth
66.3,4.33,706.2495762460651,43.55637712536533,16.24091577981748,0.0936547499999998,696.0636191290286,Cloth
66.3,4.33,706.2495762460651,43.55637712536533,16.24091577981748,0.0936547499999998,696.0636191290286,Cloth
66.3,4.33,706.2495762460651,43.55637712536533,16.24091577981748,0.0936547499999998,696.0636191290286,Cloth
66.3,4.33,706.2495762460651,43.55637712536533,16.24091577981748,0.0936547499999998,696.0636191290286,Cloth
66.3,4.33,706.2495762460651,43.55637712536533,16.24091577981748,0.0936547499999998,696.0636191290286,Cloth
66.3,4.33,706.2495762460651,43.55637712536533,16.24091577981748,0.0936547499999998,696.0636191290286,Cloth
66.3,3.83,706.2495762460651,43.55637712536533,16.24091577981748,0.0936547499999998,696.0636191290286,Cloth
66.3,3.83,706.2495762460651,43.55637712536533,16.24091577981748,0.0936547499999998,696.0636191290286,Cloth
66.3,3.83,706.2495762460651,43.55637712536533,16.24091577981748,0.0936547499999998,696.0636191290286,Cloth
66.3,3.83,706.2495762460651,43.55637712536533,16.24091577981748,0.0936547499999998,696.0636191290286,Cloth
66.3,3.83,706.2495762460651,43.55637712536533,16.24091577981748,0.0936547499999998,696.0636191290286,Cloth
78.8,6.7,886.6934740798522,84.78088801183438,10.487822216604384,0.60210475,4650.856814727797,Cloth
78.8,6.7,886.6934740798522,84.78088801183438,10.487822216604384,0.60210475,4650.856814727797,Cloth
78.8,6.7,886.6934740798522,84.78088801183438,10.487822216604384,0.60210475,4650.856814727797,Cloth
78.8,8.05,886.6934740798522,84.78088801183438,10.487822216604384,0.60210475,4650.856814727797,Cloth
78.8,8.05,886.6934740798522,84.78088801183438,10.487822216604384,0.60210475,4650.856814727797,Cloth
78.8,8.05,886.6934740798522,84.78088801183438,10.487822216604384,0.60210475,4650.856814727797,Cloth
78.8,8.05,886.6934740798522,84.78088801183438,10.487822216604384,0.60210475,4650.856814727797,Cloth
78.8,8.05,886.6934740798522,84.78088801183438,10.487822216604384,0.60210475,4650.856814727797,Cloth
78.8,8.05,886.6934740798522,84.78088801183438,10.487822216604384,0.60210475,4650.856814727797,Cloth
78.8,8.28,886.6934740798522,84.78088801183438,10.487822216604384,0.60210475,4650.856814727797,Cloth
78.8,8.28,886.6934740798522,84.78088801183438,10.487822216604384,0.60210475,4650.856814727797,Cloth
78.8,8.28,886.6934740798522,84.78088801183438,10.487822216604384,0.60210475,4650.856814727797,Cloth
78.8,8.28,886.6934740798522,84.78088801183438,10.487822216604384,0.60210475,4650.856814727797,Cloth
78.8,8.28,886.6934740798522,84.78088801183438,10.487822216604384,0.60210475,4650.856814727797,Cloth
78.7,8.58,886.6934740798522,84.78088801183438,10.487822216604384,0.60210475,4650.856814727797,Cloth
78.7,8.58,886.6934740798522,84.78088801183438,10.487822216604384,0.60210475,4650.856814727797,Cloth
78.7,8.58,886.6934740798522,84.78088801183438,10.487822216604384,0.60210475,4650.856814727797,Cloth
78.7,8.58,886.6934740798522,84.78088801183438,10.487822216604384,0.60210475,4650.856814727797,Cloth
78.7,8.58,886.6934740798522,84.78088801183438,10.487822216604384,0.60210475,4650.856814727797,Cloth
78.5,10.31,886.6934740798522,84.78088801183438,10.487822216604384,0.60210475,4650.856814727797,Cloth
86.9,4.08,616.7864459884794,38.019669568541886,16.558401558270305,0.022711,3055.4022766896,Cloth
86.9,4.08,616.7864459884794,38.019669568541886,16.558401558270305,0.022711,3055.4022766896,Cloth
86.9,4.08,616.7864459884794,38.019669568541886,16.558401558270305,0.022711,3055.4022766896,Cloth
86.9,3.95,616.7864459884794,38.019669568541886,16.558401558270305,0.022711,3055.4022766896,Cloth
86.9,3.95,616.7864459884794,38.019669568541886,16.558401558270305,0.022711,3055.4022766896,Cloth
86.9,3.95,616.7864459884794,38.019669568541886,16.558401558270305,0.022711,3055.4022766896,Cloth
86.9,3.95,616.7864459884794,38.019669568541886,16.558401558270305,0.022711,3055.4022766896,Cloth
86.9,3.95,616.7864459884794,38.019669568541886,16.558401558270305,0.022711,3055.4022766896,Cloth
86.9,3.71,616.7864459884794,38.019669568541886,16.558401558270305,0.022711,3055.4022766896,Cloth
86.9,3.71,616.7864459884794,38.019669568541886,16.558401558270305,0.022711,3055.4022766896,Cloth
86.9,3.71,616.7864459884794,38.019669568541886,16.558401558270305,0.022711,3055.4022766896,Cloth
86.9,3.71,616.7864459884794,38.019669568541886,16.558401558270305,0.022711,3055.4022766896,Cloth
86.9,3.71,616.7864459884794,38.019669568541886,16.558401558270305,0.022711,3055.4022766896,Cloth
86.9,3.71,616.7864459884794,38.019669568541886,16.558401558270305,0.022711,3055.4022766896,Cloth
86.4,4.01,616.7864459884794,38.019669568541886,16.558401558270305,0.022711,3055.4022766896,Cloth
86.4,4.01,616.7864459884794,38.019669568541886,16.558401558270305,0.022711,3055.4022766896,Cloth
86.4,4.01,616.7864459884794,38.019669568541886,16.558401558270305,0.022711,3055.4022766896,Cloth
86.4,4.01,616.7864459884794,38.019669568541886,16.558401558270305,0.022711,3055.4022766896,Cloth
86.4,4.01,616.7864459884794,38.019669568541886,16.558401558270305,0.022711,3055.4022766896,Cloth
86.3,3.64,616.7864459884794,38.019669568541886,16.558401558270305,0.022711,3055.4022766896,Cloth
95.6,6.08,583.4958221428728,56.51842518591117,10.39929123858135,0.2116847499999999,4000.602217101195,Cloth
95.6,6.08,583.4958221428728,56.51842518591117,10.39929123858135,0.2116847499999999,4000.602217101195,Cloth
95.6,5.53,583.4958221428728,56.51842518591117,10.39929123858135,0.2116847499999999,4000.602217101195,Cloth
95.6,5.53,583.4958221428728,56.51842518591117,10.39929123858135,0.2116847499999999,4000.602217101195,Cloth
95.6,5.53,583.4958221428728,56.51842518591117,10.39929123858135,0.2116847499999999,4000.602217101195,Cloth
95.6,5.53,583.4958221428728,56.51842518591117,10.39929123858135,0.2116847499999999,4000.602217101195,Cloth
95.6,5.53,583.4958221428728,56.51842518591117,10.39929123858135,0.2116847499999999,4000.602217101195,Cloth
95.5,5.56,583.4958221428728,56.51842518591117,10.39929123858135,0.2116847499999999,4000.602217101195,Cloth
95.5,5.56,583.4958221428728,56.51842518591117,10.39929123858135,0.2116847499999999,4000.602217101195,Cloth
95.5,5.56,583.4958221428728,56.51842518591117,10.39929123858135,0.2116847499999999,4000.602217101195,Cloth
95.5,5.56,583.4958221428728,56.51842518591117,10.39929123858135,0.2116847499999999,4000.602217101195,Cloth
95.5,5.56,583.4958221428728,56.51842518591117,10.39929123858135,0.2116847499999999,4000.602217101195,Cloth
95.6,4.82,583.4958221428728,56.51842518591117,10.39929123858135,0.2116847499999999,4000.602217101195,Cloth
95.6,4.82,583.4958221428728,56.51842518591117,10.39929123858135,0.2116847499999999,4000.602217101195,Cloth
95.6,4.82,583.4958221428728,56.51842518591117,10.39929123858135,0.2116847499999999,4000.602217101195,Cloth
95.6,4.82,583.4958221428728,56.51842518591117,10.39929123858135,0.2116847499999999,4000.602217101195,Cloth
95.6,4.82,583.4958221428728,56.51842518591117,10.39929123858135,0.2116847499999999,4000.602217101195,Cloth
95.6,4.82,583.4958221428728,56.51842518591117,10.39929123858135,0.2116847499999999,4000.602217101195,Cloth
95.5,4.58,583.4958221428728,56.51842518591117,10.39929123858135,0.2116847499999999,4000.602217101195,Cloth
95.5,4.58,583.4958221428728,56.51842518591117,10.39929123858135,0.2116847499999999,4000.602217101195,Cloth
107.8,5.04,468.94961490403904,44.882388545540024,10.45816879179932,0.090219,1146.371576878543,Cloth
107.8,5.04,468.94961490403904,44.882388545540024,10.45816879179932,0.090219,1146.371576878543,Cloth
107.8,5.04,468.94961490403904,44.882388545540024,10.45816879179932,0.090219,1146.371576878543,Cloth
107.8,5.04,468.94961490403904,44.882388545540024,10.45816879179932,0.090219,1146.371576878543,Cloth
107.4,4.52,468.94961490403904,44.882388545540024,10.45816879179932,0.090219,1146.371576878543,Cloth
107.4,4.52,468.94961490403904,44.882388545540024,10.45816879179932,0.090219,1146.371576878543,Cloth
107.4,4.52,468.94961490403904,44.882388545540024,10.45816879179932,0.090219,1146.371576878543,Cloth
107.4,4.52,468.94961490403904,44.882388545540024,10.45816879179932,0.090219,1146.371576878543,Cloth
107.4,4.52,468.94961490403904,44.882388545540024,10.45816879179932,0.090219,1146.371576878543,Cloth
107.4,4.56,468.94961490403904,44.882388545540024,10.45816879179932,0.090219,1146.371576878543,Cloth
107.4,4.56,468.94961490403904,44.882388545540024,10.45816879179932,0.090219,1146.371576878543,Cloth
107.4,4.56,468.94961490403904,44.882388545540024,10.45816879179932,0.090219,1146.371576878543,Cloth
107.4,4.56,468.94961490403904,44.882388545540024,10.45816879179932,0.090219,1146.371576878543,Cloth
107.4,4.56,468.94961490403904,44.882388545540024,10.45816879179932,0.090219,1146.371576878543,Cloth
107.4,4.56,468.94961490403904,44.882388545540024,10.45816879179932,0.090219,1146.371576878543,Cloth
106.9,4.14,468.94961490403904,44.882388545540024,10.45816879179932,0.090219,1146.371576878543,Cloth
106.9,4.14,468.94961490403904,44.882388545540024,10.45816879179932,0.090219,1146.371576878543,Cloth
106.9,4.14,468.94961490403904,44.882388545540024,10.45816879179932,0.090219,1146.371576878543,Cloth
106.9,4.14,468.94961490403904,44.882388545540024,10.45816879179932,0.090219,1146.371576878543,Cloth
106.9,4.14,468.94961490403904,44.882388545540024,10.45816879179932,0.090219,1146.371576878543,Cloth
117.4,4.51,349.098212164924,43.984513581139765,8.067609693913969,0.0488427499999999,2364.1322403579716,Cloth
117.4,4.51,349.098212164924,43.984513581139765,8.067609693913969,0.0488427499999999,2364.1322403579716,Cloth
117.5,4.35,349.098212164924,43.984513581139765,8.067609693913969,0.0488427499999999,2364.1322403579716,Cloth
117.5,4.35,349.098212164924,43.984513581139765,8.067609693913969,0.0488427499999999,2364.1322403579716,Cloth
117.5,4.35,349.098212164924,43.984513581139765,8.067609693913969,0.0488427499999999,2364.1322403579716,Cloth
117.5,4.35,349.098212164924,43.984513581139765,8.067609693913969,0.0488427499999999,2364.1322403579716,Cloth
117.5,4.35,349.098212164924,43.984513581139765,8.067609693913969,0.0488427499999999,2364.1322403579716,Cloth
117.2,4.76,349.098212164924,43.984513581139765,8.067609693913969,0.0488427499999999,2364.1322403579716,Cloth
117.2,4.76,349.098212164924,43.984513581139765,8.067609693913969,0.0488427499999999,2364.1322403579716,Cloth
117.2,4.76,349.098212164924,43.984513581139765,8.067609693913969,0.0488427499999999,2364.1322403579716,Cloth
117.2,4.76,349.098212164924,43.984513581139765,8.067609693913969,0.0488427499999999,2364.1322403579716,Cloth
117.2,4.76,349.098212164924,43.984513581139765,8.067609693913969,0.0488427499999999,2364.1322403579716,Cloth
117.4,4.45,349.098212164924,43.984513581139765,8.067609693913969,0.0488427499999999,2364.1322403579716,Cloth
117.4,4.45,349.098212164924,43.984513581139765,8.067609693913969,0.0488427499999999,2364.1322403579716,Cloth
117.4,4.45,349.098212164924,43.984513581139765,8.067609693913969,0.0488427499999999,2364.1322403579716,Cloth
117.4,4.45,349.098212164924,43.984513581139765,8.067609693913969,0.0488427499999999,2364.1322403579716,Cloth
117.4,4.45,349.098212164924,43.984513581139765,8.067609693913969,0.0488427499999999,2364.1322403579716,Cloth
117.4,4.45,349.098212164924,43.984513581139765,8.067609693913969,0.0488427499999999,2364.1322403579716,Cloth
117.5,3.98,349.098212164924,43.984513581139765,8.067609693913969,0.0488427499999999,2364.1322403579716,Cloth
117.5,3.98,349.098212164924,43.984513581139765,8.067609693913969,0.0488427499999999,2364.1322403579716,Cloth
127.6,4.12,406.6606820697215,36.194215613720885,11.329815722621596,0.024135,3366.7958643010993,Cloth
127.6,4.12,406.6606820697215,36.194215613720885,11.329815722621596,0.024135,3366.7958643010993,Cloth
127.6,4.12,406.6606820697215,36.194215613720885,11.329815722621596,0.024135,3366.7958643010993,Cloth
127.6,4.12,406.6606820697215,36.194215613720885,11.329815722621596,0.024135,3366.7958643010993,Cloth
127.6,4.12,406.6606820697215,36.194215613720885,11.329815722621596,0.024135,3366.7958643010993,Cloth
127.6,4.12,406.6606820697215,36.194215613720885,11.329815722621596,0.024135,3366.7958643010993,Cloth
127.7,3.81,406.6606820697215,36.194215613720885,11.329815722621596,0.024135,3366.7958643010993,Cloth
127.7,3.81,406.6606820697215,36.194215613720885,11.329815722621596,0.024135,3366.7958643010993,Cloth
127.7,3.81,406.6606820697215,36.194215613720885,11.329815722621596,0.024135,3366.7958643010993,Cloth
127.7,3.81,406.6606820697215,36.194215613720885,11.329815722621596,0.024135,3366.7958643010993,Cloth
127.7,3.81,406.6606820697215,36.194215613720885,11.329815722621596,0.024135,3366.7958643010993,Cloth
127.8,3.8,406.6606820697215,36.194215613720885,11.329815722621596,0.024135,3366.7958643010993,Cloth
127.8,3.8,406.6606820697215,36.194215613720885,11.329815722621596,0.024135,3366.7958643010993,Cloth
127.8,3.8,406.6606820697215,36.194215613720885,11.329815722621596,0.024135,3366.7958643010993,Cloth
127.8,3.8,406.6606820697215,36.194215613720885,11.329815722621596,0.024135,3366.7958643010993,Cloth
127.8,3.8,406.6606820697215,36.194215613720885,11.329815722621596,0.024135,3366.7958643010993,Cloth
127.8,3.8,406.6606820697215,36.194215613720885,11.329815722621596,0.024135,3366.7958643010993,Cloth
127.9,4.11,406.6606820697215,36.194215613720885,11.329815722621596,0.024135,3366.7958643010993,Cloth
127.9,4.11,406.6606820697215,36.194215613720885,11.329815722621596,0.024135,3366.7958643010993,Cloth
127.9,4.11,406.6606820697215,36.194215613720885,11.329815722621596,0.024135,3366.7958643010993,Cloth
136.0,5.0,412.72325139057114,48.65492331927561,8.482406049722346,0.0074347499999999,1304.4347068653924,Cloth
136.0,5.0,412.72325139057114,48.65492331927561,8.482406049722346,0.0074347499999999,1304.4347068653924,Cloth
135.6,4.84,412.72325139057114,48.65492331927561,8.482406049722346,0.0074347499999999,1304.4347068653924,Cloth
135.6,4.84,412.72325139057114,48.65492331927561,8.482406049722346,0.0074347499999999,1304.4347068653924,Cloth
135.6,4.84,412.72325139057114,48.65492331927561,8.482406049722346,0.0074347499999999,1304.4347068653924,Cloth
135.6,4.84,412.72325139057114,48.65492331927561,8.482406049722346,0.0074347499999999,1304.4347068653924,Cloth
135.6,4.84,412.72325139057114,48.65492331927561,8.482406049722346,0.0074347499999999,1304.4347068653924,Cloth
134.9,4.92,412.72325139057114,48.65492331927561,8.482406049722346,0.0074347499999999,1304.4347068653924,Cloth
134.9,4.92,412.72325139057114,48.65492331927561,8.482406049722346,0.0074347499999999,1304.4347068653924,Cloth
134.9,4.92,412.72325139057114,48.65492331927561,8.482406049722346,0.0074347499999999,1304.4347068653924,Cloth
134.9,4.92,412.72325139057114,48.65492331927561,8.482406049722346,0.0074347499999999,1304.4347068653924,Cloth
134.9,4.92,412.72325139057114,48.65492331927561,8.482406049722346,0.0074347499999999,1304.4347068653924,Cloth
134.9,4.92,412.72325139057114,48.65492331927561,8.482406049722346,0.0074347499999999,1304.4347068653924,Cloth
134.6,4.73,412.72325139057114,48.65492331927561,8.482406049722346,0.0074347499999999,1304.4347068653924,Cloth
134.6,4.73,412.72325139057114,48.65492331927561,8.482406049722346,0.0074347499999999,1304.4347068653924,Cloth
134.6,4.73,412.72325139057114,48.65492331927561,8.482406049722346,0.0074347499999999,1304.4347068653924,Cloth
134.6,4.73,412.72325139057114,48.65492331927561,8.482406049722346,0.0074347499999999,1304.4347068653924,Cloth
134.6,4.73,412.72325139057114,48.65492331927561,8.482406049722346,0.0074347499999999,1304.4347068653924,Cloth
134.2,4.82,412.72325139057114,48.65492331927561,8.482406049722346,0.0074347499999999,1304.4347068653924,Cloth
134.2,4.82,412.72325139057114,48.65492331927561,8.482406049722346,0.0074347499999999,1304.4347068653924,Cloth
148.3,5.29,297.13356661142967,48.85646983816864,6.081426941231392,0.02656875,1095.170777493175,Cloth
148.3,5.29,297.13356661142967,48.85646983816864,6.081426941231392,0.02656875,1095.170777493175,Cloth
148.3,5.29,297.13356661142967,48.85646983816864,6.081426941231392,0.02656875,1095.170777493175,Cloth
148.3,5.29,297.13356661142967,48.85646983816864,6.081426941231392,0.02656875,1095.170777493175,Cloth
148.3,5.29,297.13356661142967,48.85646983816864,6.081426941231392,0.02656875,1095.170777493175,Cloth
148.3,5.28,297.13356661142967,48.85646983816864,6.081426941231392,0.02656875,1095.170777493175,Cloth
148.3,5.28,297.13356661142967,48.85646983816864,6.081426941231392,0.02656875,1095.170777493175,Cloth
148.3,5.28,297.13356661142967,48.85646983816864,6.081426941231392,0.02656875,1095.170777493175,Cloth
148.3,5.28,297.13356661142967,48.85646983816864,6.081426941231392,0.02656875,1095.170777493175,Cloth
148.3,5.28,297.13356661142967,48.85646983816864,6.081426941231392,0.02656875,1095.170777493175,Cloth
148.2,5.37,297.13356661142967,48.85646983816864,6.081426941231392,0.02656875,1095.170777493175,Cloth
148.2,5.37,297.13356661142967,48.85646983816864,6.081426941231392,0.02656875,1095.170777493175,Cloth
148.2,5.37,297.13356661142967,48.85646983816864,6.081426941231392,0.02656875,1095.170777493175,Cloth
148.2,5.37,297.13356661142967,48.85646983816864,6.081426941231392,0.02656875,1095.170777493175,Cloth
148.2,5.37,297.13356661142967,48.85646983816864,6.081426941231392,0.02656875,1095.170777493175,Cloth
148.2,5.37,297.13356661142967,48.85646983816864,6.081426941231392,0.02656875,1095.170777493175,Cloth
148.2,4.92,297.13356661142967,48.85646983816864,6.081426941231392,0.02656875,1095.170777493175,Cloth
148.2,4.92,297.13356661142967,48.85646983816864,6.081426941231392,0.02656875,1095.170777493175,Cloth
148.2,4.92,297.13356661142967,48.85646983816864,6.081426941231392,0.02656875,1095.170777493175,Cloth
148.2,4.92,297.13356661142967,48.85646983816864,6.081426941231392,0.02656875,1095.170777493175,Cloth
164.4,4.0,313.3970529612203,30.841046344076528,10.171906128227016,0.00204475,1794.117344155615,Cloth
164.4,4.0,313.3970529612203,30.841046344076528,10.171906128227016,0.00204475,1794.117344155615,Cloth
164.4,3.87,313.3970529612203,30.841046344076528,10.171906128227016,0.00204475,1794.117344155615,Cloth
164.4,3.87,313.3970529612203,30.841046344076528,10.171906128227016,0.00204475,1794.117344155615,Cloth
164.4,3.87,313.3970529612203,30.841046344076528,10.171906128227016,0.00204475,1794.117344155615,Cloth
164.4,3.87,313.3970529612203,30.841046344076528,10.171906128227016,0.00204475,1794.117344155615,Cloth
164.4,3.87,313.3970529612203,30.841046344076528,10.171906128227016,0.00204475,1794.117344155615,Cloth
164.4,3.87,313.3970529612203,30.841046344076528,10.171906128227016,0.00204475,1794.117344155615,Cloth
164.4,3.91,313.3970529612203,30.841046344076528,10.171906128227016,0.00204475,1794.117344155615,Cloth
164.4,3.91,313.3970529612203,30.841046344076528,10.171906128227016,0.00204475,1794.117344155615,Cloth
164.4,3.91,313.3970529612203,30.841046344076528,10.171906128227016,0.00204475,1794.117344155615,Cloth
164.4,3.91,313.3970529612203,30.841046344076528,10.171906128227016,0.00204475,1794.117344155615,Cloth
164.4,3.91,313.3970529612203,30.841046344076528,10.171906128227016,0.00204475,1794.117344155615,Cloth
164.9,3.91,313.3970529612203,30.841046344076528,10.171906128227016,0.00204475,1794.117344155615,Cloth
164.9,3.91,313.3970529612203,30.841046344076528,10.171906128227016,0.00204475,1794.117344155615,Cloth
164.9,3.91,313.3970529612203,30.841046344076528,10.171906128227016,0.00204475,1794.117344155615,Cloth
164.9,3.91,313.3970529612203,30.841046344076528,10.171906128227016,0.00204475,1794.117344155615,Cloth
164.9,3.91,313.3970529612203,30.841046344076528,10.171906128227016,0.00204475,1794.117344155615,Cloth
164.9,3.91,313.3970529612203,30.841046344076528,10.171906128227016,0.00204475,1794.117344155615,Cloth
164.5,3.78,313.3970529612203,30.841046344076528,10.171906128227016,0.00204475,1794.117344155615,Cloth
55.7,9.14,1474.2051622636222,95.18952259861348,15.487093329512174,0.0064499999999999,447.8483455367449,Hand
55.7,9.14,1474.2051622636222,95.18952259861348,15.487093329512174,0.0064499999999999,447.8483455367449,Hand
55.7,9.14,1474.2051622636222,95.18952259861348,15.487093329512174,0.0064499999999999,447.8483455367449,Hand
55.7,9.14,1474.2051622636222,95.18952259861348,15.487093329512174,0.0064499999999999,447.8483455367449,Hand
55.9,8.98,1474.2051622636222,95.18952259861348,15.487093329512174,0.0064499999999999,447.8483455367449,Hand
55.9,8.98,1474.2051622636222,95.18952259861348,15.487093329512174,0.0064499999999999,447.8483455367449,Hand
55.9,8.98,1474.2051622636222,95.18952259861348,15.487093329512174,0.0064499999999999,447.8483455367449,Hand
55.9,8.98,1474.2051622636222,95.18952259861348,15.487093329512174,0.0064499999999999,447.8483455367449,Hand
55.9,8.98,1474.2051622636222,95.18952259861348,15.487093329512174,0.0064499999999999,447.8483455367449,Hand
55.4,9.09,1474.2051622636222,95.18952259861348,15.487093329512174,0.0064499999999999,447.8483455367449,Hand
55.4,9.09,1474.2051622636222,95.18952259861348,15.487093329512174,0.0064499999999999,447.8483455367449,Hand
55.4,9.09,1474.2051622636222,95.18952259861348,15.487093329512174,0.0064499999999999,447.8483455367449,Hand
55.4,9.09,1474.2051622636222,95.18952259861348,15.487093329512174,0.0064499999999999,447.8483455367449,Hand
55.4,9.09,1474.2051622636222,95.18952259861348,15.487093329512174,0.0064499999999999,447.8483455367449,Hand
55.4,9.09,1474.2051622636222,95.18952259861348,15.487093329512174,0.0064499999999999,447.8483455367449,Hand
55.3,9.2,1474.2051622636222,95.18952259861348,15.487093329512174,0.0064499999999999,447.8483455367449,Hand
55.3,9.2,1474.2051622636222,95.18952259861348,15.487093329512174,0.0064499999999999,447.8483455367449,Hand
55.3,9.2,1474.2051622636222,95.18952259861348,15.487093329512174,0.0064499999999999,447.8483455367449,Hand
55.3,9.2,1474.2051622636222,95.18952259861348,15.487093329512174,0.0064499999999999,447.8483455367449,Hand
55.3,9.2,1474.2051622636222,95.18952259861348,15.487093329512174,0.0064499999999999,447.8483455367449,Hand
67.7,4.04,683.3850584068243,43.1149012269648,15.85369315549807,0.000831,512.6145991629575,Hand
67.7,4.12,683.3850584068243,43.1149012269648,15.85369315549807,0.000831,512.6145991629575,Hand
67.7,4.12,683.3850584068243,43.1149012269648,15.85369315549807,0.000831,512.6145991629575,Hand
67.7,4.12,683.3850584068243,43.1149012269648,15.85369315549807,0.000831,512.6145991629575,Hand
67.7,4.12,683.3850584068243,43.1149012269648,15.85369315549807,0.000831,512.6145991629575,Hand
67.7,4.12,683.3850584068243,43.1149012269648,15.85369315549807,0.000831,512.6145991629575,Hand
67.7,4.12,683.3850584068243,43.1149012269648,15.85369315549807,0.000831,512.6145991629575,Hand
67.7,4.08,683.3850584068243,43.1149012269648,15.85369315549807,0.000831,512.6145991629575,Hand
67.7,4.08,683.3850584068243,43.1149012269648,15.85369315549807,0.000831,512.6145991629575,Hand
67.7,4.08,683.3850584068243,43.1149012269648,15.85369315549807,0.000831,512.6145991629575,Hand
67.7,4.08,683.3850584068243,43.1149012269648,15.85369315549807,0.000831,512.6145991629575,Hand
67.7,4.08,683.3850584068243,43.1149012269648,15.85369315549807,0.000831,512.6145991629575,Hand
67.6,4.13,683.3850584068243,43.1149012269648,15.85369315549807,0.000831,512.6145991629575,Hand
67.6,4.13,683.3850584068243,43.1149012269648,15.85369315549807,0.000831,512.6145991629575,Hand
67.6,4.13,683.3850584068243,43.1149012269648,15.85369315549807,0.000831,512.6145991629575,Hand
67.6,4.13,683.3850584068243,43.1149012269648,15.85369315549807,0.000831,512.6145991629575,Hand
67.6,4.13,683.3850584068243,43.1149012269648,15.85369315549807,0.000831,512.6145991629575,Hand
67.6,4.15,683.3850584068243,43.1149012269648,15.85369315549807,0.000831,512.6145991629575,Hand
67.6,4.15,683.3850584068243,43.1149012269648,15.85369315549807,0.000831,512.6145991629575,Hand
67.6,4.15,683.3850584068243,43.1149012269648,15.85369315549807,0.000831,512.6145991629575,Hand
77.7,7.63,930.5901892522124,83.71794729422992,11.116439890737572,0.04312875,395.1893337060125,Hand
77.5,7.83,930.5901892522124,83.71794729422992,11.116439890737572,0.04312875,395.1893337060125,Hand
77.5,7.83,930.5901892522124,83.71794729422992,11.116439890737572,0.04312875,395.1893337060125,Hand
77.5,7.83,930.5901892522124,83.71794729422992,11.116439890737572,0.04312875,395.1893337060125,Hand
77.5,7.83,930.5901892522124,83.71794729422992,11.116439890737572,0.04312875,395.1893337060125,Hand
77.5,7.83,930.5901892522124,83.71794729422992,11.116439890737572,0.04312875,395.1893337060125,Hand
77.5,8.08,930.5901892522124,83.71794729422992,11.116439890737572,0.04312875,395.1893337060125,Hand
77.5,8.08,930.5901892522124,83.71794729422992,11.116439890737572,0.04312875,395.1893337060125,Hand
77.5,8.08,930.5901892522124,83.71794729422992,11.116439890737572,0.04312875,395.1893337060125,Hand
77.5,8.08,930.5901892522124,83.71794729422992,11.116439890737572,0.04312875,395.1893337060125,Hand
77.5,8.08,930.5901892522124,83.71794729422992,11.116439890737572,0.04312875,395.1893337060125,Hand
77.6,7.6,930.5901892522124,83.71794729422992,11.116439890737572,0.04312875,395.1893337060125,Hand
77.6,7.6,930.5901892522124,83.71794729422992,11.116439890737572,0.04312875,395.1893337060125,Hand
77.6,7.6,930.5901892522124,83.71794729422992,11.116439890737572,0.04312875,395.1893337060125,Hand
77.6,7.6,930.5901892522124,83.71794729422992,11.116439890737572,0.04312875,395.1893337060125,Hand
77.6,7.6,930.5901892522124,83.71794729422992,11.116439890737572,0.04312875,395.1893337060125,Hand
77.6,7.6,930.5901892522124,83.71794729422992,11.116439890737572,0.04312875,395.1893337060125,Hand
77.6,8.09,930.5901892522124,83.71794729422992,11.116439890737572,0.04312875,395.1893337060125,Hand
77.6,8.09,930.5901892522124,83.71794729422992,11.116439890737572,0.04312875,395.1893337060125,Hand
77.6,8.09,930.5901892522124,83.71794729422992,11.116439890737572,0.04312875,395.1893337060125,Hand
85.6,5.2,669.2403621495328,53.54858538366723,12.498750000000005,0.0341,769.336874766184,Hand
85.6,5.2,669.2403621495328,53.54858538366723,12.498750000000005,0.0341,769.336874766184,Hand
85.6,5.2,669.2403621495328,53.54858538366723,12.498750000000005,0.0341,769.336874766184,Hand
85.6,5.2,669.2403621495328,53.54858538366723,12.498750000000005,0.0341,769.336874766184,Hand
85.6,5.33,669.2403621495328,53.54858538366723,12.498750000000005,0.0341,769.336874766184,Hand
85.6,5.33,669.2403621495328,53.54858538366723,12.498750000000005,0.0341,769.336874766184,Hand
85.6,5.33,669.2403621495328,53.54858538366723,12.498750000000005,0.0341,769.336874766184,Hand
85.6,5.33,669.2403621495328,53.54858538366723,12.498750000000005,0.0341,769.336874766184,Hand
85.6,5.33,669.2403621495328,53.54858538366723,12.498750000000005,0.0341,769.336874766184,Hand
85.6,5.13,669.2403621495328,53.54858538366723,12.498750000000005,0.0341,769.336874766184,Hand
85.6,5.13,669.2403621495328,53.54858538366723,12.498750000000005,0.0341,769.336874766184,Hand
85.6,5.13,669.2403621495328,53.54858538366723,12.498750000000005,0.0341,769.336874766184,Hand
85.6,5.13,669.2403621495328,53.54858538366723,12.498750000000005,0.0341,769.336874766184,Hand
85.6,5.13,669.2403621495328,53.54858538366723,12.498750000000005,0.0341,769.336874766184,Hand
85.6,4.85,669.2403621495328,53.54858538366723,12.498750000000005,0.0341,769.336874766184,Hand
85.6,4.85,669.2403621495328,53.54858538366723,12.498750000000005,0.0341,769.336874766184,Hand
85.6,4.85,669.2403621495328,53.54858538366723,12.498750000000005,0.0341,769.336874766184,Hand
85.6,4.85,669.2403621495328,53.54858538366723,12.498750000000005,0.0341,769.336874766184,Hand
85.6,4.85,669.2403621495328,53.54858538366723,12.498750000000005,0.0341,769.336874766184,Hand
85.6,4.85,669.2403621495328,53.54858538366723,12.498750000000005,0.0341,769.336874766184,Hand
99.5,12.95,1104.5706449920283,136.10830232195968,8.117894109099714,0.0551927499999997,520.499053313262,Hand
99.5,12.95,1104.5706449920283,136.10830232195968,8.117894109099714,0.0551927499999997,520.499053313262,Hand
99.5,13.13,1104.5706449920283,136.10830232195968,8.117894109099714,0.0551927499999997,520.499053313262,Hand
99.5,13.13,1104.5706449920283,136.10830232195968,8.117894109099714,0.0551927499999997,520.499053313262,Hand
99.5,13.13,1104.5706449920283,136.10830232195968,8.117894109099714,0.0551927499999997,520.499053313262,Hand
99.5,13.13,1104.5706449920283,136.10830232195968,8.117894109099714,0.0551927499999997,520.499053313262,Hand
99.5,13.13,1104.5706449920283,136.10830232195968,8.117894109099714,0.0551927499999997,520.499053313262,Hand
99.6,13.06,1104.5706449920283,136.10830232195968,8.117894109099714,0.0551927499999997,520.499053313262,Hand
99.6,13.06,1104.5706449920283,136.10830232195968,8.117894109099714,0.0551927499999997,520.499053313262,Hand
99.6,13.06,1104.5706449920283,136.10830232195968,8.117894109099714,0.0551927499999997,520.499053313262,Hand
99.6,13.06,1104.5706449920283,136.10830232195968,8.117894109099714,0.0551927499999997,520.499053313262,Hand
99.6,13.06,1104.5706449920283,136.10830232195968,8.117894109099714,0.0551927499999997,520.499053313262,Hand
99.6,13.54,1104.5706449920283,136.10830232195968,8.117894109099714,0.0551927499999997,520.499053313262,Hand
99.6,13.54,1104.5706449920283,136.10830232195968,8.117894109099714,0.0551927499999997,520.499053313262,Hand
99.6,13.54,1104.5706449920283,136.10830232195968,8.117894109099714,0.0551927499999997,520.499053313262,Hand
99.6,13.54,1104.5706449920283,136.10830232195968,8.117894109099714,0.0551927499999997,520.499053313262,Hand
99.6,13.54,1104.5706449920283,136.10830232195968,8.117894109099714,0.0551927499999997,520.499053313262,Hand
99.6,13.54,1104.5706449920283,136.10830232195968,8.117894109099714,0.0551927499999997,520.499053313262,Hand
99.6,13.54,1104.5706449920283,136.10830232195968,8.117894109099714,0.0551927499999997,520.499053313262,Hand
99.6,13.54,1104.5706449920283,136.10830232195968,8.117894109099714,0.0551927499999997,520.499053313262,Hand
106.7,4.42,521.1775659555926,39.89191051694949,13.07950800878184,0.035475,647.4144745640161,Hand
106.7,4.42,521.1775659555926,39.89191051694949,13.07950800878184,0.035475,647.4144745640161,Hand
106.7,4.42,521.1775659555926,39.89191051694949,13.07950800878184,0.035475,647.4144745640161,Hand
106.7,4.42,521.1775659555926,39.89191051694949,13.07950800878184,0.035475,647.4144745640161,Hand
106.7,4.42,521.1775659555926,39.89191051694949,13.07950800878184,0.035475,647.4144745640161,Hand
106.7,4.78,521.1775659555926,39.89191051694949,13.07950800878184,0.035475,647.4144745640161,Hand
106.7,4.78,521.1775659555926,39.89191051694949,13.07950800878184,0.035475,647.4144745640161,Hand
106.7,4.78,521.1775659555926,39.89191051694949,13.07950800878184,0.035475,647.4144745640161,Hand
106.7,4.78,521.1775659555926,39.89191051694949,13.07950800878184,0.035475,647.4144745640161,Hand
106.7,4.78,521.1775659555926,39.89191051694949,13.07950800878184,0.035475,647.4144745640161,Hand
106.6,4.72,521.1775659555926,39.89191051694949,13.07950800878184,0.035475,647.4144745640161,Hand
106.6,4.72,521.1775659555926,39.89191051694949,13.07950800878184,0.035475,647.4144745640161,Hand
106.6,4.72,521.1775659555926,39.89191051694949,13.07950800878184,0.035475,647.4144745640161,Hand
106.6,4.72,521.1775659555926,39.89191051694949,13.07950800878184,0.035475,647.4144745640161,Hand
106.6,4.72,521.1775659555926,39.89191051694949,13.07950800878184,0.035475,647.4144745640161,Hand
106.4,4.94,521.1775659555926,39.89191051694949,13.07950800878184,0.035475,647.4144745640161,Hand
106.4,4.94,521.1775659555926,39.89191051694949,13.07950800878184,0.035475,647.4144745640161,Hand
106.4,4.94,521.1775659555926,39.89191051694949,13.07950800878184,0.035475,647.4144745640161,Hand
106.4,4.94,521.1775659555926,39.89191051694949,13.07950800878184,0.035475,647.4144745640161,Hand
106.4,4.94,521.1775659555926,39.89191051694949,13.07950800878184,0.035475,647.4144745640161,Hand
118.3,5.27,546.6365124422362,54.521057647115434,10.02753639383198,0.0124249999999999,2572.0541979903905,Hand
118.3,5.27,546.6365124422362,54.521057647115434,10.02753639383198,0.0124249999999999,2572.0541979903905,Hand
118.3,5.27,546.6365124422362,54.521057647115434,10.02753639383198,0.0124249999999999,2572.0541979903905,Hand
118.3,5.27,546.6365124422362,54.521057647115434,10.02753639383198,0.0124249999999999,2572.0541979903905,Hand
118.3,5.27,546.6365124422362,54.521057647115434,10.02753639383198,0.0124249999999999,2572.0541979903905,Hand
118.6,5.23,546.6365124422362,54.521057647115434,10.02753639383198,0.0124249999999999,2572.0541979903905,Hand
118.6,5.23,546.6365124422362,54.521057647115434,10.02753639383198,0.0124249999999999,2572.0541979903905,Hand
118.6,5.23,546.6365124422362,54.521057647115434,10.02753639383198,0.0124249999999999,2572.0541979903905,Hand
118.6,5.23,546.6365124422362,54.521057647115434,10.02753639383198,0.0124249999999999,2572.0541979903905,Hand
118.6,5.23,546.6365124422362,54.521057647115434,10.02753639383198,0.0124249999999999,2572.0541979903905,Hand
118.8,5.08,546.6365124422362,54.521057647115434,10.02753639383198,0.0124249999999999,2572.0541979903905,Hand
118.8,5.08,546.6365124422362,54.521057647115434,10.02753639383198,0.0124249999999999,2572.0541979903905,Hand
118.8,5.08,546.6365124422362,54.521057647115434,10.02753639383198,0.0124249999999999,2572.0541979903905,Hand
118.8,5.08,546.6365124422362,54.521057647115434,10.02753639383198,0.0124249999999999,2572.0541979903905,Hand
118.8,5.08,546.6365124422362,54.521057647115434,10.02753639383198,0.0124249999999999,2572.0541979903905,Hand
118.8,5.08,546.6365124422362,54.521057647115434,10.02753639383198,0.0124249999999999,2572.0541979903905,Hand
118.7,4.98,546.6365124422362,54.521057647115434,10.02753639383198,0.0124249999999999,2572.0541979903905,Hand
118.7,4.98,546.6365124422362,54.521057647115434,10.02753639383198,0.0124249999999999,2572.0541979903905,Hand
118.7,4.98,546.6365124422362,54.521057647115434,10.02753639383198,0.0124249999999999,2572.0541979903905,Hand
118.7,4.98,546.6365124422362,54.521057647115434,10.02753639383198,0.0124249999999999,2572.0541979903905,Hand
125.9,4.26,354.0524567504598,43.12255064247891,8.211955163275364,0.01317275,261.0550138859632,Hand
125.9,4.26,354.0524567504598,43.12255064247891,8.211955163275364,0.01317275,261.0550138859632,Hand
125.9,4.26,354.0524567504598,43.12255064247891,8.211955163275364,0.01317275,261.0550138859632,Hand
125.9,4.22,354.0524567504598,43.12255064247891,8.211955163275364,0.01317275,261.0550138859632,Hand
125.9,4.22,354.0524567504598,43.12255064247891,8.211955163275364,0.01317275,261.0550138859632,Hand
125.9,4.22,354.0524567504598,43.12255064247891,8.211955163275364,0.01317275,261.0550138859632,Hand
125.9,4.22,354.0524567504598,43.12255064247891,8.211955163275364,0.01317275,261.0550138859632,Hand
125.9,4.22,354.0524567504598,43.12255064247891,8.211955163275364,0.01317275,261.0550138859632,Hand
125.9,4.22,354.0524567504598,43.12255064247891,8.211955163275364,0.01317275,261.0550138859632,Hand
125.6,4.45,354.0524567504598,43.12255064247891,8.211955163275364,0.01317275,261.0550138859632,Hand
125.6,4.45,354.0524567504598,43.12255064247891,8.211955163275364,0.01317275,261.0550138859632,Hand
125.6,4.45,354.0524567504598,43.12255064247891,8.211955163275364,0.01317275,261.0550138859632,Hand
125.6,4.45,354.0524567504598,43.12255064247891,8.211955163275364,0.01317275,261.0550138859632,Hand
125.6,4.45,354.0524567504598,43.12255064247891,8.211955163275364,0.01317275,261.0550138859632,Hand
125.2,4.14,354.0524567504598,43.12255064247891,8.211955163275364,0.01317275,261.0550138859632,Hand
125.2,4.14,354.0524567504598,43.12255064247891,8.211955163275364,0.01317275,261.0550138859632,Hand
125.2,4.14,354.0524567504598,43.12255064247891,8.211955163275364,0.01317275,261.0550138859632,Hand
125.2,4.14,354.0524567504598,43.12255064247891,8.211955163275364,0.01317275,261.0550138859632,Hand
125.2,4.14,354.0524567504598,43.12255064247891,8.211955163275364,0.01317275,261.0550138859632,Hand
125.2,4.22,354.0524567504598,43.12255064247891,8.211955163275364,0.01317275,261.0550138859632,Hand
135.7,4.58,362.65565211122566,37.35041882703346,9.709692334479218,0.0035309999999999,425.8259126685464,Hand
135.6,4.44,362.65565211122566,37.35041882703346,9.709692334479218,0.0035309999999999,425.8259126685464,Hand
135.6,4.44,362.65565211122566,37.35041882703346,9.709692334479218,0.0035309999999999,425.8259126685464,Hand
135.6,4.44,362.65565211122566,37.35041882703346,9.709692334479218,0.0035309999999999,425.8259126685464,Hand
135.6,4.44,362.65565211122566,37.35041882703346,9.709692334479218,0.0035309999999999,425.8259126685464,Hand
135.6,4.44,362.65565211122566,37.35041882703346,9.709692334479218,0.0035309999999999,425.8259126685464,Hand
135.6,4.58,362.65565211122566,37.35041882703346,9.709692334479218,0.0035309999999999,425.8259126685464,Hand
135.6,4.58,362.65565211122566,37.35041882703346,9.709692334479218,0.0035309999999999,425.8259126685464,Hand
135.6,4.58,362.65565211122566,37.35041882703346,9.709692334479218,0.0035309999999999,425.8259126685464,Hand
135.6,4.58,362.65565211122566,37.35041882703346,9.709692334479218,0.0035309999999999,425.8259126685464,Hand
135.6,4.58,362.65565211122566,37.35041882703346,9.709692334479218,0.0035309999999999,425.8259126685464,Hand
135.6,4.58,362.65565211122566,37.35041882703346,9.709692334479218,0.0035309999999999,425.8259126685464,Hand
135.6,4.46,362.65565211122566,37.35041882703346,9.709692334479218,0.0035309999999999,425.8259126685464,Hand
135.6,4.46,362.65565211122566,37.35041882703346,9.709692334479218,0.0035309999999999,425.8259126685464,Hand
135.6,4.46,362.65565211122566,37.35041882703346,9.709692334479218,0.0035309999999999,425.8259126685464,Hand
135.6,4.46,362.65565211122566,37.35041882703346,9.709692334479218,0.0035309999999999,425.8259126685464,Hand
135.6,4.46,362.65565211122566,37.35041882703346,9.709692334479218,0.0035309999999999,425.8259126685464,Hand
135.5,4.5,362.65565211122566,37.35041882703346,9.709692334479218,0.0035309999999999,425.8259126685464,Hand
135.5,4.5,362.65565211122566,37.35041882703346,9.709692334479218,0.0035309999999999,425.8259126685464,Hand
135.5,4.5,362.65565211122566,37.35041882703346,9.709692334479218,0.0035309999999999,425.8259126685464,Hand
144.6,3.78,448.9671557716568,36.30928554617855,12.36842706216554,0.0072727499999999,629.4060918040116,Hand
144.6,3.78,448.9671557716568,36.30928554617855,12.36842706216554,0.0072727499999999,629.4060918040116,Hand
144.6,3.78,448.9671557716568,36.30928554617855,12.36842706216554,0.0072727499999999,629.4060918040116,Hand
144.6,3.7,448.9671557716568,36.30928554617855,12.36842706216554,0.0072727499999999,629.4060918040116,Hand
144.6,3.7,448.9671557716568,36.30928554617855,12.36842706216554,0.0072727499999999,629.4060918040116,Hand
144.6,3.7,448.9671557716568,36.30928554617855,12.36842706216554,0.0072727499999999,629.4060918040116,Hand
144.6,3.7,448.9671557716568,36.30928554617855,12.36842706216554,0.0072727499999999,629.4060918040116,Hand
144.6,3.7,448.9671557716568,36.30928554617855,12.36842706216554,0.0072727499999999,629.4060918040116,Hand
144.6,3.8,448.9671557716568,36.30928554617855,12.36842706216554,0.0072727499999999,629.4060918040116,Hand
144.6,3.8,448.9671557716568,36.30928554617855,12.36842706216554,0.0072727499999999,629.4060918040116,Hand
144.6,3.8,448.9671557716568,36.30928554617855,12.36842706216554,0.0072727499999999,629.4060918040116,Hand
144.6,3.8,448.9671557716568,36.30928554617855,12.36842706216554,0.0072727499999999,629.4060918040116,Hand
144.6,3.8,448.9671557716568,36.30928554617855,12.36842706216554,0.0072727499999999,629.4060918040116,Hand
144.7,3.92,448.9671557716568,36.30928554617855,12.36842706216554,0.0072727499999999,629.4060918040116,Hand
144.7,3.92,448.9671557716568,36.30928554617855,12.36842706216554,0.0072727499999999,629.4060918040116,Hand
144.7,3.92,448.9671557716568,36.30928554617855,12.36842706216554,0.0072727499999999,629.4060918040116,Hand
144.7,3.92,448.9671557716568,36.30928554617855,12.36842706216554,0.0072727499999999,629.4060918040116,Hand
144.7,3.92,448.9671557716568,36.30928554617855,12.36842706216554,0.0072727499999999,629.4060918040116,Hand
144.7,3.92,448.9671557716568,36.30928554617855,12.36842706216554,0.0072727499999999,629.4060918040116,Hand
144.4,3.71,448.9671557716568,36.30928554617855,12.36842706216554,0.0072727499999999,629.4060918040116,Hand
17.1,4.24,2629.503801169591,152.26350840212223,17.282222222222224,0.175689,2686.3967771487146,Paper
17.1,4.24,2629.503801169591,152.26350840212223,17.282222222222224,0.175689,2686.3967771487146,Paper
17.1,4.24,2629.503801169591,152.26350840212223,17.282222222222224,0.175689,2686.3967771487146,Paper
17.1,3.67,2629.503801169591,152.26350840212223,17.282222222222224,0.175689,2686.3967771487146,Paper
17.1,3.67,2629.503801169591,152.26350840212223,17.282222222222224,0.175689,2686.3967771487146,Paper
17.1,3.67,2629.503801169591,152.26350840212223,17.282222222222224,0.175689,2686.3967771487146,Paper
17.1,3.67,2629.503801169591,152.26350840212223,17.282222222222224,0.175689,2686.3967771487146,Paper
17.1,3.67,2629.503801169591,152.26350840212223,17.282222222222224,0.175689,2686.3967771487146,Paper
17.1,3.42,2629.503801169591,152.26350840212223,17.282222222222224,0.175689,2686.3967771487146,Paper
17.1,3.42,2629.503801169591,152.26350840212223,17.282222222222224,0.175689,2686.3967771487146,Paper
17.1,3.42,2629.503801169591,152.26350840212223,17.282222222222224,0.175689,2686.3967771487146,Paper
17.1,3.42,2629.503801169591,152.26350840212223,17.282222222222224,0.175689,2686.3967771487146,Paper
17.1,3.42,2629.503801169591,152.26350840212223,17.282222222222224,0.175689,2686.3967771487146,Paper
17.1,3.42,2629.503801169591,152.26350840212223,17.282222222222224,0.175689,2686.3967771487146,Paper
17.1,2.94,2629.503801169591,152.26350840212223,17.282222222222224,0.175689,2686.3967771487146,Paper
17.1,2.94,2629.503801169591,152.26350840212223,17.282222222222224,0.175689,2686.3967771487146,Paper
17.1,2.94,2629.503801169591,152.26350840212223,17.282222222222224,0.175689,2686.3967771487146,Paper
17.1,2.94,2629.503801169591,152.26350840212223,17.282222222222224,0.175689,2686.3967771487146,Paper
17.1,2.94,2629.503801169591,152.26350840212223,17.282222222222224,0.175689,2686.3967771487146,Paper
17.1,3.13,2629.503801169591,152.26350840212223,17.282222222222224,0.175689,2686.3967771487146,Paper
31.4,13.27,4027.634432124006,344.3927750729618,11.693130271786906,0.5553209999999991,4831.185834130166,Paper
31.4,12.45,4027.634432124006,344.3927750729618,11.693130271786906,0.5553209999999991,4831.185834130166,Paper
31.4,12.45,4027.634432124006,344.3927750729618,11.693130271786906,0.5553209999999991,4831.185834130166,Paper
31.4,12.45,4027.634432124006,344.3927750729618,11.693130271786906,0.5553209999999991,4831.185834130166,Paper
31.4,12.45,4027.634432124006,344.3927750729618,11.693130271786906,0.5553209999999991,4831.185834130166,Paper
31.4,12.45,4027.634432124006,344.3927750729618,11.693130271786906,0.5553209999999991,4831.185834130166,Paper
31.4,12.45,4027.634432124006,344.3927750729618,11.693130271786906,0.5553209999999991,4831.185834130166,Paper
31.4,11.64,4027.634432124006,344.3927750729618,11.693130271786906,0.5553209999999991,4831.185834130166,Paper
31.4,11.64,4027.634432124006,344.3927750729618,11.693130271786906,0.5553209999999991,4831.185834130166,Paper
31.4,11.64,4027.634432124006,344.3927750729618,11.693130271786906,0.5553209999999991,4831.185834130166,Paper
31.4,11.64,4027.634432124006,344.3927750729618,11.693130271786906,0.5553209999999991,4831.185834130166,Paper
31.4,11.64,4027.634432124006,344.3927750729618,11.693130271786906,0.5553209999999991,4831.185834130166,Paper
31.0,10.72,4027.634432124006,344.3927750729618,11.693130271786906,0.5553209999999991,4831.185834130166,Paper
31.0,10.72,4027.634432124006,344.3927750729618,11.693130271786906,0.5553209999999991,4831.185834130166,Paper
31.0,10.72,4027.634432124006,344.3927750729618,11.693130271786906,0.5553209999999991,4831.185834130166,Paper
31.0,10.72,4027.634432124006,344.3927750729618,11.693130271786906,0.5553209999999991,4831.185834130166,Paper
31.0,10.72,4027.634432124006,344.3927750729618,11.693130271786906,0.5553209999999991,4831.185834130166,Paper
30.5,12.19,4027.634432124006,344.3927750729618,11.693130271786906,0.5553209999999991,4831.185834130166,Paper
30.5,12.19,4027.634432124006,344.3927750729618,11.693130271786906,0.5553209999999991,4831.185834130166,Paper
30.5,12.19,4027.634432124006,344.3927750729618,11.693130271786906,0.5553209999999991,4831.185834130166,Paper
38.0,36.6,4315.212569346628,280.65608473382025,15.752915965971551,12.785044750000004,28913.31106131353,Paper
38.0,36.6,4315.212569346628,280.65608473382025,15.752915965971551,12.785044750000004,28913.31106131353,Paper
38.3,33.52,4315.212569346628,280.65608473382025,15.752915965971551,12.785044750000004,28913.31106131353,Paper
38.3,33.52,4315.212569346628,280.65608473382025,15.752915965971551,12.785044750000004,28913.31106131353,Paper
38.3,33.52,4315.212569346628,280.65608473382025,15.752915965971551,12.785044750000004,28913.31106131353,Paper
38.3,33.52,4315.212569346628,280.65608473382025,15.752915965971551,12.785044750000004,28913.31106131353,Paper
38.3,33.52,4315.212569346628,280.65608473382025,15.752915965971551,12.785044750000004,28913.31106131353,Paper
38.3,29.43,4315.212569346628,280.65608473382025,15.752915965971551,12.785044750000004,28913.31106131353,Paper
38.3,29.43,4315.212569346628,280.65608473382025,15.752915965971551,12.785044750000004,28913.31106131353,Paper
38.3,29.43,4315.212569346628,280.65608473382025,15.752915965971551,12.785044750000004,28913.31106131353,Paper
38.3,29.43,4315.212569346628,280.65608473382025,15.752915965971551,12.785044750000004,28913.31106131353,Paper
38.3,29.43,4315.212569346628,280.65608473382025,15.752915965971551,12.785044750000004,28913.31106131353,Paper
38.3,29.43,4315.212569346628,280.65608473382025,15.752915965971551,12.785044750000004,28913.31106131353,Paper
38.3,26.89,4315.212569346628,280.65608473382025,15.752915965971551,12.785044750000004,28913.31106131353,Paper
38.3,26.89,4315.212569346628,280.65608473382025,15.752915965971551,12.785044750000004,28913.31106131353,Paper
38.3,26.89,4315.212569346628,280.65608473382025,15.752915965971551,12.785044750000004,28913.31106131353,Paper
38.3,26.89,4315.212569346628,280.65608473382025,15.752915965971551,12.785044750000004,28913.31106131353,Paper
38.3,26.89,4315.212569346628,280.65608473382025,15.752915965971551,12.785044750000004,28913.31106131353,Paper
38.4,24.69,4315.212569346628,280.65608473382025,15.752915965971551,12.785044750000004,28913.31106131353,Paper
38.4,24.69,4315.212569346628,280.65608473382025,15.752915965971551,12.785044750000004,28913.31106131353,Paper
47.9,19.59,3023.961690702584,191.1736522778284,15.853860530238457,1.6542289999999995,1864.1272243599703,Paper
47.9,19.59,3023.961690702584,191.1736522778284,15.853860530238457,1.6542289999999995,1864.1272243599703,Paper
47.9,19.59,3023.961690702584,191.1736522778284,15.853860530238457,1.6542289999999995,1864.1272243599703,Paper
47.1,20.18,3023.961690702584,191.1736522778284,15.853860530238457,1.6542289999999995,1864.1272243599703,Paper
47.1,20.18,3023.961690702584,191.1736522778284,15.853860530238457,1.6542289999999995,1864.1272243599703,Paper
47.1,20.18,3023.961690702584,191.1736522778284,15.853860530238457,1.6542289999999995,1864.1272243599703,Paper
47.1,20.18,3023.961690702584,191.1736522778284,15.853860530238457,1.6542289999999995,1864.1272243599703,Paper
47.1,20.18,3023.961690702584,191.1736522778284,15.853860530238457,1.6542289999999995,1864.1272243599703,Paper
46.4,22.43,3023.961690702584,191.1736522778284,15.853860530238457,1.6542289999999995,1864.1272243599703,Paper
46.4,22.43,3023.961690702584,191.1736522778284,15.853860530238457,1.6542289999999995,1864.1272243599703,Paper
46.4,22.43,3023.961690702584,191.1736522778284,15.853860530238457,1.6542289999999995,1864.1272243599703,Paper
46.4,22.43,3023.961690702584,191.1736522778284,15.853860530238457,1.6542289999999995,1864.1272243599703,Paper
46.4,22.43,3023.961690702584,191.1736522778284,15.853860530238457,1.6542289999999995,1864.1272243599703,Paper
46.4,22.43,3023.961690702584,191.1736522778284,15.853860530238457,1.6542289999999995,1864.1272243599703,Paper
46.0,22.47,3023.961690702584,191.1736522778284,15.853860530238457,1.6542289999999995,1864.1272243599703,Paper
46.0,22.47,3023.961690702584,191.1736522778284,15.853860530238457,1.6542289999999995,1864.1272243599703,Paper
46.0,22.47,3023.961690702584,191.1736522778284,15.853860530238457,1.6542289999999995,1864.1272243599703,Paper
46.0,22.47,3023.961690702584,191.1736522778284,15.853860530238457,1.6542289999999995,1864.1272243599703,Paper
46.0,22.47,3023.961690702584,191.1736522778284,15.853860530238457,1.6542289999999995,1864.1272243599703,Paper
46.0,23.38,3023.961690702584,191.1736522778284,15.853860530238457,1.6542289999999995,1864.1272243599703,Paper
56.7,10.01,1510.376439501205,95.69389141483636,15.801382197506024,0.2670847499999995,1629.4079788070237,Paper
56.7,10.01,1510.376439501205,95.69389141483636,15.801382197506024,0.2670847499999995,1629.4079788070237,Paper
56.7,10.04,1510.376439501205,95.69389141483636,15.801382197506024,0.2670847499999995,1629.4079788070237,Paper
56.7,10.04,1510.376439501205,95.69389141483636,15.801382197506024,0.2670847499999995,1629.4079788070237,Paper
56.7,10.04,1510.376439501205,95.69389141483636,15.801382197506024,0.2670847499999995,1629.4079788070237,Paper
56.7,10.04,1510.376439501205,95.69389141483636,15.801382197506024,0.2670847499999995,1629.4079788070237,Paper
56.7,10.04,1510.376439501205,95.69389141483636,15.801382197506024,0.2670847499999995,1629.4079788070237,Paper
56.7,10.04,1510.376439501205,95.69389141483636,15.801382197506024,0.2670847499999995,1629.4079788070237,Paper
56.7,9.09,1510.376439501205,95.69389141483636,15.801382197506024,0.2670847499999995,1629.4079788070237,Paper
56.7,9.09,1510.376439501205,95.69389141483636,15.801382197506024,0.2670847499999995,1629.4079788070237,Paper
56.7,9.09,1510.376439501205,95.69389141483636,15.801382197506024,0.2670847499999995,1629.4079788070237,Paper
56.7,9.09,1510.376439501205,95.69389141483636,15.801382197506024,0.2670847499999995,1629.4079788070237,Paper
56.7,9.09,1510.376439501205,95.69389141483636,15.801382197506024,0.2670847499999995,1629.4079788070237,Paper
56.7,8.9,1510.376439501205,95.69389141483636,15.801382197506024,0.2670847499999995,1629.4079788070237,Paper
56.7,8.9,1510.376439501205,95.69389141483636,15.801382197506024,0.2670847499999995,1629.4079788070237,Paper
56.7,8.9,1510.376439501205,95.69389141483636,15.801382197506024,0.2670847499999995,1629.4079788070237,Paper
56.7,8.9,1510.376439501205,95.69389141483636,15.801382197506024,0.2670847499999995,1629.4079788070237,Paper
56.7,8.9,1510.376439501205,95.69389141483636,15.801382197506024,0.2670847499999995,1629.4079788070237,Paper
56.7,8.9,1510.376439501205,95.69389141483636,15.801382197506024,0.2670847499999995,1629.4079788070237,Paper
56.8,9.0,1510.376439501205,95.69389141483636,15.801382197506024,0.2670847499999995,1629.4079788070237,Paper
67.8,18.54,1768.4929673722218,157.96717376225416,11.22655942361971,1.7409127500000003,5092.418956495529,Paper
67.8,18.54,1768.4929673722218,157.96717376225416,11.22655942361971,1.7409127500000003,5092.418956495529,Paper
67.4,16.88,1768.4929673722218,157.96717376225416,11.22655942361971,1.7409127500000003,5092.418956495529,Paper
67.4,16.88,1768.4929673722218,157.96717376225416,11.22655942361971,1.7409127500000003,5092.418956495529,Paper
67.4,16.88,1768.4929673722218,157.96717376225416,11.22655942361971,1.7409127500000003,5092.418956495529,Paper
67.4,16.88,1768.4929673722218,157.96717376225416,11.22655942361971,1.7409127500000003,5092.418956495529,Paper
67.4,16.88,1768.4929673722218,157.96717376225416,11.22655942361971,1.7409127500000003,5092.418956495529,Paper
67.1,20.0,1768.4929673722218,157.96717376225416,11.22655942361971,1.7409127500000003,5092.418956495529,Paper
67.1,20.0,1768.4929673722218,157.96717376225416,11.22655942361971,1.7409127500000003,5092.418956495529,Paper
67.1,20.0,1768.4929673722218,157.96717376225416,11.22655942361971,1.7409127500000003,5092.418956495529,Paper
67.1,20.0,1768.4929673722218,157.96717376225416,11.22655942361971,1.7409127500000003,5092.418956495529,Paper
67.1,20.0,1768.4929673722218,157.96717376225416,11.22655942361971,1.7409127500000003,5092.418956495529,Paper
67.1,20.0,1768.4929673722218,157.96717376225416,11.22655942361971,1.7409127500000003,5092.418956495529,Paper
66.7,17.75,1768.4929673722218,157.96717376225416,11.22655942361971,1.7409127500000003,5092.418956495529,Paper
66.7,17.75,1768.4929673722218,157.96717376225416,11.22655942361971,1.7409127500000003,5092.418956495529,Paper
66.7,17.75,1768.4929673722218,157.96717376225416,11.22655942361971,1.7409127500000003,5092.418956495529,Paper
66.7,17.75,1768.4929673722218,157.96717376225416,11.22655942361971,1.7409127500000003,5092.418956495529,Paper
66.7,17.75,1768.4929673722218,157.96717376225416,11.22655942361971,1.7409127500000003,5092.418956495529,Paper
66.6,16.55,1768.4929673722218,157.96717376225416,11.22655942361971,1.7409127500000003,5092.418956495529,Paper
66.6,16.55,1768.4929673722218,157.96717376225416,11.22655942361971,1.7409127500000003,5092.418956495529,Paper
79.3,42.54,2814.7535308953347,289.48114003946984,9.73000630517024,26.810902749999997,22378.90821875534,Paper
79.3,42.54,2814.7535308953347,289.48114003946984,9.73000630517024,26.810902749999997,22378.90821875534,Paper
79.3,42.54,2814.7535308953347,289.48114003946984,9.73000630517024,26.810902749999997,22378.90821875534,Paper
79.3,42.54,2814.7535308953347,289.48114003946984,9.73000630517024,26.810902749999997,22378.90821875534,Paper
79.3,42.54,2814.7535308953347,289.48114003946984,9.73000630517024,26.810902749999997,22378.90821875534,Paper
79.3,37.14,2814.7535308953347,289.48114003946984,9.73000630517024,26.810902749999997,22378.90821875534,Paper
79.3,37.14,2814.7535308953347,289.48114003946984,9.73000630517024,26.810902749999997,22378.90821875534,Paper
79.3,37.14,2814.7535308953347,289.48114003946984,9.73000630517024,26.810902749999997,22378.90821875534,Paper
79.3,37.14,2814.7535308953347,289.48114003946984,9.73000630517024,26.810902749999997,22378.90821875534,Paper
79.3,37.14,2814.7535308953347,289.48114003946984,9.73000630517024,26.810902749999997,22378.90821875534,Paper
79.3,37.14,2814.7535308953347,289.48114003946984,9.73000630517024,26.810902749999997,22378.90821875534,Paper
79.3,32.31,2814.7535308953347,289.48114003946984,9.73000630517024,26.810902749999997,22378.90821875534,Paper
79.3,32.31,2814.7535308953347,289.48114003946984,9.73000630517024,26.810902749999997,22378.90821875534,Paper
79.3,32.31,2814.7535308953347,289.48114003946984,9.73000630517024,26.810902749999997,22378.90821875534,Paper
79.3,32.31,2814.7535308953347,289.48114003946984,9.73000630517024,26.810902749999997,22378.90821875534,Paper
79.3,32.31,2814.7535308953347,289.48114003946984,9.73000630517024,26.810902749999997,22378.90821875534,Paper
79.3,28.06,2814.7535308953347,289.48114003946984,9.73000630517024,26.810902749999997,22378.90821875534,Paper
79.3,28.06,2814.7535308953347,289.48114003946984,9.73000630517024,26.810902749999997,22378.90821875534,Paper
79.3,28.06,2814.7535308953347,289.48114003946984,9.73000630517024,26.810902749999997,22378.90821875534,Paper
79.3,28.06,2814.7535308953347,289.48114003946984,9.73000630517024,26.810902749999997,22378.90821875534,Paper
89.2,41.45,3854.490890989826,389.25280062342426,10.147506834602112,19.37960275000001,42072.83210282379,Paper
89.2,41.45,3854.490890989826,389.25280062342426,10.147506834602112,19.37960275000001,42072.83210282379,Paper
89.5,40.28,3854.490890989826,389.25280062342426,10.147506834602112,19.37960275000001,42072.83210282379,Paper
89.5,40.28,3854.490890989826,389.25280062342426,10.147506834602112,19.37960275000001,42072.83210282379,Paper
89.5,40.28,3854.490890989826,389.25280062342426,10.147506834602112,19.37960275000001,42072.83210282379,Paper
89.5,40.28,3854.490890989826,389.25280062342426,10.147506834602112,19.37960275000001,42072.83210282379,Paper
89.5,40.28,3854.490890989826,389.25280062342426,10.147506834602112,19.37960275000001,42072.83210282379,Paper
89.5,44.65,3854.490890989826,389.25280062342426,10.147506834602112,19.37960275000001,42072.83210282379,Paper
89.5,44.65,3854.490890989826,389.25280062342426,10.147506834602112,19.37960275000001,42072.83210282379,Paper
89.5,44.65,3854.490890989826,389.25280062342426,10.147506834602112,19.37960275000001,42072.83210282379,Paper
89.5,44.65,3854.490890989826,389.25280062342426,10.147506834602112,19.37960275000001,42072.83210282379,Paper
89.5,44.65,3854.490890989826,389.25280062342426,10.147506834602112,19.37960275000001,42072.83210282379,Paper
89.5,44.65,3854.490890989826,389.25280062342426,10.147506834602112,19.37960275000001,42072.83210282379,Paper
89.6,49.17,3854.490890989826,389.25280062342426,10.147506834602112,19.37960275000001,42072.83210282379,Paper
89.6,49.17,3854.490890989826,389.25280062342426,10.147506834602112,19.37960275000001,42072.83210282379,Paper
89.6,49.17,3854.490890989826,389.25280062342426,10.147506834602112,19.37960275000001,42072.83210282379,Paper
89.6,49.17,3854.490890989826,389.25280062342426,10.147506834602112,19.37960275000001,42072.83210282379,Paper
89.6,49.17,3854.490890989826,389.25280062342426,10.147506834602112,19.37960275000001,42072.83210282379,Paper
89.7,54.09,3854.490890989826,389.25280062342426,10.147506834602112,19.37960275000001,42072.83210282379,Paper
89.7,54.09,3854.490890989826,389.25280062342426,10.147506834602112,19.37960275000001,42072.83210282379,Paper
97.3,5.68,862.3872602819671,60.02396079188524,14.387682124914384,0.0415349999999999,4375.479840003261,Paper
97.3,5.68,862.3872602819671,60.02396079188524,14.387682124914384,0.0415349999999999,4375.479840003261,Paper
97.3,5.68,862.3872602819671,60.02396079188524,14.387682124914384,0.0415349999999999,4375.479840003261,Paper
97.3,5.31,862.3872602819671,60.02396079188524,14.387682124914384,0.0415349999999999,4375.479840003261,Paper
97.3,5.31,862.3872602819671,60.02396079188524,14.387682124914384,0.0415349999999999,4375.479840003261,Paper
97.3,5.31,862.3872602819671,60.02396079188524,14.387682124914384,0.0415349999999999,4375.479840003261,Paper
97.3,5.31,862.3872602819671,60.02396079188524,14.387682124914384,0.0415349999999999,4375.479840003261,Paper
97.3,5.31,862.3872602819671,60.02396079188524,14.387682124914384,0.0415349999999999,4375.479840003261,Paper
96.5,5.09,862.3872602819671,60.02396079188524,14.387682124914384,0.0415349999999999,4375.479840003261,Paper
96.5,5.09,862.3872602819671,60.02396079188524,14.387682124914384,0.0415349999999999,4375.479840003261,Paper
96.5,5.09,862.3872602819671,60.02396079188524,14.387682124914384,0.0415349999999999,4375.479840003261,Paper
96.5,5.09,862.3872602819671,60.02396079188524,14.387682124914384,0.0415349999999999,4375.479840003261,Paper
96.5,5.09,862.3872602819671,60.02396079188524,14.387682124914384,0.0415349999999999,4375.479840003261,Paper
96.5,5.09,862.3872602819671,60.02396079188524,14.387682124914384,0.0415349999999999,4375.479840003261,Paper
95.9,5.34,862.3872602819671,60.02396079188524,14.387682124914384,0.0415349999999999,4375.479840003261,Paper
95.9,5.34,862.3872602819671,60.02396079188524,14.387682124914384,0.0415349999999999,4375.479840003261,Paper
95.9,5.34,862.3872602819671,60.02396079188524,14.387682124914384,0.0415349999999999,4375.479840003261,Paper
95.9,5.34,862.3872602819671,60.02396079188524,14.387682124914384,0.0415349999999999,4375.479840003261,Paper
95.9,5.34,862.3872602819671,60.02396079188524,14.387682124914384,0.0415349999999999,4375.479840003261,Paper
95.5,5.67,862.3872602819671,60.02396079188524,14.387682124914384,0.0415349999999999,4375.479840003261,Paper
108.9,24.62,1582.751350873203,191.4475728358954,8.293245621351124,8.17811475,17716.39133289,Paper
108.9,24.62,1582.751350873203,191.4475728358954,8.293245621351124,8.17811475,17716.39133289,Paper
109.0,22.52,1582.751350873203,191.4475728358954,8.293245621351124,8.17811475,17716.39133289,Paper
109.0,22.52,1582.751350873203,191.4475728358954,8.293245621351124,8.17811475,17716.39133289,Paper
109.0,22.52,1582.751350873203,191.4475728358954,8.293245621351124,8.17811475,17716.39133289,Paper
109.0,22.52,1582.751350873203,191.4475728358954,8.293245621351124,8.17811475,17716.39133289,Paper
109.0,22.52,1582.751350873203,191.4475728358954,8.293245621351124,8.17811475,17716.39133289,Paper
109.0,19.67,1582.751350873203,191.4475728358954,8.293245621351124,8.17811475,17716.39133289,Paper
109.0,19.67,1582.751350873203,191.4475728358954,8.293245621351124,8.17811475,17716.39133289,Paper
109.0,19.67,1582.751350873203,191.4475728358954,8.293245621351124,8.17811475,17716.39133289,Paper
109.0,19.67,1582.751350873203,191.4475728358954,8.293245621351124,8.17811475,17716.39133289,Paper
109.0,19.67,1582.751350873203,191.4475728358954,8.293245621351124,8.17811475,17716.39133289,Paper
109.0,17.32,1582.751350873203,191.4475728358954,8.293245621351124,8.17811475,17716.39133289,Paper
109.0,17.32,1582.751350873203,191.4475728358954,8.293245621351124,8.17811475,17716.39133289,Paper
109.0,17.32,1582.751350873203,191.4475728358954,8.293245621351124,8.17811475,17716.39133289,Paper
109.0,17.32,1582.751350873203,191.4475728358954,8.293245621351124,8.17811475,17716.39133289,Paper
109.0,17.32,1582.751350873203,191.4475728358954,8.293245621351124,8.17811475,17716.39133289,Paper
109.0,17.32,1582.751350873203,191.4475728358954,8.293245621351124,8.17811475,17716.39133289,Paper
108.9,15.15,1582.751350873203,191.4475728358954,8.293245621351124,8.17811475,17716.39133289,Paper
108.9,15.15,1582.751350873203,191.4475728358954,8.293245621351124,8.17811475,17716.39133289,Paper
121.4,9.19,874.3450839642046,91.56794069691844,9.553416202900188,0.1709147499999997,5289.533047008971,Paper
121.4,9.69,874.3450839642046,91.56794069691844,9.553416202900188,0.1709147499999997,5289.533047008971,Paper
121.4,9.69,874.3450839642046,91.56794069691844,9.553416202900188,0.1709147499999997,5289.533047008971,Paper
121.4,9.69,874.3450839642046,91.56794069691844,9.553416202900188,0.1709147499999997,5289.533047008971,Paper
121.4,9.69,874.3450839642046,91.56794069691844,9.553416202900188,0.1709147499999997,5289.533047008971,Paper
121.4,9.69,874.3450839642046,91.56794069691844,9.553416202900188,0.1709147499999997,5289.533047008971,Paper
121.2,9.42,874.3450839642046,91.56794069691844,9.553416202900188,0.1709147499999997,5289.533047008971,Paper
121.2,9.42,874.3450839642046,91.56794069691844,9.553416202900188,0.1709147499999997,5289.533047008971,Paper
121.2,9.42,874.3450839642046,91.56794069691844,9.553416202900188,0.1709147499999997,5289.533047008971,Paper
121.2,9.42,874.3450839642046,91.56794069691844,9.553416202900188,0.1709147499999997,5289.533047008971,Paper
121.2,9.42,874.3450839642046,91.56794069691844,9.553416202900188,0.1709147499999997,5289.533047008971,Paper
120.9,9.43,874.3450839642046,91.56794069691844,9.553416202900188,0.1709147499999997,5289.533047008971,Paper
120.9,9.43,874.3450839642046,91.56794069691844,9.553416202900188,0.1709147499999997,5289.533047008971,Paper
120.9,9.43,874.3450839642046,91.56794069691844,9.553416202900188,0.1709147499999997,5289.533047008971,Paper
120.9,9.43,874.3450839642046,91.56794069691844,9.553416202900188,0.1709147499999997,5289.533047008971,Paper
120.9,9.43,874.3450839642046,91.56794069691844,9.553416202900188,0.1709147499999997,5289.533047008971,Paper
120.9,9.43,874.3450839642046,91.56794069691844,9.553416202900188,0.1709147499999997,5289.533047008971,Paper
120.8,8.39,874.3450839642046,91.56794069691844,9.553416202900188,0.1709147499999997,5289.533047008971,Paper
120.8,8.39,874.3450839642046,91.56794069691844,9.553416202900188,0.1709147499999997,5289.533047008971,Paper
120.8,8.39,874.3450839642046,91.56794069691844,9.553416202900188,0.1709147499999997,5289.533047008971,Paper
126.8,5.99,587.5210263347042,54.08697698522495,10.893726989577925,0.050711,2009.6909188417485,Paper
126.8,5.99,587.5210263347042,54.08697698522495,10.893726989577925,0.050711,2009.6909188417485,Paper
126.8,5.99,587.5210263347042,54.08697698522495,10.893726989577925,0.050711,2009.6909188417485,Paper
126.8,5.99,587.5210263347042,54.08697698522495,10.893726989577925,0.050711,2009.6909188417485,Paper
126.8,5.99,587.5210263347042,54.08697698522495,10.893726989577925,0.050711,2009.6909188417485,Paper
126.8,5.41,587.5210263347042,54.08697698522495,10.893726989577925,0.050711,2009.6909188417485,Paper
126.8,5.41,587.5210263347042,54.08697698522495,10.893726989577925,0.050711,2009.6909188417485,Paper
126.8,5.41,587.5210263347042,54.08697698522495,10.893726989577925,0.050711,2009.6909188417485,Paper
126.8,5.41,587.5210263347042,54.08697698522495,10.893726989577925,0.050711,2009.6909188417485,Paper
126.8,5.41,587.5210263347042,54.08697698522495,10.893726989577925,0.050711,2009.6909188417485,Paper
126.8,5.51,587.5210263347042,54.08697698522495,10.893726989577925,0.050711,2009.6909188417485,Paper
126.8,5.51,587.5210263347042,54.08697698522495,10.893726989577925,0.050711,2009.6909188417485,Paper
126.8,5.51,587.5210263347042,54.08697698522495,10.893726989577925,0.050711,2009.6909188417485,Paper
126.8,5.51,587.5210263347042,54.08697698522495,10.893726989577925,0.050711,2009.6909188417485,Paper
126.8,5.51,587.5210263347042,54.08697698522495,10.893726989577925,0.050711,2009.6909188417485,Paper
126.8,5.51,587.5210263347042,54.08697698522495,10.893726989577925,0.050711,2009.6909188417485,Paper
126.4,5.52,587.5210263347042,54.08697698522495,10.893726989577925,0.050711,2009.6909188417485,Paper
126.4,5.52,587.5210263347042,54.08697698522495,10.893726989577925,0.050711,2009.6909188417485,Paper
126.4,5.52,587.5210263347042,54.08697698522495,10.893726989577925,0.050711,2009.6909188417485,Paper
126.4,5.52,587.5210263347042,54.08697698522495,10.893726989577925,0.050711,2009.6909188417485,Paper
136.4,4.48,294.17034457478,43.626841015559606,6.744193548387097,0.03073475,2067.123796310953,Paper
136.4,4.48,294.17034457478,43.626841015559606,6.744193548387097,0.03073475,2067.123796310953,Paper
136.4,4.48,294.17034457478,43.626841015559606,6.744193548387097,0.03073475,2067.123796310953,Paper
136.4,4.48,294.17034457478,43.626841015559606,6.744193548387097,0.03073475,2067.123796310953,Paper
136.4,4.32,294.17034457478,43.626841015559606,6.744193548387097,0.03073475,2067.123796310953,Paper
136.4,4.32,294.17034457478,43.626841015559606,6.744193548387097,0.03073475,2067.123796310953,Paper
136.4,4.32,294.17034457478,43.626841015559606,6.744193548387097,0.03073475,2067.123796310953,Paper
136.4,4.32,294.17034457478,43.626841015559606,6.744193548387097,0.03073475,2067.123796310953,Paper
136.4,4.32,294.17034457478,43.626841015559606,6.744193548387097,0.03073475,2067.123796310953,Paper
136.4,4.67,294.17034457478,43.626841015559606,6.744193548387097,0.03073475,2067.123796310953,Paper
136.4,4.67,294.17034457478,43.626841015559606,6.744193548387097,0.03073475,2067.123796310953,Paper
136.4,4.67,294.17034457478,43.626841015559606,6.744193548387097,0.03073475,2067.123796310953,Paper
136.4,4.67,294.17034457478,43.626841015559606,6.744193548387097,0.03073475,2067.123796310953,Paper
136.4,4.67,294.17034457478,43.626841015559606,6.744193548387097,0.03073475,2067.123796310953,Paper
136.4,4.22,294.17034457478,43.626841015559606,6.744193548387097,0.03073475,2067.123796310953,Paper
136.4,4.22,294.17034457478,43.626841015559606,6.744193548387097,0.03073475,2067.123796310953,Paper
136.4,4.22,294.17034457478,43.626841015559606,6.744193548387097,0.03073475,2067.123796310953,Paper
136.4,4.22,294.17034457478,43.626841015559606,6.744193548387097,0.03073475,2067.123796310953,Paper
136.4,4.22,294.17034457478,43.626841015559606,6.744193548387097,0.03073475,2067.123796310953,Paper
136.4,4.22,294.17034457478,43.626841015559606,6.744193548387097,0.03073475,2067.123796310953,Paper
146.5,3.95,315.6428894395743,34.533129303161694,9.232913348473556,0.0221747499999999,4230.820273951022,Paper
146.5,3.95,315.6428894395743,34.533129303161694,9.232913348473556,0.0221747499999999,4230.820273951022,Paper
146.5,3.95,315.6428894395743,34.533129303161694,9.232913348473556,0.0221747499999999,4230.820273951022,Paper
146.5,3.95,315.6428894395743,34.533129303161694,9.232913348473556,0.0221747499999999,4230.820273951022,Paper
146.5,4.16,315.6428894395743,34.533129303161694,9.232913348473556,0.0221747499999999,4230.820273951022,Paper
146.5,4.16,315.6428894395743,34.533129303161694,9.232913348473556,0.0221747499999999,4230.820273951022,Paper
146.5,4.16,315.6428894395743,34.533129303161694,9.232913348473556,0.0221747499999999,4230.820273951022,Paper
146.5,4.16,315.6428894395743,34.533129303161694,9.232913348473556,0.0221747499999999,4230.820273951022,Paper
146.5,4.16,315.6428894395743,34.533129303161694,9.232913348473556,0.0221747499999999,4230.820273951022,Paper
146.5,4.16,315.6428894395743,34.533129303161694,9.232913348473556,0.0221747499999999,4230.820273951022,Paper
146.7,4.32,315.6428894395743,34.533129303161694,9.232913348473556,0.0221747499999999,4230.820273951022,Paper
146.7,4.32,315.6428894395743,34.533129303161694,9.232913348473556,0.0221747499999999,4230.820273951022,Paper
146.7,4.32,315.6428894395743,34.533129303161694,9.232913348473556,0.0221747499999999,4230.820273951022,Paper
146.7,4.32,315.6428894395743,34.533129303161694,9.232913348473556,0.0221747499999999,4230.820273951022,Paper
146.7,4.32,315.6428894395743,34.533129303161694,9.232913348473556,0.0221747499999999,4230.820273951022,Paper
146.8,4.35,315.6428894395743,34.533129303161694,9.232913348473556,0.0221747499999999,4230.820273951022,Paper
146.8,4.35,315.6428894395743,34.533129303161694,9.232913348473556,0.0221747499999999,4230.820273951022,Paper
146.8,4.35,315.6428894395743,34.533129303161694,9.232913348473556,0.0221747499999999,4230.820273951022,Paper
146.8,4.35,315.6428894395743,34.533129303161694,9.232913348473556,0.0221747499999999,4230.820273951022,Paper
146.8,4.35,315.6428894395743,34.533129303161694,9.232913348473556,0.0221747499999999,4230.820273951022,Paper
156.5,6.83,496.28407693642174,55.09053364797178,9.051043371438787,0.13780875,3408.060536357153,Paper
156.4,6.08,496.28407693642174,55.09053364797178,9.051043371438787,0.13780875,3408.060536357153,Paper
156.4,6.08,496.28407693642174,55.09053364797178,9.051043371438787,0.13780875,3408.060536357153,Paper
156.4,6.08,496.28407693642174,55.09053364797178,9.051043371438787,0.13780875,3408.060536357153,Paper
156.4,6.08,496.28407693642174,55.09053364797178,9.051043371438787,0.13780875,3408.060536357153,Paper
156.4,6.08,496.28407693642174,55.09053364797178,9.051043371438787,0.13780875,3408.060536357153,Paper
156.3,5.59,496.28407693642174,55.09053364797178,9.051043371438787,0.13780875,3408.060536357153,Paper
156.3,5.59,496.28407693642174,55.09053364797178,9.051043371438787,0.13780875,3408.060536357153,Paper
156.3,5.59,496.28407693642174,55.09053364797178,9.051043371438787,0.13780875,3408.060536357153,Paper
156.3,5.59,496.28407693642174,55.09053364797178,9.051043371438787,0.13780875,3408.060536357153,Paper
156.3,5.59,496.28407693642174,55.09053364797178,9.051043371438787,0.13780875,3408.060536357153,Paper
156.3,5.59,496.28407693642174,55.09053364797178,9.051043371438787,0.13780875,3408.060536357153,Paper
156.2,5.33,496.28407693642174,55.09053364797178,9.051043371438787,0.13780875,3408.060536357153,Paper
156.2,5.33,496.28407693642174,55.09053364797178,9.051043371438787,0.13780875,3408.060536357153,Paper
156.2,5.33,496.28407693642174,55.09053364797178,9.051043371438787,0.13780875,3408.060536357153,Paper
156.2,5.33,496.28407693642174,55.09053364797178,9.051043371438787,0.13780875,3408.060536357153,Paper
156.2,5.33,496.28407693642174,55.09053364797178,9.051043371438787,0.13780875,3408.060536357153,Paper
156.4,5.81,496.28407693642174,55.09053364797178,9.051043371438787,0.13780875,3408.060536357153,Paper
156.4,5.81,496.28407693642174,55.09053364797178,9.051043371438787,0.13780875,3408.060536357153,Paper
156.4,5.81,496.28407693642174,55.09053364797178,9.051043371438787,0.13780875,3408.060536357153,Paper
167.0,6.8,425.66745944376953,71.41228533751466,5.961658399538446,0.05926875,557.0086605251289,Paper
167.0,6.8,425.66745944376953,71.41228533751466,5.961658399538446,0.05926875,557.0086605251289,Paper
167.0,6.8,425.66745944376953,71.41228533751466,5.961658399538446,0.05926875,557.0086605251289,Paper
167.0,6.8,425.66745944376953,71.41228533751466,5.961658399538446,0.05926875,557.0086605251289,Paper
167.0,6.8,425.66745944376953,71.41228533751466,5.961658399538446,0.05926875,557.0086605251289,Paper
167.0,6.8,425.66745944376953,71.41228533751466,5.961658399538446,0.05926875,557.0086605251289,Paper
167.1,7.11,425.66745944376953,71.41228533751466,5.961658399538446,0.05926875,557.0086605251289,Paper
167.1,7.11,425.66745944376953,71.41228533751466,5.961658399538446,0.05926875,557.0086605251289,Paper
167.1,7.11,425.66745944376953,71.41228533751466,5.961658399538446,0.05926875,557.0086605251289,Paper
167.1,7.11,425.66745944376953,71.41228533751466,5.961658399538446,0.05926875,557.0086605251289,Paper
167.1,7.11,425.66745944376953,71.41228533751466,5.961658399538446,0.05926875,557.0086605251289,Paper
167.1,7.4,425.66745944376953,71.41228533751466,5.961658399538446,0.05926875,557.0086605251289,Paper
167.1,7.4,425.66745944376953,71.41228533751466,5.961658399538446,0.05926875,557.0086605251289,Paper
167.1,7.4,425.66745944376953,71.41228533751466,5.961658399538446,0.05926875,557.0086605251289,Paper
167.1,7.4,425.66745944376953,71.41228533751466,5.961658399538446,0.05926875,557.0086605251289,Paper
167.1,7.4,425.66745944376953,71.41228533751466,5.961658399538446,0.05926875,557.0086605251289,Paper
167.1,7.4,425.66745944376953,71.41228533751466,5.961658399538446,0.05926875,557.0086605251289,Paper
167.1,6.9,425.66745944376953,71.41228533751466,5.961658399538446,0.05926875,557.0086605251289,Paper
167.1,6.9,425.66745944376953,71.41228533751466,5.961658399538446,0.05926875,557.0086605251289,Paper
167.1,6.9,425.66745944376953,71.41228533751466,5.961658399538446,0.05926875,557.0086605251289,Paper
177.0,5.18,347.06725158988235,39.54222252473802,8.797753162978523,0.1885647499999999,3344.996814568735,Paper
177.0,5.18,347.06725158988235,39.54222252473802,8.797753162978523,0.1885647499999999,3344.996814568735,Paper
177.0,5.18,347.06725158988235,39.54222252473802,8.797753162978523,0.1885647499999999,3344.996814568735,Paper
177.0,4.63,347.06725158988235,39.54222252473802,8.797753162978523,0.1885647499999999,3344.996814568735,Paper
177.0,4.63,347.06725158988235,39.54222252473802,8.797753162978523,0.1885647499999999,3344.996814568735,Paper
177.0,4.63,347.06725158988235,39.54222252473802,8.797753162978523,0.1885647499999999,3344.996814568735,Paper
177.0,4.63,347.06725158988235,39.54222252473802,8.797753162978523,0.1885647499999999,3344.996814568735,Paper
177.0,4.63,347.06725158988235,39.54222252473802,8.797753162978523,0.1885647499999999,3344.996814568735,Paper
177.0,4.15,347.06725158988235,39.54222252473802,8.797753162978523,0.1885647499999999,3344.996814568735,Paper
177.0,4.15,347.06725158988235,39.54222252473802,8.797753162978523,0.1885647499999999,3344.996814568735,Paper
177.0,4.15,347.06725158988235,39.54222252473802,8.797753162978523,0.1885647499999999,3344.996814568735,Paper
177.0,4.15,347.06725158988235,39.54222252473802,8.797753162978523,0.1885647499999999,3344.996814568735,Paper
177.0,4.15,347.06725158988235,39.54222252473802,8.797753162978523,0.1885647499999999,3344.996814568735,Paper
177.0,4.15,347.06725158988235,39.54222252473802,8.797753162978523,0.1885647499999999,3344.996814568735,Paper
177.0,4.02,347.06725158988235,39.54222252473802,8.797753162978523,0.1885647499999999,3344.996814568735,Paper
177.0,4.02,347.06725158988235,39.54222252473802,8.797753162978523,0.1885647499999999,3344.996814568735,Paper
177.0,4.02,347.06725158988235,39.54222252473802,8.797753162978523,0.1885647499999999,3344.996814568735,Paper
177.0,4.02,347.06725158988235,39.54222252473802,8.797753162978523,0.1885647499999999,3344.996814568735,Paper
177.0,4.02,347.06725158988235,39.54222252473802,8.797753162978523,0.1885647499999999,3344.996814568735,Paper
176.7,3.62,347.06725158988235,39.54222252473802,8.797753162978523,0.1885647499999999,3344.996814568735,Paper
187.4,3.86,342.61614196869846,30.194440583273767,11.36337652037699,0.0111389999999999,1402.4849366303386,Paper
187.4,3.86,342.61614196869846,30.194440583273767,11.36337652037699,0.0111389999999999,1402.4849366303386,Paper
187.4,3.86,342.61614196869846,30.194440583273767,11.36337652037699,0.0111389999999999,1402.4849366303386,Paper
187.5,3.92,342.61614196869846,30.194440583273767,11.36337652037699,0.0111389999999999,1402.4849366303386,Paper
187.5,3.92,342.61614196869846,30.194440583273767,11.36337652037699,0.0111389999999999,1402.4849366303386,Paper
187.5,3.92,342.61614196869846,30.194440583273767,11.36337652037699,0.0111389999999999,1402.4849366303386,Paper
187.5,3.92,342.61614196869846,30.194440583273767,11.36337652037699,0.0111389999999999,1402.4849366303386,Paper
187.5,3.92,342.61614196869846,30.194440583273767,11.36337652037699,0.0111389999999999,1402.4849366303386,Paper
187.7,3.8,342.61614196869846,30.194440583273767,11.36337652037699,0.0111389999999999,1402.4849366303386,Paper
187.7,3.8,342.61614196869846,30.194440583273767,11.36337652037699,0.0111389999999999,1402.4849366303386,Paper
187.7,3.8,342.61614196869846,30.194440583273767,11.36337652037699,0.0111389999999999,1402.4849366303386,Paper
187.7,3.8,342.61614196869846,30.194440583273767,11.36337652037699,0.0111389999999999,1402.4849366303386,Paper
187.7,3.8,342.61614196869846,30.194440583273767,11.36337652037699,0.0111389999999999,1402.4849366303386,Paper
187.7,3.8,342.61614196869846,30.194440583273767,11.36337652037699,0.0111389999999999,1402.4849366303386,Paper
188.0,3.7,342.61614196869846,30.194440583273767,11.36337652037699,0.0111389999999999,1402.4849366303386,Paper
188.0,3.7,342.61614196869846,30.194440583273767,11.36337652037699,0.0111389999999999,1402.4849366303386,Paper
188.0,3.7,342.61614196869846,30.194440583273767,11.36337652037699,0.0111389999999999,1402.4849366303386,Paper
188.0,3.7,342.61614196869846,30.194440583273767,11.36337652037699,0.0111389999999999,1402.4849366303386,Paper
188.0,3.7,342.61614196869846,30.194440583273767,11.36337652037699,0.0111389999999999,1402.4849366303386,Paper
188.3,3.5,342.61614196869846,30.194440583273767,11.36337652037699,0.0111389999999999,1402.4849366303386,Paper
194.7,3.64,593.4127295642212,26.32691044159059,22.553286831812255,0.0113447499999999,6414.295303248439,Paper
194.7,3.64,593.4127295642212,26.32691044159059,22.553286831812255,0.0113447499999999,6414.295303248439,Paper
194.7,3.64,593.4127295642212,26.32691044159059,22.553286831812255,0.0113447499999999,6414.295303248439,Paper
194.7,3.64,593.4127295642212,26.32691044159059,22.553286831812255,0.0113447499999999,6414.295303248439,Paper
194.7,3.64,593.4127295642212,26.32691044159059,22.553286831812255,0.0113447499999999,6414.295303248439,Paper
194.7,3.54,593.4127295642212,26.32691044159059,22.553286831812255,0.0113447499999999,6414.295303248439,Paper
194.7,3.54,593.4127295642212,26.32691044159059,22.553286831812255,0.0113447499999999,6414.295303248439,Paper
194.7,3.54,593.4127295642212,26.32691044159059,22.553286831812255,0.0113447499999999,6414.295303248439,Paper
194.7,3.54,593.4127295642212,26.32691044159059,22.553286831812255,0.0113447499999999,6414.295303248439,Paper
194.7,3.54,593.4127295642212,26.32691044159059,22.553286831812255,0.0113447499999999,6414.295303248439,Paper
194.7,3.54,593.4127295642212,26.32691044159059,22.553286831812255,0.0113447499999999,6414.295303248439,Paper
194.7,3.37,593.4127295642212,26.32691044159059,22.553286831812255,0.0113447499999999,6414.295303248439,Paper
194.7,3.37,593.4127295642212,26.32691044159059,22.553286831812255,0.0113447499999999,6414.295303248439,Paper
194.7,3.37,593.4127295642212,26.32691044159059,22.553286831812255,0.0113447499999999,6414.295303248439,Paper
194.7,3.37,593.4127295642212,26.32691044159059,22.553286831812255,0.0113447499999999,6414.295303248439,Paper
194.7,3.37,593.4127295642212,26.32691044159059,22.553286831812255,0.0113447499999999,6414.295303248439,Paper
195.0,3.63,593.4127295642212,26.32691044159059,22.553286831812255,0.0113447499999999,6414.295303248439,Paper
195.0,3.63,593.4127295642212,26.32691044159059,22.553286831812255,0.0113447499999999,6414.295303248439,Paper
195.0,3.63,593.4127295642212,26.32691044159059,22.553286831812255,0.0113447499999999,6414.295303248439,Paper
195.0,3.63,593.4127295642212,26.32691044159059,22.553286831812255,0.0113447499999999,6414.295303248439,Paper
207.2,5.22,381.62522240783346,45.60703577873287,8.388532433772795,0.1183659999999998,3120.2759725062756,Paper
207.2,5.11,381.62522240783346,45.60703577873287,8.388532433772795,0.1183659999999998,3120.2759725062756,Paper
207.2,5.11,381.62522240783346,45.60703577873287,8.388532433772795,0.1183659999999998,3120.2759725062756,Paper
207.2,5.11,381.62522240783346,45.60703577873287,8.388532433772795,0.1183659999999998,3120.2759725062756,Paper
207.2,5.11,381.62522240783346,45.60703577873287,8.388532433772795,0.1183659999999998,3120.2759725062756,Paper
207.2,5.11,381.62522240783346,45.60703577873287,8.388532433772795,0.1183659999999998,3120.2759725062756,Paper
207.0,4.96,381.62522240783346,45.60703577873287,8.388532433772795,0.1183659999999998,3120.2759725062756,Paper
207.0,4.96,381.62522240783346,45.60703577873287,8.388532433772795,0.1183659999999998,3120.2759725062756,Paper
207.0,4.96,381.62522240783346,45.60703577873287,8.388532433772795,0.1183659999999998,3120.2759725062756,Paper
207.0,4.96,381.62522240783346,45.60703577873287,8.388532433772795,0.1183659999999998,3120.2759725062756,Paper
207.0,4.96,381.62522240783346,45.60703577873287,8.388532433772795,0.1183659999999998,3120.2759725062756,Paper
207.0,4.96,381.62522240783346,45.60703577873287,8.388532433772795,0.1183659999999998,3120.2759725062756,Paper
206.9,5.77,381.62522240783346,45.60703577873287,8.388532433772795,0.1183659999999998,3120.2759725062756,Paper
206.9,5.77,381.62522240783346,45.60703577873287,8.388532433772795,0.1183659999999998,3120.2759725062756,Paper
206.9,5.77,381.62522240783346,45.60703577873287,8.388532433772795,0.1183659999999998,3120.2759725062756,Paper
206.9,5.77,381.62522240783346,45.60703577873287,8.388532433772795,0.1183659999999998,3120.2759725062756,Paper
206.9,5.77,381.62522240783346,45.60703577873287,8.388532433772795,0.1183659999999998,3120.2759725062756,Paper
206.8,5.66,381.62522240783346,45.60703577873287,8.388532433772795,0.1183659999999998,3120.2759725062756,Paper
206.8,5.66,381.62522240783346,45.60703577873287,8.388532433772795,0.1183659999999998,3120.2759725062756,Paper
206.8,5.66,381.62522240783346,45.60703577873287,8.388532433772795,0.1183659999999998,3120.2759725062756,Paper
215.8,4.53,252.68245936795975,45.388325130007885,5.578909390453995,0.00231875,1068.8950353519288,Paper
215.8,4.53,252.68245936795975,45.388325130007885,5.578909390453995,0.00231875,1068.8950353519288,Paper
215.8,4.53,252.68245936795975,45.388325130007885,5.578909390453995,0.00231875,1068.8950353519288,Paper
215.8,4.53,252.68245936795975,45.388325130007885,5.578909390453995,0.00231875,1068.8950353519288,Paper
215.8,4.46,252.68245936795975,45.388325130007885,5.578909390453995,0.00231875,1068.8950353519288,Paper
215.8,4.46,252.68245936795975,45.388325130007885,5.578909390453995,0.00231875,1068.8950353519288,Paper
215.8,4.46,252.68245936795975,45.388325130007885,5.578909390453995,0.00231875,1068.8950353519288,Paper
215.8,4.46,252.68245936795975,45.388325130007885,5.578909390453995,0.00231875,1068.8950353519288,Paper
215.8,4.46,252.68245936795975,45.388325130007885,5.578909390453995,0.00231875,1068.8950353519288,Paper
216.1,4.39,252.68245936795975,45.388325130007885,5.578909390453995,0.00231875,1068.8950353519288,Paper
216.1,4.39,252.68245936795975,45.388325130007885,5.578909390453995,0.00231875,1068.8950353519288,Paper
216.1,4.39,252.68245936795975,45.388325130007885,5.578909390453995,0.00231875,1068.8950353519288,Paper
216.1,4.39,252.68245936795975,45.388325130007885,5.578909390453995,0.00231875,1068.8950353519288,Paper
216.1,4.39,252.68245936795975,45.388325130007885,5.578909390453995,0.00231875,1068.8950353519288,Paper
216.1,4.48,252.68245936795975,45.388325130007885,5.578909390453995,0.00231875,1068.8950353519288,Paper
216.1,4.48,252.68245936795975,45.388325130007885,5.578909390453995,0.00231875,1068.8950353519288,Paper
216.1,4.48,252.68245936795975,45.388325130007885,5.578909390453995,0.00231875,1068.8950353519288,Paper
216.1,4.48,252.68245936795975,45.388325130007885,5.578909390453995,0.00231875,1068.8950353519288,Paper
216.1,4.48,252.68245936795975,45.388325130007885,5.578909390453995,0.00231875,1068.8950353519288,Paper
216.1,4.48,252.68245936795975,45.388325130007885,5.578909390453995,0.00231875,1068.8950353519288,Paper
226.7,4.36,381.1485039823493,28.868337564801372,13.272945639848029,0.0521490000000001,5083.8032766423985,Paper
226.7,4.36,381.1485039823493,28.868337564801372,13.272945639848029,0.0521490000000001,5083.8032766423985,Paper
226.7,4.36,381.1485039823493,28.868337564801372,13.272945639848029,0.0521490000000001,5083.8032766423985,Paper
226.7,4.36,381.1485039823493,28.868337564801372,13.272945639848029,0.0521490000000001,5083.8032766423985,Paper
226.7,3.99,381.1485039823493,28.868337564801372,13.272945639848029,0.0521490000000001,5083.8032766423985,Paper
226.7,3.99,381.1485039823493,28.868337564801372,13.272945639848029,0.0521490000000001,5083.8032766423985,Paper
226.7,3.99,381.1485039823493,28.868337564801372,13.272945639848029,0.0521490000000001,5083.8032766423985,Paper
226.7,3.99,381.1485039823493,28.868337564801372,13.272945639848029,0.0521490000000001,5083.8032766423985,Paper
226.7,3.99,381.1485039823493,28.868337564801372,13.272945639848029,0.0521490000000001,5083.8032766423985,Paper
226.7,3.99,381.1485039823493,28.868337564801372,13.272945639848029,0.0521490000000001,5083.8032766423985,Paper
226.7,3.76,381.1485039823493,28.868337564801372,13.272945639848029,0.0521490000000001,5083.8032766423985,Paper
226.7,3.76,381.1485039823493,28.868337564801372,13.272945639848029,0.0521490000000001,5083.8032766423985,Paper
226.7,3.76,381.1485039823493,28.868337564801372,13.272945639848029,0.0521490000000001,5083.8032766423985,Paper
226.7,3.76,381.1485039823493,28.868337564801372,13.272945639848029,0.0521490000000001,5083.8032766423985,Paper
226.7,3.76,381.1485039823493,28.868337564801372,13.272945639848029,0.0521490000000001,5083.8032766423985,Paper
226.9,3.76,381.1485039823493,28.868337564801372,13.272945639848029,0.0521490000000001,5083.8032766423985,Paper
226.9,3.76,381.1485039823493,28.868337564801372,13.272945639848029,0.0521490000000001,5083.8032766423985,Paper
226.9,3.76,381.1485039823493,28.868337564801372,13.272945639848029,0.0521490000000001,5083.8032766423985,Paper
226.9,3.76,381.1485039823493,28.868337564801372,13.272945639848029,0.0521490000000001,5083.8032766423985,Paper
226.9,3.76,381.1485039823493,28.868337564801372,13.272945639848029,0.0521490000000001,5083.8032766423985,Paper
237.4,13.61,544.4726308034652,113.574231145442,4.821001647595788,1.4617359999999997,6030.90530851505,Paper
237.0,12.27,544.4726308034652,113.574231145442,4.821001647595788,1.4617359999999997,6030.90530851505,Paper
237.0,12.27,544.4726308034652,113.574231145442,4.821001647595788,1.4617359999999997,6030.90530851505,Paper
237.0,12.27,544.4726308034652,113.574231145442,4.821001647595788,1.4617359999999997,6030.90530851505,Paper
237.0,12.27,544.4726308034652,113.574231145442,4.821001647595788,1.4617359999999997,6030.90530851505,Paper
237.0,12.27,544.4726308034652,113.574231145442,4.821001647595788,1.4617359999999997,6030.90530851505,Paper
237.0,11.22,544.4726308034652,113.574231145442,4.821001647595788,1.4617359999999997,6030.90530851505,Paper
237.0,11.22,544.4726308034652,113.574231145442,4.821001647595788,1.4617359999999997,6030.90530851505,Paper
237.0,11.22,544.4726308034652,113.574231145442,4.821001647595788,1.4617359999999997,6030.90530851505,Paper
237.0,11.22,544.4726308034652,113.574231145442,4.821001647595788,1.4617359999999997,6030.90530851505,Paper
237.0,11.22,544.4726308034652,113.574231145442,4.821001647595788,1.4617359999999997,6030.90530851505,Paper
237.0,9.93,544.4726308034652,113.574231145442,4.821001647595788,1.4617359999999997,6030.90530851505,Paper
237.0,9.93,544.4726308034652,113.574231145442,4.821001647595788,1.4617359999999997,6030.90530851505,Paper
237.0,9.93,544.4726308034652,113.574231145442,4.821001647595788,1.4617359999999997,6030.90530851505,Paper
237.0,9.93,544.4726308034652,113.574231145442,4.821001647595788,1.4617359999999997,6030.90530851505,Paper
237.0,9.93,544.4726308034652,113.574231145442,4.821001647595788,1.4617359999999997,6030.90530851505,Paper
237.0,9.93,544.4726308034652,113.574231145442,4.821001647595788,1.4617359999999997,6030.90530851505,Paper
237.0,9.44,544.4726308034652,113.574231145442,4.821001647595788,1.4617359999999997,6030.90530851505,Paper
237.0,9.44,544.4726308034652,113.574231145442,4.821001647595788,1.4617359999999997,6030.90530851505,Paper
237.0,9.44,544.4726308034652,113.574231145442,4.821001647595788,1.4617359999999997,6030.90530851505,Paper
247.6,4.09,1671.789228770401,29.46699550339311,56.77233530692224,0.05330475,6242.360004885979,Paper
247.6,4.09,1671.789228770401,29.46699550339311,56.77233530692224,0.05330475,6242.360004885979,Paper
247.6,4.09,1671.789228770401,29.46699550339311,56.77233530692224,0.05330475,6242.360004885979,Paper
247.6,4.09,1671.789228770401,29.46699550339311,56.77233530692224,0.05330475,6242.360004885979,Paper
247.8,3.75,1671.789228770401,29.46699550339311,56.77233530692224,0.05330475,6242.360004885979,Paper
247.8,3.75,1671.789228770401,29.46699550339311,56.77233530692224,0.05330475,6242.360004885979,Paper
247.8,3.75,1671.789228770401,29.46699550339311,56.77233530692224,0.05330475,6242.360004885979,Paper
247.8,3.75,1671.789228770401,29.46699550339311,56.77233530692224,0.05330475,6242.360004885979,Paper
247.8,3.75,1671.789228770401,29.46699550339311,56.77233530692224,0.05330475,6242.360004885979,Paper
248.1,3.7,1671.789228770401,29.46699550339311,56.77233530692224,0.05330475,6242.360004885979,Paper
248.1,3.7,1671.789228770401,29.46699550339311,56.77233530692224,0.05330475,6242.360004885979,Paper
248.1,3.7,1671.789228770401,29.46699550339311,56.77233530692224,0.05330475,6242.360004885979,Paper
248.1,3.7,1671.789228770401,29.46699550339311,56.77233530692224,0.05330475,6242.360004885979,Paper
248.1,3.7,1671.789228770401,29.46699550339311,56.77233530692224,0.05330475,6242.360004885979,Paper
248.1,3.7,1671.789228770401,29.46699550339311,56.77233530692224,0.05330475,6242.360004885979,Paper
248.0,3.4,1671.789228770401,29.46699550339311,56.77233530692224,0.05330475,6242.360004885979,Paper
248.0,3.4,1671.789228770401,29.46699550339311,56.77233530692224,0.05330475,6242.360004885979,Paper
248.0,3.4,1671.789228770401,29.46699550339311,56.77233530692224,0.05330475,6242.360004885979,Paper
248.0,3.4,1671.789228770401,29.46699550339311,56.77233530692224,0.05330475,6242.360004885979,Paper
248.0,3.4,1671.789228770401,29.46699550339311,56.77233530692224,0.05330475,6242.360004885979,Paper
258.2,4.44,1525.5822618125485,30.48626642821781,50.06169442292797,0.06097275,5255.377064245726,Paper
258.2,4.44,1525.5822618125485,30.48626642821781,50.06169442292797,0.06097275,5255.377064245726,Paper
258.2,4.1,1525.5822618125485,30.48626642821781,50.06169442292797,0.06097275,5255.377064245726,Paper
258.2,4.1,1525.5822618125485,30.48626642821781,50.06169442292797,0.06097275,5255.377064245726,Paper
258.2,4.1,1525.5822618125485,30.48626642821781,50.06169442292797,0.06097275,5255.377064245726,Paper
258.2,4.1,1525.5822618125485,30.48626642821781,50.06169442292797,0.06097275,5255.377064245726,Paper
258.2,4.1,1525.5822618125485,30.48626642821781,50.06169442292797,0.06097275,5255.377064245726,Paper
258.2,4.1,1525.5822618125485,30.48626642821781,50.06169442292797,0.06097275,5255.377064245726,Paper
258.2,3.83,1525.5822618125485,30.48626642821781,50.06169442292797,0.06097275,5255.377064245726,Paper
258.2,3.83,1525.5822618125485,30.48626642821781,50.06169442292797,0.06097275,5255.377064245726,Paper
258.2,3.83,1525.5822618125485,30.48626642821781,50.06169442292797,0.06097275,5255.377064245726,Paper
258.2,3.83,1525.5822618125485,30.48626642821781,50.06169442292797,0.06097275,5255.377064245726,Paper
258.2,3.83,1525.5822618125485,30.48626642821781,50.06169442292797,0.06097275,5255.377064245726,Paper
258.2,3.76,1525.5822618125485,30.48626642821781,50.06169442292797,0.06097275,5255.377064245726,Paper
258.2,3.76,1525.5822618125485,30.48626642821781,50.06169442292797,0.06097275,5255.377064245726,Paper
258.2,3.76,1525.5822618125485,30.48626642821781,50.06169442292797,0.06097275,5255.377064245726,Paper
258.2,3.76,1525.5822618125485,30.48626642821781,50.06169442292797,0.06097275,5255.377064245726,Paper
258.2,3.76,1525.5822618125485,30.48626642821781,50.06169442292797,0.06097275,5255.377064245726,Paper
258.2,3.76,1525.5822618125485,30.48626642821781,50.06169442292797,0.06097275,5255.377064245726,Paper
258.2,3.38,1525.5822618125485,30.48626642821781,50.06169442292797,0.06097275,5255.377064245726,Paper
267.3,9.56,390.3503119042389,94.1787655698146,4.1459742774266015,0.01286475,2025.8477675963245,Paper
267.3,9.56,390.3503119042389,94.1787655698146,4.1459742774266015,0.01286475,2025.8477675963245,Paper
267.3,9.79,390.3503119042389,94.1787655698146,4.1459742774266015,0.01286475,2025.8477675963245,Paper
267.3,9.79,390.3503119042389,94.1787655698146,4.1459742774266015,0.01286475,2025.8477675963245,Paper
267.3,9.79,390.3503119042389,94.1787655698146,4.1459742774266015,0.01286475,2025.8477675963245,Paper
267.3,9.79,390.3503119042389,94.1787655698146,4.1459742774266015,0.01286475,2025.8477675963245,Paper
267.3,9.79,390.3503119042389,94.1787655698146,4.1459742774266015,0.01286475,2025.8477675963245,Paper
267.3,9.79,390.3503119042389,94.1787655698146,4.1459742774266015,0.01286475,2025.8477675963245,Paper
267.5,9.68,390.3503119042389,94.1787655698146,4.1459742774266015,0.01286475,2025.8477675963245,Paper
267.5,9.68,390.3503119042389,94.1787655698146,4.1459742774266015,0.01286475,2025.8477675963245,Paper
267.5,9.68,390.3503119042389,94.1787655698146,4.1459742774266015,0.01286475,2025.8477675963245,Paper
267.5,9.68,390.3503119042389,94.1787655698146,4.1459742774266015,0.01286475,2025.8477675963245,Paper
267.5,9.68,390.3503119042389,94.1787655698146,4.1459742774266015,0.01286475,2025.8477675963245,Paper
267.6,9.7,390.3503119042389,94.1787655698146,4.1459742774266015,0.01286475,2025.8477675963245,Paper
267.6,9.7,390.3503119042389,94.1787655698146,4.1459742774266015,0.01286475,2025.8477675963245,Paper
267.6,9.7,390.3503119042389,94.1787655698146,4.1459742774266015,0.01286475,2025.8477675963245,Paper
267.6,9.7,390.3503119042389,94.1787655698146,4.1459742774266015,0.01286475,2025.8477675963245,Paper
267.6,9.7,390.3503119042389,94.1787655698146,4.1459742774266015,0.01286475,2025.8477675963245,Paper
267.6,9.7,390.3503119042389,94.1787655698146,4.1459742774266015,0.01286475,2025.8477675963245,Paper
267.2,10.13,390.3503119042389,94.1787655698146,4.1459742774266015,0.01286475,2025.8477675963245,Paper
277.2,8.36,365.7974782279578,83.52495247153368,4.380130533885739,0.0291389999999999,3514.997818719093,Paper
277.2,8.36,365.7974782279578,83.52495247153368,4.380130533885739,0.0291389999999999,3514.997818719093,Paper
277.1,8.28,365.7974782279578,83.52495247153368,4.380130533885739,0.0291389999999999,3514.997818719093,Paper
277.1,8.28,365.7974782279578,83.52495247153368,4.380130533885739,0.0291389999999999,3514.997818719093,Paper
277.1,8.28,365.7974782279578,83.52495247153368,4.380130533885739,0.0291389999999999,3514.997818719093,Paper
277.1,8.28,365.7974782279578,83.52495247153368,4.380130533885739,0.0291389999999999,3514.997818719093,Paper
277.1,8.28,365.7974782279578,83.52495247153368,4.380130533885739,0.0291389999999999,3514.997818719093,Paper
277.1,8.28,365.7974782279578,83.52495247153368,4.380130533885739,0.0291389999999999,3514.997818719093,Paper
277.0,8.26,365.7974782279578,83.52495247153368,4.380130533885739,0.0291389999999999,3514.997818719093,Paper
277.0,8.26,365.7974782279578,83.52495247153368,4.380130533885739,0.0291389999999999,3514.997818719093,Paper
277.0,8.26,365.7974782279578,83.52495247153368,4.380130533885739,0.0291389999999999,3514.997818719093,Paper
277.0,8.26,365.7974782279578,83.52495247153368,4.380130533885739,0.0291389999999999,3514.997818719093,Paper
277.0,8.26,365.7974782279578,83.52495247153368,4.380130533885739,0.0291389999999999,3514.997818719093,Paper
276.8,7.96,365.7974782279578,83.52495247153368,4.380130533885739,0.0291389999999999,3514.997818719093,Paper
276.8,7.96,365.7974782279578,83.52495247153368,4.380130533885739,0.0291389999999999,3514.997818719093,Paper
276.8,7.96,365.7974782279578,83.52495247153368,4.380130533885739,0.0291389999999999,3514.997818719093,Paper
276.8,7.96,365.7974782279578,83.52495247153368,4.380130533885739,0.0291389999999999,3514.997818719093,Paper
276.8,7.96,365.7974782279578,83.52495247153368,4.380130533885739,0.0291389999999999,3514.997818719093,Paper
276.8,7.96,365.7974782279578,83.52495247153368,4.380130533885739,0.0291389999999999,3514.997818719093,Paper
276.8,8.56,365.7974782279578,83.52495247153368,4.380130533885739,0.0291389999999999,3514.997818719093,Paper
286.8,3.86,1260.8410211082785,31.63212545598638,39.86451945235184,0.008439,6540.912379783113,Paper
286.8,3.86,1260.8410211082785,31.63212545598638,39.86451945235184,0.008439,6540.912379783113,Paper
286.8,3.86,1260.8410211082785,31.63212545598638,39.86451945235184,0.008439,6540.912379783113,Paper
286.8,3.86,1260.8410211082785,31.63212545598638,39.86451945235184,0.008439,6540.912379783113,Paper
286.8,3.86,1260.8410211082785,31.63212545598638,39.86451945235184,0.008439,6540.912379783113,Paper
286.8,3.88,1260.8410211082785,31.63212545598638,39.86451945235184,0.008439,6540.912379783113,Paper
286.8,3.88,1260.8410211082785,31.63212545598638,39.86451945235184,0.008439,6540.912379783113,Paper
286.8,3.88,1260.8410211082785,31.63212545598638,39.86451945235184,0.008439,6540.912379783113,Paper
286.8,3.88,1260.8410211082785,31.63212545598638,39.86451945235184,0.008439,6540.912379783113,Paper
286.8,3.88,1260.8410211082785,31.63212545598638,39.86451945235184,0.008439,6540.912379783113,Paper
286.5,4.04,1260.8410211082785,31.63212545598638,39.86451945235184,0.008439,6540.912379783113,Paper
286.5,4.04,1260.8410211082785,31.63212545598638,39.86451945235184,0.008439,6540.912379783113,Paper
286.5,4.04,1260.8410211082785,31.63212545598638,39.86451945235184,0.008439,6540.912379783113,Paper
286.5,4.04,1260.8410211082785,31.63212545598638,39.86451945235184,0.008439,6540.912379783113,Paper
286.5,4.04,1260.8410211082785,31.63212545598638,39.86451945235184,0.008439,6540.912379783113,Paper
286.5,4.04,1260.8410211082785,31.63212545598638,39.86451945235184,0.008439,6540.912379783113,Paper
286.7,4.07,1260.8410211082785,31.63212545598638,39.86451945235184,0.008439,6540.912379783113,Paper
286.7,4.07,1260.8410211082785,31.63212545598638,39.86451945235184,0.008439,6540.912379783113,Paper
286.7,4.07,1260.8410211082785,31.63212545598638,39.86451945235184,0.008439,6540.912379783113,Paper
286.7,4.07,1260.8410211082785,31.63212545598638,39.86451945235184,0.008439,6540.912379783113,Paper
298.3,7.66,292.43341161321507,70.15516143160629,4.195330016074497,0.036261,3948.902242839144,Paper
298.3,7.12,292.43341161321507,70.15516143160629,4.195330016074497,0.036261,3948.902242839144,Paper
298.3,7.12,292.43341161321507,70.15516143160629,4.195330016074497,0.036261,3948.902242839144,Paper
298.3,7.12,292.43341161321507,70.15516143160629,4.195330016074497,0.036261,3948.902242839144,Paper
298.3,7.12,292.43341161321507,70.15516143160629,4.195330016074497,0.036261,3948.902242839144,Paper
298.3,7.12,292.43341161321507,70.15516143160629,4.195330016074497,0.036261,3948.902242839144,Paper
298.1,6.87,292.43341161321507,70.15516143160629,4.195330016074497,0.036261,3948.902242839144,Paper
298.1,6.87,292.43341161321507,70.15516143160629,4.195330016074497,0.036261,3948.902242839144,Paper
298.1,6.87,292.43341161321507,70.15516143160629,4.195330016074497,0.036261,3948.902242839144,Paper
298.1,6.87,292.43341161321507,70.15516143160629,4.195330016074497,0.036261,3948.902242839144,Paper
298.1,6.87,292.43341161321507,70.15516143160629,4.195330016074497,0.036261,3948.902242839144,Paper
298.1,6.87,292.43341161321507,70.15516143160629,4.195330016074497,0.036261,3948.902242839144,Paper
297.9,6.9,292.43341161321507,70.15516143160629,4.195330016074497,0.036261,3948.902242839144,Paper
297.9,6.9,292.43341161321507,70.15516143160629,4.195330016074497,0.036261,3948.902242839144,Paper
297.9,6.9,292.43341161321507,70.15516143160629,4.195330016074497,0.036261,3948.902242839144,Paper
297.9,6.9,292.43341161321507,70.15516143160629,4.195330016074497,0.036261,3948.902242839144,Paper
297.9,6.9,292.43341161321507,70.15516143160629,4.195330016074497,0.036261,3948.902242839144,Paper
297.7,7.16,292.43341161321507,70.15516143160629,4.195330016074497,0.036261,3948.902242839144,Paper
297.7,7.16,292.43341161321507,70.15516143160629,4.195330016074497,0.036261,3948.902242839144,Paper
297.7,7.16,292.43341161321507,70.15516143160629,4.195330016074497,0.036261,3948.902242839144,Paper
310.0,3.94,1205.8027156417445,31.686550328125048,38.13463429874694,0.02390875,25095.794292821247,Paper
310.0,3.94,1205.8027156417445,31.686550328125048,38.13463429874694,0.02390875,25095.794292821247,Paper
310.0,3.94,1205.8027156417445,31.686550328125048,38.13463429874694,0.02390875,25095.794292821247,Paper
310.0,3.99,1205.8027156417445,31.686550328125048,38.13463429874694,0.02390875,25095.794292821247,Paper
310.0,3.99,1205.8027156417445,31.686550328125048,38.13463429874694,0.02390875,25095.794292821247,Paper
310.0,3.99,1205.8027156417445,31.686550328125048,38.13463429874694,0.02390875,25095.794292821247,Paper
310.0,3.99,1205.8027156417445,31.686550328125048,38.13463429874694,0.02390875,25095.794292821247,Paper
310.0,3.99,1205.8027156417445,31.686550328125048,38.13463429874694,0.02390875,25095.794292821247,Paper
310.0,3.67,1205.8027156417445,31.686550328125048,38.13463429874694,0.02390875,25095.794292821247,Paper
310.0,3.67,1205.8027156417445,31.686550328125048,38.13463429874694,0.02390875,25095.794292821247,Paper
310.0,3.67,1205.8027156417445,31.686550328125048,38.13463429874694,0.02390875,25095.794292821247,Paper
310.0,3.67,1205.8027156417445,31.686550328125048,38.13463429874694,0.02390875,25095.794292821247,Paper
310.0,3.67,1205.8027156417445,31.686550328125048,38.13463429874694,0.02390875,25095.794292821247,Paper
310.0,3.67,1205.8027156417445,31.686550328125048,38.13463429874694,0.02390875,25095.794292821247,Paper
310.4,3.9,1205.8027156417445,31.686550328125048,38.13463429874694,0.02390875,25095.794292821247,Paper
310.4,3.9,1205.8027156417445,31.686550328125048,38.13463429874694,0.02390875,25095.794292821247,Paper
310.4,3.9,1205.8027156417445,31.686550328125048,38.13463429874694,0.02390875,25095.794292821247,Paper
310.4,3.9,1205.8027156417445,31.686550328125048,38.13463429874694,0.02390875,25095.794292821247,Paper
310.4,3.9,1205.8027156417445,31.686550328125048,38.13463429874694,0.02390875,25095.794292821247,Paper
310.9,3.46,1205.8027156417445,31.686550328125048,38.13463429874694,0.02390875,25095.794292821247,Paper
318.9,5.13,519.2222630687572,35.72862190413313,14.776248169241786,0.0351187499999999,38668.45027376841,Paper
318.9,5.13,519.2222630687572,35.72862190413313,14.776248169241786,0.0351187499999999,38668.45027376841,Paper
318.9,5.13,519.2222630687572,35.72862190413313,14.776248169241786,0.0351187499999999,38668.45027376841,Paper
318.9,5.13,519.2222630687572,35.72862190413313,14.776248169241786,0.0351187499999999,38668.45027376841,Paper
318.9,5.13,519.2222630687572,35.72862190413313,14.776248169241786,0.0351187499999999,38668.45027376841,Paper
319.1,4.91,519.2222630687572,35.72862190413313,14.776248169241786,0.0351187499999999,38668.45027376841,Paper
319.1,4.91,519.2222630687572,35.72862190413313,14.776248169241786,0.0351187499999999,38668.45027376841,Paper
319.1,4.91,519.2222630687572,35.72862190413313,14.776248169241786,0.0351187499999999,38668.45027376841,Paper
319.1,4.91,519.2222630687572,35.72862190413313,14.776248169241786,0.0351187499999999,38668.45027376841,Paper
319.1,4.91,519.2222630687572,35.72862190413313,14.776248169241786,0.0351187499999999,38668.45027376841,Paper
319.1,4.91,519.2222630687572,35.72862190413313,14.776248169241786,0.0351187499999999,38668.45027376841,Paper
318.7,4.62,519.2222630687572,35.72862190413313,14.776248169241786,0.0351187499999999,38668.45027376841,Paper
318.7,4.62,519.2222630687572,35.72862190413313,14.776248169241786,0.0351187499999999,38668.45027376841,Paper
318.7,4.62,519.2222630687572,35.72862190413313,14.776248169241786,0.0351187499999999,38668.45027376841,Paper
318.7,4.62,519.2222630687572,35.72862190413313,14.776248169241786,0.0351187499999999,38668.45027376841,Paper
318.7,4.62,519.2222630687572,35.72862190413313,14.776248169241786,0.0351187499999999,38668.45027376841,Paper
318.7,5.01,519.2222630687572,35.72862190413313,14.776248169241786,0.0351187499999999,38668.45027376841,Paper
318.7,5.01,519.2222630687572,35.72862190413313,14.776248169241786,0.0351187499999999,38668.45027376841,Paper
318.7,5.01,519.2222630687572,35.72862190413313,14.776248169241786,0.0351187499999999,38668.45027376841,Paper
318.7,5.01,519.2222630687572,35.72862190413313,14.776248169241786,0.0351187499999999,38668.45027376841,Paper
328.2,4.97,320.7593320427301,58.06063783868908,6.450011421551349,0.6847027500000001,53772.52540154011,Paper
328.2,5.65,320.7593320427301,58.06063783868908,6.450011421551349,0.6847027500000001,53772.52540154011,Paper
328.2,5.65,320.7593320427301,58.06063783868908,6.450011421551349,0.6847027500000001,53772.52540154011,Paper
328.2,5.65,320.7593320427301,58.06063783868908,6.450011421551349,0.6847027500000001,53772.52540154011,Paper
328.2,5.65,320.7593320427301,58.06063783868908,6.450011421551349,0.6847027500000001,53772.52540154011,Paper
328.2,5.65,320.7593320427301,58.06063783868908,6.450011421551349,0.6847027500000001,53772.52540154011,Paper
328.2,6.59,320.7593320427301,58.06063783868908,6.450011421551349,0.6847027500000001,53772.52540154011,Paper
328.2,6.59,320.7593320427301,58.06063783868908,6.450011421551349,0.6847027500000001,53772.52540154011,Paper
328.2,6.59,320.7593320427301,58.06063783868908,6.450011421551349,0.6847027500000001,53772.52540154011,Paper
328.2,6.59,320.7593320427301,58.06063783868908,6.450011421551349,0.6847027500000001,53772.52540154011,Paper
328.2,6.59,320.7593320427301,58.06063783868908,6.450011421551349,0.6847027500000001,53772.52540154011,Paper
328.3,7.19,320.7593320427301,58.06063783868908,6.450011421551349,0.6847027500000001,53772.52540154011,Paper
328.3,7.19,320.7593320427301,58.06063783868908,6.450011421551349,0.6847027500000001,53772.52540154011,Paper
328.3,7.19,320.7593320427301,58.06063783868908,6.450011421551349,0.6847027500000001,53772.52540154011,Paper
328.3,7.19,320.7593320427301,58.06063783868908,6.450011421551349,0.6847027500000001,53772.52540154011,Paper
328.3,7.19,320.7593320427301,58.06063783868908,6.450011421551349,0.6847027500000001,53772.52540154011,Paper
328.3,7.19,320.7593320427301,58.06063783868908,6.450011421551349,0.6847027500000001,53772.52540154011,Paper
328.2,7.82,320.7593320427301,58.06063783868908,6.450011421551349,0.6847027500000001,53772.52540154011,Paper
328.2,7.82,320.7593320427301,58.06063783868908,6.450011421551349,0.6847027500000001,53772.52540154011,Paper
328.2,7.82,320.7593320427301,58.06063783868908,6.450011421551349,0.6847027500000001,53772.52540154011,Paper
338.5,4.72,798.6947148993639,34.48779785412729,23.114667976446754,0.01676475,27768.176724399375,Paper
338.5,4.72,798.6947148993639,34.48779785412729,23.114667976446754,0.01676475,27768.176724399375,Paper
338.9,4.82,798.6947148993639,34.48779785412729,23.114667976446754,0.01676475,27768.176724399375,Paper
338.9,4.82,798.6947148993639,34.48779785412729,23.114667976446754,0.01676475,27768.176724399375,Paper
338.9,4.82,798.6947148993639,34.48779785412729,23.114667976446754,0.01676475,27768.176724399375,Paper
338.9,4.82,798.6947148993639,34.48779785412729,23.114667976446754,0.01676475,27768.176724399375,Paper
338.9,4.82,798.6947148993639,34.48779785412729,23.114667976446754,0.01676475,27768.176724399375,Paper
338.9,4.82,798.6947148993639,34.48779785412729,23.114667976446754,0.01676475,27768.176724399375,Paper
339.3,4.68,798.6947148993639,34.48779785412729,23.114667976446754,0.01676475,27768.176724399375,Paper
339.3,4.68,798.6947148993639,34.48779785412729,23.114667976446754,0.01676475,27768.176724399375,Paper
339.3,4.68,798.6947148993639,34.48779785412729,23.114667976446754,0.01676475,27768.176724399375,Paper
339.3,4.68,798.6947148993639,34.48779785412729,23.114667976446754,0.01676475,27768.176724399375,Paper
339.3,4.68,798.6947148993639,34.48779785412729,23.114667976446754,0.01676475,27768.176724399375,Paper
339.3,5.01,798.6947148993639,34.48779785412729,23.114667976446754,0.01676475,27768.176724399375,Paper
339.3,5.01,798.6947148993639,34.48779785412729,23.114667976446754,0.01676475,27768.176724399375,Paper
339.3,5.01,798.6947148993639,34.48779785412729,23.114667976446754,0.01676475,27768.176724399375,Paper
339.3,5.01,798.6947148993639,34.48779785412729,23.114667976446754,0.01676475,27768.176724399375,Paper
339.3,5.01,798.6947148993639,34.48779785412729,23.114667976446754,0.01676475,27768.176724399375,Paper
339.3,5.01,798.6947148993639,34.48779785412729,23.114667976446754,0.01676475,27768.176724399375,Paper
339.4,4.77,798.6947148993639,34.48779785412729,23.114667976446754,0.01676475,27768.176724399375,Paper
349.1,4.29,811.8140481967718,33.59261914613397,24.264229853207635,0.0780547499999999,22336.981705514183,Paper
349.1,4.29,811.8140481967718,33.59261914613397,24.264229853207635,0.0780547499999999,22336.981705514183,Paper
349.1,4.29,811.8140481967718,33.59261914613397,24.264229853207635,0.0780547499999999,22336.981705514183,Paper
349.1,4.29,811.8140481967718,33.59261914613397,24.264229853207635,0.0780547499999999,22336.981705514183,Paper
349.9,4.75,811.8140481967718,33.59261914613397,24.264229853207635,0.0780547499999999,22336.981705514183,Paper
349.9,4.75,811.8140481967718,33.59261914613397,24.264229853207635,0.0780547499999999,22336.981705514183,Paper
349.9,4.75,811.8140481967718,33.59261914613397,24.264229853207635,0.0780547499999999,22336.981705514183,Paper
349.9,4.75,811.8140481967718,33.59261914613397,24.264229853207635,0.0780547499999999,22336.981705514183,Paper
349.9,4.75,811.8140481967718,33.59261914613397,24.264229853207635,0.0780547499999999,22336.981705514183,Paper
349.9,4.9,811.8140481967718,33.59261914613397,24.264229853207635,0.0780547499999999,22336.981705514183,Paper
349.9,4.9,811.8140481967718,33.59261914613397,24.264229853207635,0.0780547499999999,22336.981705514183,Paper
349.9,4.9,811.8140481967718,33.59261914613397,24.264229853207635,0.0780547499999999,22336.981705514183,Paper
349.9,4.9,811.8140481967718,33.59261914613397,24.264229853207635,0.0780547499999999,22336.981705514183,Paper
349.9,4.9,811.8140481967718,33.59261914613397,24.264229853207635,0.0780547499999999,22336.981705514183,Paper
349.9,4.9,811.8140481967718,33.59261914613397,24.264229853207635,0.0780547499999999,22336.981705514183,Paper
349.9,5.1,811.8140481967718,33.59261914613397,24.264229853207635,0.0780547499999999,22336.981705514183,Paper
349.9,5.1,811.8140481967718,33.59261914613397,24.264229853207635,0.0780547499999999,22336.981705514183,Paper
349.9,5.1,811.8140481967718,33.59261914613397,24.264229853207635,0.0780547499999999,22336.981705514183,Paper
349.9,5.1,811.8140481967718,33.59261914613397,24.264229853207635,0.0780547499999999,22336.981705514183,Paper
349.9,5.1,811.8140481967718,33.59261914613397,24.264229853207635,0.0780547499999999,22336.981705514183,Paper
19.6,16.15,5330.823214285714,626.9675067506753,8.502551020408163,0.0675609999999998,1318.3784525981166,Suitcase
19.6,15.57,5330.823214285714,626.9675067506753,8.502551020408163,0.0675609999999998,1318.3784525981166,Suitcase
19.6,15.57,5330.823214285714,626.9675067506753,8.502551020408163,0.0675609999999998,1318.3784525981166,Suitcase
19.6,15.57,5330.823214285714,626.9675067506753,8.502551020408163,0.0675609999999998,1318.3784525981166,Suitcase
19.6,15.57,5330.823214285714,626.9675067506753,8.502551020408163,0.0675609999999998,1318.3784525981166,Suitcase
19.6,15.57,5330.823214285714,626.9675067506753,8.502551020408163,0.0675609999999998,1318.3784525981166,Suitcase
19.6,16.0,5330.823214285714,626.9675067506753,8.502551020408163,0.0675609999999998,1318.3784525981166,Suitcase
19.6,16.0,5330.823214285714,626.9675067506753,8.502551020408163,0.0675609999999998,1318.3784525981166,Suitcase
19.6,16.0,5330.823214285714,626.9675067506753,8.502551020408163,0.0675609999999998,1318.3784525981166,Suitcase
19.6,16.0,5330.823214285714,626.9675067506753,8.502551020408163,0.0675609999999998,1318.3784525981166,Suitcase
19.6,16.0,5330.823214285714,626.9675067506753,8.502551020408163,0.0675609999999998,1318.3784525981166,Suitcase
19.6,16.0,5330.823214285714,626.9675067506753,8.502551020408163,0.0675609999999998,1318.3784525981166,Suitcase
19.6,16.2,5330.823214285714,626.9675067506753,8.502551020408163,0.0675609999999998,1318.3784525981166,Suitcase
19.6,16.2,5330.823214285714,626.9675067506753,8.502551020408163,0.0675609999999998,1318.3784525981166,Suitcase
19.6,16.2,5330.823214285714,626.9675067506753,8.502551020408163,0.0675609999999998,1318.3784525981166,Suitcase
19.6,16.2,5330.823214285714,626.9675067506753,8.502551020408163,0.0675609999999998,1318.3784525981166,Suitcase
19.6,16.2,5330.823214285714,626.9675067506753,8.502551020408163,0.0675609999999998,1318.3784525981166,Suitcase
19.6,15.62,5330.823214285714,626.9675067506753,8.502551020408163,0.0675609999999998,1318.3784525981166,Suitcase
19.6,15.62,5330.823214285714,626.9675067506753,8.502551020408163,0.0675609999999998,1318.3784525981166,Suitcase
19.6,15.62,5330.823214285714,626.9675067506753,8.502551020408163,0.0675609999999998,1318.3784525981166,Suitcase
26.2,26.34,5014.284094273357,311.3425889421199,16.106646155632312,0.1762747500000007,2316.344732957506,Suitcase
26.2,26.34,5014.284094273357,311.3425889421199,16.106646155632312,0.1762747500000007,2316.344732957506,Suitcase
26.2,26.34,5014.284094273357,311.3425889421199,16.106646155632312,0.1762747500000007,2316.344732957506,Suitcase
26.2,26.34,5014.284094273357,311.3425889421199,16.106646155632312,0.1762747500000007,2316.344732957506,Suitcase
26.3,26.72,5014.284094273357,311.3425889421199,16.106646155632312,0.1762747500000007,2316.344732957506,Suitcase
26.3,26.72,5014.284094273357,311.3425889421199,16.106646155632312,0.1762747500000007,2316.344732957506,Suitcase
26.3,26.72,5014.284094273357,311.3425889421199,16.106646155632312,0.1762747500000007,2316.344732957506,Suitcase
26.3,26.72,5014.284094273357,311.3425889421199,16.106646155632312,0.1762747500000007,2316.344732957506,Suitcase
26.3,26.72,5014.284094273357,311.3425889421199,16.106646155632312,0.1762747500000007,2316.344732957506,Suitcase
26.3,26.65,5014.284094273357,311.3425889421199,16.106646155632312,0.1762747500000007,2316.344732957506,Suitcase
26.3,26.65,5014.284094273357,311.3425889421199,16.106646155632312,0.1762747500000007,2316.344732957506,Suitcase
26.3,26.65,5014.284094273357,311.3425889421199,16.106646155632312,0.1762747500000007,2316.344732957506,Suitcase
26.3,26.65,5014.284094273357,311.3425889421199,16.106646155632312,0.1762747500000007,2316.344732957506,Suitcase
26.3,26.65,5014.284094273357,311.3425889421199,16.106646155632312,0.1762747500000007,2316.344732957506,Suitcase
26.3,26.65,5014.284094273357,311.3425889421199,16.106646155632312,0.1762747500000007,2316.344732957506,Suitcase
26.3,27.51,5014.284094273357,311.3425889421199,16.106646155632312,0.1762747500000007,2316.344732957506,Suitcase
26.3,27.51,5014.284094273357,311.3425889421199,16.106646155632312,0.1762747500000007,2316.344732957506,Suitcase
26.3,27.51,5014.284094273357,311.3425889421199,16.106646155632312,0.1762747500000007,2316.344732957506,Suitcase
26.3,27.51,5014.284094273357,311.3425889421199,16.106646155632312,0.1762747500000007,2316.344732957506,Suitcase
26.3,27.51,5014.284094273357,311.3425889421199,16.106646155632312,0.1762747500000007,2316.344732957506,Suitcase
40.0,53.64,3162.85625,607.7959703865123,5.207812499999998,2.2168000000000005,1492.0610284100287,Suitcase
40.0,53.64,3162.85625,607.7959703865123,5.207812499999998,2.2168000000000005,1492.0610284100287,Suitcase
40.0,53.64,3162.85625,607.7959703865123,5.207812499999998,2.2168000000000005,1492.0610284100287,Suitcase
40.0,53.64,3162.85625,607.7959703865123,5.207812499999998,2.2168000000000005,1492.0610284100287,Suitcase
40.0,53.64,3162.85625,607.7959703865123,5.207812499999998,2.2168000000000005,1492.0610284100287,Suitcase
40.0,57.28,3162.85625,607.7959703865123,5.207812499999998,2.2168000000000005,1492.0610284100287,Suitcase
40.0,57.28,3162.85625,607.7959703865123,5.207812499999998,2.2168000000000005,1492.0610284100287,Suitcase
40.0,57.28,3162.85625,607.7959703865123,5.207812499999998,2.2168000000000005,1492.0610284100287,Suitcase
40.0,57.28,3162.85625,607.7959703865123,5.207812499999998,2.2168000000000005,1492.0610284100287,Suitcase
40.0,57.28,3162.85625,607.7959703865123,5.207812499999998,2.2168000000000005,1492.0610284100287,Suitcase
40.0,54.64,3162.85625,607.7959703865123,5.207812499999998,2.2168000000000005,1492.0610284100287,Suitcase
40.0,54.64,3162.85625,607.7959703865123,5.207812499999998,2.2168000000000005,1492.0610284100287,Suitcase
40.0,54.64,3162.85625,607.7959703865123,5.207812499999998,2.2168000000000005,1492.0610284100287,Suitcase
40.0,54.64,3162.85625,607.7959703865123,5.207812499999998,2.2168000000000005,1492.0610284100287,Suitcase
40.0,54.64,3162.85625,607.7959703865123,5.207812499999998,2.2168000000000005,1492.0610284100287,Suitcase
40.0,53.64,3162.85625,607.7959703865123,5.207812499999998,2.2168000000000005,1492.0610284100287,Suitcase
40.0,53.64,3162.85625,607.7959703865123,5.207812499999998,2.2168000000000005,1492.0610284100287,Suitcase
40.0,53.64,3162.85625,607.7959703865123,5.207812499999998,2.2168000000000005,1492.0610284100287,Suitcase
40.0,53.64,3162.85625,607.7959703865123,5.207812499999998,2.2168000000000005,1492.0610284100287,Suitcase
40.0,53.64,3162.85625,607.7959703865123,5.207812499999998,2.2168000000000005,1492.0610284100287,Suitcase
48.4,56.84,2657.3921487603307,578.837893789379,4.590909090909092,6.143483999999997,2582.311180628704,Suitcase
48.4,56.84,2657.3921487603307,578.837893789379,4.590909090909092,6.143483999999997,2582.311180628704,Suitcase
48.4,62.82,2657.3921487603307,578.837893789379,4.590909090909092,6.143483999999997,2582.311180628704,Suitcase
48.4,62.82,2657.3921487603307,578.837893789379,4.590909090909092,6.143483999999997,2582.311180628704,Suitcase
48.4,62.82,2657.3921487603307,578.837893789379,4.590909090909092,6.143483999999997,2582.311180628704,Suitcase
48.4,62.82,2657.3921487603307,578.837893789379,4.590909090909092,6.143483999999997,2582.311180628704,Suitcase
48.4,62.82,2657.3921487603307,578.837893789379,4.590909090909092,6.143483999999997,2582.311180628704,Suitcase
48.4,58.57,2657.3921487603307,578.837893789379,4.590909090909092,6.143483999999997,2582.311180628704,Suitcase
48.4,58.57,2657.3921487603307,578.837893789379,4.590909090909092,6.143483999999997,2582.311180628704,Suitcase
48.4,58.57,2657.3921487603307,578.837893789379,4.590909090909092,6.143483999999997,2582.311180628704,Suitcase
48.4,58.57,2657.3921487603307,578.837893789379,4.590909090909092,6.143483999999997,2582.311180628704,Suitcase
48.4,58.57,2657.3921487603307,578.837893789379,4.590909090909092,6.143483999999997,2582.311180628704,Suitcase
48.4,58.57,2657.3921487603307,578.837893789379,4.590909090909092,6.143483999999997,2582.311180628704,Suitcase
48.4,58.22,2657.3921487603307,578.837893789379,4.590909090909092,6.143483999999997,2582.311180628704,Suitcase
48.4,58.22,2657.3921487603307,578.837893789379,4.590909090909092,6.143483999999997,2582.311180628704,Suitcase
48.4,58.22,2657.3921487603307,578.837893789379,4.590909090909092,6.143483999999997,2582.311180628704,Suitcase
48.4,58.22,2657.3921487603307,578.837893789379,4.590909090909092,6.143483999999997,2582.311180628704,Suitcase
48.4,58.22,2657.3921487603307,578.837893789379,4.590909090909092,6.143483999999997,2582.311180628704,Suitcase
48.4,64.19,2657.3921487603307,578.837893789379,4.590909090909092,6.143483999999997,2582.311180628704,Suitcase
48.4,64.19,2657.3921487603307,578.837893789379,4.590909090909092,6.143483999999997,2582.311180628704,Suitcase
56.4,23.98,2752.649468085107,212.596328540417,13.001063829787231,2.760794749999997,2960.9889111747734,Suitcase
56.4,23.98,2752.649468085107,212.596328540417,13.001063829787231,2.760794749999997,2960.9889111747734,Suitcase
56.4,23.98,2752.649468085107,212.596328540417,13.001063829787231,2.760794749999997,2960.9889111747734,Suitcase
56.4,23.98,2752.649468085107,212.596328540417,13.001063829787231,2.760794749999997,2960.9889111747734,Suitcase
56.4,21.53,2752.649468085107,212.596328540417,13.001063829787231,2.760794749999997,2960.9889111747734,Suitcase
56.4,21.53,2752.649468085107,212.596328540417,13.001063829787231,2.760794749999997,2960.9889111747734,Suitcase
56.4,21.53,2752.649468085107,212.596328540417,13.001063829787231,2.760794749999997,2960.9889111747734,Suitcase
56.4,21.53,2752.649468085107,212.596328540417,13.001063829787231,2.760794749999997,2960.9889111747734,Suitcase
56.4,21.53,2752.649468085107,212.596328540417,13.001063829787231,2.760794749999997,2960.9889111747734,Suitcase
56.4,23.69,2752.649468085107,212.596328540417,13.001063829787231,2.760794749999997,2960.9889111747734,Suitcase
56.4,23.69,2752.649468085107,212.596328540417,13.001063829787231,2.760794749999997,2960.9889111747734,Suitcase
56.4,23.69,2752.649468085107,212.596328540417,13.001063829787231,2.760794749999997,2960.9889111747734,Suitcase
56.4,23.69,2752.649468085107,212.596328540417,13.001063829787231,2.760794749999997,2960.9889111747734,Suitcase
56.4,23.69,2752.649468085107,212.596328540417,13.001063829787231,2.760794749999997,2960.9889111747734,Suitcase
56.4,23.69,2752.649468085107,212.596328540417,13.001063829787231,2.760794749999997,2960.9889111747734,Suitcase
56.4,26.22,2752.649468085107,212.596328540417,13.001063829787231,2.760794749999997,2960.9889111747734,Suitcase
56.4,26.22,2752.649468085107,212.596328540417,13.001063829787231,2.760794749999997,2960.9889111747734,Suitcase
56.4,26.22,2752.649468085107,212.596328540417,13.001063829787231,2.760794749999997,2960.9889111747734,Suitcase
56.4,26.22,2752.649468085107,212.596328540417,13.001063829787231,2.760794749999997,2960.9889111747734,Suitcase
56.4,26.22,2752.649468085107,212.596328540417,13.001063829787231,2.760794749999997,2960.9889111747734,Suitcase
67.6,13.83,1663.55976331361,117.56573219471105,14.150458579881658,0.0736947500000001,1545.0811834334147,Suitcase
67.6,13.83,1663.55976331361,117.56573219471105,14.150458579881658,0.0736947500000001,1545.0811834334147,Suitcase
67.6,13.59,1663.55976331361,117.56573219471105,14.150458579881658,0.0736947500000001,1545.0811834334147,Suitcase
67.6,13.59,1663.55976331361,117.56573219471105,14.150458579881658,0.0736947500000001,1545.0811834334147,Suitcase
67.6,13.59,1663.55976331361,117.56573219471105,14.150458579881658,0.0736947500000001,1545.0811834334147,Suitcase
67.6,13.59,1663.55976331361,117.56573219471105,14.150458579881658,0.0736947500000001,1545.0811834334147,Suitcase
67.6,13.59,1663.55976331361,117.56573219471105,14.150458579881658,0.0736947500000001,1545.0811834334147,Suitcase
67.6,13.35,1663.55976331361,117.56573219471105,14.150458579881658,0.0736947500000001,1545.0811834334147,Suitcase
67.6,13.35,1663.55976331361,117.56573219471105,14.150458579881658,0.0736947500000001,1545.0811834334147,Suitcase
67.6,13.35,1663.55976331361,117.56573219471105,14.150458579881658,0.0736947500000001,1545.0811834334147,Suitcase
67.6,13.35,1663.55976331361,117.56573219471105,14.150458579881658,0.0736947500000001,1545.0811834334147,Suitcase
67.6,13.35,1663.55976331361,117.56573219471105,14.150458579881658,0.0736947500000001,1545.0811834334147,Suitcase
67.6,13.35,1663.55976331361,117.56573219471105,14.150458579881658,0.0736947500000001,1545.0811834334147,Suitcase
67.6,13.04,1663.55976331361,117.56573219471105,14.150458579881658,0.0736947500000001,1545.0811834334147,Suitcase
67.6,13.04,1663.55976331361,117.56573219471105,14.150458579881658,0.0736947500000001,1545.0811834334147,Suitcase
67.6,13.04,1663.55976331361,117.56573219471105,14.150458579881658,0.0736947500000001,1545.0811834334147,Suitcase
67.6,13.04,1663.55976331361,117.56573219471105,14.150458579881658,0.0736947500000001,1545.0811834334147,Suitcase
67.6,13.04,1663.55976331361,117.56573219471105,14.150458579881658,0.0736947500000001,1545.0811834334147,Suitcase
67.6,13.0,1663.55976331361,117.56573219471105,14.150458579881658,0.0736947500000001,1545.0811834334147,Suitcase
67.6,13.0,1663.55976331361,117.56573219471105,14.150458579881658,0.0736947500000001,1545.0811834334147,Suitcase
74.6,6.86,1001.245226469396,72.02492327890974,13.905302179936053,0.013959,657.9941423751453,Suitcase
74.6,6.86,1001.245226469396,72.02492327890974,13.905302179936053,0.013959,657.9941423751453,Suitcase
74.1,6.91,1001.245226469396,72.02492327890974,13.905302179936053,0.013959,657.9941423751453,Suitcase
74.1,6.91,1001.245226469396,72.02492327890974,13.905302179936053,0.013959,657.9941423751453,Suitcase
74.1,6.91,1001.245226469396,72.02492327890974,13.905302179936053,0.013959,657.9941423751453,Suitcase
74.1,6.91,1001.245226469396,72.02492327890974,13.905302179936053,0.013959,657.9941423751453,Suitcase
74.1,6.91,1001.245226469396,72.02492327890974,13.905302179936053,0.013959,657.9941423751453,Suitcase
74.4,6.89,1001.245226469396,72.02492327890974,13.905302179936053,0.013959,657.9941423751453,Suitcase
74.4,6.89,1001.245226469396,72.02492327890974,13.905302179936053,0.013959,657.9941423751453,Suitcase
74.4,6.89,1001.245226469396,72.02492327890974,13.905302179936053,0.013959,657.9941423751453,Suitcase
74.4,6.89,1001.245226469396,72.02492327890974,13.905302179936053,0.013959,657.9941423751453,Suitcase
74.4,6.89,1001.245226469396,72.02492327890974,13.905302179936053,0.013959,657.9941423751453,Suitcase
74.4,6.89,1001.245226469396,72.02492327890974,13.905302179936053,0.013959,657.9941423751453,Suitcase
74.6,7.01,1001.245226469396,72.02492327890974,13.905302179936053,0.013959,657.9941423751453,Suitcase
74.6,7.01,1001.245226469396,72.02492327890974,13.905302179936053,0.013959,657.9941423751453,Suitcase
74.6,7.01,1001.245226469396,72.02492327890974,13.905302179936053,0.013959,657.9941423751453,Suitcase
74.6,7.01,1001.245226469396,72.02492327890974,13.905302179936053,0.013959,657.9941423751453,Suitcase
74.6,7.01,1001.245226469396,72.02492327890974,13.905302179936053,0.013959,657.9941423751453,Suitcase
75.1,7.28,1001.245226469396,72.02492327890974,13.905302179936053,0.013959,657.9941423751453,Suitcase
75.1,7.28,1001.245226469396,72.02492327890974,13.905302179936053,0.013959,657.9941423751453,Suitcase
86.2,6.21,883.1551895591396,65.66648454061092,13.45551940354703,0.0112687499999999,350.8302046574658,Suitcase
86.2,6.21,883.1551895591396,65.66648454061092,13.45551940354703,0.0112687499999999,350.8302046574658,Suitcase
86.2,6.21,883.1551895591396,65.66648454061092,13.45551940354703,0.0112687499999999,350.8302046574658,Suitcase
86.2,6.21,883.1551895591396,65.66648454061092,13.45551940354703,0.0112687499999999,350.8302046574658,Suitcase
86.2,6.21,883.1551895591396,65.66648454061092,13.45551940354703,0.0112687499999999,350.8302046574658,Suitcase
86.2,6.21,883.1551895591396,65.66648454061092,13.45551940354703,0.0112687499999999,350.8302046574658,Suitcase
86.2,6.21,883.1551895591396,65.66648454061092,13.45551940354703,0.0112687499999999,350.8302046574658,Suitcase
86.2,6.21,883.1551895591396,65.66648454061092,13.45551940354703,0.0112687499999999,350.8302046574658,Suitcase
86.2,6.21,883.1551895591396,65.66648454061092,13.45551940354703,0.0112687499999999,350.8302046574658,Suitcase
86.2,6.21,883.1551895591396,65.66648454061092,13.45551940354703,0.0112687499999999,350.8302046574658,Suitcase
86.0,6.3,883.1551895591396,65.66648454061092,13.45551940354703,0.0112687499999999,350.8302046574658,Suitcase
86.0,6.3,883.1551895591396,65.66648454061092,13.45551940354703,0.0112687499999999,350.8302046574658,Suitcase
86.0,6.3,883.1551895591396,65.66648454061092,13.45551940354703,0.0112687499999999,350.8302046574658,Suitcase
86.0,6.3,883.1551895591396,65.66648454061092,13.45551940354703,0.0112687499999999,350.8302046574658,Suitcase
86.0,6.3,883.1551895591396,65.66648454061092,13.45551940354703,0.0112687499999999,350.8302046574658,Suitcase
85.9,6.47,883.1551895591396,65.66648454061092,13.45551940354703,0.0112687499999999,350.8302046574658,Suitcase
85.9,6.47,883.1551895591396,65.66648454061092,13.45551940354703,0.0112687499999999,350.8302046574658,Suitcase
85.9,6.47,883.1551895591396,65.66648454061092,13.45551940354703,0.0112687499999999,350.8302046574658,Suitcase
85.9,6.47,883.1551895591396,65.66648454061092,13.45551940354703,0.0112687499999999,350.8302046574658,Suitcase
85.9,6.47,883.1551895591396,65.66648454061092,13.45551940354703,0.0112687499999999,350.8302046574658,Suitcase
96.4,6.09,733.8994496882558,65.95577215582382,11.12741953820326,0.0061139999999999,214.88420666721828,Suitcase
96.4,6.09,733.8994496882558,65.95577215582382,11.12741953820326,0.0061139999999999,214.88420666721828,Suitcase
96.4,6.09,733.8994496882558,65.95577215582382,11.12741953820326,0.0061139999999999,214.88420666721828,Suitcase
96.4,6.09,733.8994496882558,65.95577215582382,11.12741953820326,0.0061139999999999,214.88420666721828,Suitcase
96.4,6.09,733.8994496882558,65.95577215582382,11.12741953820326,0.0061139999999999,214.88420666721828,Suitcase
96.4,6.09,733.8994496882558,65.95577215582382,11.12741953820326,0.0061139999999999,214.88420666721828,Suitcase
96.4,5.98,733.8994496882558,65.95577215582382,11.12741953820326,0.0061139999999999,214.88420666721828,Suitcase
96.4,5.98,733.8994496882558,65.95577215582382,11.12741953820326,0.0061139999999999,214.88420666721828,Suitcase
96.4,5.98,733.8994496882558,65.95577215582382,11.12741953820326,0.0061139999999999,214.88420666721828,Suitcase
96.4,5.98,733.8994496882558,65.95577215582382,11.12741953820326,0.0061139999999999,214.88420666721828,Suitcase
96.4,5.98,733.8994496882558,65.95577215582382,11.12741953820326,0.0061139999999999,214.88420666721828,Suitcase
96.4,5.96,733.8994496882558,65.95577215582382,11.12741953820326,0.0061139999999999,214.88420666721828,Suitcase
96.4,5.96,733.8994496882558,65.95577215582382,11.12741953820326,0.0061139999999999,214.88420666721828,Suitcase
96.4,5.96,733.8994496882558,65.95577215582382,11.12741953820326,0.0061139999999999,214.88420666721828,Suitcase
96.4,5.96,733.8994496882558,65.95577215582382,11.12741953820326,0.0061139999999999,214.88420666721828,Suitcase
96.4,5.96,733.8994496882558,65.95577215582382,11.12741953820326,0.0061139999999999,214.88420666721828,Suitcase
95.9,5.87,733.8994496882558,65.95577215582382,11.12741953820326,0.0061139999999999,214.88420666721828,Suitcase
95.9,5.87,733.8994496882558,65.95577215582382,11.12741953820326,0.0061139999999999,214.88420666721828,Suitcase
95.9,5.87,733.8994496882558,65.95577215582382,11.12741953820326,0.0061139999999999,214.88420666721828,Suitcase
95.9,5.87,733.8994496882558,65.95577215582382,11.12741953820326,0.0061139999999999,214.88420666721828,Suitcase
104.4,4.42,556.6216954022989,35.83221175736527,15.54229406130268,0.031211,1039.455884814262,Suitcase
104.4,4.42,556.6216954022989,35.83221175736527,15.54229406130268,0.031211,1039.455884814262,Suitcase
104.4,4.48,556.6216954022989,35.83221175736527,15.54229406130268,0.031211,1039.455884814262,Suitcase
104.4,4.48,556.6216954022989,35.83221175736527,15.54229406130268,0.031211,1039.455884814262,Suitcase
104.4,4.48,556.6216954022989,35.83221175736527,15.54229406130268,0.031211,1039.455884814262,Suitcase
104.4,4.48,556.6216954022989,35.83221175736527,15.54229406130268,0.031211,1039.455884814262,Suitcase
104.4,4.48,556.6216954022989,35.83221175736527,15.54229406130268,0.031211,1039.455884814262,Suitcase
104.4,4.48,556.6216954022989,35.83221175736527,15.54229406130268,0.031211,1039.455884814262,Suitcase
104.4,4.07,556.6216954022989,35.83221175736527,15.54229406130268,0.031211,1039.455884814262,Suitcase
104.4,4.07,556.6216954022989,35.83221175736527,15.54229406130268,0.031211,1039.455884814262,Suitcase
104.4,4.07,556.6216954022989,35.83221175736527,15.54229406130268,0.031211,1039.455884814262,Suitcase
104.4,4.07,556.6216954022989,35.83221175736527,15.54229406130268,0.031211,1039.455884814262,Suitcase
104.4,4.07,556.6216954022989,35.83221175736527,15.54229406130268,0.031211,1039.455884814262,Suitcase
104.4,4.13,556.6216954022989,35.83221175736527,15.54229406130268,0.031211,1039.455884814262,Suitcase
104.4,4.13,556.6216954022989,35.83221175736527,15.54229406130268,0.031211,1039.455884814262,Suitcase
104.4,4.13,556.6216954022989,35.83221175736527,15.54229406130268,0.031211,1039.455884814262,Suitcase
104.4,4.13,556.6216954022989,35.83221175736527,15.54229406130268,0.031211,1039.455884814262,Suitcase
104.4,4.13,556.6216954022989,35.83221175736527,15.54229406130268,0.031211,1039.455884814262,Suitcase
104.4,4.13,556.6216954022989,35.83221175736527,15.54229406130268,0.031211,1039.455884814262,Suitcase
104.4,4.29,556.6216954022989,35.83221175736527,15.54229406130268,0.031211,1039.455884814262,Suitcase
113.7,4.11,531.4807383500593,36.52742670021638,14.6173418189918,0.0107687499999999,3185.860643531038,Suitcase
113.7,4.11,531.4807383500593,36.52742670021638,14.6173418189918,0.0107687499999999,3185.860643531038,Suitcase
113.7,4.11,531.4807383500593,36.52742670021638,14.6173418189918,0.0107687499999999,3185.860643531038,Suitcase
113.7,4.11,531.4807383500593,36.52742670021638,14.6173418189918,0.0107687499999999,3185.860643531038,Suitcase
113.6,4.31,531.4807383500593,36.52742670021638,14.6173418189918,0.0107687499999999,3185.860643531038,Suitcase
113.6,4.31,531.4807383500593,36.52742670021638,14.6173418189918,0.0107687499999999,3185.860643531038,Suitcase
113.6,4.31,531.4807383500593,36.52742670021638,14.6173418189918,0.0107687499999999,3185.860643531038,Suitcase
113.6,4.31,531.4807383500593,36.52742670021638,14.6173418189918,0.0107687499999999,3185.860643531038,Suitcase
113.6,4.31,531.4807383500593,36.52742670021638,14.6173418189918,0.0107687499999999,3185.860643531038,Suitcase
113.6,4.4,531.4807383500593,36.52742670021638,14.6173418189918,0.0107687499999999,3185.860643531038,Suitcase
113.6,4.4,531.4807383500593,36.52742670021638,14.6173418189918,0.0107687499999999,3185.860643531038,Suitcase
113.6,4.4,531.4807383500593,36.52742670021638,14.6173418189918,0.0107687499999999,3185.860643531038,Suitcase
113.6,4.4,531.4807383500593,36.52742670021638,14.6173418189918,0.0107687499999999,3185.860643531038,Suitcase
113.6,4.4,531.4807383500593,36.52742670021638,14.6173418189918,0.0107687499999999,3185.860643531038,Suitcase
113.5,4.21,531.4807383500593,36.52742670021638,14.6173418189918,0.0107687499999999,3185.860643531038,Suitcase
113.5,4.21,531.4807383500593,36.52742670021638,14.6173418189918,0.0107687499999999,3185.860643531038,Suitcase
113.5,4.21,531.4807383500593,36.52742670021638,14.6173418189918,0.0107687499999999,3185.860643531038,Suitcase
113.5,4.21,531.4807383500593,36.52742670021638,14.6173418189918,0.0107687499999999,3185.860643531038,Suitcase
113.5,4.21,531.4807383500593,36.52742670021638,14.6173418189918,0.0107687499999999,3185.860643531038,Suitcase
113.5,4.21,531.4807383500593,36.52742670021638,14.6173418189918,0.0107687499999999,3185.860643531038,Suitcase
124.0,5.14,478.2703921460321,50.729404659391506,9.431861804995972,0.0064747499999999,775.2949895846086,Suitcase
124.0,5.14,478.2703921460321,50.729404659391506,9.431861804995972,0.0064747499999999,775.2949895846086,Suitcase
124.0,5.14,478.2703921460321,50.729404659391506,9.431861804995972,0.0064747499999999,775.2949895846086,Suitcase
124.0,5.2,478.2703921460321,50.729404659391506,9.431861804995972,0.0064747499999999,775.2949895846086,Suitcase
124.0,5.2,478.2703921460321,50.729404659391506,9.431861804995972,0.0064747499999999,775.2949895846086,Suitcase
124.0,5.2,478.2703921460321,50.729404659391506,9.431861804995972,0.0064747499999999,775.2949895846086,Suitcase
124.0,5.2,478.2703921460321,50.729404659391506,9.431861804995972,0.0064747499999999,775.2949895846086,Suitcase
124.0,5.2,478.2703921460321,50.729404659391506,9.431861804995972,0.0064747499999999,775.2949895846086,Suitcase
124.0,5.34,478.2703921460321,50.729404659391506,9.431861804995972,0.0064747499999999,775.2949895846086,Suitcase
124.0,5.34,478.2703921460321,50.729404659391506,9.431861804995972,0.0064747499999999,775.2949895846086,Suitcase
124.0,5.34,478.2703921460321,50.729404659391506,9.431861804995972,0.0064747499999999,775.2949895846086,Suitcase
124.0,5.34,478.2703921460321,50.729404659391506,9.431861804995972,0.0064747499999999,775.2949895846086,Suitcase
124.0,5.34,478.2703921460321,50.729404659391506,9.431861804995972,0.0064747499999999,775.2949895846086,Suitcase
124.1,5.27,478.2703921460321,50.729404659391506,9.431861804995972,0.0064747499999999,775.2949895846086,Suitcase
124.1,5.27,478.2703921460321,50.729404659391506,9.431861804995972,0.0064747499999999,775.2949895846086,Suitcase
124.1,5.27,478.2703921460321,50.729404659391506,9.431861804995972,0.0064747499999999,775.2949895846086,Suitcase
124.1,5.27,478.2703921460321,50.729404659391506,9.431861804995972,0.0064747499999999,775.2949895846086,Suitcase
124.1,5.27,478.2703921460321,50.729404659391506,9.431861804995972,0.0064747499999999,775.2949895846086,Suitcase
124.1,5.27,478.2703921460321,50.729404659391506,9.431861804995972,0.0064747499999999,775.2949895846086,Suitcase
124.1,5.05,478.2703921460321,50.729404659391506,9.431861804995972,0.0064747499999999,775.2949895846086,Suitcase
134.8,6.25,500.8434045825791,63.34582682384134,7.907782539764591,0.00966875,471.331843688712,Suitcase
134.8,6.25,500.8434045825791,63.34582682384134,7.907782539764591,0.00966875,471.331843688712,Suitcase
134.8,6.25,500.8434045825791,63.34582682384134,7.907782539764591,0.00966875,471.331843688712,Suitcase
134.8,6.25,500.8434045825791,63.34582682384134,7.907782539764591,0.00966875,471.331843688712,Suitcase
134.8,6.25,500.8434045825791,63.34582682384134,7.907782539764591,0.00966875,471.331843688712,Suitcase
134.9,6.5,500.8434045825791,63.34582682384134,7.907782539764591,0.00966875,471.331843688712,Suitcase
134.9,6.5,500.8434045825791,63.34582682384134,7.907782539764591,0.00966875,471.331843688712,Suitcase
134.9,6.5,500.8434045825791,63.34582682384134,7.907782539764591,0.00966875,471.331843688712,Suitcase
134.9,6.5,500.8434045825791,63.34582682384134,7.907782539764591,0.00966875,471.331843688712,Suitcase
134.9,6.5,500.8434045825791,63.34582682384134,7.907782539764591,0.00966875,471.331843688712,Suitcase
134.9,6.45,500.8434045825791,63.34582682384134,7.907782539764591,0.00966875,471.331843688712,Suitcase
134.9,6.45,500.8434045825791,63.34582682384134,7.907782539764591,0.00966875,471.331843688712,Suitcase
134.9,6.45,500.8434045825791,63.34582682384134,7.907782539764591,0.00966875,471.331843688712,Suitcase
134.9,6.45,500.8434045825791,63.34582682384134,7.907782539764591,0.00966875,471.331843688712,Suitcase
134.9,6.45,500.8434045825791,63.34582682384134,7.907782539764591,0.00966875,471.331843688712,Suitcase
134.9,6.33,500.8434045825791,63.34582682384134,7.907782539764591,0.00966875,471.331843688712,Suitcase
134.9,6.33,500.8434045825791,63.34582682384134,7.907782539764591,0.00966875,471.331843688712,Suitcase
134.9,6.33,500.8434045825791,63.34582682384134,7.907782539764591,0.00966875,471.331843688712,Suitcase
134.9,6.33,500.8434045825791,63.34582682384134,7.907782539764591,0.00966875,471.331843688712,Suitcase
134.9,6.33,500.8434045825791,63.34582682384134,7.907782539764591,0.00966875,471.331843688712,Suitcase
144.0,4.57,320.39400563362625,45.746113514723774,7.005001060220526,0.00852275,348.6897954844684,Suitcase
144.0,4.57,320.39400563362625,45.746113514723774,7.005001060220526,0.00852275,348.6897954844684,Suitcase
144.0,4.69,320.39400563362625,45.746113514723774,7.005001060220526,0.00852275,348.6897954844684,Suitcase
144.0,4.69,320.39400563362625,45.746113514723774,7.005001060220526,0.00852275,348.6897954844684,Suitcase
144.0,4.69,320.39400563362625,45.746113514723774,7.005001060220526,0.00852275,348.6897954844684,Suitcase
144.0,4.69,320.39400563362625,45.746113514723774,7.005001060220526,0.00852275,348.6897954844684,Suitcase
144.0,4.69,320.39400563362625,45.746113514723774,7.005001060220526,0.00852275,348.6897954844684,Suitcase
144.0,4.69,320.39400563362625,45.746113514723774,7.005001060220526,0.00852275,348.6897954844684,Suitcase
144.0,4.82,320.39400563362625,45.746113514723774,7.005001060220526,0.00852275,348.6897954844684,Suitcase
144.0,4.82,320.39400563362625,45.746113514723774,7.005001060220526,0.00852275,348.6897954844684,Suitcase
144.0,4.82,320.39400563362625,45.746113514723774,7.005001060220526,0.00852275,348.6897954844684,Suitcase
144.0,4.82,320.39400563362625,45.746113514723774,7.005001060220526,0.00852275,348.6897954844684,Suitcase
144.0,4.82,320.39400563362625,45.746113514723774,7.005001060220526,0.00852275,348.6897954844684,Suitcase
144.0,4.59,320.39400563362625,45.746113514723774,7.005001060220526,0.00852275,348.6897954844684,Suitcase
144.0,4.59,320.39400563362625,45.746113514723774,7.005001060220526,0.00852275,348.6897954844684,Suitcase
144.0,4.59,320.39400563362625,45.746113514723774,7.005001060220526,0.00852275,348.6897954844684,Suitcase
144.0,4.59,320.39400563362625,45.746113514723774,7.005001060220526,0.00852275,348.6897954844684,Suitcase
144.0,4.59,320.39400563362625,45.746113514723774,7.005001060220526,0.00852275,348.6897954844684,Suitcase
144.1,4.75,320.39400563362625,45.746113514723774,7.005001060220526,0.00852275,348.6897954844684,Suitcase
144.1,4.75,320.39400563362625,45.746113514723774,7.005001060220526,0.00852275,348.6897954844684,Suitcase
153.4,6.31,455.9638459758267,59.16263396827694,7.7094045586557325,0.011214,1047.6051892172914,Suitcase
153.4,6.31,455.9638459758267,59.16263396827694,7.7094045586557325,0.011214,1047.6051892172914,Suitcase
153.4,6.31,455.9638459758267,59.16263396827694,7.7094045586557325,0.011214,1047.6051892172914,Suitcase
153.4,6.31,455.9638459758267,59.16263396827694,7.7094045586557325,0.011214,1047.6051892172914,Suitcase
153.8,6.01,455.9638459758267,59.16263396827694,7.7094045586557325,0.011214,1047.6051892172914,Suitcase
153.8,6.01,455.9638459758267,59.16263396827694,7.7094045586557325,0.011214,1047.6051892172914,Suitcase
153.8,6.01,455.9638459758267,59.16263396827694,7.7094045586557325,0.011214,1047.6051892172914,Suitcase
153.8,6.01,455.9638459758267,59.16263396827694,7.7094045586557325,0.011214,1047.6051892172914,Suitcase
153.8,6.01,455.9638459758267,59.16263396827694,7.7094045586557325,0.011214,1047.6051892172914,Suitcase
153.8,6.18,455.9638459758267,59.16263396827694,7.7094045586557325,0.011214,1047.6051892172914,Suitcase
153.8,6.18,455.9638459758267,59.16263396827694,7.7094045586557325,0.011214,1047.6051892172914,Suitcase
153.8,6.18,455.9638459758267,59.16263396827694,7.7094045586557325,0.011214,1047.6051892172914,Suitcase
153.8,6.18,455.9638459758267,59.16263396827694,7.7094045586557325,0.011214,1047.6051892172914,Suitcase
153.8,6.18,455.9638459758267,59.16263396827694,7.7094045586557325,0.011214,1047.6051892172914,Suitcase
153.8,6.18,455.9638459758267,59.16263396827694,7.7094045586557325,0.011214,1047.6051892172914,Suitcase
153.4,6.23,455.9638459758267,59.16263396827694,7.7094045586557325,0.011214,1047.6051892172914,Suitcase
153.4,6.23,455.9638459758267,59.16263396827694,7.7094045586557325,0.011214,1047.6051892172914,Suitcase
153.4,6.23,455.9638459758267,59.16263396827694,7.7094045586557325,0.011214,1047.6051892172914,Suitcase
153.4,6.23,455.9638459758267,59.16263396827694,7.7094045586557325,0.011214,1047.6051892172914,Suitcase
153.4,6.23,455.9638459758267,59.16263396827694,7.7094045586557325,0.011214,1047.6051892172914,Suitcase
163.7,6.59,458.98121563836287,69.17190419154193,6.637495418448383,0.04531275,699.0404400855464,Suitcase
163.7,6.59,458.98121563836287,69.17190419154193,6.637495418448383,0.04531275,699.0404400855464,Suitcase
163.7,6.59,458.98121563836287,69.17190419154193,6.637495418448383,0.04531275,699.0404400855464,Suitcase
163.7,6.59,458.98121563836287,69.17190419154193,6.637495418448383,0.04531275,699.0404400855464,Suitcase
163.7,6.91,458.98121563836287,69.17190419154193,6.637495418448383,0.04531275,699.0404400855464,Suitcase
163.7,6.91,458.98121563836287,69.17190419154193,6.637495418448383,0.04531275,699.0404400855464,Suitcase
163.7,6.91,458.98121563836287,69.17190419154193,6.637495418448383,0.04531275,699.0404400855464,Suitcase
163.7,6.91,458.98121563836287,69.17190419154193,6.637495418448383,0.04531275,699.0404400855464,Suitcase
163.7,6.91,458.98121563836287,69.17190419154193,6.637495418448383,0.04531275,699.0404400855464,Suitcase
163.7,6.91,458.98121563836287,69.17190419154193,6.637495418448383,0.04531275,699.0404400855464,Suitcase
163.7,7.21,458.98121563836287,69.17190419154193,6.637495418448383,0.04531275,699.0404400855464,Suitcase
163.7,7.21,458.98121563836287,69.17190419154193,6.637495418448383,0.04531275,699.0404400855464,Suitcase
163.7,7.21,458.98121563836287,69.17190419154193,6.637495418448383,0.04531275,699.0404400855464,Suitcase
163.7,7.21,458.98121563836287,69.17190419154193,6.637495418448383,0.04531275,699.0404400855464,Suitcase
163.7,7.21,458.98121563836287,69.17190419154193,6.637495418448383,0.04531275,699.0404400855464,Suitcase
163.7,7.04,458.98121563836287,69.17190419154193,6.637495418448383,0.04531275,699.0404400855464,Suitcase
163.7,7.04,458.98121563836287,69.17190419154193,6.637495418448383,0.04531275,699.0404400855464,Suitcase
163.7,7.04,458.98121563836287,69.17190419154193,6.637495418448383,0.04531275,699.0404400855464,Suitcase
163.7,7.04,458.98121563836287,69.17190419154193,6.637495418448383,0.04531275,699.0404400855464,Suitcase
163.7,7.04,458.98121563836287,69.17190419154193,6.637495418448383,0.04531275,699.0404400855464,Suitcase
174.6,7.01,465.1703715191028,73.13812944166122,6.3616551190995825,0.037626,949.5517212216484,Suitcase
174.5,7.46,465.1703715191028,73.13812944166122,6.3616551190995825,0.037626,949.5517212216484,Suitcase
174.5,7.46,465.1703715191028,73.13812944166122,6.3616551190995825,0.037626,949.5517212216484,Suitcase
174.5,7.46,465.1703715191028,73.13812944166122,6.3616551190995825,0.037626,949.5517212216484,Suitcase
174.5,7.46,465.1703715191028,73.13812944166122,6.3616551190995825,0.037626,949.5517212216484,Suitcase
174.5,7.46,465.1703715191028,73.13812944166122,6.3616551190995825,0.037626,949.5517212216484,Suitcase
174.5,7.46,465.1703715191028,73.13812944166122,6.3616551190995825,0.037626,949.5517212216484,Suitcase
174.5,7.49,465.1703715191028,73.13812944166122,6.3616551190995825,0.037626,949.5517212216484,Suitcase
174.5,7.49,465.1703715191028,73.13812944166122,6.3616551190995825,0.037626,949.5517212216484,Suitcase
174.5,7.49,465.1703715191028,73.13812944166122,6.3616551190995825,0.037626,949.5517212216484,Suitcase
174.5,7.49,465.1703715191028,73.13812944166122,6.3616551190995825,0.037626,949.5517212216484,Suitcase
174.5,7.49,465.1703715191028,73.13812944166122,6.3616551190995825,0.037626,949.5517212216484,Suitcase
174.4,7.38,465.1703715191028,73.13812944166122,6.3616551190995825,0.037626,949.5517212216484,Suitcase
174.4,7.38,465.1703715191028,73.13812944166122,6.3616551190995825,0.037626,949.5517212216484,Suitcase
174.4,7.38,465.1703715191028,73.13812944166122,6.3616551190995825,0.037626,949.5517212216484,Suitcase
174.4,7.38,465.1703715191028,73.13812944166122,6.3616551190995825,0.037626,949.5517212216484,Suitcase
174.4,7.38,465.1703715191028,73.13812944166122,6.3616551190995825,0.037626,949.5517212216484,Suitcase
174.4,7.88,465.1703715191028,73.13812944166122,6.3616551190995825,0.037626,949.5517212216484,Suitcase
174.4,7.88,465.1703715191028,73.13812944166122,6.3616551190995825,0.037626,949.5517212216484,Suitcase
174.4,7.88,465.1703715191028,73.13812944166122,6.3616551190995825,0.037626,949.5517212216484,Suitcase
184.5,7.87,446.6623989030563,73.65496666578422,6.065481082717551,0.02278275,906.1053231275072,Suitcase
184.5,7.87,446.6623989030563,73.65496666578422,6.065481082717551,0.02278275,906.1053231275072,Suitcase
184.5,7.49,446.6623989030563,73.65496666578422,6.065481082717551,0.02278275,906.1053231275072,Suitcase
184.5,7.49,446.6623989030563,73.65496666578422,6.065481082717551,0.02278275,906.1053231275072,Suitcase
184.5,7.49,446.6623989030563,73.65496666578422,6.065481082717551,0.02278275,906.1053231275072,Suitcase
184.5,7.49,446.6623989030563,73.65496666578422,6.065481082717551,0.02278275,906.1053231275072,Suitcase
184.5,7.49,446.6623989030563,73.65496666578422,6.065481082717551,0.02278275,906.1053231275072,Suitcase
184.5,7.49,446.6623989030563,73.65496666578422,6.065481082717551,0.02278275,906.1053231275072,Suitcase
184.4,7.31,446.6623989030563,73.65496666578422,6.065481082717551,0.02278275,906.1053231275072,Suitcase
184.4,7.31,446.6623989030563,73.65496666578422,6.065481082717551,0.02278275,906.1053231275072,Suitcase
184.4,7.31,446.6623989030563,73.65496666578422,6.065481082717551,0.02278275,906.1053231275072,Suitcase
184.4,7.31,446.6623989030563,73.65496666578422,6.065481082717551,0.02278275,906.1053231275072,Suitcase
184.4,7.31,446.6623989030563,73.65496666578422,6.065481082717551,0.02278275,906.1053231275072,Suitcase
184.4,7.48,446.6623989030563,73.65496666578422,6.065481082717551,0.02278275,906.1053231275072,Suitcase
184.4,7.48,446.6623989030563,73.65496666578422,6.065481082717551,0.02278275,906.1053231275072,Suitcase
184.4,7.48,446.6623989030563,73.65496666578422,6.065481082717551,0.02278275,906.1053231275072,Suitcase
184.4,7.48,446.6623989030563,73.65496666578422,6.065481082717551,0.02278275,906.1053231275072,Suitcase
184.4,7.48,446.6623989030563,73.65496666578422,6.065481082717551,0.02278275,906.1053231275072,Suitcase
184.5,7.42,446.6623989030563,73.65496666578422,6.065481082717551,0.02278275,906.1053231275072,Suitcase
184.5,7.42,446.6623989030563,73.65496666578422,6.065481082717551,0.02278275,906.1053231275072,Suitcase
195.2,4.82,293.2627435689848,43.108800927540386,6.8076432222108725,0.0056939999999999,1099.06141388914,Suitcase
194.7,4.76,293.2627435689848,43.108800927540386,6.8076432222108725,0.0056939999999999,1099.06141388914,Suitcase
194.7,4.76,293.2627435689848,43.108800927540386,6.8076432222108725,0.0056939999999999,1099.06141388914,Suitcase
194.7,4.76,293.2627435689848,43.108800927540386,6.8076432222108725,0.0056939999999999,1099.06141388914,Suitcase
194.7,4.76,293.2627435689848,43.108800927540386,6.8076432222108725,0.0056939999999999,1099.06141388914,Suitcase
194.7,4.76,293.2627435689848,43.108800927540386,6.8076432222108725,0.0056939999999999,1099.06141388914,Suitcase
195.1,4.73,293.2627435689848,43.108800927540386,6.8076432222108725,0.0056939999999999,1099.06141388914,Suitcase
195.1,4.73,293.2627435689848,43.108800927540386,6.8076432222108725,0.0056939999999999,1099.06141388914,Suitcase
195.1,4.73,293.2627435689848,43.108800927540386,6.8076432222108725,0.0056939999999999,1099.06141388914,Suitcase
195.1,4.73,293.2627435689848,43.108800927540386,6.8076432222108725,0.0056939999999999,1099.06141388914,Suitcase
195.1,4.73,293.2627435689848,43.108800927540386,6.8076432222108725,0.0056939999999999,1099.06141388914,Suitcase
195.1,4.73,293.2627435689848,43.108800927540386,6.8076432222108725,0.0056939999999999,1099.06141388914,Suitcase
195.1,4.92,293.2627435689848,43.108800927540386,6.8076432222108725,0.0056939999999999,1099.06141388914,Suitcase
195.1,4.92,293.2627435689848,43.108800927540386,6.8076432222108725,0.0056939999999999,1099.06141388914,Suitcase
195.1,4.92,293.2627435689848,43.108800927540386,6.8076432222108725,0.0056939999999999,1099.06141388914,Suitcase
195.1,4.92,293.2627435689848,43.108800927540386,6.8076432222108725,0.0056939999999999,1099.06141388914,Suitcase
195.1,4.92,293.2627435689848,43.108800927540386,6.8076432222108725,0.0056939999999999,1099.06141388914,Suitcase
194.7,4.84,293.2627435689848,43.108800927540386,6.8076432222108725,0.0056939999999999,1099.06141388914,Suitcase
194.7,4.84,293.2627435689848,43.108800927540386,6.8076432222108725,0.0056939999999999,1099.06141388914,Suitcase
194.7,4.84,293.2627435689848,43.108800927540386,6.8076432222108725,0.0056939999999999,1099.06141388914,Suitcase
205.1,5.04,301.2969753548937,42.79929845933699,7.092684985545217,0.003549,3900.0834391843496,Suitcase
205.1,5.04,301.2969753548937,42.79929845933699,7.092684985545217,0.003549,3900.0834391843496,Suitcase
205.1,5.04,301.2969753548937,42.79929845933699,7.092684985545217,0.003549,3900.0834391843496,Suitcase
205.2,4.87,301.2969753548937,42.79929845933699,7.092684985545217,0.003549,3900.0834391843496,Suitcase
205.2,4.87,301.2969753548937,42.79929845933699,7.092684985545217,0.003549,3900.0834391843496,Suitcase
205.2,4.87,301.2969753548937,42.79929845933699,7.092684985545217,0.003549,3900.0834391843496,Suitcase
205.2,4.87,301.2969753548937,42.79929845933699,7.092684985545217,0.003549,3900.0834391843496,Suitcase
205.2,4.87,301.2969753548937,42.79929845933699,7.092684985545217,0.003549,3900.0834391843496,Suitcase
205.2,4.87,301.2969753548937,42.79929845933699,7.092684985545217,0.003549,3900.0834391843496,Suitcase
205.3,4.92,301.2969753548937,42.79929845933699,7.092684985545217,0.003549,3900.0834391843496,Suitcase
205.3,4.92,301.2969753548937,42.79929845933699,7.092684985545217,0.003549,3900.0834391843496,Suitcase
205.3,4.92,301.2969753548937,42.79929845933699,7.092684985545217,0.003549,3900.0834391843496,Suitcase
205.3,4.92,301.2969753548937,42.79929845933699,7.092684985545217,0.003549,3900.0834391843496,Suitcase
205.3,4.92,301.2969753548937,42.79929845933699,7.092684985545217,0.003549,3900.0834391843496,Suitcase
205.4,4.98,301.2969753548937,42.79929845933699,7.092684985545217,0.003549,3900.0834391843496,Suitcase
205.4,4.98,301.2969753548937,42.79929845933699,7.092684985545217,0.003549,3900.0834391843496,Suitcase
205.4,4.98,301.2969753548937,42.79929845933699,7.092684985545217,0.003549,3900.0834391843496,Suitcase
205.4,4.98,301.2969753548937,42.79929845933699,7.092684985545217,0.003549,3900.0834391843496,Suitcase
205.4,4.98,301.2969753548937,42.79929845933699,7.092684985545217,0.003549,3900.0834391843496,Suitcase
205.4,4.98,301.2969753548937,42.79929845933699,7.092684985545217,0.003549,3900.0834391843496,Suitcase
215.2,6.77,331.2935326181822,63.01979341510908,5.264251717235349,0.0548309999999999,1058.8552665024597,Suitcase
215.2,6.77,331.2935326181822,63.01979341510908,5.264251717235349,0.0548309999999999,1058.8552665024597,Suitcase
215.2,6.26,331.2935326181822,63.01979341510908,5.264251717235349,0.0548309999999999,1058.8552665024597,Suitcase
215.2,6.26,331.2935326181822,63.01979341510908,5.264251717235349,0.0548309999999999,1058.8552665024597,Suitcase
215.2,6.26,331.2935326181822,63.01979341510908,5.264251717235349,0.0548309999999999,1058.8552665024597,Suitcase
215.2,6.26,331.2935326181822,63.01979341510908,5.264251717235349,0.0548309999999999,1058.8552665024597,Suitcase
215.2,6.26,331.2935326181822,63.01979341510908,5.264251717235349,0.0548309999999999,1058.8552665024597,Suitcase
215.2,6.28,331.2935326181822,63.01979341510908,5.264251717235349,0.0548309999999999,1058.8552665024597,Suitcase
215.2,6.28,331.2935326181822,63.01979341510908,5.264251717235349,0.0548309999999999,1058.8552665024597,Suitcase
215.2,6.28,331.2935326181822,63.01979341510908,5.264251717235349,0.0548309999999999,1058.8552665024597,Suitcase
215.2,6.28,331.2935326181822,63.01979341510908,5.264251717235349,0.0548309999999999,1058.8552665024597,Suitcase
215.2,6.28,331.2935326181822,63.01979341510908,5.264251717235349,0.0548309999999999,1058.8552665024597,Suitcase
215.1,6.64,331.2935326181822,63.01979341510908,5.264251717235349,0.0548309999999999,1058.8552665024597,Suitcase
215.1,6.64,331.2935326181822,63.01979341510908,5.264251717235349,0.0548309999999999,1058.8552665024597,Suitcase
215.1,6.64,331.2935326181822,63.01979341510908,5.264251717235349,0.0548309999999999,1058.8552665024597,Suitcase
215.1,6.64,331.2935326181822,63.01979341510908,5.264251717235349,0.0548309999999999,1058.8552665024597,Suitcase
215.1,6.64,331.2935326181822,63.01979341510908,5.264251717235349,0.0548309999999999,1058.8552665024597,Suitcase
215.1,6.64,331.2935326181822,63.01979341510908,5.264251717235349,0.0548309999999999,1058.8552665024597,Suitcase
215.1,6.89,331.2935326181822,63.01979341510908,5.264251717235349,0.0548309999999999,1058.8552665024597,Suitcase
215.1,6.89,331.2935326181822,63.01979341510908,5.264251717235349,0.0548309999999999,1058.8552665024597,Suitcase
235.4,4.85,357.59287875032976,34.342455912831355,10.503942039454502,0.0108959999999999,9077.616048093245,Suitcase
235.4,4.85,357.59287875032976,34.342455912831355,10.503942039454502,0.0108959999999999,9077.616048093245,Suitcase
235.4,4.85,357.59287875032976,34.342455912831355,10.503942039454502,0.0108959999999999,9077.616048093245,Suitcase
235.4,4.85,357.59287875032976,34.342455912831355,10.503942039454502,0.0108959999999999,9077.616048093245,Suitcase
235.3,4.61,357.59287875032976,34.342455912831355,10.503942039454502,0.0108959999999999,9077.616048093245,Suitcase
235.3,4.61,357.59287875032976,34.342455912831355,10.503942039454502,0.0108959999999999,9077.616048093245,Suitcase
235.3,4.61,357.59287875032976,34.342455912831355,10.503942039454502,0.0108959999999999,9077.616048093245,Suitcase
235.3,4.61,357.59287875032976,34.342455912831355,10.503942039454502,0.0108959999999999,9077.616048093245,Suitcase
235.3,4.61,357.59287875032976,34.342455912831355,10.503942039454502,0.0108959999999999,9077.616048093245,Suitcase
235.3,4.61,357.59287875032976,34.342455912831355,10.503942039454502,0.0108959999999999,9077.616048093245,Suitcase
235.4,4.57,357.59287875032976,34.342455912831355,10.503942039454502,0.0108959999999999,9077.616048093245,Suitcase
235.4,4.57,357.59287875032976,34.342455912831355,10.503942039454502,0.0108959999999999,9077.616048093245,Suitcase
235.4,4.57,357.59287875032976,34.342455912831355,10.503942039454502,0.0108959999999999,9077.616048093245,Suitcase
235.4,4.57,357.59287875032976,34.342455912831355,10.503942039454502,0.0108959999999999,9077.616048093245,Suitcase
235.4,4.57,357.59287875032976,34.342455912831355,10.503942039454502,0.0108959999999999,9077.616048093245,Suitcase
235.5,4.73,357.59287875032976,34.342455912831355,10.503942039454502,0.0108959999999999,9077.616048093245,Suitcase
235.5,4.73,357.59287875032976,34.342455912831355,10.503942039454502,0.0108959999999999,9077.616048093245,Suitcase
235.5,4.73,357.59287875032976,34.342455912831355,10.503942039454502,0.0108959999999999,9077.616048093245,Suitcase
235.5,4.73,357.59287875032976,34.342455912831355,10.503942039454502,0.0108959999999999,9077.616048093245,Suitcase
235.5,4.73,357.59287875032976,34.342455912831355,10.503942039454502,0.0108959999999999,9077.616048093245,Suitcase
245.4,4.77,731.6115967267102,33.31343607956027,22.204745762852816,0.0714447499999998,160887.84074453078,Suitcase
245.4,4.77,731.6115967267102,33.31343607956027,22.204745762852816,0.0714447499999998,160887.84074453078,Suitcase
245.4,4.77,731.6115967267102,33.31343607956027,22.204745762852816,0.0714447499999998,160887.84074453078,Suitcase
245.4,4.77,731.6115967267102,33.31343607956027,22.204745762852816,0.0714447499999998,160887.84074453078,Suitcase
245.4,4.43,731.6115967267102,33.31343607956027,22.204745762852816,0.0714447499999998,160887.84074453078,Suitcase
245.4,4.43,731.6115967267102,33.31343607956027,22.204745762852816,0.0714447499999998,160887.84074453078,Suitcase
245.4,4.43,731.6115967267102,33.31343607956027,22.204745762852816,0.0714447499999998,160887.84074453078,Suitcase
245.4,4.43,731.6115967267102,33.31343607956027,22.204745762852816,0.0714447499999998,160887.84074453078,Suitcase
245.4,4.43,731.6115967267102,33.31343607956027,22.204745762852816,0.0714447499999998,160887.84074453078,Suitcase
245.4,4.43,731.6115967267102,33.31343607956027,22.204745762852816,0.0714447499999998,160887.84074453078,Suitcase
245.4,4.03,731.6115967267102,33.31343607956027,22.204745762852816,0.0714447499999998,160887.84074453078,Suitcase
245.4,4.03,731.6115967267102,33.31343607956027,22.204745762852816,0.0714447499999998,160887.84074453078,Suitcase
245.4,4.03,731.6115967267102,33.31343607956027,22.204745762852816,0.0714447499999998,160887.84074453078,Suitcase
245.4,4.03,731.6115967267102,33.31343607956027,22.204745762852816,0.0714447499999998,160887.84074453078,Suitcase
245.4,4.03,731.6115967267102,33.31343607956027,22.204745762852816,0.0714447499999998,160887.84074453078,Suitcase
245.0,4.16,731.6115967267102,33.31343607956027,22.204745762852816,0.0714447499999998,160887.84074453078,Suitcase
245.0,4.16,731.6115967267102,33.31343607956027,22.204745762852816,0.0714447499999998,160887.84074453078,Suitcase
245.0,4.16,731.6115967267102,33.31343607956027,22.204745762852816,0.0714447499999998,160887.84074453078,Suitcase
245.0,4.16,731.6115967267102,33.31343607956027,22.204745762852816,0.0714447499999998,160887.84074453078,Suitcase
245.0,4.16,731.6115967267102,33.31343607956027,22.204745762852816,0.0714447499999998,160887.84074453078,Suitcase
256.7,5.61,272.521961299694,53.61734704327144,5.102850050919506,0.00695475,3543.7822660118363,Suitcase
256.7,5.61,272.521961299694,53.61734704327144,5.102850050919506,0.00695475,3543.7822660118363,Suitcase
256.7,5.61,272.521961299694,53.61734704327144,5.102850050919506,0.00695475,3543.7822660118363,Suitcase
256.6,5.48,272.521961299694,53.61734704327144,5.102850050919506,0.00695475,3543.7822660118363,Suitcase
256.6,5.48,272.521961299694,53.61734704327144,5.102850050919506,0.00695475,3543.7822660118363,Suitcase
256.6,5.48,272.521961299694,53.61734704327144,5.102850050919506,0.00695475,3543.7822660118363,Suitcase
256.6,5.48,272.521961299694,53.61734704327144,5.102850050919506,0.00695475,3543.7822660118363,Suitcase
256.6,5.48,272.521961299694,53.61734704327144,5.102850050919506,0.00695475,3543.7822660118363,Suitcase
256.3,5.65,272.521961299694,53.61734704327144,5.102850050919506,0.00695475,3543.7822660118363,Suitcase
256.3,5.65,272.521961299694,53.61734704327144,5.102850050919506,0.00695475,3543.7822660118363,Suitcase
256.3,5.65,272.521961299694,53.61734704327144,5.102850050919506,0.00695475,3543.7822660118363,Suitcase
256.3,5.65,272.521961299694,53.61734704327144,5.102850050919506,0.00695475,3543.7822660118363,Suitcase
256.3,5.65,272.521961299694,53.61734704327144,5.102850050919506,0.00695475,3543.7822660118363,Suitcase
256.4,5.46,272.521961299694,53.61734704327144,5.102850050919506,0.00695475,3543.7822660118363,Suitcase
256.4,5.46,272.521961299694,53.61734704327144,5.102850050919506,0.00695475,3543.7822660118363,Suitcase
256.4,5.46,272.521961299694,53.61734704327144,5.102850050919506,0.00695475,3543.7822660118363,Suitcase
256.4,5.46,272.521961299694,53.61734704327144,5.102850050919506,0.00695475,3543.7822660118363,Suitcase
256.4,5.46,272.521961299694,53.61734704327144,5.102850050919506,0.00695475,3543.7822660118363,Suitcase
256.4,5.46,272.521961299694,53.61734704327144,5.102850050919506,0.00695475,3543.7822660118363,Suitcase
256.3,5.45,272.521961299694,53.61734704327144,5.102850050919506,0.00695475,3543.7822660118363,Suitcase
266.0,5.84,374.65274384678713,43.78671668272024,8.640819508501165,0.0333089999999999,13591.94625034528,Suitcase
266.0,5.84,374.65274384678713,43.78671668272024,8.640819508501165,0.0333089999999999,13591.94625034528,Suitcase
266.0,5.84,374.65274384678713,43.78671668272024,8.640819508501165,0.0333089999999999,13591.94625034528,Suitcase
265.9,5.53,374.65274384678713,43.78671668272024,8.640819508501165,0.0333089999999999,13591.94625034528,Suitcase
265.9,5.53,374.65274384678713,43.78671668272024,8.640819508501165,0.0333089999999999,13591.94625034528,Suitcase
265.9,5.53,374.65274384678713,43.78671668272024,8.640819508501165,0.0333089999999999,13591.94625034528,Suitcase
265.9,5.53,374.65274384678713,43.78671668272024,8.640819508501165,0.0333089999999999,13591.94625034528,Suitcase
265.9,5.53,374.65274384678713,43.78671668272024,8.640819508501165,0.0333089999999999,13591.94625034528,Suitcase
265.9,5.86,374.65274384678713,43.78671668272024,8.640819508501165,0.0333089999999999,13591.94625034528,Suitcase
265.9,5.86,374.65274384678713,43.78671668272024,8.640819508501165,0.0333089999999999,13591.94625034528,Suitcase
265.9,5.86,374.65274384678713,43.78671668272024,8.640819508501165,0.0333089999999999,13591.94625034528,Suitcase
265.9,5.86,374.65274384678713,43.78671668272024,8.640819508501165,0.0333089999999999,13591.94625034528,Suitcase
265.9,5.86,374.65274384678713,43.78671668272024,8.640819508501165,0.0333089999999999,13591.94625034528,Suitcase
265.9,5.86,374.65274384678713,43.78671668272024,8.640819508501165,0.0333089999999999,13591.94625034528,Suitcase
265.8,6.0,374.65274384678713,43.78671668272024,8.640819508501165,0.0333089999999999,13591.94625034528,Suitcase
265.8,6.0,374.65274384678713,43.78671668272024,8.640819508501165,0.0333089999999999,13591.94625034528,Suitcase
265.8,6.0,374.65274384678713,43.78671668272024,8.640819508501165,0.0333089999999999,13591.94625034528,Suitcase
265.8,6.0,374.65274384678713,43.78671668272024,8.640819508501165,0.0333089999999999,13591.94625034528,Suitcase
265.8,6.0,374.65274384678713,43.78671668272024,8.640819508501165,0.0333089999999999,13591.94625034528,Suitcase
265.8,6.09,374.65274384678713,43.78671668272024,8.640819508501165,0.0333089999999999,13591.94625034528,Suitcase
277.0,4.74,767.9955978208975,36.08602463773759,21.368517253785683,0.011751,110886.81463409832,Suitcase
318.0,4.95,767.9955978208975,36.08602463773759,21.368517253785683,0.011751,110886.81463409832,Suitcase
318.0,4.95,767.9955978208975,36.08602463773759,21.368517253785683,0.011751,110886.81463409832,Suitcase
318.0,4.95,767.9955978208975,36.08602463773759,21.368517253785683,0.011751,110886.81463409832,Suitcase
318.0,4.95,767.9955978208975,36.08602463773759,21.368517253785683,0.011751,110886.81463409832,Suitcase
318.0,4.95,767.9955978208975,36.08602463773759,21.368517253785683,0.011751,110886.81463409832,Suitcase
359.4,4.67,767.9955978208975,36.08602463773759,21.368517253785683,0.011751,110886.81463409832,Suitcase
359.4,4.67,767.9955978208975,36.08602463773759,21.368517253785683,0.011751,110886.81463409832,Suitcase
359.4,4.67,767.9955978208975,36.08602463773759,21.368517253785683,0.011751,110886.81463409832,Suitcase
359.4,4.67,767.9955978208975,36.08602463773759,21.368517253785683,0.011751,110886.81463409832,Suitcase
359.4,4.67,767.9955978208975,36.08602463773759,21.368517253785683,0.011751,110886.81463409832,Suitcase
359.4,4.67,767.9955978208975,36.08602463773759,21.368517253785683,0.011751,110886.81463409832,Suitcase
359.3,4.85,767.9955978208975,36.08602463773759,21.368517253785683,0.011751,110886.81463409832,Suitcase
359.3,4.85,767.9955978208975,36.08602463773759,21.368517253785683,0.011751,110886.81463409832,Suitcase
359.3,4.85,767.9955978208975,36.08602463773759,21.368517253785683,0.011751,110886.81463409832,Suitcase
359.3,4.85,767.9955978208975,36.08602463773759,21.368517253785683,0.011751,110886.81463409832,Suitcase
359.3,4.85,767.9955978208975,36.08602463773759,21.368517253785683,0.011751,110886.81463409832,Suitcase
358.8,4.86,767.9955978208975,36.08602463773759,21.368517253785683,0.011751,110886.81463409832,Suitcase
358.8,4.86,767.9955978208975,36.08602463773759,21.368517253785683,0.011751,110886.81463409832,Suitcase
358.8,4.86,767.9955978208975,36.08602463773759,21.368517253785683,0.011751,110886.81463409832,Suitcase
286.0,4.8,971.1151009442208,37.74025437585023,26.766190489782343,0.000869,164576.60598516508,Suitcase
286.0,4.8,971.1151009442208,37.74025437585023,26.766190489782343,0.000869,164576.60598516508,Suitcase
286.0,4.86,971.1151009442208,37.74025437585023,26.766190489782343,0.000869,164576.60598516508,Suitcase
286.0,4.86,971.1151009442208,37.74025437585023,26.766190489782343,0.000869,164576.60598516508,Suitcase
286.0,4.86,971.1151009442208,37.74025437585023,26.766190489782343,0.000869,164576.60598516508,Suitcase
286.0,4.86,971.1151009442208,37.74025437585023,26.766190489782343,0.000869,164576.60598516508,Suitcase
286.0,4.86,971.1151009442208,37.74025437585023,26.766190489782343,0.000869,164576.60598516508,Suitcase
286.0,4.86,971.1151009442208,37.74025437585023,26.766190489782343,0.000869,164576.60598516508,Suitcase
286.1,4.79,971.1151009442208,37.74025437585023,26.766190489782343,0.000869,164576.60598516508,Suitcase
286.1,4.79,971.1151009442208,37.74025437585023,26.766190489782343,0.000869,164576.60598516508,Suitcase
286.1,4.79,971.1151009442208,37.74025437585023,26.766190489782343,0.000869,164576.60598516508,Suitcase
286.1,4.79,971.1151009442208,37.74025437585023,26.766190489782343,0.000869,164576.60598516508,Suitcase
286.1,4.79,971.1151009442208,37.74025437585023,26.766190489782343,0.000869,164576.60598516508,Suitcase
286.2,4.84,971.1151009442208,37.74025437585023,26.766190489782343,0.000869,164576.60598516508,Suitcase
286.2,4.84,971.1151009442208,37.74025437585023,26.766190489782343,0.000869,164576.60598516508,Suitcase
286.2,4.84,971.1151009442208,37.74025437585023,26.766190489782343,0.000869,164576.60598516508,Suitcase
286.2,4.84,971.1151009442208,37.74025437585023,26.766190489782343,0.000869,164576.60598516508,Suitcase
286.2,4.84,971.1151009442208,37.74025437585023,26.766190489782343,0.000869,164576.60598516508,Suitcase
286.2,4.84,971.1151009442208,37.74025437585023,26.766190489782343,0.000869,164576.60598516508,Suitcase
285.8,4.87,971.1151009442208,37.74025437585023,26.766190489782343,0.000869,164576.60598516508,Suitcase
296.4,7.54,294.8392548243451,74.80653664630407,3.941548560792281,0.094504,433.38107538285664,Suitcase
296.4,7.73,294.8392548243451,74.80653664630407,3.941548560792281,0.094504,433.38107538285664,Suitcase
296.4,7.73,294.8392548243451,74.80653664630407,3.941548560792281,0.094504,433.38107538285664,Suitcase
296.4,7.73,294.8392548243451,74.80653664630407,3.941548560792281,0.094504,433.38107538285664,Suitcase
296.4,7.73,294.8392548243451,74.80653664630407,3.941548560792281,0.094504,433.38107538285664,Suitcase
296.4,7.73,294.8392548243451,74.80653664630407,3.941548560792281,0.094504,433.38107538285664,Suitcase
296.4,8.14,294.8392548243451,74.80653664630407,3.941548560792281,0.094504,433.38107538285664,Suitcase
296.4,8.14,294.8392548243451,74.80653664630407,3.941548560792281,0.094504,433.38107538285664,Suitcase
296.4,8.14,294.8392548243451,74.80653664630407,3.941548560792281,0.094504,433.38107538285664,Suitcase
296.4,8.14,294.8392548243451,74.80653664630407,3.941548560792281,0.094504,433.38107538285664,Suitcase
296.4,8.14,294.8392548243451,74.80653664630407,3.941548560792281,0.094504,433.38107538285664,Suitcase
296.4,8.14,294.8392548243451,74.80653664630407,3.941548560792281,0.094504,433.38107538285664,Suitcase
296.4,8.48,294.8392548243451,74.80653664630407,3.941548560792281,0.094504,433.38107538285664,Suitcase
296.4,8.48,294.8392548243451,74.80653664630407,3.941548560792281,0.094504,433.38107538285664,Suitcase
296.4,8.48,294.8392548243451,74.80653664630407,3.941548560792281,0.094504,433.38107538285664,Suitcase
296.4,8.48,294.8392548243451,74.80653664630407,3.941548560792281,0.094504,433.38107538285664,Suitcase
296.4,8.48,294.8392548243451,74.80653664630407,3.941548560792281,0.094504,433.38107538285664,Suitcase
296.3,7.83,294.8392548243451,74.80653664630407,3.941548560792281,0.094504,433.38107538285664,Suitcase
296.3,7.83,294.8392548243451,74.80653664630407,3.941548560792281,0.094504,433.38107538285664,Suitcase
296.3,7.83,294.8392548243451,74.80653664630407,3.941548560792281,0.094504,433.38107538285664,Suitcase
306.3,7.02,296.46864185439114,59.831512268121415,4.998230492980738,0.0313789999999999,6808.650888573667,Suitcase
306.3,6.58,296.46864185439114,59.831512268121415,4.998230492980738,0.0313789999999999,6808.650888573667,Suitcase
306.3,6.58,296.46864185439114,59.831512268121415,4.998230492980738,0.0313789999999999,6808.650888573667,Suitcase
306.3,6.58,296.46864185439114,59.831512268121415,4.998230492980738,0.0313789999999999,6808.650888573667,Suitcase
306.3,6.58,296.46864185439114,59.831512268121415,4.998230492980738,0.0313789999999999,6808.650888573667,Suitcase
306.3,6.58,296.46864185439114,59.831512268121415,4.998230492980738,0.0313789999999999,6808.650888573667,Suitcase
306.3,6.58,296.46864185439114,59.831512268121415,4.998230492980738,0.0313789999999999,6808.650888573667,Suitcase
306.3,6.88,296.46864185439114,59.831512268121415,4.998230492980738,0.0313789999999999,6808.650888573667,Suitcase
306.3,6.88,296.46864185439114,59.831512268121415,4.998230492980738,0.0313789999999999,6808.650888573667,Suitcase
306.3,6.88,296.46864185439114,59.831512268121415,4.998230492980738,0.0313789999999999,6808.650888573667,Suitcase
306.3,6.88,296.46864185439114,59.831512268121415,4.998230492980738,0.0313789999999999,6808.650888573667,Suitcase
306.3,6.88,296.46864185439114,59.831512268121415,4.998230492980738,0.0313789999999999,6808.650888573667,Suitcase
306.3,7.01,296.46864185439114,59.831512268121415,4.998230492980738,0.0313789999999999,6808.650888573667,Suitcase
306.3,7.01,296.46864185439114,59.831512268121415,4.998230492980738,0.0313789999999999,6808.650888573667,Suitcase
306.3,7.01,296.46864185439114,59.831512268121415,4.998230492980738,0.0313789999999999,6808.650888573667,Suitcase
306.3,7.01,296.46864185439114,59.831512268121415,4.998230492980738,0.0313789999999999,6808.650888573667,Suitcase
306.3,7.01,296.46864185439114,59.831512268121415,4.998230492980738,0.0313789999999999,6808.650888573667,Suitcase
306.3,6.69,296.46864185439114,59.831512268121415,4.998230492980738,0.0313789999999999,6808.650888573667,Suitcase
306.3,6.69,296.46864185439114,59.831512268121415,4.998230492980738,0.0313789999999999,6808.650888573667,Suitcase
306.3,6.69,296.46864185439114,59.831512268121415,4.998230492980738,0.0313789999999999,6808.650888573667,Suitcase
315.5,4.23,1343.0578649926852,33.336085007209455,40.292222904599704,0.01123475,5345.845392068499,Suitcase
316.0,4.24,1343.0578649926852,33.336085007209455,40.292222904599704,0.01123475,5345.845392068499,Suitcase
316.0,4.24,1343.0578649926852,33.336085007209455,40.292222904599704,0.01123475,5345.845392068499,Suitcase
316.0,4.24,1343.0578649926852,33.336085007209455,40.292222904599704,0.01123475,5345.845392068499,Suitcase
316.0,4.24,1343.0578649926852,33.336085007209455,40.292222904599704,0.01123475,5345.845392068499,Suitcase
316.0,4.24,1343.0578649926852,33.336085007209455,40.292222904599704,0.01123475,5345.845392068499,Suitcase
316.3,4.13,1343.0578649926852,33.336085007209455,40.292222904599704,0.01123475,5345.845392068499,Suitcase
316.3,4.13,1343.0578649926852,33.336085007209455,40.292222904599704,0.01123475,5345.845392068499,Suitcase
316.3,4.13,1343.0578649926852,33.336085007209455,40.292222904599704,0.01123475,5345.845392068499,Suitcase
316.3,4.13,1343.0578649926852,33.336085007209455,40.292222904599704,0.01123475,5345.845392068499,Suitcase
316.3,4.13,1343.0578649926852,33.336085007209455,40.292222904599704,0.01123475,5345.845392068499,Suitcase
316.3,4.13,1343.0578649926852,33.336085007209455,40.292222904599704,0.01123475,5345.845392068499,Suitcase
316.4,4.31,1343.0578649926852,33.336085007209455,40.292222904599704,0.01123475,5345.845392068499,Suitcase
316.4,4.31,1343.0578649926852,33.336085007209455,40.292222904599704,0.01123475,5345.845392068499,Suitcase
316.4,4.31,1343.0578649926852,33.336085007209455,40.292222904599704,0.01123475,5345.845392068499,Suitcase
316.4,4.31,1343.0578649926852,33.336085007209455,40.292222904599704,0.01123475,5345.845392068499,Suitcase
316.4,4.31,1343.0578649926852,33.336085007209455,40.292222904599704,0.01123475,5345.845392068499,Suitcase
316.4,4.45,1343.0578649926852,33.336085007209455,40.292222904599704,0.01123475,5345.845392068499,Suitcase
316.4,4.45,1343.0578649926852,33.336085007209455,40.292222904599704,0.01123475,5345.845392068499,Suitcase
316.4,4.45,1343.0578649926852,33.336085007209455,40.292222904599704,0.01123475,5345.845392068499,Suitcase
327.0,4.51,1174.5596941896024,33.12942912955382,35.46706116207952,0.014901,14115.523345614938,Suitcase
327.0,4.51,1174.5596941896024,33.12942912955382,35.46706116207952,0.014901,14115.523345614938,Suitcase
327.0,4.56,1174.5596941896024,33.12942912955382,35.46706116207952,0.014901,14115.523345614938,Suitcase
327.0,4.56,1174.5596941896024,33.12942912955382,35.46706116207952,0.014901,14115.523345614938,Suitcase
327.0,4.56,1174.5596941896024,33.12942912955382,35.46706116207952,0.014901,14115.523345614938,Suitcase
327.0,4.56,1174.5596941896024,33.12942912955382,35.46706116207952,0.014901,14115.523345614938,Suitcase
327.0,4.56,1174.5596941896024,33.12942912955382,35.46706116207952,0.014901,14115.523345614938,Suitcase
327.0,4.56,1174.5596941896024,33.12942912955382,35.46706116207952,0.014901,14115.523345614938,Suitcase
327.0,4.27,1174.5596941896024,33.12942912955382,35.46706116207952,0.014901,14115.523345614938,Suitcase
327.0,4.27,1174.5596941896024,33.12942912955382,35.46706116207952,0.014901,14115.523345614938,Suitcase
327.0,4.27,1174.5596941896024,33.12942912955382,35.46706116207952,0.014901,14115.523345614938,Suitcase
327.0,4.27,1174.5596941896024,33.12942912955382,35.46706116207952,0.014901,14115.523345614938,Suitcase
327.0,4.27,1174.5596941896024,33.12942912955382,35.46706116207952,0.014901,14115.523345614938,Suitcase
327.0,4.39,1174.5596941896024,33.12942912955382,35.46706116207952,0.014901,14115.523345614938,Suitcase
327.0,4.39,1174.5596941896024,33.12942912955382,35.46706116207952,0.014901,14115.523345614938,Suitcase
327.0,4.39,1174.5596941896024,33.12942912955382,35.46706116207952,0.014901,14115.523345614938,Suitcase
327.0,4.39,1174.5596941896024,33.12942912955382,35.46706116207952,0.014901,14115.523345614938,Suitcase
327.0,4.39,1174.5596941896024,33.12942912955382,35.46706116207952,0.014901,14115.523345614938,Suitcase
327.0,4.59,1174.5596941896024,33.12942912955382,35.46706116207952,0.014901,14115.523345614938,Suitcase
327.0,4.59,1174.5596941896024,33.12942912955382,35.46706116207952,0.014901,14115.523345614938,Suitcase
336.8,7.89,257.2898142405303,71.52425212655392,3.6092717693428016,0.0249409999999999,3960.973121519512,Suitcase
336.8,7.89,257.2898142405303,71.52425212655392,3.6092717693428016,0.0249409999999999,3960.973121519512,Suitcase
336.8,7.89,257.2898142405303,71.52425212655392,3.6092717693428016,0.0249409999999999,3960.973121519512,Suitcase
337.0,7.67,257.2898142405303,71.52425212655392,3.6092717693428016,0.0249409999999999,3960.973121519512,Suitcase
337.0,7.67,257.2898142405303,71.52425212655392,3.6092717693428016,0.0249409999999999,3960.973121519512,Suitcase
337.0,7.67,257.2898142405303,71.52425212655392,3.6092717693428016,0.0249409999999999,3960.973121519512,Suitcase
337.0,7.67,257.2898142405303,71.52425212655392,3.6092717693428016,0.0249409999999999,3960.973121519512,Suitcase
337.0,7.67,257.2898142405303,71.52425212655392,3.6092717693428016,0.0249409999999999,3960.973121519512,Suitcase
336.9,7.78,257.2898142405303,71.52425212655392,3.6092717693428016,0.0249409999999999,3960.973121519512,Suitcase
336.9,7.78,257.2898142405303,71.52425212655392,3.6092717693428016,0.0249409999999999,3960.973121519512,Suitcase
336.9,7.78,257.2898142405303,71.52425212655392,3.6092717693428016,0.0249409999999999,3960.973121519512,Suitcase
336.9,7.78,257.2898142405303,71.52425212655392,3.6092717693428016,0.0249409999999999,3960.973121519512,Suitcase
336.9,7.78,257.2898142405303,71.52425212655392,3.6092717693428016,0.0249409999999999,3960.973121519512,Suitcase
336.9,7.78,257.2898142405303,71.52425212655392,3.6092717693428016,0.0249409999999999,3960.973121519512,Suitcase
336.9,8.01,257.2898142405303,71.52425212655392,3.6092717693428016,0.0249409999999999,3960.973121519512,Suitcase
336.9,8.01,257.2898142405303,71.52425212655392,3.6092717693428016,0.0249409999999999,3960.973121519512,Suitcase
336.9,8.01,257.2898142405303,71.52425212655392,3.6092717693428016,0.0249409999999999,3960.973121519512,Suitcase
336.9,8.01,257.2898142405303,71.52425212655392,3.6092717693428016,0.0249409999999999,3960.973121519512,Suitcase
336.9,8.01,257.2898142405303,71.52425212655392,3.6092717693428016,0.0249409999999999,3960.973121519512,Suitcase
336.9,7.39,257.2898142405303,71.52425212655392,3.6092717693428016,0.0249409999999999,3960.973121519512,Suitcase
346.0,4.44,1123.6304789366063,34.229149578266686,32.784765860145605,0.0130027499999999,81822.62538527026,Suitcase
346.0,4.44,1123.6304789366063,34.229149578266686,32.784765860145605,0.0130027499999999,81822.62538527026,Suitcase
346.2,4.45,1123.6304789366063,34.229149578266686,32.784765860145605,0.0130027499999999,81822.62538527026,Suitcase
346.2,4.45,1123.6304789366063,34.229149578266686,32.784765860145605,0.0130027499999999,81822.62538527026,Suitcase
346.2,4.45,1123.6304789366063,34.229149578266686,32.784765860145605,0.0130027499999999,81822.62538527026,Suitcase
346.2,4.45,1123.6304789366063,34.229149578266686,32.784765860145605,0.0130027499999999,81822.62538527026,Suitcase
346.2,4.45,1123.6304789366063,34.229149578266686,32.784765860145605,0.0130027499999999,81822.62538527026,Suitcase
346.2,4.45,1123.6304789366063,34.229149578266686,32.784765860145605,0.0130027499999999,81822.62538527026,Suitcase
346.2,4.54,1123.6304789366063,34.229149578266686,32.784765860145605,0.0130027499999999,81822.62538527026,Suitcase
346.2,4.54,1123.6304789366063,34.229149578266686,32.784765860145605,0.0130027499999999,81822.62538527026,Suitcase
346.2,4.54,1123.6304789366063,34.229149578266686,32.784765860145605,0.0130027499999999,81822.62538527026,Suitcase
346.2,4.54,1123.6304789366063,34.229149578266686,32.784765860145605,0.0130027499999999,81822.62538527026,Suitcase
346.2,4.54,1123.6304789366063,34.229149578266686,32.784765860145605,0.0130027499999999,81822.62538527026,Suitcase
346.2,4.65,1123.6304789366063,34.229149578266686,32.784765860145605,0.0130027499999999,81822.62538527026,Suitcase
346.2,4.65,1123.6304789366063,34.229149578266686,32.784765860145605,0.0130027499999999,81822.62538527026,Suitcase
346.2,4.65,1123.6304789366063,34.229149578266686,32.784765860145605,0.0130027499999999,81822.62538527026,Suitcase
346.2,4.65,1123.6304789366063,34.229149578266686,32.784765860145605,0.0130027499999999,81822.62538527026,Suitcase
346.2,4.65,1123.6304789366063,34.229149578266686,32.784765860145605,0.0130027499999999,81822.62538527026,Suitcase
346.2,4.65,1123.6304789366063,34.229149578266686,32.784765860145605,0.0130027499999999,81822.62538527026,Suitcase
346.3,4.89,1123.6304789366063,34.229149578266686,32.784765860145605,0.0130027499999999,81822.62538527026,Suitcase
357.0,4.87,1055.4821378196543,37.885525189175986,28.072531425128723,0.03332875,42215.67315926012,Suitcase
357.0,4.87,1055.4821378196543,37.885525189175986,28.072531425128723,0.03332875,42215.67315926012,Suitcase
357.0,4.87,1055.4821378196543,37.885525189175986,28.072531425128723,0.03332875,42215.67315926012,Suitcase
357.0,4.89,1055.4821378196543,37.885525189175986,28.072531425128723,0.03332875,42215.67315926012,Suitcase
357.0,4.89,1055.4821378196543,37.885525189175986,28.072531425128723,0.03332875,42215.67315926012,Suitcase
357.0,4.89,1055.4821378196543,37.885525189175986,28.072531425128723,0.03332875,42215.67315926012,Suitcase
357.0,4.89,1055.4821378196543,37.885525189175986,28.072531425128723,0.03332875,42215.67315926012,Suitcase
357.0,4.89,1055.4821378196543,37.885525189175986,28.072531425128723,0.03332875,42215.67315926012,Suitcase
356.5,4.63,1055.4821378196543,37.885525189175986,28.072531425128723,0.03332875,42215.67315926012,Suitcase
356.5,4.63,1055.4821378196543,37.885525189175986,28.072531425128723,0.03332875,42215.67315926012,Suitcase
356.5,4.63,1055.4821378196543,37.885525189175986,28.072531425128723,0.03332875,42215.67315926012,Suitcase
356.5,4.63,1055.4821378196543,37.885525189175986,28.072531425128723,0.03332875,42215.67315926012,Suitcase
356.5,4.63,1055.4821378196543,37.885525189175986,28.072531425128723,0.03332875,42215.67315926012,Suitcase
356.5,4.63,1055.4821378196543,37.885525189175986,28.072531425128723,0.03332875,42215.67315926012,Suitcase
356.0,4.47,1055.4821378196543,37.885525189175986,28.072531425128723,0.03332875,42215.67315926012,Suitcase
356.0,4.47,1055.4821378196543,37.885525189175986,28.072531425128723,0.03332875,42215.67315926012,Suitcase
356.0,4.47,1055.4821378196543,37.885525189175986,28.072531425128723,0.03332875,42215.67315926012,Suitcase
356.0,4.47,1055.4821378196543,37.885525189175986,28.072531425128723,0.03332875,42215.67315926012,Suitcase
356.0,4.47,1055.4821378196543,37.885525189175986,28.072531425128723,0.03332875,42215.67315926012,Suitcase
355.7,4.36,1055.4821378196543,37.885525189175986,28.072531425128723,0.03332875,42215.67315926012,Suitcase
367.5,5.97,455.215605442177,46.52562385779529,10.514443537414968,0.0296927499999999,91108.817056585,Suitcase
367.5,5.97,455.215605442177,46.52562385779529,10.514443537414968,0.0296927499999999,91108.817056585,Suitcase
367.5,5.97,455.215605442177,46.52562385779529,10.514443537414968,0.0296927499999999,91108.817056585,Suitcase
367.5,6.27,455.215605442177,46.52562385779529,10.514443537414968,0.0296927499999999,91108.817056585,Suitcase
367.5,6.27,455.215605442177,46.52562385779529,10.514443537414968,0.0296927499999999,91108.817056585,Suitcase
367.5,6.27,455.215605442177,46.52562385779529,10.514443537414968,0.0296927499999999,91108.817056585,Suitcase
367.5,6.27,455.215605442177,46.52562385779529,10.514443537414968,0.0296927499999999,91108.817056585,Suitcase
367.5,6.27,455.215605442177,46.52562385779529,10.514443537414968,0.0296927499999999,91108.817056585,Suitcase
367.5,6.27,455.215605442177,46.52562385779529,10.514443537414968,0.0296927499999999,91108.817056585,Suitcase
367.5,6.13,455.215605442177,46.52562385779529,10.514443537414968,0.0296927499999999,91108.817056585,Suitcase
367.5,6.13,455.215605442177,46.52562385779529,10.514443537414968,0.0296927499999999,91108.817056585,Suitcase
367.5,6.13,455.215605442177,46.52562385779529,10.514443537414968,0.0296927499999999,91108.817056585,Suitcase
367.5,6.13,455.215605442177,46.52562385779529,10.514443537414968,0.0296927499999999,91108.817056585,Suitcase
367.5,6.13,455.215605442177,46.52562385779529,10.514443537414968,0.0296927499999999,91108.817056585,Suitcase
367.5,6.43,455.215605442177,46.52562385779529,10.514443537414968,0.0296927499999999,91108.817056585,Suitcase
367.5,6.43,455.215605442177,46.52562385779529,10.514443537414968,0.0296927499999999,91108.817056585,Suitcase
367.5,6.43,455.215605442177,46.52562385779529,10.514443537414968,0.0296927499999999,91108.817056585,Suitcase
367.5,6.43,455.215605442177,46.52562385779529,10.514443537414968,0.0296927499999999,91108.817056585,Suitcase
367.5,6.43,455.215605442177,46.52562385779529,10.514443537414968,0.0296927499999999,91108.817056585,Suitcase
367.5,6.6,455.215605442177,46.52562385779529,10.514443537414968,0.0296927499999999,91108.817056585,Suitcase
377.4,3.85,904.3200099042666,31.657624108789527,28.672540030760757,0.0048659999999999,30267.623689250864,Suitcase
377.4,3.85,904.3200099042666,31.657624108789527,28.672540030760757,0.0048659999999999,30267.623689250864,Suitcase
377.4,3.85,904.3200099042666,31.657624108789527,28.672540030760757,0.0048659999999999,30267.623689250864,Suitcase
377.4,3.85,904.3200099042666,31.657624108789527,28.672540030760757,0.0048659999999999,30267.623689250864,Suitcase
377.5,3.96,904.3200099042666,31.657624108789527,28.672540030760757,0.0048659999999999,30267.623689250864,Suitcase
377.5,3.96,904.3200099042666,31.657624108789527,28.672540030760757,0.0048659999999999,30267.623689250864,Suitcase
377.5,3.96,904.3200099042666,31.657624108789527,28.672540030760757,0.0048659999999999,30267.623689250864,Suitcase
377.5,3.96,904.3200099042666,31.657624108789527,28.672540030760757,0.0048659999999999,30267.623689250864,Suitcase
377.5,3.96,904.3200099042666,31.657624108789527,28.672540030760757,0.0048659999999999,30267.623689250864,Suitcase
377.5,3.96,904.3200099042666,31.657624108789527,28.672540030760757,0.0048659999999999,30267.623689250864,Suitcase
377.8,3.81,904.3200099042666,31.657624108789527,28.672540030760757,0.0048659999999999,30267.623689250864,Suitcase
377.8,3.81,904.3200099042666,31.657624108789527,28.672540030760757,0.0048659999999999,30267.623689250864,Suitcase
377.8,3.81,904.3200099042666,31.657624108789527,28.672540030760757,0.0048659999999999,30267.623689250864,Suitcase
377.8,3.81,904.3200099042666,31.657624108789527,28.672540030760757,0.0048659999999999,30267.623689250864,Suitcase
377.8,3.81,904.3200099042666,31.657624108789527,28.672540030760757,0.0048659999999999,30267.623689250864,Suitcase
378.1,3.79,904.3200099042666,31.657624108789527,28.672540030760757,0.0048659999999999,30267.623689250864,Suitcase
378.1,3.79,904.3200099042666,31.657624108789527,28.672540030760757,0.0048659999999999,30267.623689250864,Suitcase
378.1,3.79,904.3200099042666,31.657624108789527,28.672540030760757,0.0048659999999999,30267.623689250864,Suitcase
378.1,3.79,904.3200099042666,31.657624108789527,28.672540030760757,0.0048659999999999,30267.623689250864,Suitcase
378.1,3.79,904.3200099042666,31.657624108789527,28.672540030760757,0.0048659999999999,30267.623689250864,Suitcase
19.4,13.21,4851.8226804123715,529.5081008100811,9.162886597938146,0.021666,1265.31281681646,Wood
19.4,13.21,4851.8226804123715,529.5081008100811,9.162886597938146,0.021666,1265.31281681646,Wood
19.4,13.21,4851.8226804123715,529.5081008100811,9.162886597938146,0.021666,1265.31281681646,Wood
19.4,13.33,4851.8226804123715,529.5081008100811,9.162886597938146,0.021666,1265.31281681646,Wood
19.4,13.33,4851.8226804123715,529.5081008100811,9.162886597938146,0.021666,1265.31281681646,Wood
19.4,13.33,4851.8226804123715,529.5081008100811,9.162886597938146,0.021666,1265.31281681646,Wood
19.4,13.33,4851.8226804123715,529.5081008100811,9.162886597938146,0.021666,1265.31281681646,Wood
19.4,13.33,4851.8226804123715,529.5081008100811,9.162886597938146,0.021666,1265.31281681646,Wood
19.4,13.33,4851.8226804123715,529.5081008100811,9.162886597938146,0.021666,1265.31281681646,Wood
19.4,12.95,4851.8226804123715,529.5081008100811,9.162886597938146,0.021666,1265.31281681646,Wood
19.4,12.95,4851.8226804123715,529.5081008100811,9.162886597938146,0.021666,1265.31281681646,Wood
19.4,12.95,4851.8226804123715,529.5081008100811,9.162886597938146,0.021666,1265.31281681646,Wood
19.4,12.95,4851.8226804123715,529.5081008100811,9.162886597938146,0.021666,1265.31281681646,Wood
19.4,12.95,4851.8226804123715,529.5081008100811,9.162886597938146,0.021666,1265.31281681646,Wood
19.4,13.08,4851.8226804123715,529.5081008100811,9.162886597938146,0.021666,1265.31281681646,Wood
19.4,13.08,4851.8226804123715,529.5081008100811,9.162886597938146,0.021666,1265.31281681646,Wood
19.4,13.08,4851.8226804123715,529.5081008100811,9.162886597938146,0.021666,1265.31281681646,Wood
19.4,13.08,4851.8226804123715,529.5081008100811,9.162886597938146,0.021666,1265.31281681646,Wood
19.4,13.08,4851.8226804123715,529.5081008100811,9.162886597938146,0.021666,1265.31281681646,Wood
19.4,13.08,4851.8226804123715,529.5081008100811,9.162886597938146,0.021666,1265.31281681646,Wood
30.7,30.35,4441.32328990228,782.2912972547252,5.6816612377850175,0.1293027499999998,626.6349909436915,Wood
30.7,30.35,4441.32328990228,782.2912972547252,5.6816612377850175,0.1293027499999998,626.6349909436915,Wood
30.7,30.35,4441.32328990228,782.2912972547252,5.6816612377850175,0.1293027499999998,626.6349909436915,Wood
30.7,30.35,4441.32328990228,782.2912972547252,5.6816612377850175,0.1293027499999998,626.6349909436915,Wood
30.7,30.35,4441.32328990228,782.2912972547252,5.6816612377850175,0.1293027499999998,626.6349909436915,Wood
30.7,30.36,4441.32328990228,782.2912972547252,5.6816612377850175,0.1293027499999998,626.6349909436915,Wood
30.7,30.36,4441.32328990228,782.2912972547252,5.6816612377850175,0.1293027499999998,626.6349909436915,Wood
30.7,30.36,4441.32328990228,782.2912972547252,5.6816612377850175,0.1293027499999998,626.6349909436915,Wood
30.7,30.36,4441.32328990228,782.2912972547252,5.6816612377850175,0.1293027499999998,626.6349909436915,Wood
30.7,30.36,4441.32328990228,782.2912972547252,5.6816612377850175,0.1293027499999998,626.6349909436915,Wood
30.7,31.04,4441.32328990228,782.2912972547252,5.6816612377850175,0.1293027499999998,626.6349909436915,Wood
30.7,31.04,4441.32328990228,782.2912972547252,5.6816612377850175,0.1293027499999998,626.6349909436915,Wood
30.7,31.04,4441.32328990228,782.2912972547252,5.6816612377850175,0.1293027499999998,626.6349909436915,Wood
30.7,31.04,4441.32328990228,782.2912972547252,5.6816612377850175,0.1293027499999998,626.6349909436915,Wood
30.7,31.04,4441.32328990228,782.2912972547252,5.6816612377850175,0.1293027499999998,626.6349909436915,Wood
30.7,31.04,4441.32328990228,782.2912972547252,5.6816612377850175,0.1293027499999998,626.6349909436915,Wood
30.7,31.12,4441.32328990228,782.2912972547252,5.6816612377850175,0.1293027499999998,626.6349909436915,Wood
30.7,31.12,4441.32328990228,782.2912972547252,5.6816612377850175,0.1293027499999998,626.6349909436915,Wood
30.7,31.12,4441.32328990228,782.2912972547252,5.6816612377850175,0.1293027499999998,626.6349909436915,Wood
30.7,31.12,4441.32328990228,782.2912972547252,5.6816612377850175,0.1293027499999998,626.6349909436915,Wood
39.9,45.13,3376.4905614035088,675.7907976556171,5.000822619047618,6.628454999999995,1781.3515585083182,Wood
39.9,45.13,3376.4905614035088,675.7907976556171,5.000822619047618,6.628454999999995,1781.3515585083182,Wood
40.0,48.2,3376.4905614035088,675.7907976556171,5.000822619047618,6.628454999999995,1781.3515585083182,Wood
40.0,48.2,3376.4905614035088,675.7907976556171,5.000822619047618,6.628454999999995,1781.3515585083182,Wood
40.0,48.2,3376.4905614035088,675.7907976556171,5.000822619047618,6.628454999999995,1781.3515585083182,Wood
40.0,48.2,3376.4905614035088,675.7907976556171,5.000822619047618,6.628454999999995,1781.3515585083182,Wood
40.0,48.2,3376.4905614035088,675.7907976556171,5.000822619047618,6.628454999999995,1781.3515585083182,Wood
40.0,49.8,3376.4905614035088,675.7907976556171,5.000822619047618,6.628454999999995,1781.3515585083182,Wood
40.0,49.8,3376.4905614035088,675.7907976556171,5.000822619047618,6.628454999999995,1781.3515585083182,Wood
40.0,49.8,3376.4905614035088,675.7907976556171,5.000822619047618,6.628454999999995,1781.3515585083182,Wood
40.0,49.8,3376.4905614035088,675.7907976556171,5.000822619047618,6.628454999999995,1781.3515585083182,Wood
40.0,49.8,3376.4905614035088,675.7907976556171,5.000822619047618,6.628454999999995,1781.3515585083182,Wood
40.0,49.8,3376.4905614035088,675.7907976556171,5.000822619047618,6.628454999999995,1781.3515585083182,Wood
40.0,51.86,3376.4905614035088,675.7907976556171,5.000822619047618,6.628454999999995,1781.3515585083182,Wood
40.0,51.86,3376.4905614035088,675.7907976556171,5.000822619047618,6.628454999999995,1781.3515585083182,Wood
40.0,51.86,3376.4905614035088,675.7907976556171,5.000822619047618,6.628454999999995,1781.3515585083182,Wood
40.0,51.86,3376.4905614035088,675.7907976556171,5.000822619047618,6.628454999999995,1781.3515585083182,Wood
40.0,51.86,3376.4905614035088,675.7907976556171,5.000822619047618,6.628454999999995,1781.3515585083182,Wood
40.0,55.07,3376.4905614035088,675.7907976556171,5.000822619047618,6.628454999999995,1781.3515585083182,Wood
40.0,55.07,3376.4905614035088,675.7907976556171,5.000822619047618,6.628454999999995,1781.3515585083182,Wood
49.5,42.58,2687.7647672416883,432.80797293580025,6.379151140780425,22.751022749999983,4395.433762724671,Wood
49.5,42.58,2687.7647672416883,432.80797293580025,6.379151140780425,22.751022749999983,4395.433762724671,Wood
49.5,42.58,2687.7647672416883,432.80797293580025,6.379151140780425,22.751022749999983,4395.433762724671,Wood
49.5,42.58,2687.7647672416883,432.80797293580025,6.379151140780425,22.751022749999983,4395.433762724671,Wood
49.6,45.31,2687.7647672416883,432.80797293580025,6.379151140780425,22.751022749999983,4395.433762724671,Wood
49.6,45.31,2687.7647672416883,432.80797293580025,6.379151140780425,22.751022749999983,4395.433762724671,Wood
49.6,45.31,2687.7647672416883,432.80797293580025,6.379151140780425,22.751022749999983,4395.433762724671,Wood
49.6,45.31,2687.7647672416883,432.80797293580025,6.379151140780425,22.751022749999983,4395.433762724671,Wood
49.6,45.31,2687.7647672416883,432.80797293580025,6.379151140780425,22.751022749999983,4395.433762724671,Wood
49.6,45.31,2687.7647672416883,432.80797293580025,6.379151140780425,22.751022749999983,4395.433762724671,Wood
49.7,52.89,2687.7647672416883,432.80797293580025,6.379151140780425,22.751022749999983,4395.433762724671,Wood
49.7,52.89,2687.7647672416883,432.80797293580025,6.379151140780425,22.751022749999983,4395.433762724671,Wood
49.7,52.89,2687.7647672416883,432.80797293580025,6.379151140780425,22.751022749999983,4395.433762724671,Wood
49.7,52.89,2687.7647672416883,432.80797293580025,6.379151140780425,22.751022749999983,4395.433762724671,Wood
49.7,52.89,2687.7647672416883,432.80797293580025,6.379151140780425,22.751022749999983,4395.433762724671,Wood
49.8,54.16,2687.7647672416883,432.80797293580025,6.379151140780425,22.751022749999983,4395.433762724671,Wood
49.8,54.16,2687.7647672416883,432.80797293580025,6.379151140780425,22.751022749999983,4395.433762724671,Wood
49.8,54.16,2687.7647672416883,432.80797293580025,6.379151140780425,22.751022749999983,4395.433762724671,Wood
49.8,54.16,2687.7647672416883,432.80797293580025,6.379151140780425,22.751022749999983,4395.433762724671,Wood
49.8,54.16,2687.7647672416883,432.80797293580025,6.379151140780425,22.751022749999983,4395.433762724671,Wood
58.1,23.33,2784.510459819574,224.3234950427127,12.4631431390587,2.4911490000000045,5738.546321279895,Wood
58.1,23.33,2784.510459819574,224.3234950427127,12.4631431390587,2.4911490000000045,5738.546321279895,Wood
58.1,23.33,2784.510459819574,224.3234950427127,12.4631431390587,2.4911490000000045,5738.546321279895,Wood
58.1,23.33,2784.510459819574,224.3234950427127,12.4631431390587,2.4911490000000045,5738.546321279895,Wood
58.0,25.97,2784.510459819574,224.3234950427127,12.4631431390587,2.4911490000000045,5738.546321279895,Wood
58.0,25.97,2784.510459819574,224.3234950427127,12.4631431390587,2.4911490000000045,5738.546321279895,Wood
58.0,25.97,2784.510459819574,224.3234950427127,12.4631431390587,2.4911490000000045,5738.546321279895,Wood
58.0,25.97,2784.510459819574,224.3234950427127,12.4631431390587,2.4911490000000045,5738.546321279895,Wood
58.0,25.97,2784.510459819574,224.3234950427127,12.4631431390587,2.4911490000000045,5738.546321279895,Wood
58.1,27.76,2784.510459819574,224.3234950427127,12.4631431390587,2.4911490000000045,5738.546321279895,Wood
58.1,27.76,2784.510459819574,224.3234950427127,12.4631431390587,2.4911490000000045,5738.546321279895,Wood
58.1,27.76,2784.510459819574,224.3234950427127,12.4631431390587,2.4911490000000045,5738.546321279895,Wood
58.1,27.76,2784.510459819574,224.3234950427127,12.4631431390587,2.4911490000000045,5738.546321279895,Wood
58.1,27.76,2784.510459819574,224.3234950427127,12.4631431390587,2.4911490000000045,5738.546321279895,Wood
58.1,27.76,2784.510459819574,224.3234950427127,12.4631431390587,2.4911490000000045,5738.546321279895,Wood
58.1,25.13,2784.510459819574,224.3234950427127,12.4631431390587,2.4911490000000045,5738.546321279895,Wood
58.1,25.13,2784.510459819574,224.3234950427127,12.4631431390587,2.4911490000000045,5738.546321279895,Wood
58.1,25.13,2784.510459819574,224.3234950427127,12.4631431390587,2.4911490000000045,5738.546321279895,Wood
58.1,25.13,2784.510459819574,224.3234950427127,12.4631431390587,2.4911490000000045,5738.546321279895,Wood
58.1,25.13,2784.510459819574,224.3234950427127,12.4631431390587,2.4911490000000045,5738.546321279895,Wood
68.6,24.79,2574.853307867464,239.11823825360895,10.840128971505184,2.0688387499999985,6337.038117407452,Wood
68.6,24.79,2574.853307867464,239.11823825360895,10.840128971505184,2.0688387499999985,6337.038117407452,Wood
68.6,25.95,2574.853307867464,239.11823825360895,10.840128971505184,2.0688387499999985,6337.038117407452,Wood
68.6,25.95,2574.853307867464,239.11823825360895,10.840128971505184,2.0688387499999985,6337.038117407452,Wood
68.6,25.95,2574.853307867464,239.11823825360895,10.840128971505184,2.0688387499999985,6337.038117407452,Wood
68.6,25.95,2574.853307867464,239.11823825360895,10.840128971505184,2.0688387499999985,6337.038117407452,Wood
68.6,25.95,2574.853307867464,239.11823825360895,10.840128971505184,2.0688387499999985,6337.038117407452,Wood
68.6,22.8,2574.853307867464,239.11823825360895,10.840128971505184,2.0688387499999985,6337.038117407452,Wood
68.6,22.8,2574.853307867464,239.11823825360895,10.840128971505184,2.0688387499999985,6337.038117407452,Wood
68.6,22.8,2574.853307867464,239.11823825360895,10.840128971505184,2.0688387499999985,6337.038117407452,Wood
68.6,22.8,2574.853307867464,239.11823825360895,10.840128971505184,2.0688387499999985,6337.038117407452,Wood
68.6,22.8,2574.853307867464,239.11823825360895,10.840128971505184,2.0688387499999985,6337.038117407452,Wood
68.6,22.8,2574.853307867464,239.11823825360895,10.840128971505184,2.0688387499999985,6337.038117407452,Wood
68.5,24.42,2574.853307867464,239.11823825360895,10.840128971505184,2.0688387499999985,6337.038117407452,Wood
68.5,24.42,2574.853307867464,239.11823825360895,10.840128971505184,2.0688387499999985,6337.038117407452,Wood
68.5,24.42,2574.853307867464,239.11823825360895,10.840128971505184,2.0688387499999985,6337.038117407452,Wood
68.5,24.42,2574.853307867464,239.11823825360895,10.840128971505184,2.0688387499999985,6337.038117407452,Wood
68.5,24.42,2574.853307867464,239.11823825360895,10.840128971505184,2.0688387499999985,6337.038117407452,Wood
68.5,27.11,2574.853307867464,239.11823825360895,10.840128971505184,2.0688387499999985,6337.038117407452,Wood
68.5,27.11,2574.853307867464,239.11823825360895,10.840128971505184,2.0688387499999985,6337.038117407452,Wood
76.4,17.31,1759.1631544502616,163.9210164352237,10.731910994764398,0.1336187500000002,512.0907939760257,Wood
76.4,17.31,1759.1631544502616,163.9210164352237,10.731910994764398,0.1336187500000002,512.0907939760257,Wood
76.4,17.31,1759.1631544502616,163.9210164352237,10.731910994764398,0.1336187500000002,512.0907939760257,Wood
76.4,17.31,1759.1631544502616,163.9210164352237,10.731910994764398,0.1336187500000002,512.0907939760257,Wood
76.4,17.31,1759.1631544502616,163.9210164352237,10.731910994764398,0.1336187500000002,512.0907939760257,Wood
76.4,18.11,1759.1631544502616,163.9210164352237,10.731910994764398,0.1336187500000002,512.0907939760257,Wood
76.4,18.11,1759.1631544502616,163.9210164352237,10.731910994764398,0.1336187500000002,512.0907939760257,Wood
76.4,18.11,1759.1631544502616,163.9210164352237,10.731910994764398,0.1336187500000002,512.0907939760257,Wood
76.4,18.11,1759.1631544502616,163.9210164352237,10.731910994764398,0.1336187500000002,512.0907939760257,Wood
76.4,18.11,1759.1631544502616,163.9210164352237,10.731910994764398,0.1336187500000002,512.0907939760257,Wood
76.4,18.11,1759.1631544502616,163.9210164352237,10.731910994764398,0.1336187500000002,512.0907939760257,Wood
76.4,17.52,1759.1631544502616,163.9210164352237,10.731910994764398,0.1336187500000002,512.0907939760257,Wood
76.4,17.52,1759.1631544502616,163.9210164352237,10.731910994764398,0.1336187500000002,512.0907939760257,Wood
76.4,17.52,1759.1631544502616,163.9210164352237,10.731910994764398,0.1336187500000002,512.0907939760257,Wood
76.4,17.52,1759.1631544502616,163.9210164352237,10.731910994764398,0.1336187500000002,512.0907939760257,Wood
76.4,17.52,1759.1631544502616,163.9210164352237,10.731910994764398,0.1336187500000002,512.0907939760257,Wood
76.4,18.16,1759.1631544502616,163.9210164352237,10.731910994764398,0.1336187500000002,512.0907939760257,Wood
76.4,18.16,1759.1631544502616,163.9210164352237,10.731910994764398,0.1336187500000002,512.0907939760257,Wood
76.4,18.16,1759.1631544502616,163.9210164352237,10.731910994764398,0.1336187500000002,512.0907939760257,Wood
76.4,18.16,1759.1631544502616,163.9210164352237,10.731910994764398,0.1336187500000002,512.0907939760257,Wood
86.4,8.89,1086.155332946187,89.8974963041946,12.082250451671184,0.02182275,927.167451650458,Wood
86.4,8.89,1086.155332946187,89.8974963041946,12.082250451671184,0.02182275,927.167451650458,Wood
86.4,8.89,1086.155332946187,89.8974963041946,12.082250451671184,0.02182275,927.167451650458,Wood
86.4,8.89,1086.155332946187,89.8974963041946,12.082250451671184,0.02182275,927.167451650458,Wood
86.1,8.5,1086.155332946187,89.8974963041946,12.082250451671184,0.02182275,927.167451650458,Wood
86.1,8.5,1086.155332946187,89.8974963041946,12.082250451671184,0.02182275,927.167451650458,Wood
86.1,8.5,1086.155332946187,89.8974963041946,12.082250451671184,0.02182275,927.167451650458,Wood
86.1,8.5,1086.155332946187,89.8974963041946,12.082250451671184,0.02182275,927.167451650458,Wood
86.1,8.5,1086.155332946187,89.8974963041946,12.082250451671184,0.02182275,927.167451650458,Wood
86.1,8.56,1086.155332946187,89.8974963041946,12.082250451671184,0.02182275,927.167451650458,Wood
86.1,8.56,1086.155332946187,89.8974963041946,12.082250451671184,0.02182275,927.167451650458,Wood
86.1,8.56,1086.155332946187,89.8974963041946,12.082250451671184,0.02182275,927.167451650458,Wood
86.1,8.56,1086.155332946187,89.8974963041946,12.082250451671184,0.02182275,927.167451650458,Wood
86.1,8.56,1086.155332946187,89.8974963041946,12.082250451671184,0.02182275,927.167451650458,Wood
86.1,8.56,1086.155332946187,89.8974963041946,12.082250451671184,0.02182275,927.167451650458,Wood
86.1,8.51,1086.155332946187,89.8974963041946,12.082250451671184,0.02182275,927.167451650458,Wood
86.1,8.51,1086.155332946187,89.8974963041946,12.082250451671184,0.02182275,927.167451650458,Wood
86.1,8.51,1086.155332946187,89.8974963041946,12.082250451671184,0.02182275,927.167451650458,Wood
86.1,8.51,1086.155332946187,89.8974963041946,12.082250451671184,0.02182275,927.167451650458,Wood
86.1,8.51,1086.155332946187,89.8974963041946,12.082250451671184,0.02182275,927.167451650458,Wood
95.5,17.51,1577.5251123404348,169.65370082508178,9.30298941903476,0.1578347499999995,2355.4378509047974,Wood
95.5,17.51,1577.5251123404348,169.65370082508178,9.30298941903476,0.1578347499999995,2355.4378509047974,Wood
95.5,17.51,1577.5251123404348,169.65370082508178,9.30298941903476,0.1578347499999995,2355.4378509047974,Wood
95.5,17.51,1577.5251123404348,169.65370082508178,9.30298941903476,0.1578347499999995,2355.4378509047974,Wood
95.5,17.51,1577.5251123404348,169.65370082508178,9.30298941903476,0.1578347499999995,2355.4378509047974,Wood
95.5,18.38,1577.5251123404348,169.65370082508178,9.30298941903476,0.1578347499999995,2355.4378509047974,Wood
95.5,18.38,1577.5251123404348,169.65370082508178,9.30298941903476,0.1578347499999995,2355.4378509047974,Wood
95.5,18.38,1577.5251123404348,169.65370082508178,9.30298941903476,0.1578347499999995,2355.4378509047974,Wood
95.5,18.38,1577.5251123404348,169.65370082508178,9.30298941903476,0.1578347499999995,2355.4378509047974,Wood
95.5,18.38,1577.5251123404348,169.65370082508178,9.30298941903476,0.1578347499999995,2355.4378509047974,Wood
95.5,17.41,1577.5251123404348,169.65370082508178,9.30298941903476,0.1578347499999995,2355.4378509047974,Wood
95.5,17.41,1577.5251123404348,169.65370082508178,9.30298941903476,0.1578347499999995,2355.4378509047974,Wood
95.5,17.41,1577.5251123404348,169.65370082508178,9.30298941903476,0.1578347499999995,2355.4378509047974,Wood
95.5,17.41,1577.5251123404348,169.65370082508178,9.30298941903476,0.1578347499999995,2355.4378509047974,Wood
95.5,17.41,1577.5251123404348,169.65370082508178,9.30298941903476,0.1578347499999995,2355.4378509047974,Wood
95.5,17.41,1577.5251123404348,169.65370082508178,9.30298941903476,0.1578347499999995,2355.4378509047974,Wood
95.4,17.5,1577.5251123404348,169.65370082508178,9.30298941903476,0.1578347499999995,2355.4378509047974,Wood
95.4,17.5,1577.5251123404348,169.65370082508178,9.30298941903476,0.1578347499999995,2355.4378509047974,Wood
95.4,17.5,1577.5251123404348,169.65370082508178,9.30298941903476,0.1578347499999995,2355.4378509047974,Wood
95.4,17.5,1577.5251123404348,169.65370082508178,9.30298941903476,0.1578347499999995,2355.4378509047974,Wood
106.8,15.21,1285.3738231810432,157.11953262212188,8.185403231963173,0.1926749999999995,921.7735331820946,Wood
106.8,15.21,1285.3738231810432,157.11953262212188,8.185403231963173,0.1926749999999995,921.7735331820946,Wood
106.8,15.21,1285.3738231810432,157.11953262212188,8.185403231963173,0.1926749999999995,921.7735331820946,Wood
106.8,15.21,1285.3738231810432,157.11953262212188,8.185403231963173,0.1926749999999995,921.7735331820946,Wood
106.8,15.21,1285.3738231810432,157.11953262212188,8.185403231963173,0.1926749999999995,921.7735331820946,Wood
107.2,15.31,1285.3738231810432,157.11953262212188,8.185403231963173,0.1926749999999995,921.7735331820946,Wood
107.2,15.31,1285.3738231810432,157.11953262212188,8.185403231963173,0.1926749999999995,921.7735331820946,Wood
107.2,15.31,1285.3738231810432,157.11953262212188,8.185403231963173,0.1926749999999995,921.7735331820946,Wood
107.2,15.31,1285.3738231810432,157.11953262212188,8.185403231963173,0.1926749999999995,921.7735331820946,Wood
107.2,15.31,1285.3738231810432,157.11953262212188,8.185403231963173,0.1926749999999995,921.7735331820946,Wood
107.6,16.27,1285.3738231810432,157.11953262212188,8.185403231963173,0.1926749999999995,921.7735331820946,Wood
107.6,16.27,1285.3738231810432,157.11953262212188,8.185403231963173,0.1926749999999995,921.7735331820946,Wood
107.6,16.27,1285.3738231810432,157.11953262212188,8.185403231963173,0.1926749999999995,921.7735331820946,Wood
107.6,16.27,1285.3738231810432,157.11953262212188,8.185403231963173,0.1926749999999995,921.7735331820946,Wood
107.6,16.27,1285.3738231810432,157.11953262212188,8.185403231963173,0.1926749999999995,921.7735331820946,Wood
107.6,16.27,1285.3738231810432,157.11953262212188,8.185403231963173,0.1926749999999995,921.7735331820946,Wood
107.6,15.67,1285.3738231810432,157.11953262212188,8.185403231963173,0.1926749999999995,921.7735331820946,Wood
107.6,15.67,1285.3738231810432,157.11953262212188,8.185403231963173,0.1926749999999995,921.7735331820946,Wood
107.6,15.67,1285.3738231810432,157.11953262212188,8.185403231963173,0.1926749999999995,921.7735331820946,Wood
107.6,15.67,1285.3738231810432,157.11953262212188,8.185403231963173,0.1926749999999995,921.7735331820946,Wood
117.6,14.57,1117.4508928571431,146.47899141201387,7.628677721088432,0.0863247499999999,3353.2633518521934,Wood
117.6,14.57,1117.4508928571431,146.47899141201387,7.628677721088432,0.0863247499999999,3353.2633518521934,Wood
117.6,14.57,1117.4508928571431,146.47899141201387,7.628677721088432,0.0863247499999999,3353.2633518521934,Wood
117.6,14.57,1117.4508928571431,146.47899141201387,7.628677721088432,0.0863247499999999,3353.2633518521934,Wood
117.6,14.57,1117.4508928571431,146.47899141201387,7.628677721088432,0.0863247499999999,3353.2633518521934,Wood
117.6,14.57,1117.4508928571431,146.47899141201387,7.628677721088432,0.0863247499999999,3353.2633518521934,Wood
117.6,14.46,1117.4508928571431,146.47899141201387,7.628677721088432,0.0863247499999999,3353.2633518521934,Wood
117.6,14.46,1117.4508928571431,146.47899141201387,7.628677721088432,0.0863247499999999,3353.2633518521934,Wood
117.6,14.46,1117.4508928571431,146.47899141201387,7.628677721088432,0.0863247499999999,3353.2633518521934,Wood
117.6,14.46,1117.4508928571431,146.47899141201387,7.628677721088432,0.0863247499999999,3353.2633518521934,Wood
117.6,14.46,1117.4508928571431,146.47899141201387,7.628677721088432,0.0863247499999999,3353.2633518521934,Wood
117.6,14.47,1117.4508928571431,146.47899141201387,7.628677721088432,0.0863247499999999,3353.2633518521934,Wood
117.6,14.47,1117.4508928571431,146.47899141201387,7.628677721088432,0.0863247499999999,3353.2633518521934,Wood
117.6,14.47,1117.4508928571431,146.47899141201387,7.628677721088432,0.0863247499999999,3353.2633518521934,Wood
117.6,14.47,1117.4508928571431,146.47899141201387,7.628677721088432,0.0863247499999999,3353.2633518521934,Wood
117.6,14.47,1117.4508928571431,146.47899141201387,7.628677721088432,0.0863247499999999,3353.2633518521934,Wood
117.6,15.23,1117.4508928571431,146.47899141201387,7.628677721088432,0.0863247499999999,3353.2633518521934,Wood
117.6,15.23,1117.4508928571431,146.47899141201387,7.628677721088432,0.0863247499999999,3353.2633518521934,Wood
117.6,15.23,1117.4508928571431,146.47899141201387,7.628677721088432,0.0863247499999999,3353.2633518521934,Wood
117.6,15.23,1117.4508928571431,146.47899141201387,7.628677721088432,0.0863247499999999,3353.2633518521934,Wood
128.5,12.44,959.3985292116822,127.75621623910588,7.509762050668613,0.0542,212.01475915605528,Wood
128.5,12.44,959.3985292116822,127.75621623910588,7.509762050668613,0.0542,212.01475915605528,Wood
128.5,12.44,959.3985292116822,127.75621623910588,7.509762050668613,0.0542,212.01475915605528,Wood
128.5,12.44,959.3985292116822,127.75621623910588,7.509762050668613,0.0542,212.01475915605528,Wood
128.5,12.44,959.3985292116822,127.75621623910588,7.509762050668613,0.0542,212.01475915605528,Wood
128.3,12.74,959.3985292116822,127.75621623910588,7.509762050668613,0.0542,212.01475915605528,Wood
128.3,12.74,959.3985292116822,127.75621623910588,7.509762050668613,0.0542,212.01475915605528,Wood
128.3,12.74,959.3985292116822,127.75621623910588,7.509762050668613,0.0542,212.01475915605528,Wood
128.3,12.74,959.3985292116822,127.75621623910588,7.509762050668613,0.0542,212.01475915605528,Wood
128.3,12.74,959.3985292116822,127.75621623910588,7.509762050668613,0.0542,212.01475915605528,Wood
128.3,12.74,959.3985292116822,127.75621623910588,7.509762050668613,0.0542,212.01475915605528,Wood
128.2,12.16,959.3985292116822,127.75621623910588,7.509762050668613,0.0542,212.01475915605528,Wood
128.2,12.16,959.3985292116822,127.75621623910588,7.509762050668613,0.0542,212.01475915605528,Wood
128.2,12.16,959.3985292116822,127.75621623910588,7.509762050668613,0.0542,212.01475915605528,Wood
128.2,12.16,959.3985292116822,127.75621623910588,7.509762050668613,0.0542,212.01475915605528,Wood
128.2,12.16,959.3985292116822,127.75621623910588,7.509762050668613,0.0542,212.01475915605528,Wood
128.0,12.24,959.3985292116822,127.75621623910588,7.509762050668613,0.0542,212.01475915605528,Wood
128.0,12.24,959.3985292116822,127.75621623910588,7.509762050668613,0.0542,212.01475915605528,Wood
128.0,12.24,959.3985292116822,127.75621623910588,7.509762050668613,0.0542,212.01475915605528,Wood
128.0,12.24,959.3985292116822,127.75621623910588,7.509762050668613,0.0542,212.01475915605528,Wood
137.6,12.69,978.5196106210126,138.95481355180294,7.04298181436811,0.1283647500000002,1908.673766224863,Wood
137.6,13.05,978.5196106210126,138.95481355180294,7.04298181436811,0.1283647500000002,1908.673766224863,Wood
137.6,13.05,978.5196106210126,138.95481355180294,7.04298181436811,0.1283647500000002,1908.673766224863,Wood
137.6,13.05,978.5196106210126,138.95481355180294,7.04298181436811,0.1283647500000002,1908.673766224863,Wood
137.6,13.05,978.5196106210126,138.95481355180294,7.04298181436811,0.1283647500000002,1908.673766224863,Wood
137.6,13.05,978.5196106210126,138.95481355180294,7.04298181436811,0.1283647500000002,1908.673766224863,Wood
137.5,12.86,978.5196106210126,138.95481355180294,7.04298181436811,0.1283647500000002,1908.673766224863,Wood
137.5,12.86,978.5196106210126,138.95481355180294,7.04298181436811,0.1283647500000002,1908.673766224863,Wood
137.5,12.86,978.5196106210126,138.95481355180294,7.04298181436811,0.1283647500000002,1908.673766224863,Wood
137.5,12.86,978.5196106210126,138.95481355180294,7.04298181436811,0.1283647500000002,1908.673766224863,Wood
137.5,12.86,978.5196106210126,138.95481355180294,7.04298181436811,0.1283647500000002,1908.673766224863,Wood
137.5,12.86,978.5196106210126,138.95481355180294,7.04298181436811,0.1283647500000002,1908.673766224863,Wood
137.4,13.73,978.5196106210126,138.95481355180294,7.04298181436811,0.1283647500000002,1908.673766224863,Wood
137.4,13.73,978.5196106210126,138.95481355180294,7.04298181436811,0.1283647500000002,1908.673766224863,Wood
137.4,13.73,978.5196106210126,138.95481355180294,7.04298181436811,0.1283647500000002,1908.673766224863,Wood
137.4,13.73,978.5196106210126,138.95481355180294,7.04298181436811,0.1283647500000002,1908.673766224863,Wood
137.4,13.73,978.5196106210126,138.95481355180294,7.04298181436811,0.1283647500000002,1908.673766224863,Wood
137.3,13.38,978.5196106210126,138.95481355180294,7.04298181436811,0.1283647500000002,1908.673766224863,Wood
137.3,13.38,978.5196106210126,138.95481355180294,7.04298181436811,0.1283647500000002,1908.673766224863,Wood
137.3,13.38,978.5196106210126,138.95481355180294,7.04298181436811,0.1283647500000002,1908.673766224863,Wood
145.4,10.41,730.6970619974759,109.87474723724468,6.650578853453206,0.0050827499999999,263.4472020633361,Wood
145.4,10.41,730.6970619974759,109.87474723724468,6.650578853453206,0.0050827499999999,263.4472020633361,Wood
145.4,10.41,730.6970619974759,109.87474723724468,6.650578853453206,0.0050827499999999,263.4472020633361,Wood
145.4,10.41,730.6970619974759,109.87474723724468,6.650578853453206,0.0050827499999999,263.4472020633361,Wood
145.4,10.41,730.6970619974759,109.87474723724468,6.650578853453206,0.0050827499999999,263.4472020633361,Wood
145.4,10.32,730.6970619974759,109.87474723724468,6.650578853453206,0.0050827499999999,263.4472020633361,Wood
145.4,10.32,730.6970619974759,109.87474723724468,6.650578853453206,0.0050827499999999,263.4472020633361,Wood
145.4,10.32,730.6970619974759,109.87474723724468,6.650578853453206,0.0050827499999999,263.4472020633361,Wood
145.4,10.32,730.6970619974759,109.87474723724468,6.650578853453206,0.0050827499999999,263.4472020633361,Wood
145.4,10.32,730.6970619974759,109.87474723724468,6.650578853453206,0.0050827499999999,263.4472020633361,Wood
145.4,10.41,730.6970619974759,109.87474723724468,6.650578853453206,0.0050827499999999,263.4472020633361,Wood
145.4,10.41,730.6970619974759,109.87474723724468,6.650578853453206,0.0050827499999999,263.4472020633361,Wood
145.4,10.41,730.6970619974759,109.87474723724468,6.650578853453206,0.0050827499999999,263.4472020633361,Wood
145.4,10.41,730.6970619974759,109.87474723724468,6.650578853453206,0.0050827499999999,263.4472020633361,Wood
145.4,10.41,730.6970619974759,109.87474723724468,6.650578853453206,0.0050827499999999,263.4472020633361,Wood
145.4,10.41,730.6970619974759,109.87474723724468,6.650578853453206,0.0050827499999999,263.4472020633361,Wood
145.5,10.23,730.6970619974759,109.87474723724468,6.650578853453206,0.0050827499999999,263.4472020633361,Wood
145.5,10.23,730.6970619974759,109.87474723724468,6.650578853453206,0.0050827499999999,263.4472020633361,Wood
145.5,10.23,730.6970619974759,109.87474723724468,6.650578853453206,0.0050827499999999,263.4472020633361,Wood
145.5,10.23,730.6970619974759,109.87474723724468,6.650578853453206,0.0050827499999999,263.4472020633361,Wood
155.3,10.17,743.9939079176684,108.3115172448233,6.869530634028381,0.012596,1084.5112375973792,Wood
155.3,10.37,743.9939079176684,108.3115172448233,6.869530634028381,0.012596,1084.5112375973792,Wood
155.3,10.37,743.9939079176684,108.3115172448233,6.869530634028381,0.012596,1084.5112375973792,Wood
155.3,10.37,743.9939079176684,108.3115172448233,6.869530634028381,0.012596,1084.5112375973792,Wood
155.3,10.37,743.9939079176684,108.3115172448233,6.869530634028381,0.012596,1084.5112375973792,Wood
155.3,10.37,743.9939079176684,108.3115172448233,6.869530634028381,0.012596,1084.5112375973792,Wood
155.3,10.37,743.9939079176684,108.3115172448233,6.869530634028381,0.012596,1084.5112375973792,Wood
155.3,10.6,743.9939079176684,108.3115172448233,6.869530634028381,0.012596,1084.5112375973792,Wood
155.3,10.6,743.9939079176684,108.3115172448233,6.869530634028381,0.012596,1084.5112375973792,Wood
155.3,10.6,743.9939079176684,108.3115172448233,6.869530634028381,0.012596,1084.5112375973792,Wood
155.3,10.6,743.9939079176684,108.3115172448233,6.869530634028381,0.012596,1084.5112375973792,Wood
155.3,10.6,743.9939079176684,108.3115172448233,6.869530634028381,0.012596,1084.5112375973792,Wood
155.4,10.37,743.9939079176684,108.3115172448233,6.869530634028381,0.012596,1084.5112375973792,Wood
155.4,10.37,743.9939079176684,108.3115172448233,6.869530634028381,0.012596,1084.5112375973792,Wood
155.4,10.37,743.9939079176684,108.3115172448233,6.869530634028381,0.012596,1084.5112375973792,Wood
155.4,10.37,743.9939079176684,108.3115172448233,6.869530634028381,0.012596,1084.5112375973792,Wood
155.4,10.37,743.9939079176684,108.3115172448233,6.869530634028381,0.012596,1084.5112375973792,Wood
155.4,10.44,743.9939079176684,108.3115172448233,6.869530634028381,0.012596,1084.5112375973792,Wood
155.4,10.44,743.9939079176684,108.3115172448233,6.869530634028381,0.012596,1084.5112375973792,Wood
155.4,10.44,743.9939079176684,108.3115172448233,6.869530634028381,0.012596,1084.5112375973792,Wood
166.1,10.14,628.8087714033389,104.39504014325514,6.025139882801335,0.0269359999999999,1114.0588893209397,Wood
166.1,10.14,628.8087714033389,104.39504014325514,6.025139882801335,0.0269359999999999,1114.0588893209397,Wood
166.1,9.72,628.8087714033389,104.39504014325514,6.025139882801335,0.0269359999999999,1114.0588893209397,Wood
166.1,9.72,628.8087714033389,104.39504014325514,6.025139882801335,0.0269359999999999,1114.0588893209397,Wood
166.1,9.72,628.8087714033389,104.39504014325514,6.025139882801335,0.0269359999999999,1114.0588893209397,Wood
166.1,9.72,628.8087714033389,104.39504014325514,6.025139882801335,0.0269359999999999,1114.0588893209397,Wood
166.1,9.72,628.8087714033389,104.39504014325514,6.025139882801335,0.0269359999999999,1114.0588893209397,Wood
166.1,9.72,628.8087714033389,104.39504014325514,6.025139882801335,0.0269359999999999,1114.0588893209397,Wood
166.1,9.97,628.8087714033389,104.39504014325514,6.025139882801335,0.0269359999999999,1114.0588893209397,Wood
166.1,9.97,628.8087714033389,104.39504014325514,6.025139882801335,0.0269359999999999,1114.0588893209397,Wood
166.1,9.97,628.8087714033389,104.39504014325514,6.025139882801335,0.0269359999999999,1114.0588893209397,Wood
166.1,9.97,628.8087714033389,104.39504014325514,6.025139882801335,0.0269359999999999,1114.0588893209397,Wood
166.1,9.97,628.8087714033389,104.39504014325514,6.025139882801335,0.0269359999999999,1114.0588893209397,Wood
166.2,10.09,628.8087714033389,104.39504014325514,6.025139882801335,0.0269359999999999,1114.0588893209397,Wood
166.2,10.09,628.8087714033389,104.39504014325514,6.025139882801335,0.0269359999999999,1114.0588893209397,Wood
166.2,10.09,628.8087714033389,104.39504014325514,6.025139882801335,0.0269359999999999,1114.0588893209397,Wood
166.2,10.09,628.8087714033389,104.39504014325514,6.025139882801335,0.0269359999999999,1114.0588893209397,Wood
166.2,10.09,628.8087714033389,104.39504014325514,6.025139882801335,0.0269359999999999,1114.0588893209397,Wood
166.2,10.09,628.8087714033389,104.39504014325514,6.025139882801335,0.0269359999999999,1114.0588893209397,Wood
166.3,9.77,628.8087714033389,104.39504014325514,6.025139882801335,0.0269359999999999,1114.0588893209397,Wood
175.6,9.18,589.5031805474266,101.59441916034154,5.804701821643588,0.071496,904.2404607597466,Wood
175.6,9.18,589.5031805474266,101.59441916034154,5.804701821643588,0.071496,904.2404607597466,Wood
175.6,9.18,589.5031805474266,101.59441916034154,5.804701821643588,0.071496,904.2404607597466,Wood
175.9,9.28,589.5031805474266,101.59441916034154,5.804701821643588,0.071496,904.2404607597466,Wood
175.9,9.28,589.5031805474266,101.59441916034154,5.804701821643588,0.071496,904.2404607597466,Wood
175.9,9.28,589.5031805474266,101.59441916034154,5.804701821643588,0.071496,904.2404607597466,Wood
175.9,9.28,589.5031805474266,101.59441916034154,5.804701821643588,0.071496,904.2404607597466,Wood
175.9,9.28,589.5031805474266,101.59441916034154,5.804701821643588,0.071496,904.2404607597466,Wood
176.0,9.86,589.5031805474266,101.59441916034154,5.804701821643588,0.071496,904.2404607597466,Wood
176.0,9.86,589.5031805474266,101.59441916034154,5.804701821643588,0.071496,904.2404607597466,Wood
176.0,9.86,589.5031805474266,101.59441916034154,5.804701821643588,0.071496,904.2404607597466,Wood
176.0,9.86,589.5031805474266,101.59441916034154,5.804701821643588,0.071496,904.2404607597466,Wood
176.0,9.86,589.5031805474266,101.59441916034154,5.804701821643588,0.071496,904.2404607597466,Wood
176.0,9.86,589.5031805474266,101.59441916034154,5.804701821643588,0.071496,904.2404607597466,Wood
176.0,9.54,589.5031805474266,101.59441916034154,5.804701821643588,0.071496,904.2404607597466,Wood
176.0,9.54,589.5031805474266,101.59441916034154,5.804701821643588,0.071496,904.2404607597466,Wood
176.0,9.54,589.5031805474266,101.59441916034154,5.804701821643588,0.071496,904.2404607597466,Wood
176.0,9.54,589.5031805474266,101.59441916034154,5.804701821643588,0.071496,904.2404607597466,Wood
176.0,9.54,589.5031805474266,101.59441916034154,5.804701821643588,0.071496,904.2404607597466,Wood
175.6,9.84,589.5031805474266,101.59441916034154,5.804701821643588,0.071496,904.2404607597466,Wood
185.2,7.27,373.6666407955578,71.9215713336644,5.197199866482348,0.01672875,987.2229177217272,Wood
185.2,7.45,373.6666407955578,71.9215713336644,5.197199866482348,0.01672875,987.2229177217272,Wood
185.2,7.45,373.6666407955578,71.9215713336644,5.197199866482348,0.01672875,987.2229177217272,Wood
185.2,7.45,373.6666407955578,71.9215713336644,5.197199866482348,0.01672875,987.2229177217272,Wood
185.2,7.45,373.6666407955578,71.9215713336644,5.197199866482348,0.01672875,987.2229177217272,Wood
185.2,7.45,373.6666407955578,71.9215713336644,5.197199866482348,0.01672875,987.2229177217272,Wood
185.3,7.14,373.6666407955578,71.9215713336644,5.197199866482348,0.01672875,987.2229177217272,Wood
185.3,7.14,373.6666407955578,71.9215713336644,5.197199866482348,0.01672875,987.2229177217272,Wood
185.3,7.14,373.6666407955578,71.9215713336644,5.197199866482348,0.01672875,987.2229177217272,Wood
185.3,7.14,373.6666407955578,71.9215713336644,5.197199866482348,0.01672875,987.2229177217272,Wood
185.3,7.14,373.6666407955578,71.9215713336644,5.197199866482348,0.01672875,987.2229177217272,Wood
185.3,7.14,373.6666407955578,71.9215713336644,5.197199866482348,0.01672875,987.2229177217272,Wood
185.2,7.24,373.6666407955578,71.9215713336644,5.197199866482348,0.01672875,987.2229177217272,Wood
185.2,7.24,373.6666407955578,71.9215713336644,5.197199866482348,0.01672875,987.2229177217272,Wood
185.2,7.24,373.6666407955578,71.9215713336644,5.197199866482348,0.01672875,987.2229177217272,Wood
185.2,7.24,373.6666407955578,71.9215713336644,5.197199866482348,0.01672875,987.2229177217272,Wood
185.2,7.24,373.6666407955578,71.9215713336644,5.197199866482348,0.01672875,987.2229177217272,Wood
185.2,7.43,373.6666407955578,71.9215713336644,5.197199866482348,0.01672875,987.2229177217272,Wood
185.2,7.43,373.6666407955578,71.9215713336644,5.197199866482348,0.01672875,987.2229177217272,Wood
185.2,7.43,373.6666407955578,71.9215713336644,5.197199866482348,0.01672875,987.2229177217272,Wood
194.7,9.08,459.39713801717863,95.6203190277011,4.804633400577768,0.0698647499999999,761.3783673542339,Wood
194.7,9.08,459.39713801717863,95.6203190277011,4.804633400577768,0.0698647499999999,761.3783673542339,Wood
194.7,9.08,459.39713801717863,95.6203190277011,4.804633400577768,0.0698647499999999,761.3783673542339,Wood
194.7,9.08,459.39713801717863,95.6203190277011,4.804633400577768,0.0698647499999999,761.3783673542339,Wood
194.6,9.48,459.39713801717863,95.6203190277011,4.804633400577768,0.0698647499999999,761.3783673542339,Wood
194.6,9.48,459.39713801717863,95.6203190277011,4.804633400577768,0.0698647499999999,761.3783673542339,Wood
194.6,9.48,459.39713801717863,95.6203190277011,4.804633400577768,0.0698647499999999,761.3783673542339,Wood
194.6,9.48,459.39713801717863,95.6203190277011,4.804633400577768,0.0698647499999999,761.3783673542339,Wood
194.6,9.48,459.39713801717863,95.6203190277011,4.804633400577768,0.0698647499999999,761.3783673542339,Wood
194.7,9.84,459.39713801717863,95.6203190277011,4.804633400577768,0.0698647499999999,761.3783673542339,Wood
194.7,9.84,459.39713801717863,95.6203190277011,4.804633400577768,0.0698647499999999,761.3783673542339,Wood
194.7,9.84,459.39713801717863,95.6203190277011,4.804633400577768,0.0698647499999999,761.3783673542339,Wood
194.7,9.84,459.39713801717863,95.6203190277011,4.804633400577768,0.0698647499999999,761.3783673542339,Wood
194.7,9.84,459.39713801717863,95.6203190277011,4.804633400577768,0.0698647499999999,761.3783673542339,Wood
194.7,9.84,459.39713801717863,95.6203190277011,4.804633400577768,0.0698647499999999,761.3783673542339,Wood
194.8,9.53,459.39713801717863,95.6203190277011,4.804633400577768,0.0698647499999999,761.3783673542339,Wood
194.8,9.53,459.39713801717863,95.6203190277011,4.804633400577768,0.0698647499999999,761.3783673542339,Wood
194.8,9.53,459.39713801717863,95.6203190277011,4.804633400577768,0.0698647499999999,761.3783673542339,Wood
194.8,9.53,459.39713801717863,95.6203190277011,4.804633400577768,0.0698647499999999,761.3783673542339,Wood
194.8,9.53,459.39713801717863,95.6203190277011,4.804633400577768,0.0698647499999999,761.3783673542339,Wood
205.6,8.93,445.0244921933828,91.32739952578214,4.880597997699157,0.0073727499999999,1691.3050350542935,Wood
205.6,8.93,445.0244921933828,91.32739952578214,4.880597997699157,0.0073727499999999,1691.3050350542935,Wood
205.6,8.93,445.0244921933828,91.32739952578214,4.880597997699157,0.0073727499999999,1691.3050350542935,Wood
205.6,8.93,445.0244921933828,91.32739952578214,4.880597997699157,0.0073727499999999,1691.3050350542935,Wood
205.4,8.8,445.0244921933828,91.32739952578214,4.880597997699157,0.0073727499999999,1691.3050350542935,Wood
205.4,8.8,445.0244921933828,91.32739952578214,4.880597997699157,0.0073727499999999,1691.3050350542935,Wood
205.4,8.8,445.0244921933828,91.32739952578214,4.880597997699157,0.0073727499999999,1691.3050350542935,Wood
205.4,8.8,445.0244921933828,91.32739952578214,4.880597997699157,0.0073727499999999,1691.3050350542935,Wood
205.4,8.8,445.0244921933828,91.32739952578214,4.880597997699157,0.0073727499999999,1691.3050350542935,Wood
205.2,8.71,445.0244921933828,91.32739952578214,4.880597997699157,0.0073727499999999,1691.3050350542935,Wood
205.2,8.71,445.0244921933828,91.32739952578214,4.880597997699157,0.0073727499999999,1691.3050350542935,Wood
205.2,8.71,445.0244921933828,91.32739952578214,4.880597997699157,0.0073727499999999,1691.3050350542935,Wood
205.2,8.71,445.0244921933828,91.32739952578214,4.880597997699157,0.0073727499999999,1691.3050350542935,Wood
205.2,8.71,445.0244921933828,91.32739952578214,4.880597997699157,0.0073727499999999,1691.3050350542935,Wood
205.2,8.71,445.0244921933828,91.32739952578214,4.880597997699157,0.0073727499999999,1691.3050350542935,Wood
205.2,8.89,445.0244921933828,91.32739952578214,4.880597997699157,0.0073727499999999,1691.3050350542935,Wood
205.2,8.89,445.0244921933828,91.32739952578214,4.880597997699157,0.0073727499999999,1691.3050350542935,Wood
205.2,8.89,445.0244921933828,91.32739952578214,4.880597997699157,0.0073727499999999,1691.3050350542935,Wood
205.2,8.89,445.0244921933828,91.32739952578214,4.880597997699157,0.0073727499999999,1691.3050350542935,Wood
205.2,8.89,445.0244921933828,91.32739952578214,4.880597997699157,0.0073727499999999,1691.3050350542935,Wood
215.7,7.97,361.4477446845575,76.16062001002622,4.747600547017479,0.0112747499999999,685.6063611140148,Wood
215.7,7.97,361.4477446845575,76.16062001002622,4.747600547017479,0.0112747499999999,685.6063611140148,Wood
215.7,7.97,361.4477446845575,76.16062001002622,4.747600547017479,0.0112747499999999,685.6063611140148,Wood
215.7,7.97,361.4477446845575,76.16062001002622,4.747600547017479,0.0112747499999999,685.6063611140148,Wood
215.7,7.97,361.4477446845575,76.16062001002622,4.747600547017479,0.0112747499999999,685.6063611140148,Wood
215.7,8.18,361.4477446845575,76.16062001002622,4.747600547017479,0.0112747499999999,685.6063611140148,Wood
215.7,8.18,361.4477446845575,76.16062001002622,4.747600547017479,0.0112747499999999,685.6063611140148,Wood
215.7,8.18,361.4477446845575,76.16062001002622,4.747600547017479,0.0112747499999999,685.6063611140148,Wood
215.7,8.18,361.4477446845575,76.16062001002622,4.747600547017479,0.0112747499999999,685.6063611140148,Wood
215.7,8.18,361.4477446845575,76.16062001002622,4.747600547017479,0.0112747499999999,685.6063611140148,Wood
215.7,8.18,361.4477446845575,76.16062001002622,4.747600547017479,0.0112747499999999,685.6063611140148,Wood
216.1,8.1,361.4477446845575,76.16062001002622,4.747600547017479,0.0112747499999999,685.6063611140148,Wood
216.1,8.1,361.4477446845575,76.16062001002622,4.747600547017479,0.0112747499999999,685.6063611140148,Wood
216.1,8.1,361.4477446845575,76.16062001002622,4.747600547017479,0.0112747499999999,685.6063611140148,Wood
216.1,8.1,361.4477446845575,76.16062001002622,4.747600547017479,0.0112747499999999,685.6063611140148,Wood
216.1,8.1,361.4477446845575,76.16062001002622,4.747600547017479,0.0112747499999999,685.6063611140148,Wood
216.1,8.27,361.4477446845575,76.16062001002622,4.747600547017479,0.0112747499999999,685.6063611140148,Wood
216.1,8.27,361.4477446845575,76.16062001002622,4.747600547017479,0.0112747499999999,685.6063611140148,Wood
216.1,8.27,361.4477446845575,76.16062001002622,4.747600547017479,0.0112747499999999,685.6063611140148,Wood
216.1,8.27,361.4477446845575,76.16062001002622,4.747600547017479,0.0112747499999999,685.6063611140148,Wood
226.3,8.54,383.6975916924436,90.41516434786124,4.244186920017675,0.0612727499999999,1284.735445247387,Wood
226.3,9.01,383.6975916924436,90.41516434786124,4.244186920017675,0.0612727499999999,1284.735445247387,Wood
226.3,9.01,383.6975916924436,90.41516434786124,4.244186920017675,0.0612727499999999,1284.735445247387,Wood
226.3,9.01,383.6975916924436,90.41516434786124,4.244186920017675,0.0612727499999999,1284.735445247387,Wood
226.3,9.01,383.6975916924436,90.41516434786124,4.244186920017675,0.0612727499999999,1284.735445247387,Wood
226.3,9.01,383.6975916924436,90.41516434786124,4.244186920017675,0.0612727499999999,1284.735445247387,Wood
226.3,9.25,383.6975916924436,90.41516434786124,4.244186920017675,0.0612727499999999,1284.735445247387,Wood
226.3,9.25,383.6975916924436,90.41516434786124,4.244186920017675,0.0612727499999999,1284.735445247387,Wood
226.3,9.25,383.6975916924436,90.41516434786124,4.244186920017675,0.0612727499999999,1284.735445247387,Wood
226.3,9.25,383.6975916924436,90.41516434786124,4.244186920017675,0.0612727499999999,1284.735445247387,Wood
226.3,9.25,383.6975916924436,90.41516434786124,4.244186920017675,0.0612727499999999,1284.735445247387,Wood
226.3,9.25,383.6975916924436,90.41516434786124,4.244186920017675,0.0612727499999999,1284.735445247387,Wood
226.3,9.35,383.6975916924436,90.41516434786124,4.244186920017675,0.0612727499999999,1284.735445247387,Wood
226.3,9.35,383.6975916924436,90.41516434786124,4.244186920017675,0.0612727499999999,1284.735445247387,Wood
226.3,9.35,383.6975916924436,90.41516434786124,4.244186920017675,0.0612727499999999,1284.735445247387,Wood
226.3,9.35,383.6975916924436,90.41516434786124,4.244186920017675,0.0612727499999999,1284.735445247387,Wood
226.3,9.35,383.6975916924436,90.41516434786124,4.244186920017675,0.0612727499999999,1284.735445247387,Wood
226.3,9.61,383.6975916924436,90.41516434786124,4.244186920017675,0.0612727499999999,1284.735445247387,Wood
226.3,9.61,383.6975916924436,90.41516434786124,4.244186920017675,0.0612727499999999,1284.735445247387,Wood
226.3,9.61,383.6975916924436,90.41516434786124,4.244186920017675,0.0612727499999999,1284.735445247387,Wood
236.2,6.51,343.21111346316684,70.06496423944827,4.905897544453853,0.05782875,1544.1324801567405,Wood
236.2,6.87,343.21111346316684,70.06496423944827,4.905897544453853,0.05782875,1544.1324801567405,Wood
236.2,6.87,343.21111346316684,70.06496423944827,4.905897544453853,0.05782875,1544.1324801567405,Wood
236.2,6.87,343.21111346316684,70.06496423944827,4.905897544453853,0.05782875,1544.1324801567405,Wood
236.2,6.87,343.21111346316684,70.06496423944827,4.905897544453853,0.05782875,1544.1324801567405,Wood
236.2,6.87,343.21111346316684,70.06496423944827,4.905897544453853,0.05782875,1544.1324801567405,Wood
236.2,7.15,343.21111346316684,70.06496423944827,4.905897544453853,0.05782875,1544.1324801567405,Wood
236.2,7.15,343.21111346316684,70.06496423944827,4.905897544453853,0.05782875,1544.1324801567405,Wood
236.2,7.15,343.21111346316684,70.06496423944827,4.905897544453853,0.05782875,1544.1324801567405,Wood
236.2,7.15,343.21111346316684,70.06496423944827,4.905897544453853,0.05782875,1544.1324801567405,Wood
236.2,7.15,343.21111346316684,70.06496423944827,4.905897544453853,0.05782875,1544.1324801567405,Wood
236.2,6.53,343.21111346316684,70.06496423944827,4.905897544453853,0.05782875,1544.1324801567405,Wood
236.2,6.53,343.21111346316684,70.06496423944827,4.905897544453853,0.05782875,1544.1324801567405,Wood
236.2,6.53,343.21111346316684,70.06496423944827,4.905897544453853,0.05782875,1544.1324801567405,Wood
236.2,6.53,343.21111346316684,70.06496423944827,4.905897544453853,0.05782875,1544.1324801567405,Wood
236.2,6.53,343.21111346316684,70.06496423944827,4.905897544453853,0.05782875,1544.1324801567405,Wood
236.2,6.53,343.21111346316684,70.06496423944827,4.905897544453853,0.05782875,1544.1324801567405,Wood
236.2,6.82,343.21111346316684,70.06496423944827,4.905897544453853,0.05782875,1544.1324801567405,Wood
236.2,6.82,343.21111346316684,70.06496423944827,4.905897544453853,0.05782875,1544.1324801567405,Wood
236.2,6.82,343.21111346316684,70.06496423944827,4.905897544453853,0.05782875,1544.1324801567405,Wood
246.8,8.79,385.65867141533954,88.63401868245334,4.351654237012208,0.0241110000000001,1820.4412331835904,Wood
246.8,8.79,385.65867141533954,88.63401868245334,4.351654237012208,0.0241110000000001,1820.4412331835904,Wood
246.8,8.79,385.65867141533954,88.63401868245334,4.351654237012208,0.0241110000000001,1820.4412331835904,Wood
246.8,8.79,385.65867141533954,88.63401868245334,4.351654237012208,0.0241110000000001,1820.4412331835904,Wood
246.9,9.24,385.65867141533954,88.63401868245334,4.351654237012208,0.0241110000000001,1820.4412331835904,Wood
246.9,9.24,385.65867141533954,88.63401868245334,4.351654237012208,0.0241110000000001,1820.4412331835904,Wood
246.9,9.24,385.65867141533954,88.63401868245334,4.351654237012208,0.0241110000000001,1820.4412331835904,Wood
246.9,9.24,385.65867141533954,88.63401868245334,4.351654237012208,0.0241110000000001,1820.4412331835904,Wood
246.9,9.24,385.65867141533954,88.63401868245334,4.351654237012208,0.0241110000000001,1820.4412331835904,Wood
246.9,8.94,385.65867141533954,88.63401868245334,4.351654237012208,0.0241110000000001,1820.4412331835904,Wood
246.9,8.94,385.65867141533954,88.63401868245334,4.351654237012208,0.0241110000000001,1820.4412331835904,Wood
246.9,8.94,385.65867141533954,88.63401868245334,4.351654237012208,0.0241110000000001,1820.4412331835904,Wood
246.9,8.94,385.65867141533954,88.63401868245334,4.351654237012208,0.0241110000000001,1820.4412331835904,Wood
246.9,8.94,385.65867141533954,88.63401868245334,4.351654237012208,0.0241110000000001,1820.4412331835904,Wood
246.9,9.0,385.65867141533954,88.63401868245334,4.351654237012208,0.0241110000000001,1820.4412331835904,Wood
246.9,9.0,385.65867141533954,88.63401868245334,4.351654237012208,0.0241110000000001,1820.4412331835904,Wood
246.9,9.0,385.65867141533954,88.63401868245334,4.351654237012208,0.0241110000000001,1820.4412331835904,Wood
246.9,9.0,385.65867141533954,88.63401868245334,4.351654237012208,0.0241110000000001,1820.4412331835904,Wood
246.9,9.0,385.65867141533954,88.63401868245334,4.351654237012208,0.0241110000000001,1820.4412331835904,Wood
246.9,9.0,385.65867141533954,88.63401868245334,4.351654237012208,0.0241110000000001,1820.4412331835904,Wood
256.1,8.07,335.0340422191883,85.32985150581558,3.927356744459391,0.06376275,567.6894191369055,Wood
256.1,8.26,335.0340422191883,85.32985150581558,3.927356744459391,0.06376275,567.6894191369055,Wood
256.1,8.26,335.0340422191883,85.32985150581558,3.927356744459391,0.06376275,567.6894191369055,Wood
256.1,8.26,335.0340422191883,85.32985150581558,3.927356744459391,0.06376275,567.6894191369055,Wood
256.1,8.26,335.0340422191883,85.32985150581558,3.927356744459391,0.06376275,567.6894191369055,Wood
256.1,8.26,335.0340422191883,85.32985150581558,3.927356744459391,0.06376275,567.6894191369055,Wood
256.2,8.72,335.0340422191883,85.32985150581558,3.927356744459391,0.06376275,567.6894191369055,Wood
256.2,8.72,335.0340422191883,85.32985150581558,3.927356744459391,0.06376275,567.6894191369055,Wood
256.2,8.72,335.0340422191883,85.32985150581558,3.927356744459391,0.06376275,567.6894191369055,Wood
256.2,8.72,335.0340422191883,85.32985150581558,3.927356744459391,0.06376275,567.6894191369055,Wood
256.2,8.72,335.0340422191883,85.32985150581558,3.927356744459391,0.06376275,567.6894191369055,Wood
256.2,8.72,335.0340422191883,85.32985150581558,3.927356744459391,0.06376275,567.6894191369055,Wood
256.2,8.49,335.0340422191883,85.32985150581558,3.927356744459391,0.06376275,567.6894191369055,Wood
256.2,8.49,335.0340422191883,85.32985150581558,3.927356744459391,0.06376275,567.6894191369055,Wood
256.2,8.49,335.0340422191883,85.32985150581558,3.927356744459391,0.06376275,567.6894191369055,Wood
256.2,8.49,335.0340422191883,85.32985150581558,3.927356744459391,0.06376275,567.6894191369055,Wood
256.2,8.49,335.0340422191883,85.32985150581558,3.927356744459391,0.06376275,567.6894191369055,Wood
256.1,8.93,335.0340422191883,85.32985150581558,3.927356744459391,0.06376275,567.6894191369055,Wood
256.1,8.93,335.0340422191883,85.32985150581558,3.927356744459391,0.06376275,567.6894191369055,Wood
256.1,8.93,335.0340422191883,85.32985150581558,3.927356744459391,0.06376275,567.6894191369055,Wood
266.3,7.63,307.0391483291199,74.31163908227556,4.132195481068072,0.03316875,446.8707592526063,Wood
266.3,7.63,307.0391483291199,74.31163908227556,4.132195481068072,0.03316875,446.8707592526063,Wood
266.3,7.63,307.0391483291199,74.31163908227556,4.132195481068072,0.03316875,446.8707592526063,Wood
266.3,7.63,307.0391483291199,74.31163908227556,4.132195481068072,0.03316875,446.8707592526063,Wood
266.3,7.63,307.0391483291199,74.31163908227556,4.132195481068072,0.03316875,446.8707592526063,Wood
266.4,7.86,307.0391483291199,74.31163908227556,4.132195481068072,0.03316875,446.8707592526063,Wood
266.4,7.86,307.0391483291199,74.31163908227556,4.132195481068072,0.03316875,446.8707592526063,Wood
266.4,7.86,307.0391483291199,74.31163908227556,4.132195481068072,0.03316875,446.8707592526063,Wood
266.4,7.86,307.0391483291199,74.31163908227556,4.132195481068072,0.03316875,446.8707592526063,Wood
266.4,7.86,307.0391483291199,74.31163908227556,4.132195481068072,0.03316875,446.8707592526063,Wood
266.5,7.37,307.0391483291199,74.31163908227556,4.132195481068072,0.03316875,446.8707592526063,Wood
266.5,7.37,307.0391483291199,74.31163908227556,4.132195481068072,0.03316875,446.8707592526063,Wood
266.5,7.37,307.0391483291199,74.31163908227556,4.132195481068072,0.03316875,446.8707592526063,Wood
266.5,7.37,307.0391483291199,74.31163908227556,4.132195481068072,0.03316875,446.8707592526063,Wood
266.5,7.37,307.0391483291199,74.31163908227556,4.132195481068072,0.03316875,446.8707592526063,Wood
266.5,7.37,307.0391483291199,74.31163908227556,4.132195481068072,0.03316875,446.8707592526063,Wood
266.6,7.57,307.0391483291199,74.31163908227556,4.132195481068072,0.03316875,446.8707592526063,Wood
266.6,7.57,307.0391483291199,74.31163908227556,4.132195481068072,0.03316875,446.8707592526063,Wood
266.6,7.57,307.0391483291199,74.31163908227556,4.132195481068072,0.03316875,446.8707592526063,Wood
266.6,7.57,307.0391483291199,74.31163908227556,4.132195481068072,0.03316875,446.8707592526063,Wood
276.3,7.75,309.2878907982945,72.47505413604931,4.267889875148816,0.0213459999999999,708.1559916254299,Wood
276.3,7.75,309.2878907982945,72.47505413604931,4.267889875148816,0.0213459999999999,708.1559916254299,Wood
276.3,7.75,309.2878907982945,72.47505413604931,4.267889875148816,0.0213459999999999,708.1559916254299,Wood
276.3,7.75,309.2878907982945,72.47505413604931,4.267889875148816,0.0213459999999999,708.1559916254299,Wood
276.3,7.75,309.2878907982945,72.47505413604931,4.267889875148816,0.0213459999999999,708.1559916254299,Wood
276.3,7.75,309.2878907982945,72.47505413604931,4.267889875148816,0.0213459999999999,708.1559916254299,Wood
276.4,7.48,309.2878907982945,72.47505413604931,4.267889875148816,0.0213459999999999,708.1559916254299,Wood
276.4,7.48,309.2878907982945,72.47505413604931,4.267889875148816,0.0213459999999999,708.1559916254299,Wood
276.4,7.48,309.2878907982945,72.47505413604931,4.267889875148816,0.0213459999999999,708.1559916254299,Wood
276.4,7.48,309.2878907982945,72.47505413604931,4.267889875148816,0.0213459999999999,708.1559916254299,Wood
276.4,7.48,309.2878907982945,72.47505413604931,4.267889875148816,0.0213459999999999,708.1559916254299,Wood
276.3,7.78,309.2878907982945,72.47505413604931,4.267889875148816,0.0213459999999999,708.1559916254299,Wood
276.3,7.78,309.2878907982945,72.47505413604931,4.267889875148816,0.0213459999999999,708.1559916254299,Wood
276.3,7.78,309.2878907982945,72.47505413604931,4.267889875148816,0.0213459999999999,708.1559916254299,Wood
276.3,7.78,309.2878907982945,72.47505413604931,4.267889875148816,0.0213459999999999,708.1559916254299,Wood
276.3,7.78,309.2878907982945,72.47505413604931,4.267889875148816,0.0213459999999999,708.1559916254299,Wood
276.3,7.89,309.2878907982945,72.47505413604931,4.267889875148816,0.0213459999999999,708.1559916254299,Wood
276.3,7.89,309.2878907982945,72.47505413604931,4.267889875148816,0.0213459999999999,708.1559916254299,Wood
276.3,7.89,309.2878907982945,72.47505413604931,4.267889875148816,0.0213459999999999,708.1559916254299,Wood
276.3,7.89,309.2878907982945,72.47505413604931,4.267889875148816,0.0213459999999999,708.1559916254299,Wood
285.3,6.75,299.068001387383,68.74069809506524,4.354363368640816,0.01987875,1605.2199881636143,Wood
285.0,7.14,299.068001387383,68.74069809506524,4.354363368640816,0.01987875,1605.2199881636143,Wood
285.0,7.14,299.068001387383,68.74069809506524,4.354363368640816,0.01987875,1605.2199881636143,Wood
285.0,7.14,299.068001387383,68.74069809506524,4.354363368640816,0.01987875,1605.2199881636143,Wood
285.0,7.14,299.068001387383,68.74069809506524,4.354363368640816,0.01987875,1605.2199881636143,Wood
285.0,7.14,299.068001387383,68.74069809506524,4.354363368640816,0.01987875,1605.2199881636143,Wood
285.1,7.11,299.068001387383,68.74069809506524,4.354363368640816,0.01987875,1605.2199881636143,Wood
285.1,7.11,299.068001387383,68.74069809506524,4.354363368640816,0.01987875,1605.2199881636143,Wood
285.1,7.11,299.068001387383,68.74069809506524,4.354363368640816,0.01987875,1605.2199881636143,Wood
285.1,7.11,299.068001387383,68.74069809506524,4.354363368640816,0.01987875,1605.2199881636143,Wood
285.1,7.11,299.068001387383,68.74069809506524,4.354363368640816,0.01987875,1605.2199881636143,Wood
285.4,6.93,299.068001387383,68.74069809506524,4.354363368640816,0.01987875,1605.2199881636143,Wood
285.4,6.93,299.068001387383,68.74069809506524,4.354363368640816,0.01987875,1605.2199881636143,Wood
285.4,6.93,299.068001387383,68.74069809506524,4.354363368640816,0.01987875,1605.2199881636143,Wood
285.4,6.93,299.068001387383,68.74069809506524,4.354363368640816,0.01987875,1605.2199881636143,Wood
285.4,6.93,299.068001387383,68.74069809506524,4.354363368640816,0.01987875,1605.2199881636143,Wood
285.4,6.93,299.068001387383,68.74069809506524,4.354363368640816,0.01987875,1605.2199881636143,Wood
285.6,7.29,299.068001387383,68.74069809506524,4.354363368640816,0.01987875,1605.2199881636143,Wood
285.6,7.29,299.068001387383,68.74069809506524,4.354363368640816,0.01987875,1605.2199881636143,Wood
285.6,7.29,299.068001387383,68.74069809506524,4.354363368640816,0.01987875,1605.2199881636143,Wood
296.1,5.87,279.5558657351784,58.23098428494673,4.805578560144246,0.0261427499999999,1216.704800793934,Wood
296.0,5.84,279.5558657351784,58.23098428494673,4.805578560144246,0.0261427499999999,1216.704800793934,Wood
296.0,5.84,279.5558657351784,58.23098428494673,4.805578560144246,0.0261427499999999,1216.704800793934,Wood
296.0,5.84,279.5558657351784,58.23098428494673,4.805578560144246,0.0261427499999999,1216.704800793934,Wood
296.0,5.84,279.5558657351784,58.23098428494673,4.805578560144246,0.0261427499999999,1216.704800793934,Wood
296.0,5.84,279.5558657351784,58.23098428494673,4.805578560144246,0.0261427499999999,1216.704800793934,Wood
296.1,6.22,279.5558657351784,58.23098428494673,4.805578560144246,0.0261427499999999,1216.704800793934,Wood
296.1,6.22,279.5558657351784,58.23098428494673,4.805578560144246,0.0261427499999999,1216.704800793934,Wood
296.1,6.22,279.5558657351784,58.23098428494673,4.805578560144246,0.0261427499999999,1216.704800793934,Wood
296.1,6.22,279.5558657351784,58.23098428494673,4.805578560144246,0.0261427499999999,1216.704800793934,Wood
296.1,6.22,279.5558657351784,58.23098428494673,4.805578560144246,0.0261427499999999,1216.704800793934,Wood
296.1,6.22,279.5558657351784,58.23098428494673,4.805578560144246,0.0261427499999999,1216.704800793934,Wood
295.8,6.18,279.5558657351784,58.23098428494673,4.805578560144246,0.0261427499999999,1216.704800793934,Wood
295.8,6.18,279.5558657351784,58.23098428494673,4.805578560144246,0.0261427499999999,1216.704800793934,Wood
295.8,6.18,279.5558657351784,58.23098428494673,4.805578560144246,0.0261427499999999,1216.704800793934,Wood
295.8,6.18,279.5558657351784,58.23098428494673,4.805578560144246,0.0261427499999999,1216.704800793934,Wood
295.8,6.18,279.5558657351784,58.23098428494673,4.805578560144246,0.0261427499999999,1216.704800793934,Wood
295.6,5.98,279.5558657351784,58.23098428494673,4.805578560144246,0.0261427499999999,1216.704800793934,Wood
295.6,5.98,279.5558657351784,58.23098428494673,4.805578560144246,0.0261427499999999,1216.704800793934,Wood
295.6,5.98,279.5558657351784,58.23098428494673,4.805578560144246,0.0261427499999999,1216.704800793934,Wood
307.1,6.24,310.7992475285431,44.755176477596144,6.948964595713936,0.057166,2187.0541736317364,Wood
307.1,6.24,310.7992475285431,44.755176477596144,6.948964595713936,0.057166,2187.0541736317364,Wood
307.1,6.24,310.7992475285431,44.755176477596144,6.948964595713936,0.057166,2187.0541736317364,Wood
307.1,6.44,310.7992475285431,44.755176477596144,6.948964595713936,0.057166,2187.0541736317364,Wood
307.1,6.44,310.7992475285431,44.755176477596144,6.948964595713936,0.057166,2187.0541736317364,Wood
307.1,6.44,310.7992475285431,44.755176477596144,6.948964595713936,0.057166,2187.0541736317364,Wood
307.1,6.44,310.7992475285431,44.755176477596144,6.948964595713936,0.057166,2187.0541736317364,Wood
307.1,6.44,310.7992475285431,44.755176477596144,6.948964595713936,0.057166,2187.0541736317364,Wood
307.1,6.29,310.7992475285431,44.755176477596144,6.948964595713936,0.057166,2187.0541736317364,Wood
307.1,6.29,310.7992475285431,44.755176477596144,6.948964595713936,0.057166,2187.0541736317364,Wood
307.1,6.29,310.7992475285431,44.755176477596144,6.948964595713936,0.057166,2187.0541736317364,Wood
307.1,6.29,310.7992475285431,44.755176477596144,6.948964595713936,0.057166,2187.0541736317364,Wood
307.1,6.29,310.7992475285431,44.755176477596144,6.948964595713936,0.057166,2187.0541736317364,Wood
307.2,5.86,310.7992475285431,44.755176477596144,6.948964595713936,0.057166,2187.0541736317364,Wood
307.2,5.86,310.7992475285431,44.755176477596144,6.948964595713936,0.057166,2187.0541736317364,Wood
307.2,5.86,310.7992475285431,44.755176477596144,6.948964595713936,0.057166,2187.0541736317364,Wood
307.2,5.86,310.7992475285431,44.755176477596144,6.948964595713936,0.057166,2187.0541736317364,Wood
307.2,5.86,310.7992475285431,44.755176477596144,6.948964595713936,0.057166,2187.0541736317364,Wood
307.2,5.86,310.7992475285431,44.755176477596144,6.948964595713936,0.057166,2187.0541736317364,Wood
307.1,5.83,310.7992475285431,44.755176477596144,6.948964595713936,0.057166,2187.0541736317364,Wood
316.2,7.3,208.73397957477687,73.34477847683294,2.8476634107396124,0.00779475,1449.8448923505562,Wood
316.2,7.3,208.73397957477687,73.34477847683294,2.8476634107396124,0.00779475,1449.8448923505562,Wood
316.2,7.3,208.73397957477687,73.34477847683294,2.8476634107396124,0.00779475,1449.8448923505562,Wood
316.2,7.3,208.73397957477687,73.34477847683294,2.8476634107396124,0.00779475,1449.8448923505562,Wood
316.2,7.3,208.73397957477687,73.34477847683294,2.8476634107396124,0.00779475,1449.8448923505562,Wood
316.2,7.53,208.73397957477687,73.34477847683294,2.8476634107396124,0.00779475,1449.8448923505562,Wood
316.2,7.53,208.73397957477687,73.34477847683294,2.8476634107396124,0.00779475,1449.8448923505562,Wood
316.2,7.53,208.73397957477687,73.34477847683294,2.8476634107396124,0.00779475,1449.8448923505562,Wood
316.2,7.53,208.73397957477687,73.34477847683294,2.8476634107396124,0.00779475,1449.8448923505562,Wood
316.2,7.53,208.73397957477687,73.34477847683294,2.8476634107396124,0.00779475,1449.8448923505562,Wood
316.1,7.48,208.73397957477687,73.34477847683294,2.8476634107396124,0.00779475,1449.8448923505562,Wood
316.1,7.48,208.73397957477687,73.34477847683294,2.8476634107396124,0.00779475,1449.8448923505562,Wood
316.1,7.48,208.73397957477687,73.34477847683294,2.8476634107396124,0.00779475,1449.8448923505562,Wood
316.1,7.48,208.73397957477687,73.34477847683294,2.8476634107396124,0.00779475,1449.8448923505562,Wood
316.1,7.48,208.73397957477687,73.34477847683294,2.8476634107396124,0.00779475,1449.8448923505562,Wood
316.1,7.48,208.73397957477687,73.34477847683294,2.8476634107396124,0.00779475,1449.8448923505562,Wood
316.4,7.39,208.73397957477687,73.34477847683294,2.8476634107396124,0.00779475,1449.8448923505562,Wood
316.4,7.39,208.73397957477687,73.34477847683294,2.8476634107396124,0.00779475,1449.8448923505562,Wood
316.4,7.39,208.73397957477687,73.34477847683294,2.8476634107396124,0.00779475,1449.8448923505562,Wood
316.4,7.39,208.73397957477687,73.34477847683294,2.8476634107396124,0.00779475,1449.8448923505562,Wood
328.2,6.88,250.36622520352253,59.044357268561726,4.241517182628138,0.053975,1013.7841921607402,Wood
328.2,6.88,250.36622520352253,59.044357268561726,4.241517182628138,0.053975,1013.7841921607402,Wood
328.2,6.88,250.36622520352253,59.044357268561726,4.241517182628138,0.053975,1013.7841921607402,Wood
328.2,6.88,250.36622520352253,59.044357268561726,4.241517182628138,0.053975,1013.7841921607402,Wood
328.2,6.75,250.36622520352253,59.044357268561726,4.241517182628138,0.053975,1013.7841921607402,Wood
328.2,6.75,250.36622520352253,59.044357268561726,4.241517182628138,0.053975,1013.7841921607402,Wood
328.2,6.75,250.36622520352253,59.044357268561726,4.241517182628138,0.053975,1013.7841921607402,Wood
328.2,6.75,250.36622520352253,59.044357268561726,4.241517182628138,0.053975,1013.7841921607402,Wood
328.2,6.75,250.36622520352253,59.044357268561726,4.241517182628138,0.053975,1013.7841921607402,Wood
328.1,6.93,250.36622520352253,59.044357268561726,4.241517182628138,0.053975,1013.7841921607402,Wood
328.1,6.93,250.36622520352253,59.044357268561726,4.241517182628138,0.053975,1013.7841921607402,Wood
328.1,6.93,250.36622520352253,59.044357268561726,4.241517182628138,0.053975,1013.7841921607402,Wood
328.1,6.93,250.36622520352253,59.044357268561726,4.241517182628138,0.053975,1013.7841921607402,Wood
328.1,6.93,250.36622520352253,59.044357268561726,4.241517182628138,0.053975,1013.7841921607402,Wood
328.1,6.93,250.36622520352253,59.044357268561726,4.241517182628138,0.053975,1013.7841921607402,Wood
327.8,7.37,250.36622520352253,59.044357268561726,4.241517182628138,0.053975,1013.7841921607402,Wood
327.8,7.37,250.36622520352253,59.044357268561726,4.241517182628138,0.053975,1013.7841921607402,Wood
327.8,7.37,250.36622520352253,59.044357268561726,4.241517182628138,0.053975,1013.7841921607402,Wood
327.8,7.37,250.36622520352253,59.044357268561726,4.241517182628138,0.053975,1013.7841921607402,Wood
327.8,7.37,250.36622520352253,59.044357268561726,4.241517182628138,0.053975,1013.7841921607402,Wood
338.0,6.94,208.26403369493823,63.136993914148334,3.3017702404828264,0.00286875,1758.8399534565372,Wood
338.0,6.94,208.26403369493823,63.136993914148334,3.3017702404828264,0.00286875,1758.8399534565372,Wood
338.0,6.94,208.26403369493823,63.136993914148334,3.3017702404828264,0.00286875,1758.8399534565372,Wood
338.0,6.94,208.26403369493823,63.136993914148334,3.3017702404828264,0.00286875,1758.8399534565372,Wood
338.0,6.94,208.26403369493823,63.136993914148334,3.3017702404828264,0.00286875,1758.8399534565372,Wood
338.1,6.81,208.26403369493823,63.136993914148334,3.3017702404828264,0.00286875,1758.8399534565372,Wood
338.1,6.81,208.26403369493823,63.136993914148334,3.3017702404828264,0.00286875,1758.8399534565372,Wood
338.1,6.81,208.26403369493823,63.136993914148334,3.3017702404828264,0.00286875,1758.8399534565372,Wood
338.1,6.81,208.26403369493823,63.136993914148334,3.3017702404828264,0.00286875,1758.8399534565372,Wood
338.1,6.81,208.26403369493823,63.136993914148334,3.3017702404828264,0.00286875,1758.8399534565372,Wood
338.2,6.88,208.26403369493823,63.136993914148334,3.3017702404828264,0.00286875,1758.8399534565372,Wood
338.2,6.88,208.26403369493823,63.136993914148334,3.3017702404828264,0.00286875,1758.8399534565372,Wood
338.2,6.88,208.26403369493823,63.136993914148334,3.3017702404828264,0.00286875,1758.8399534565372,Wood
338.2,6.88,208.26403369493823,63.136993914148334,3.3017702404828264,0.00286875,1758.8399534565372,Wood
338.2,6.88,208.26403369493823,63.136993914148334,3.3017702404828264,0.00286875,1758.8399534565372,Wood
338.4,6.94,208.26403369493823,63.136993914148334,3.3017702404828264,0.00286875,1758.8399534565372,Wood
338.4,6.94,208.26403369493823,63.136993914148334,3.3017702404828264,0.00286875,1758.8399534565372,Wood
338.4,6.94,208.26403369493823,63.136993914148334,3.3017702404828264,0.00286875,1758.8399534565372,Wood
338.4,6.94,208.26403369493823,63.136993914148334,3.3017702404828264,0.00286875,1758.8399534565372,Wood
338.4,6.94,208.26403369493823,63.136993914148334,3.3017702404828264,0.00286875,1758.8399534565372,Wood
346.3,4.85,898.155571099211,34.675754744402965,25.93396965758002,0.0059587499999999,46089.42661595471,Wood
346.3,4.85,898.155571099211,34.675754744402965,25.93396965758002,0.0059587499999999,46089.42661595471,Wood
346.3,4.85,898.155571099211,34.675754744402965,25.93396965758002,0.0059587499999999,46089.42661595471,Wood
346.3,4.91,898.155571099211,34.675754744402965,25.93396965758002,0.0059587499999999,46089.42661595471,Wood
346.3,4.91,898.155571099211,34.675754744402965,25.93396965758002,0.0059587499999999,46089.42661595471,Wood
346.3,4.91,898.155571099211,34.675754744402965,25.93396965758002,0.0059587499999999,46089.42661595471,Wood
346.3,4.91,898.155571099211,34.675754744402965,25.93396965758002,0.0059587499999999,46089.42661595471,Wood
346.3,4.91,898.155571099211,34.675754744402965,25.93396965758002,0.0059587499999999,46089.42661595471,Wood
346.2,5.02,898.155571099211,34.675754744402965,25.93396965758002,0.0059587499999999,46089.42661595471,Wood
346.2,5.02,898.155571099211,34.675754744402965,25.93396965758002,0.0059587499999999,46089.42661595471,Wood
346.2,5.02,898.155571099211,34.675754744402965,25.93396965758002,0.0059587499999999,46089.42661595471,Wood
346.2,5.02,898.155571099211,34.675754744402965,25.93396965758002,0.0059587499999999,46089.42661595471,Wood
346.2,5.02,898.155571099211,34.675754744402965,25.93396965758002,0.0059587499999999,46089.42661595471,Wood
346.2,5.02,898.155571099211,34.675754744402965,25.93396965758002,0.0059587499999999,46089.42661595471,Wood
346.2,4.95,898.155571099211,34.675754744402965,25.93396965758002,0.0059587499999999,46089.42661595471,Wood
346.2,4.95,898.155571099211,34.675754744402965,25.93396965758002,0.0059587499999999,46089.42661595471,Wood
346.2,4.95,898.155571099211,34.675754744402965,25.93396965758002,0.0059587499999999,46089.42661595471,Wood
346.2,4.95,898.155571099211,34.675754744402965,25.93396965758002,0.0059587499999999,46089.42661595471,Wood
346.2,4.95,898.155571099211,34.675754744402965,25.93396965758002,0.0059587499999999,46089.42661595471,Wood
346.1,5.18,898.155571099211,34.675754744402965,25.93396965758002,0.0059587499999999,46089.42661595471,Wood
356.5,5.07,444.400554328003,34.220511371007966,13.0110223656194,0.0327227499999999,7975.196862552984,Wood
356.5,5.07,444.400554328003,34.220511371007966,13.0110223656194,0.0327227499999999,7975.196862552984,Wood
356.5,5.07,444.400554328003,34.220511371007966,13.0110223656194,0.0327227499999999,7975.196862552984,Wood
356.5,5.07,444.400554328003,34.220511371007966,13.0110223656194,0.0327227499999999,7975.196862552984,Wood
356.5,5.07,444.400554328003,34.220511371007966,13.0110223656194,0.0327227499999999,7975.196862552984,Wood
356.6,4.74,444.400554328003,34.220511371007966,13.0110223656194,0.0327227499999999,7975.196862552984,Wood
356.6,4.74,444.400554328003,34.220511371007966,13.0110223656194,0.0327227499999999,7975.196862552984,Wood
356.6,4.74,444.400554328003,34.220511371007966,13.0110223656194,0.0327227499999999,7975.196862552984,Wood
356.6,4.74,444.400554328003,34.220511371007966,13.0110223656194,0.0327227499999999,7975.196862552984,Wood
356.6,4.74,444.400554328003,34.220511371007966,13.0110223656194,0.0327227499999999,7975.196862552984,Wood
356.8,4.99,444.400554328003,34.220511371007966,13.0110223656194,0.0327227499999999,7975.196862552984,Wood
356.8,4.99,444.400554328003,34.220511371007966,13.0110223656194,0.0327227499999999,7975.196862552984,Wood
356.8,4.99,444.400554328003,34.220511371007966,13.0110223656194,0.0327227499999999,7975.196862552984,Wood
356.8,4.99,444.400554328003,34.220511371007966,13.0110223656194,0.0327227499999999,7975.196862552984,Wood
356.8,4.99,444.400554328003,34.220511371007966,13.0110223656194,0.0327227499999999,7975.196862552984,Wood
356.8,4.99,444.400554328003,34.220511371007966,13.0110223656194,0.0327227499999999,7975.196862552984,Wood
356.8,5.27,444.400554328003,34.220511371007966,13.0110223656194,0.0327227499999999,7975.196862552984,Wood
356.8,5.27,444.400554328003,34.220511371007966,13.0110223656194,0.0327227499999999,7975.196862552984,Wood
356.8,5.27,444.400554328003,34.220511371007966,13.0110223656194,0.0327227499999999,7975.196862552984,Wood
356.8,5.27,444.400554328003,34.220511371007966,13.0110223656194,0.0327227499999999,7975.196862552984,Wood
367.3,3.84,866.5116733388147,32.60610030074862,26.619994791278703,0.00315,13527.45843100247,Wood
367.3,3.84,866.5116733388147,32.60610030074862,26.619994791278703,0.00315,13527.45843100247,Wood
367.3,3.84,866.5116733388147,32.60610030074862,26.619994791278703,0.00315,13527.45843100247,Wood
367.3,3.84,866.5116733388147,32.60610030074862,26.619994791278703,0.00315,13527.45843100247,Wood
367.3,3.84,866.5116733388147,32.60610030074862,26.619994791278703,0.00315,13527.45843100247,Wood
367.1,3.95,866.5116733388147,32.60610030074862,26.619994791278703,0.00315,13527.45843100247,Wood
367.1,3.95,866.5116733388147,32.60610030074862,26.619994791278703,0.00315,13527.45843100247,Wood
367.1,3.95,866.5116733388147,32.60610030074862,26.619994791278703,0.00315,13527.45843100247,Wood
367.1,3.95,866.5116733388147,32.60610030074862,26.619994791278703,0.00315,13527.45843100247,Wood
367.1,3.95,866.5116733388147,32.60610030074862,26.619994791278703,0.00315,13527.45843100247,Wood
367.1,3.9,866.5116733388147,32.60610030074862,26.619994791278703,0.00315,13527.45843100247,Wood
367.1,3.9,866.5116733388147,32.60610030074862,26.619994791278703,0.00315,13527.45843100247,Wood
367.1,3.9,866.5116733388147,32.60610030074862,26.619994791278703,0.00315,13527.45843100247,Wood
367.1,3.9,866.5116733388147,32.60610030074862,26.619994791278703,0.00315,13527.45843100247,Wood
367.1,3.9,866.5116733388147,32.60610030074862,26.619994791278703,0.00315,13527.45843100247,Wood
366.8,3.99,866.5116733388147,32.60610030074862,26.619994791278703,0.00315,13527.45843100247,Wood
366.8,3.99,866.5116733388147,32.60610030074862,26.619994791278703,0.00315,13527.45843100247,Wood
366.8,3.99,866.5116733388147,32.60610030074862,26.619994791278703,0.00315,13527.45843100247,Wood
366.8,3.99,866.5116733388147,32.60610030074862,26.619994791278703,0.00315,13527.45843100247,Wood
366.8,3.99,866.5116733388147,32.60610030074862,26.619994791278703,0.00315,13527.45843100247,Wood
377.3,5.42,675.7073033116924,38.2174126660641,17.68158711265145,0.01072275,1769.4283555077816,Wood
377.3,5.42,675.7073033116924,38.2174126660641,17.68158711265145,0.01072275,1769.4283555077816,Wood
377.3,5.42,675.7073033116924,38.2174126660641,17.68158711265145,0.01072275,1769.4283555077816,Wood
377.3,5.42,675.7073033116924,38.2174126660641,17.68158711265145,0.01072275,1769.4283555077816,Wood
377.3,5.42,675.7073033116924,38.2174126660641,17.68158711265145,0.01072275,1769.4283555077816,Wood
377.3,5.42,675.7073033116924,38.2174126660641,17.68158711265145,0.01072275,1769.4283555077816,Wood
377.3,5.48,675.7073033116924,38.2174126660641,17.68158711265145,0.01072275,1769.4283555077816,Wood
377.3,5.48,675.7073033116924,38.2174126660641,17.68158711265145,0.01072275,1769.4283555077816,Wood
377.3,5.48,675.7073033116924,38.2174126660641,17.68158711265145,0.01072275,1769.4283555077816,Wood
377.3,5.48,675.7073033116924,38.2174126660641,17.68158711265145,0.01072275,1769.4283555077816,Wood
377.3,5.48,675.7073033116924,38.2174126660641,17.68158711265145,0.01072275,1769.4283555077816,Wood
377.3,5.57,675.7073033116924,38.2174126660641,17.68158711265145,0.01072275,1769.4283555077816,Wood
377.3,5.57,675.7073033116924,38.2174126660641,17.68158711265145,0.01072275,1769.4283555077816,Wood
377.3,5.57,675.7073033116924,38.2174126660641,17.68158711265145,0.01072275,1769.4283555077816,Wood
377.3,5.57,675.7073033116924,38.2174126660641,17.68158711265145,0.01072275,1769.4283555077816,Wood
377.3,5.57,675.7073033116924,38.2174126660641,17.68158711265145,0.01072275,1769.4283555077816,Wood
377.3,5.57,675.7073033116924,38.2174126660641,17.68158711265145,0.01072275,1769.4283555077816,Wood
377.2,5.73,675.7073033116924,38.2174126660641,17.68158711265145,0.01072275,1769.4283555077816,Wood
377.2,5.73,675.7073033116924,38.2174126660641,17.68158711265145,0.01072275,1769.4283555077816,Wood
377.2,5.73,675.7073033116924,38.2174126660641,17.68158711265145,0.01072275,1769.4283555077816,Wood
387.6,4.31,927.7773744793792,32.79797499360806,28.291632582590616,0.0056189999999999,811.2877069819363,Wood
387.6,4.31,927.7773744793792,32.79797499360806,28.291632582590616,0.0056189999999999,811.2877069819363,Wood
387.6,4.31,927.7773744793792,32.79797499360806,28.291632582590616,0.0056189999999999,811.2877069819363,Wood
387.6,4.35,927.7773744793792,32.79797499360806,28.291632582590616,0.0056189999999999,811.2877069819363,Wood
387.6,4.35,927.7773744793792,32.79797499360806,28.291632582590616,0.0056189999999999,811.2877069819363,Wood
387.6,4.35,927.7773744793792,32.79797499360806,28.291632582590616,0.0056189999999999,811.2877069819363,Wood
387.6,4.35,927.7773744793792,32.79797499360806,28.291632582590616,0.0056189999999999,811.2877069819363,Wood
387.6,4.35,927.7773744793792,32.79797499360806,28.291632582590616,0.0056189999999999,811.2877069819363,Wood
387.6,4.35,927.7773744793792,32.79797499360806,28.291632582590616,0.0056189999999999,811.2877069819363,Wood
387.6,4.37,927.7773744793792,32.79797499360806,28.291632582590616,0.0056189999999999,811.2877069819363,Wood
387.6,4.37,927.7773744793792,32.79797499360806,28.291632582590616,0.0056189999999999,811.2877069819363,Wood
387.6,4.37,927.7773744793792,32.79797499360806,28.291632582590616,0.0056189999999999,811.2877069819363,Wood
387.6,4.37,927.7773744793792,32.79797499360806,28.291632582590616,0.0056189999999999,811.2877069819363,Wood
387.6,4.37,927.7773744793792,32.79797499360806,28.291632582590616,0.0056189999999999,811.2877069819363,Wood
387.7,4.19,927.7773744793792,32.79797499360806,28.291632582590616,0.0056189999999999,811.2877069819363,Wood
387.7,4.19,927.7773744793792,32.79797499360806,28.291632582590616,0.0056189999999999,811.2877069819363,Wood
387.7,4.19,927.7773744793792,32.79797499360806,28.291632582590616,0.0056189999999999,811.2877069819363,Wood
387.7,4.19,927.7773744793792,32.79797499360806,28.291632582590616,0.0056189999999999,811.2877069819363,Wood
387.7,4.19,927.7773744793792,32.79797499360806,28.291632582590616,0.0056189999999999,811.2877069819363,Wood
387.7,4.19,927.7773744793792,32.79797499360806,28.291632582590616,0.0056189999999999,811.2877069819363,Wood
397.7,4.11,681.3541623488751,35.1919887487977,19.723742794015173,0.0096389999999999,51039.5696034584,Wood
397.7,4.11,681.3541623488751,35.1919887487977,19.723742794015173,0.0096389999999999,51039.5696034584,Wood
397.7,4.11,681.3541623488751,35.1919887487977,19.723742794015173,0.0096389999999999,51039.5696034584,Wood
397.7,4.11,681.3541623488751,35.1919887487977,19.723742794015173,0.0096389999999999,51039.5696034584,Wood
397.7,4.11,681.3541623488751,35.1919887487977,19.723742794015173,0.0096389999999999,51039.5696034584,Wood
397.7,4.11,681.3541623488751,35.1919887487977,19.723742794015173,0.0096389999999999,51039.5696034584,Wood
397.5,4.32,681.3541623488751,35.1919887487977,19.723742794015173,0.0096389999999999,51039.5696034584,Wood
397.5,4.32,681.3541623488751,35.1919887487977,19.723742794015173,0.0096389999999999,51039.5696034584,Wood
397.5,4.32,681.3541623488751,35.1919887487977,19.723742794015173,0.0096389999999999,51039.5696034584,Wood
397.5,4.32,681.3541623488751,35.1919887487977,19.723742794015173,0.0096389999999999,51039.5696034584,Wood
397.5,4.32,681.3541623488751,35.1919887487977,19.723742794015173,0.0096389999999999,51039.5696034584,Wood
397.4,4.33,681.3541623488751,35.1919887487977,19.723742794015173,0.0096389999999999,51039.5696034584,Wood
397.4,4.33,681.3541623488751,35.1919887487977,19.723742794015173,0.0096389999999999,51039.5696034584,Wood
397.4,4.33,681.3541623488751,35.1919887487977,19.723742794015173,0.0096389999999999,51039.5696034584,Wood
397.4,4.33,681.3541623488751,35.1919887487977,19.723742794015173,0.0096389999999999,51039.5696034584,Wood
397.4,4.33,681.3541623488751,35.1919887487977,19.723742794015173,0.0096389999999999,51039.5696034584,Wood
397.4,4.33,681.3541623488751,35.1919887487977,19.723742794015173,0.0096389999999999,51039.5696034584,Wood
397.3,4.18,681.3541623488751,35.1919887487977,19.723742794015173,0.0096389999999999,51039.5696034584,Wood
397.3,4.18,681.3541623488751,35.1919887487977,19.723742794015173,0.0096389999999999,51039.5696034584,Wood
397.3,4.18,681.3541623488751,35.1919887487977,19.723742794015173,0.0096389999999999,51039.5696034584,Wood
