r_cm,v_cms,temp,peak,snr,width_us,conf,area,power_percent,latency_ms,rmse_cm,mae_cm,resolution_mm,snr_norm_r,area_norm_r,width_rel,energy_density,stability_std,snr_variance,echo_consistency,gt_distance_cm,material,timestamp
17.1,0.22,25.0,3574.01,4.24,288.86,1.0,49600.4,19.8,156.0,0.17,0.16,1.66,0.20298245614035088,2629.503801169591,17.282222222222224,152.26350840212223,3.552713678800501e-15,0.17568900000000004,2686.3967771487146,20,Paper,2026-02-08T07:40:42.355518
17.1,0.22,25.0,3574.01,4.24,288.86,1.0,49600.4,19.8,156.0,0.17,0.16,1.66,0.20298245614035088,2629.503801169591,17.282222222222224,152.26350840212223,3.552713678800501e-15,0.17568900000000004,2686.3967771487146,20,Paper,2026-02-08T07:40:42.355518
17.1,0.22,25.0,3574.01,4.24,288.86,1.0,49600.4,19.8,156.0,0.17,0.16,1.66,0.20298245614035088,2629.503801169591,17.282222222222224,152.26350840212223,3.552713678800501e-15,0.17568900000000004,2686.3967771487146,20,Paper,2026-02-08T07:40:42.355518
17.1,0.0,25.0,3089.47,3.67,288.86,1.0,44076.6,19.8,156.0,0.16,0.15,1.62,0.20298245614035088,2629.503801169591,17.282222222222224,152.26350840212223,3.552713678800501e-15,0.17568900000000004,2686.3967771487146,20,Paper,2026-02-08T07:40:42.355518
17.1,0.0,25.0,3089.47,3.67,288.86,1.0,44076.6,19.8,156.0,0.16,0.15,1.62,0.20298245614035088,2629.503801169591,17.282222222222224,152.26350840212223,3.552713678800501e-15,0.17568900000000004,2686.3967771487146,20,Paper,2026-02-08T07:40:42.355518
17.1,0.0,25.0,3089.47,3.67,288.86,1.0,44076.6,19.8,156.0,0.16,0.15,1.62,0.20298245614035088,2629.503801169591,17.282222222222224,152.26350840212223,3.552713678800501e-15,0.17568900000000004,2686.3967771487146,20,Paper,2026-02-08T07:40:42.355518
17.1,0.0,25.0,3089.47,3.67,288.86,1.0,44076.6,19.8,156.0,0.16,0.15,1.62,0.20298245614035088,2629.503801169591,17.282222222222224,152.26350840212223,3.552713678800501e-15,0.17568900000000004,2686.3967771487146,20,Paper,2026-02-08T07:40:42.355518
17.1,0.0,25.0,3089.47,3.67,288.86,1.0,44076.6,19.8,156.0,0.16,0.15,1.62,0.20298245614035088,2629.503801169591,17.282222222222224,152.26350840212223,3.552713678800501e-15,0.17568900000000004,2686.3967771487146,20,Paper,2026-02-08T07:40:42.355518
17.1,0.0,25.0,2905.09,3.42,299.97,1.0,46306.1,19.8,156.0,0.15,0.13,1.46,0.20298245614035088,2629.503801169591,17.282222222222224,152.26350840212223,3.552713678800501e-15,0.17568900000000004,2686.3967771487146,20,Paper,2026-02-08T07:40:42.355518
17.1,0.0,25.0,2905.09,3.42,299.97,1.0,46306.1,19.8,156.0,0.15,0.13,1.46,0.20298245614035088,2629.503801169591,17.282222222222224,152.26350840212223,3.552713678800501e-15,0.17568900000000004,2686.3967771487146,20,Paper,2026-02-08T07:40:42.355518
17.1,0.0,25.0,2905.09,3.42,299.97,1.0,46306.1,19.8,156.0,0.15,0.13,1.46,0.20298245614035088,2629.503801169591,17.282222222222224,152.26350840212223,3.552713678800501e-15,0.17568900000000004,2686.3967771487146,20,Paper,2026-02-08T07:40:42.355518
17.1,0.0,25.0,2905.09,3.42,299.97,1.0,46306.1,19.8,156.0,0.15,0.13,1.46,0.20298245614035088,2629.503801169591,17.282222222222224,152.26350840212223,3.552713678800501e-15,0.17568900000000004,2686.3967771487146,20,Paper,2026-02-08T07:40:42.355518
17.1,0.0,25.0,2905.09,3.42,299.97,1.0,46306.1,19.8,156.0,0.15,0.13,1.46,0.20298245614035088,2629.503801169591,17.282222222222224,152.26350840212223,3.552713678800501e-15,0.17568900000000004,2686.3967771487146,20,Paper,2026-02-08T07:40:42.355518
17.1,0.0,25.0,2905.09,3.42,299.97,1.0,46306.1,19.8,156.0,0.15,0.13,1.46,0.20298245614035088,2629.503801169591,17.282222222222224,152.26350840212223,3.552713678800501e-15,0.17568900000000004,2686.3967771487146,20,Paper,2026-02-08T07:40:42.355518
17.1,0.0,25.0,2506.36,2.94,299.97,1.0,41362.4,19.8,156.0,0.11,0.08,1.06,0.20298245614035088,2629.503801169591,17.282222222222224,152.26350840212223,3.552713678800501e-15,0.17568900000000004,2686.3967771487146,20,Paper,2026-02-08T07:40:42.355518
17.1,0.0,25.0,2506.36,2.94,299.97,1.0,41362.4,19.8,156.0,0.11,0.08,1.06,0.20298245614035088,2629.503801169591,17.282222222222224,152.26350840212223,3.552713678800501e-15,0.17568900000000004,2686.3967771487146,20,Paper,2026-02-08T07:40:42.355518
17.1,0.0,25.0,2506.36,2.94,299.97,1.0,41362.4,19.8,156.0,0.11,0.08,1.06,0.20298245614035088,2629.503801169591,17.282222222222224,152.26350840212223,3.552713678800501e-15,0.17568900000000004,2686.3967771487146,20,Paper,2026-02-08T07:40:42.355518
17.1,0.0,25.0,2506.36,2.94,299.97,1.0,41362.4,19.8,156.0,0.11,0.08,1.06,0.20298245614035088,2629.503801169591,17.282222222222224,152.26350840212223,3.552713678800501e-15,0.17568900000000004,2686.3967771487146,20,Paper,2026-02-08T07:40:42.355518
17.1,0.0,25.0,2506.36,2.94,299.97,1.0,41362.4,19.8,156.0,0.11,0.08,1.06,0.20298245614035088,2629.503801169591,17.282222222222224,152.26350840212223,3.552713678800501e-15,0.17568900000000004,2686.3967771487146,20,Paper,2026-02-08T07:40:42.355518
17.1,0.0,25.0,2701.71,3.13,299.97,1.0,45457.5,19.8,156.0,0.07,0.04,0.67,0.20298245614035088,2629.503801169591,17.282222222222224,152.26350840212223,3.552713678800501e-15,0.17568900000000004,2686.3967771487146,20,Paper,2026-02-08T07:40:42.355518
31.4,0.22,25.0,7325.58,13.27,355.52,1.0,117571.4,19.8,156.0,2.1,1.47,21.05,0.37915720964542066,4027.634432124006,11.693130271786906,344.3927750729618,0.32599846625406015,0.5553209999999991,4831.185834130166,30,Paper,2026-02-08T07:40:48.952591
31.4,0.22,25.0,6897.57,12.45,366.63,1.0,120837.3,19.8,156.0,0.88,0.49,8.83,0.37915720964542066,4027.634432124006,11.693130271786906,344.3927750729618,0.32599846625406015,0.5553209999999991,4831.185834130166,30,Paper,2026-02-08T07:40:48.952591
31.4,0.22,25.0,6897.57,12.45,366.63,1.0,120837.3,19.8,156.0,0.88,0.49,8.83,0.37915720964542066,4027.634432124006,11.693130271786906,344.3927750729618,0.32599846625406015,0.5553209999999991,4831.185834130166,30,Paper,2026-02-08T07:40:48.952591
31.4,0.22,25.0,6897.57,12.45,366.63,1.0,120837.3,19.8,156.0,0.88,0.49,8.83,0.37915720964542066,4027.634432124006,11.693130271786906,344.3927750729618,0.32599846625406015,0.5553209999999991,4831.185834130166,30,Paper,2026-02-08T07:40:48.952591
31.4,0.22,25.0,6897.57,12.45,366.63,1.0,120837.3,19.8,156.0,0.88,0.49,8.83,0.37915720964542066,4027.634432124006,11.693130271786906,344.3927750729618,0.32599846625406015,0.5553209999999991,4831.185834130166,30,Paper,2026-02-08T07:40:48.952591
31.4,0.22,25.0,6897.57,12.45,366.63,1.0,120837.3,19.8,156.0,0.88,0.49,8.83,0.37915720964542066,4027.634432124006,11.693130271786906,344.3927750729618,0.32599846625406015,0.5553209999999991,4831.185834130166,30,Paper,2026-02-08T07:40:48.952591
31.4,0.22,25.0,6897.57,12.45,366.63,1.0,120837.3,19.8,156.0,0.88,0.49,8.83,0.37915720964542066,4027.634432124006,11.693130271786906,344.3927750729618,0.32599846625406015,0.5553209999999991,4831.185834130166,30,Paper,2026-02-08T07:40:48.952591
31.4,0.0,25.0,6532.24,11.64,366.63,1.0,123567.1,19.8,156.0,0.44,0.28,4.41,0.37915720964542066,4027.634432124006,11.693130271786906,344.3927750729618,0.32599846625406015,0.5553209999999991,4831.185834130166,30,Paper,2026-02-08T07:40:48.952591
31.4,0.0,25.0,6532.24,11.64,366.63,1.0,123567.1,19.8,156.0,0.44,0.28,4.41,0.37915720964542066,4027.634432124006,11.693130271786906,344.3927750729618,0.32599846625406015,0.5553209999999991,4831.185834130166,30,Paper,2026-02-08T07:40:48.952591
31.4,0.0,25.0,6532.24,11.64,366.63,1.0,123567.1,19.8,156.0,0.44,0.28,4.41,0.37915720964542066,4027.634432124006,11.693130271786906,344.3927750729618,0.32599846625406015,0.5553209999999991,4831.185834130166,30,Paper,2026-02-08T07:40:48.952591
31.4,0.0,25.0,6532.24,11.64,366.63,1.0,123567.1,19.8,156.0,0.44,0.28,4.41,0.37915720964542066,4027.634432124006,11.693130271786906,344.3927750729618,0.32599846625406015,0.5553209999999991,4831.185834130166,30,Paper,2026-02-08T07:40:48.952591
31.4,0.0,25.0,6532.24,11.64,366.63,1.0,123567.1,19.8,156.0,0.44,0.28,4.41,0.37915720964542066,4027.634432124006,11.693130271786906,344.3927750729618,0.32599846625406015,0.5553209999999991,4831.185834130166,30,Paper,2026-02-08T07:40:48.952591
31.0,-2.19,25.0,6059.56,10.72,366.63,1.0,130568.5,19.8,156.0,0.17,0.14,1.75,0.37915720964542066,4027.634432124006,11.693130271786906,344.3927750729618,0.32599846625406015,0.5553209999999991,4831.185834130166,30,Paper,2026-02-08T07:40:48.952591
31.0,-2.19,25.0,6059.56,10.72,366.63,1.0,130568.5,19.8,156.0,0.17,0.14,1.75,0.37915720964542066,4027.634432124006,11.693130271786906,344.3927750729618,0.32599846625406015,0.5553209999999991,4831.185834130166,30,Paper,2026-02-08T07:40:48.952591
31.0,-2.19,25.0,6059.56,10.72,366.63,1.0,130568.5,19.8,156.0,0.17,0.14,1.75,0.37915720964542066,4027.634432124006,11.693130271786906,344.3927750729618,0.32599846625406015,0.5553209999999991,4831.185834130166,30,Paper,2026-02-08T07:40:48.952591
31.0,-2.19,25.0,6059.56,10.72,366.63,1.0,130568.5,19.8,156.0,0.17,0.14,1.75,0.37915720964542066,4027.634432124006,11.693130271786906,344.3927750729618,0.32599846625406015,0.5553209999999991,4831.185834130166,30,Paper,2026-02-08T07:40:48.952591
31.0,-2.19,25.0,6059.56,10.72,366.63,1.0,130568.5,19.8,156.0,0.17,0.14,1.75,0.37915720964542066,4027.634432124006,11.693130271786906,344.3927750729618,0.32599846625406015,0.5553209999999991,4831.185834130166,30,Paper,2026-02-08T07:40:48.952591
30.5,-2.19,25.0,7012.83,12.19,355.52,1.0,131991.0,19.8,156.0,0.28,0.21,2.8,0.37915720964542066,4027.634432124006,11.693130271786906,344.3927750729618,0.32599846625406015,0.5553209999999991,4831.185834130166,30,Paper,2026-02-08T07:40:48.952591
30.5,-2.19,25.0,7012.83,12.19,355.52,1.0,131991.0,19.8,156.0,0.28,0.21,2.8,0.37915720964542066,4027.634432124006,11.693130271786906,344.3927750729618,0.32599846625406015,0.5553209999999991,4831.185834130166,30,Paper,2026-02-08T07:40:48.952591
30.5,-2.19,25.0,7012.83,12.19,355.52,1.0,131991.0,19.8,156.0,0.28,0.21,2.8,0.37915720964542066,4027.634432124006,11.693130271786906,344.3927750729618,0.32599846625406015,0.5553209999999991,4831.185834130166,30,Paper,2026-02-08T07:40:48.952591
38.0,0.0,25.0,8071.97,36.6,355.52,1.0,122584.8,19.8,156.0,0.37,0.28,3.7,0.7854560065102377,4315.212569346628,15.752915965971553,280.65608473382025,0.09797958971132649,12.785044750000004,28913.31106131353,40,Paper,2026-02-08T07:41:04.165659
38.0,0.0,25.0,8071.97,36.6,355.52,1.0,122584.8,19.8,156.0,0.37,0.28,3.7,0.7854560065102377,4315.212569346628,15.752915965971553,280.65608473382025,0.09797958971132649,12.785044750000004,28913.31106131353,40,Paper,2026-02-08T07:41:04.165659
38.3,1.09,25.0,7423.08,33.52,511.06,1.0,146147.3,19.8,156.0,0.27,0.2,2.68,0.7854560065102377,4315.212569346628,15.752915965971553,280.65608473382025,0.09797958971132649,12.785044750000004,28913.31106131353,40,Paper,2026-02-08T07:41:04.165659
38.3,1.09,25.0,7423.08,33.52,511.06,1.0,146147.3,19.8,156.0,0.27,0.2,2.68,0.7854560065102377,4315.212569346628,15.752915965971553,280.65608473382025,0.09797958971132649,12.785044750000004,28913.31106131353,40,Paper,2026-02-08T07:41:04.165659
38.3,1.09,25.0,7423.08,33.52,511.06,1.0,146147.3,19.8,156.0,0.27,0.2,2.68,0.7854560065102377,4315.212569346628,15.752915965971553,280.65608473382025,0.09797958971132649,12.785044750000004,28913.31106131353,40,Paper,2026-02-08T07:41:04.165659
38.3,1.09,25.0,7423.08,33.52,511.06,1.0,146147.3,19.8,156.0,0.27,0.2,2.68,0.7854560065102377,4315.212569346628,15.752915965971553,280.65608473382025,0.09797958971132649,12.785044750000004,28913.31106131353,40,Paper,2026-02-08T07:41:04.165659
38.3,1.09,25.0,7423.08,33.52,511.06,1.0,146147.3,19.8,156.0,0.27,0.2,2.68,0.7854560065102377,4315.212569346628,15.752915965971553,280.65608473382025,0.09797958971132649,12.785044750000004,28913.31106131353,40,Paper,2026-02-08T07:41:04.165659
38.3,0.22,25.0,6551.46,29.43,522.17,1.0,151105.5,19.8,156.0,0.16,0.15,1.61,0.7854560065102377,4315.212569346628,15.752915965971553,280.65608473382025,0.09797958971132649,12.785044750000004,28913.31106131353,40,Paper,2026-02-08T07:41:04.165659
38.3,0.22,25.0,6551.46,29.43,522.17,1.0,151105.5,19.8,156.0,0.16,0.15,1.61,0.7854560065102377,4315.212569346628,15.752915965971553,280.65608473382025,0.09797958971132649,12.785044750000004,28913.31106131353,40,Paper,2026-02-08T07:41:04.165659
38.3,0.22,25.0,6551.46,29.43,522.17,1.0,151105.5,19.8,156.0,0.16,0.15,1.61,0.7854560065102377,4315.212569346628,15.752915965971553,280.65608473382025,0.09797958971132649,12.785044750000004,28913.31106131353,40,Paper,2026-02-08T07:41:04.165659
38.3,0.22,25.0,6551.46,29.43,522.17,1.0,151105.5,19.8,156.0,0.16,0.15,1.61,0.7854560065102377,4315.212569346628,15.752915965971553,280.65608473382025,0.09797958971132649,12.785044750000004,28913.31106131353,40,Paper,2026-02-08T07:41:04.165659
38.3,0.22,25.0,6551.46,29.43,522.17,1.0,151105.5,19.8,156.0,0.16,0.15,1.61,0.7854560065102377,4315.212569346628,15.752915965971553,280.65608473382025,0.09797958971132649,12.785044750000004,28913.31106131353,40,Paper,2026-02-08T07:41:04.165659
38.3,0.22,25.0,6551.46,29.43,522.17,1.0,151105.5,19.8,156.0,0.16,0.15,1.61,0.7854560065102377,4315.212569346628,15.752915965971553,280.65608473382025,0.09797958971132649,12.785044750000004,28913.31106131353,40,Paper,2026-02-08T07:41:04.165659
38.3,0.22,25.0,6009.01,26.89,799.92,1.0,203074.6,19.8,156.0,0.14,0.14,1.41,0.7854560065102377,4315.212569346628,15.752915965971553,280.65608473382025,0.09797958971132649,12.785044750000004,28913.31106131353,40,Paper,2026-02-08T07:41:04.165659
38.3,0.22,25.0,6009.01,26.89,799.92,1.0,203074.6,19.8,156.0,0.14,0.14,1.41,0.7854560065102377,4315.212569346628,15.752915965971553,280.65608473382025,0.09797958971132649,12.785044750000004,28913.31106131353,40,Paper,2026-02-08T07:41:04.165659
38.3,0.22,25.0,6009.01,26.89,799.92,1.0,203074.6,19.8,156.0,0.14,0.14,1.41,0.7854560065102377,4315.212569346628,15.752915965971553,280.65608473382025,0.09797958971132649,12.785044750000004,28913.31106131353,40,Paper,2026-02-08T07:41:04.165659
38.3,0.22,25.0,6009.01,26.89,799.92,1.0,203074.6,19.8,156.0,0.14,0.14,1.41,0.7854560065102377,4315.212569346628,15.752915965971553,280.65608473382025,0.09797958971132649,12.785044750000004,28913.31106131353,40,Paper,2026-02-08T07:41:04.165659
38.3,0.22,25.0,6009.01,26.89,799.92,1.0,203074.6,19.8,156.0,0.14,0.14,1.41,0.7854560065102377,4315.212569346628,15.752915965971553,280.65608473382025,0.09797958971132649,12.785044750000004,28913.31106131353,40,Paper,2026-02-08T07:41:04.165659
38.4,0.22,25.0,5533.89,24.69,833.25,1.0,203332.1,19.8,156.0,0.15,0.14,1.47,0.7854560065102377,4315.212569346628,15.752915965971553,280.65608473382025,0.09797958971132649,12.785044750000004,28913.31106131353,40,Paper,2026-02-08T07:41:04.165659
38.4,0.22,25.0,5533.89,24.69,833.25,1.0,203332.1,19.8,156.0,0.15,0.14,1.47,0.7854560065102377,4315.212569346628,15.752915965971553,280.65608473382025,0.09797958971132649,12.785044750000004,28913.31106131353,40,Paper,2026-02-08T07:41:04.165659
47.9,-3.5,25.0,4239.64,19.59,799.92,1.0,141149.6,19.8,156.0,3.88,3.59,38.78,0.461013242282659,3023.961690702584,15.853860530238455,191.1736522778284,0.6554387843269576,1.6542289999999995,1864.1272243599703,50,Paper,2026-02-08T07:41:09.134822
47.9,-3.5,25.0,4239.64,19.59,799.92,1.0,141149.6,19.8,156.0,3.88,3.59,38.78,0.461013242282659,3023.961690702584,15.853860530238455,191.1736522778284,0.6554387843269576,1.6542289999999995,1864.1272243599703,50,Paper,2026-02-08T07:41:09.134822
47.9,-3.5,25.0,4239.64,19.59,799.92,1.0,141149.6,19.8,156.0,3.88,3.59,38.78,0.461013242282659,3023.961690702584,15.853860530238455,191.1736522778284,0.6554387843269576,1.6542289999999995,1864.1272243599703,50,Paper,2026-02-08T07:41:09.134822
47.1,-3.5,25.0,4340.04,20.18,788.81,1.0,142804.4,19.8,156.0,3.55,3.19,35.5,0.461013242282659,3023.961690702584,15.853860530238455,191.1736522778284,0.6554387843269576,1.6542289999999995,1864.1272243599703,50,Paper,2026-02-08T07:41:09.134822
47.1,-3.5,25.0,4340.04,20.18,788.81,1.0,142804.4,19.8,156.0,3.55,3.19,35.5,0.461013242282659,3023.961690702584,15.853860530238455,191.1736522778284,0.6554387843269576,1.6542289999999995,1864.1272243599703,50,Paper,2026-02-08T07:41:09.134822
47.1,-3.5,25.0,4340.04,20.18,788.81,1.0,142804.4,19.8,156.0,3.55,3.19,35.5,0.461013242282659,3023.961690702584,15.853860530238455,191.1736522778284,0.6554387843269576,1.6542289999999995,1864.1272243599703,50,Paper,2026-02-08T07:41:09.134822
47.1,-3.5,25.0,4340.04,20.18,788.81,1.0,142804.4,19.8,156.0,3.55,3.19,35.5,0.461013242282659,3023.961690702584,15.853860530238455,191.1736522778284,0.6554387843269576,1.6542289999999995,1864.1272243599703,50,Paper,2026-02-08T07:41:09.134822
47.1,-3.5,25.0,4340.04,20.18,788.81,1.0,142804.4,19.8,156.0,3.55,3.19,35.5,0.461013242282659,3023.961690702584,15.853860530238455,191.1736522778284,0.6554387843269576,1.6542289999999995,1864.1272243599703,50,Paper,2026-02-08T07:41:09.134822
46.4,-3.28,25.0,4800.42,22.43,711.04,1.0,142035.5,19.8,156.0,2.99,2.45,29.93,0.461013242282659,3023.961690702584,15.853860530238455,191.1736522778284,0.6554387843269576,1.6542289999999995,1864.1272243599703,50,Paper,2026-02-08T07:41:09.134822
46.4,-3.28,25.0,4800.42,22.43,711.04,1.0,142035.5,19.8,156.0,2.99,2.45,29.93,0.461013242282659,3023.961690702584,15.853860530238455,191.1736522778284,0.6554387843269576,1.6542289999999995,1864.1272243599703,50,Paper,2026-02-08T07:41:09.134822
46.4,-3.28,25.0,4800.42,22.43,711.04,1.0,142035.5,19.8,156.0,2.99,2.45,29.93,0.461013242282659,3023.961690702584,15.853860530238455,191.1736522778284,0.6554387843269576,1.6542289999999995,1864.1272243599703,50,Paper,2026-02-08T07:41:09.134822
46.4,-3.28,25.0,4800.42,22.43,711.04,1.0,142035.5,19.8,156.0,2.99,2.45,29.93,0.461013242282659,3023.961690702584,15.853860530238455,191.1736522778284,0.6554387843269576,1.6542289999999995,1864.1272243599703,50,Paper,2026-02-08T07:41:09.134822
46.4,-3.28,25.0,4800.42,22.43,711.04,1.0,142035.5,19.8,156.0,2.99,2.45,29.93,0.461013242282659,3023.961690702584,15.853860530238455,191.1736522778284,0.6554387843269576,1.6542289999999995,1864.1272243599703,50,Paper,2026-02-08T07:41:09.134822
46.4,-3.28,25.0,4800.42,22.43,711.04,1.0,142035.5,19.8,156.0,2.99,2.45,29.93,0.461013242282659,3023.961690702584,15.853860530238455,191.1736522778284,0.6554387843269576,1.6542289999999995,1864.1272243599703,50,Paper,2026-02-08T07:41:09.134822
46.0,-1.75,25.0,4784.8,22.47,699.93,1.0,139674.4,19.8,156.0,2.11,1.62,21.05,0.461013242282659,3023.961690702584,15.853860530238455,191.1736522778284,0.6554387843269576,1.6542289999999995,1864.1272243599703,50,Paper,2026-02-08T07:41:09.134822
46.0,-1.75,25.0,4784.8,22.47,699.93,1.0,139674.4,19.8,156.0,2.11,1.62,21.05,0.461013242282659,3023.961690702584,15.853860530238455,191.1736522778284,0.6554387843269576,1.6542289999999995,1864.1272243599703,50,Paper,2026-02-08T07:41:09.134822
46.0,-1.75,25.0,4784.8,22.47,699.93,1.0,139674.4,19.8,156.0,2.11,1.62,21.05,0.461013242282659,3023.961690702584,15.853860530238455,191.1736522778284,0.6554387843269576,1.6542289999999995,1864.1272243599703,50,Paper,2026-02-08T07:41:09.134822
46.0,-1.75,25.0,4784.8,22.47,699.93,1.0,139674.4,19.8,156.0,2.11,1.62,21.05,0.461013242282659,3023.961690702584,15.853860530238455,191.1736522778284,0.6554387843269576,1.6542289999999995,1864.1272243599703,50,Paper,2026-02-08T07:41:09.134822
46.0,-1.75,25.0,4784.8,22.47,699.93,1.0,139674.4,19.8,156.0,2.11,1.62,21.05,0.461013242282659,3023.961690702584,15.853860530238455,191.1736522778284,0.6554387843269576,1.6542289999999995,1864.1272243599703,50,Paper,2026-02-08T07:41:09.134822
46.0,0.0,25.0,4957.05,23.38,699.93,1.0,134807.8,19.8,156.0,1.44,1.22,14.44,0.461013242282659,3023.961690702584,15.853860530238455,191.1736522778284,0.6554387843269576,1.6542289999999995,1864.1272243599703,50,Paper,2026-02-08T07:41:09.134822
56.7,-2.19,25.0,2033.29,10.01,866.58,1.0,83327.8,19.8,156.0,0.31,0.28,3.09,0.1658678614899272,1510.3764395012047,15.801382197506024,95.69389141483637,0.021794494717702128,0.26708474999999954,1629.4079788070235,60,Paper,2026-02-08T07:41:29.624667
56.7,-2.19,25.0,2033.29,10.01,866.58,1.0,83327.8,19.8,156.0,0.31,0.28,3.09,0.1658678614899272,1510.3764395012047,15.801382197506024,95.69389141483637,0.021794494717702128,0.26708474999999954,1629.4079788070235,60,Paper,2026-02-08T07:41:29.624667
56.7,0.0,25.0,2037.92,10.04,866.58,1.0,87631.7,19.8,156.0,0.29,0.25,2.85,0.1658678614899272,1510.3764395012047,15.801382197506024,95.69389141483637,0.021794494717702128,0.26708474999999954,1629.4079788070235,60,Paper,2026-02-08T07:41:29.624667
56.7,0.0,25.0,2037.92,10.04,866.58,1.0,87631.7,19.8,156.0,0.29,0.25,2.85,0.1658678614899272,1510.3764395012047,15.801382197506024,95.69389141483637,0.021794494717702128,0.26708474999999954,1629.4079788070235,60,Paper,2026-02-08T07:41:29.624667
56.7,0.0,25.0,2037.92,10.04,866.58,1.0,87631.7,19.8,156.0,0.29,0.25,2.85,0.1658678614899272,1510.3764395012047,15.801382197506024,95.69389141483637,0.021794494717702128,0.26708474999999954,1629.4079788070235,60,Paper,2026-02-08T07:41:29.624667
56.7,0.0,25.0,2037.92,10.04,866.58,1.0,87631.7,19.8,156.0,0.29,0.25,2.85,0.1658678614899272,1510.3764395012047,15.801382197506024,95.69389141483637,0.021794494717702128,0.26708474999999954,1629.4079788070235,60,Paper,2026-02-08T07:41:29.624667
56.7,0.0,25.0,2037.92,10.04,866.58,1.0,87631.7,19.8,156.0,0.29,0.25,2.85,0.1658678614899272,1510.3764395012047,15.801382197506024,95.69389141483637,0.021794494717702128,0.26708474999999954,1629.4079788070235,60,Paper,2026-02-08T07:41:29.624667
56.7,0.0,25.0,2037.92,10.04,866.58,1.0,87631.7,19.8,156.0,0.29,0.25,2.85,0.1658678614899272,1510.3764395012047,15.801382197506024,95.69389141483637,0.021794494717702128,0.26708474999999954,1629.4079788070235,60,Paper,2026-02-08T07:41:29.624667
56.7,0.0,25.0,1842.82,9.09,888.8,1.0,83754.6,19.8,156.0,0.26,0.23,2.57,0.1658678614899272,1510.3764395012047,15.801382197506024,95.69389141483637,0.021794494717702128,0.26708474999999954,1629.4079788070235,60,Paper,2026-02-08T07:41:29.624667
56.7,0.0,25.0,1842.82,9.09,888.8,1.0,83754.6,19.8,156.0,0.26,0.23,2.57,0.1658678614899272,1510.3764395012047,15.801382197506024,95.69389141483637,0.021794494717702128,0.26708474999999954,1629.4079788070235,60,Paper,2026-02-08T07:41:29.624667
56.7,0.0,25.0,1842.82,9.09,888.8,1.0,83754.6,19.8,156.0,0.26,0.23,2.57,0.1658678614899272,1510.3764395012047,15.801382197506024,95.69389141483637,0.021794494717702128,0.26708474999999954,1629.4079788070235,60,Paper,2026-02-08T07:41:29.624667
56.7,0.0,25.0,1842.82,9.09,888.8,1.0,83754.6,19.8,156.0,0.26,0.23,2.57,0.1658678614899272,1510.3764395012047,15.801382197506024,95.69389141483637,0.021794494717702128,0.26708474999999954,1629.4079788070235,60,Paper,2026-02-08T07:41:29.624667
56.7,0.0,25.0,1842.82,9.09,888.8,1.0,83754.6,19.8,156.0,0.26,0.23,2.57,0.1658678614899272,1510.3764395012047,15.801382197506024,95.69389141483637,0.021794494717702128,0.26708474999999954,1629.4079788070235,60,Paper,2026-02-08T07:41:29.624667
56.7,0.0,25.0,1802.12,8.9,933.24,1.0,85901.8,19.8,156.0,0.22,0.21,2.21,0.1658678614899272,1510.3764395012047,15.801382197506024,95.69389141483637,0.021794494717702128,0.26708474999999954,1629.4079788070235,60,Paper,2026-02-08T07:41:29.624667
56.7,0.0,25.0,1802.12,8.9,933.24,1.0,85901.8,19.8,156.0,0.22,0.21,2.21,0.1658678614899272,1510.3764395012047,15.801382197506024,95.69389141483637,0.021794494717702128,0.26708474999999954,1629.4079788070235,60,Paper,2026-02-08T07:41:29.624667
56.7,0.0,25.0,1802.12,8.9,933.24,1.0,85901.8,19.8,156.0,0.22,0.21,2.21,0.1658678614899272,1510.3764395012047,15.801382197506024,95.69389141483637,0.021794494717702128,0.26708474999999954,1629.4079788070235,60,Paper,2026-02-08T07:41:29.624667
56.7,0.0,25.0,1802.12,8.9,933.24,1.0,85901.8,19.8,156.0,0.22,0.21,2.21,0.1658678614899272,1510.3764395012047,15.801382197506024,95.69389141483637,0.021794494717702128,0.26708474999999954,1629.4079788070235,60,Paper,2026-02-08T07:41:29.624667
56.7,0.0,25.0,1802.12,8.9,933.24,1.0,85901.8,19.8,156.0,0.22,0.21,2.21,0.1658678614899272,1510.3764395012047,15.801382197506024,95.69389141483637,0.021794494717702128,0.26708474999999954,1629.4079788070235,60,Paper,2026-02-08T07:41:29.624667
56.7,0.0,25.0,1802.12,8.9,933.24,1.0,85901.8,19.8,156.0,0.22,0.21,2.21,0.1658678614899272,1510.3764395012047,15.801382197506024,95.69389141483637,0.021794494717702128,0.26708474999999954,1629.4079788070235,60,Paper,2026-02-08T07:41:29.624667
56.8,0.44,25.0,1823.21,9.0,944.35,1.0,86289.2,19.8,156.0,0.2,0.19,2.04,0.1658678614899272,1510.3764395012047,15.801382197506024,95.69389141483637,0.021794494717702128,0.26708474999999954,1629.4079788070235,60,Paper,2026-02-08T07:41:29.624667
67.8,-1.53,25.0,3735.78,18.54,777.7,1.0,128797.5,19.8,156.0,2.53,1.98,25.33,0.2707542718832813,1768.4929673722218,11.22655942361971,157.96717376225416,0.36942522924131815,1.7409127500000003,5092.418956495529,70,Paper,2026-02-08T07:41:34.440201
67.8,-1.53,25.0,3735.78,18.54,777.7,1.0,128797.5,19.8,156.0,2.53,1.98,25.33,0.2707542718832813,1768.4929673722218,11.22655942361971,157.96717376225416,0.36942522924131815,1.7409127500000003,5092.418956495529,70,Paper,2026-02-08T07:41:34.440201
67.4,-1.53,25.0,3399.68,16.88,788.81,1.0,120096.7,19.8,156.0,1.59,1.22,15.86,0.2707542718832813,1768.4929673722218,11.22655942361971,157.96717376225416,0.36942522924131815,1.7409127500000003,5092.418956495529,70,Paper,2026-02-08T07:41:34.440201
67.4,-1.53,25.0,3399.68,16.88,788.81,1.0,120096.7,19.8,156.0,1.59,1.22,15.86,0.2707542718832813,1768.4929673722218,11.22655942361971,157.96717376225416,0.36942522924131815,1.7409127500000003,5092.418956495529,70,Paper,2026-02-08T07:41:34.440201
67.4,-1.53,25.0,3399.68,16.88,788.81,1.0,120096.7,19.8,156.0,1.59,1.22,15.86,0.2707542718832813,1768.4929673722218,11.22655942361971,157.96717376225416,0.36942522924131815,1.7409127500000003,5092.418956495529,70,Paper,2026-02-08T07:41:34.440201
67.4,-1.53,25.0,3399.68,16.88,788.81,1.0,120096.7,19.8,156.0,1.59,1.22,15.86,0.2707542718832813,1768.4929673722218,11.22655942361971,157.96717376225416,0.36942522924131815,1.7409127500000003,5092.418956495529,70,Paper,2026-02-08T07:41:34.440201
67.4,-1.53,25.0,3399.68,16.88,788.81,1.0,120096.7,19.8,156.0,1.59,1.22,15.86,0.2707542718832813,1768.4929673722218,11.22655942361971,157.96717376225416,0.36942522924131815,1.7409127500000003,5092.418956495529,70,Paper,2026-02-08T07:41:34.440201
67.1,-1.75,25.0,4028.83,20.0,699.93,1.0,120646.7,19.8,156.0,0.84,0.66,8.36,0.2707542718832813,1768.4929673722218,11.22655942361971,157.96717376225416,0.36942522924131815,1.7409127500000003,5092.418956495529,70,Paper,2026-02-08T07:41:34.440201
67.1,-1.75,25.0,4028.83,20.0,699.93,1.0,120646.7,19.8,156.0,0.84,0.66,8.36,0.2707542718832813,1768.4929673722218,11.22655942361971,157.96717376225416,0.36942522924131815,1.7409127500000003,5092.418956495529,70,Paper,2026-02-08T07:41:34.440201
67.1,-1.75,25.0,4028.83,20.0,699.93,1.0,120646.7,19.8,156.0,0.84,0.66,8.36,0.2707542718832813,1768.4929673722218,11.22655942361971,157.96717376225416,0.36942522924131815,1.7409127500000003,5092.418956495529,70,Paper,2026-02-08T07:41:34.440201
67.1,-1.75,25.0,4028.83,20.0,699.93,1.0,120646.7,19.8,156.0,0.84,0.66,8.36,0.2707542718832813,1768.4929673722218,11.22655942361971,157.96717376225416,0.36942522924131815,1.7409127500000003,5092.418956495529,70,Paper,2026-02-08T07:41:34.440201
67.1,-1.75,25.0,4028.83,20.0,699.93,1.0,120646.7,19.8,156.0,0.84,0.66,8.36,0.2707542718832813,1768.4929673722218,11.22655942361971,157.96717376225416,0.36942522924131815,1.7409127500000003,5092.418956495529,70,Paper,2026-02-08T07:41:34.440201
67.1,-1.75,25.0,4028.83,20.0,699.93,1.0,120646.7,19.8,156.0,0.84,0.66,8.36,0.2707542718832813,1768.4929673722218,11.22655942361971,157.96717376225416,0.36942522924131815,1.7409127500000003,5092.418956495529,70,Paper,2026-02-08T07:41:34.440201
66.7,-1.75,25.0,3580.34,17.75,766.59,1.0,114967.2,19.8,156.0,0.61,0.51,6.13,0.2707542718832813,1768.4929673722218,11.22655942361971,157.96717376225416,0.36942522924131815,1.7409127500000003,5092.418956495529,70,Paper,2026-02-08T07:41:34.440201
66.7,-1.75,25.0,3580.34,17.75,766.59,1.0,114967.2,19.8,156.0,0.61,0.51,6.13,0.2707542718832813,1768.4929673722218,11.22655942361971,157.96717376225416,0.36942522924131815,1.7409127500000003,5092.418956495529,70,Paper,2026-02-08T07:41:34.440201
66.7,-1.75,25.0,3580.34,17.75,766.59,1.0,114967.2,19.8,156.0,0.61,0.51,6.13,0.2707542718832813,1768.4929673722218,11.22655942361971,157.96717376225416,0.36942522924131815,1.7409127500000003,5092.418956495529,70,Paper,2026-02-08T07:41:34.440201
66.7,-1.75,25.0,3580.34,17.75,766.59,1.0,114967.2,19.8,156.0,0.61,0.51,6.13,0.2707542718832813,1768.4929673722218,11.22655942361971,157.96717376225416,0.36942522924131815,1.7409127500000003,5092.418956495529,70,Paper,2026-02-08T07:41:34.440201
66.7,-1.75,25.0,3580.34,17.75,766.59,1.0,114967.2,19.8,156.0,0.61,0.51,6.13,0.2707542718832813,1768.4929673722218,11.22655942361971,157.96717376225416,0.36942522924131815,1.7409127500000003,5092.418956495529,70,Paper,2026-02-08T07:41:34.440201
66.6,-0.22,25.0,3338.27,16.55,766.59,1.0,108390.2,19.8,156.0,0.51,0.45,5.14,0.2707542718832813,1768.4929673722218,11.22655942361971,157.96717376225416,0.36942522924131815,1.7409127500000003,5092.418956495529,70,Paper,2026-02-08T07:41:34.440201
66.6,-0.22,25.0,3338.27,16.55,766.59,1.0,108390.2,19.8,156.0,0.51,0.45,5.14,0.2707542718832813,1768.4929673722218,11.22655942361971,157.96717376225416,0.36942522924131815,1.7409127500000003,5092.418956495529,70,Paper,2026-02-08T07:41:34.440201
79.3,-0.44,25.0,8619.57,42.54,766.59,1.0,252602.7,19.8,156.0,2.34,1.89,23.41,0.44724464060529645,2814.7535308953347,9.730006305170239,289.48114003946984,1.4210854715202004e-14,26.810902749999997,22378.90821875534,80,Paper,2026-02-08T07:41:39.963958
79.3,-0.44,25.0,8619.57,42.54,766.59,1.0,252602.7,19.8,156.0,2.34,1.89,23.41,0.44724464060529645,2814.7535308953347,9.730006305170239,289.48114003946984,1.4210854715202004e-14,26.810902749999997,22378.90821875534,80,Paper,2026-02-08T07:41:39.963958
79.3,-0.44,25.0,8619.57,42.54,766.59,1.0,252602.7,19.8,156.0,2.34,1.89,23.41,0.44724464060529645,2814.7535308953347,9.730006305170239,289.48114003946984,1.4210854715202004e-14,26.810902749999997,22378.90821875534,80,Paper,2026-02-08T07:41:39.963958
79.3,-0.44,25.0,8619.57,42.54,766.59,1.0,252602.7,19.8,156.0,2.34,1.89,23.41,0.44724464060529645,2814.7535308953347,9.730006305170239,289.48114003946984,1.4210854715202004e-14,26.810902749999997,22378.90821875534,80,Paper,2026-02-08T07:41:39.963958
79.3,-0.44,25.0,8619.57,42.54,766.59,1.0,252602.7,19.8,156.0,2.34,1.89,23.41,0.44724464060529645,2814.7535308953347,9.730006305170239,289.48114003946984,1.4210854715202004e-14,26.810902749999997,22378.90821875534,80,Paper,2026-02-08T07:41:39.963958
79.3,0.0,25.0,7532.14,37.14,766.59,1.0,230989.1,19.8,156.0,1.8,1.57,17.97,0.44724464060529645,2814.7535308953347,9.730006305170239,289.48114003946984,1.4210854715202004e-14,26.810902749999997,22378.90821875534,80,Paper,2026-02-08T07:41:39.963958
79.3,0.0,25.0,7532.14,37.14,766.59,1.0,230989.1,19.8,156.0,1.8,1.57,17.97,0.44724464060529645,2814.7535308953347,9.730006305170239,289.48114003946984,1.4210854715202004e-14,26.810902749999997,22378.90821875534,80,Paper,2026-02-08T07:41:39.963958
79.3,0.0,25.0,7532.14,37.14,766.59,1.0,230989.1,19.8,156.0,1.8,1.57,17.97,0.44724464060529645,2814.7535308953347,9.730006305170239,289.48114003946984,1.4210854715202004e-14,26.810902749999997,22378.90821875534,80,Paper,2026-02-08T07:41:39.963958
79.3,0.0,25.0,7532.14,37.14,766.59,1.0,230989.1,19.8,156.0,1.8,1.57,17.97,0.44724464060529645,2814.7535308953347,9.730006305170239,289.48114003946984,1.4210854715202004e-14,26.810902749999997,22378.90821875534,80,Paper,2026-02-08T07:41:39.963958
79.3,0.0,25.0,7532.14,37.14,766.59,1.0,230989.1,19.8,156.0,1.8,1.57,17.97,0.44724464060529645,2814.7535308953347,9.730006305170239,289.48114003946984,1.4210854715202004e-14,26.810902749999997,22378.90821875534,80,Paper,2026-02-08T07:41:39.963958
79.3,0.0,25.0,7532.14,37.14,766.59,1.0,230989.1,19.8,156.0,1.8,1.57,17.97,0.44724464060529645,2814.7535308953347,9.730006305170239,289.48114003946984,1.4210854715202004e-14,26.810902749999997,22378.90821875534,80,Paper,2026-02-08T07:41:39.963958
79.3,0.0,25.0,6557.84,32.31,777.7,1.0,211881.0,19.8,156.0,1.47,1.31,14.67,0.44724464060529645,2814.7535308953347,9.730006305170239,289.48114003946984,1.4210854715202004e-14,26.810902749999997,22378.90821875534,80,Paper,2026-02-08T07:41:39.963958
79.3,0.0,25.0,6557.84,32.31,777.7,1.0,211881.0,19.8,156.0,1.47,1.31,14.67,0.44724464060529645,2814.7535308953347,9.730006305170239,289.48114003946984,1.4210854715202004e-14,26.810902749999997,22378.90821875534,80,Paper,2026-02-08T07:41:39.963958
79.3,0.0,25.0,6557.84,32.31,777.7,1.0,211881.0,19.8,156.0,1.47,1.31,14.67,0.44724464060529645,2814.7535308953347,9.730006305170239,289.48114003946984,1.4210854715202004e-14,26.810902749999997,22378.90821875534,80,Paper,2026-02-08T07:41:39.963958
79.3,0.0,25.0,6557.84,32.31,777.7,1.0,211881.0,19.8,156.0,1.47,1.31,14.67,0.44724464060529645,2814.7535308953347,9.730006305170239,289.48114003946984,1.4210854715202004e-14,26.810902749999997,22378.90821875534,80,Paper,2026-02-08T07:41:39.963958
79.3,0.0,25.0,6557.84,32.31,777.7,1.0,211881.0,19.8,156.0,1.47,1.31,14.67,0.44724464060529645,2814.7535308953347,9.730006305170239,289.48114003946984,1.4210854715202004e-14,26.810902749999997,22378.90821875534,80,Paper,2026-02-08T07:41:39.963958
79.3,0.0,25.0,5698.35,28.06,777.7,1.0,188961.5,19.8,156.0,1.0,0.91,10.03,0.44724464060529645,2814.7535308953347,9.730006305170239,289.48114003946984,1.4210854715202004e-14,26.810902749999997,22378.90821875534,80,Paper,2026-02-08T07:41:39.963958
79.3,0.0,25.0,5698.35,28.06,777.7,1.0,188961.5,19.8,156.0,1.0,0.91,10.03,0.44724464060529645,2814.7535308953347,9.730006305170239,289.48114003946984,1.4210854715202004e-14,26.810902749999997,22378.90821875534,80,Paper,2026-02-08T07:41:39.963958
79.3,0.0,25.0,5698.35,28.06,777.7,1.0,188961.5,19.8,156.0,1.0,0.91,10.03,0.44724464060529645,2814.7535308953347,9.730006305170239,289.48114003946984,1.4210854715202004e-14,26.810902749999997,22378.90821875534,80,Paper,2026-02-08T07:41:39.963958
79.3,0.0,25.0,5698.35,28.06,777.7,1.0,188961.5,19.8,156.0,1.0,0.91,10.03,0.44724464060529645,2814.7535308953347,9.730006305170239,289.48114003946984,1.4210854715202004e-14,26.810902749999997,22378.90821875534,80,Paper,2026-02-08T07:41:39.963958
89.2,0.44,25.0,8419.57,41.45,944.35,1.0,336469.8,19.8,156.0,3.89,3.51,38.86,0.5061414645168161,3854.490890989826,10.147506834602112,389.25280062342426,0.12359207094308147,19.37960275000001,42072.83210282379,90,Paper,2026-02-08T07:41:44.225420
89.2,0.44,25.0,8419.57,41.45,944.35,1.0,336469.8,19.8,156.0,3.89,3.51,38.86,0.5061414645168161,3854.490890989826,10.147506834602112,389.25280062342426,0.12359207094308147,19.37960275000001,42072.83210282379,90,Paper,2026-02-08T07:41:44.225420
89.5,1.31,25.0,8170.1,40.28,988.79,1.0,353163.0,19.8,156.0,3.41,2.91,34.13,0.5061414645168161,3854.490890989826,10.147506834602112,389.25280062342426,0.12359207094308147,19.37960275000001,42072.83210282379,90,Paper,2026-02-08T07:41:44.225420
89.5,1.31,25.0,8170.1,40.28,988.79,1.0,353163.0,19.8,156.0,3.41,2.91,34.13,0.5061414645168161,3854.490890989826,10.147506834602112,389.25280062342426,0.12359207094308147,19.37960275000001,42072.83210282379,90,Paper,2026-02-08T07:41:44.225420
89.5,1.31,25.0,8170.1,40.28,988.79,1.0,353163.0,19.8,156.0,3.41,2.91,34.13,0.5061414645168161,3854.490890989826,10.147506834602112,389.25280062342426,0.12359207094308147,19.37960275000001,42072.83210282379,90,Paper,2026-02-08T07:41:44.225420
89.5,1.31,25.0,8170.1,40.28,988.79,1.0,353163.0,19.8,156.0,3.41,2.91,34.13,0.5061414645168161,3854.490890989826,10.147506834602112,389.25280062342426,0.12359207094308147,19.37960275000001,42072.83210282379,90,Paper,2026-02-08T07:41:44.225420
89.5,1.31,25.0,8170.1,40.28,988.79,1.0,353163.0,19.8,156.0,3.41,2.91,34.13,0.5061414645168161,3854.490890989826,10.147506834602112,389.25280062342426,0.12359207094308147,19.37960275000001,42072.83210282379,90,Paper,2026-02-08T07:41:44.225420
89.5,0.0,25.0,9052.92,44.65,955.46,1.0,358974.9,19.8,156.0,2.49,2.07,24.88,0.5061414645168161,3854.490890989826,10.147506834602112,389.25280062342426,0.12359207094308147,19.37960275000001,42072.83210282379,90,Paper,2026-02-08T07:41:44.225420
89.5,0.0,25.0,9052.92,44.65,955.46,1.0,358974.9,19.8,156.0,2.49,2.07,24.88,0.5061414645168161,3854.490890989826,10.147506834602112,389.25280062342426,0.12359207094308147,19.37960275000001,42072.83210282379,90,Paper,2026-02-08T07:41:44.225420
89.5,0.0,25.0,9052.92,44.65,955.46,1.0,358974.9,19.8,156.0,2.49,2.07,24.88,0.5061414645168161,3854.490890989826,10.147506834602112,389.25280062342426,0.12359207094308147,19.37960275000001,42072.83210282379,90,Paper,2026-02-08T07:41:44.225420
89.5,0.0,25.0,9052.92,44.65,955.46,1.0,358974.9,19.8,156.0,2.49,2.07,24.88,0.5061414645168161,3854.490890989826,10.147506834602112,389.25280062342426,0.12359207094308147,19.37960275000001,42072.83210282379,90,Paper,2026-02-08T07:41:44.225420
89.5,0.0,25.0,9052.92,44.65,955.46,1.0,358974.9,19.8,156.0,2.49,2.07,24.88,0.5061414645168161,3854.490890989826,10.147506834602112,389.25280062342426,0.12359207094308147,19.37960275000001,42072.83210282379,90,Paper,2026-02-08T07:41:44.225420
89.5,0.0,25.0,9052.92,44.65,955.46,1.0,358974.9,19.8,156.0,2.49,2.07,24.88,0.5061414645168161,3854.490890989826,10.147506834602112,389.25280062342426,0.12359207094308147,19.37960275000001,42072.83210282379,90,Paper,2026-02-08T07:41:44.225420
89.6,0.22,25.0,9966.12,49.17,955.46,1.0,372511.8,19.8,156.0,1.62,1.22,16.15,0.5061414645168161,3854.490890989826,10.147506834602112,389.25280062342426,0.12359207094308147,19.37960275000001,42072.83210282379,90,Paper,2026-02-08T07:41:44.225420
89.6,0.22,25.0,9966.12,49.17,955.46,1.0,372511.8,19.8,156.0,1.62,1.22,16.15,0.5061414645168161,3854.490890989826,10.147506834602112,389.25280062342426,0.12359207094308147,19.37960275000001,42072.83210282379,90,Paper,2026-02-08T07:41:44.225420
89.6,0.22,25.0,9966.12,49.17,955.46,1.0,372511.8,19.8,156.0,1.62,1.22,16.15,0.5061414645168161,3854.490890989826,10.147506834602112,389.25280062342426,0.12359207094308147,19.37960275000001,42072.83210282379,90,Paper,2026-02-08T07:41:44.225420
89.6,0.22,25.0,9966.12,49.17,955.46,1.0,372511.8,19.8,156.0,1.62,1.22,16.15,0.5061414645168161,3854.490890989826,10.147506834602112,389.25280062342426,0.12359207094308147,19.37960275000001,42072.83210282379,90,Paper,2026-02-08T07:41:44.225420
89.6,0.22,25.0,9966.12,49.17,955.46,1.0,372511.8,19.8,156.0,1.62,1.22,16.15,0.5061414645168161,3854.490890989826,10.147506834602112,389.25280062342426,0.12359207094308147,19.37960275000001,42072.83210282379,90,Paper,2026-02-08T07:41:44.225420
89.7,0.87,25.0,10952.33,54.09,411.07,1.0,222591.9,19.8,156.0,0.91,0.6,9.08,0.5061414645168161,3854.490890989826,10.147506834602112,389.25280062342426,0.12359207094308147,19.37960275000001,42072.83210282379,90,Paper,2026-02-08T07:41:44.225420
89.7,0.87,25.0,10952.33,54.09,411.07,1.0,222591.9,19.8,156.0,0.91,0.6,9.08,0.5061414645168161,3854.490890989826,10.147506834602112,389.25280062342426,0.12359207094308147,19.37960275000001,42072.83210282379,90,Paper,2026-02-08T07:41:44.225420
97.3,-4.15,25.0,1149.09,5.68,1399.86,1.0,91819.9,19.8,156.0,0.96,0.84,9.6,0.055112965816544554,862.3872602819671,14.387682124914383,60.02396079188524,0.6177378084592172,0.04153499999999999,4375.479840003261,100,Paper,2026-02-08T07:41:51.375584
97.3,-4.15,25.0,1149.09,5.68,1399.86,1.0,91819.9,19.8,156.0,0.96,0.84,9.6,0.055112965816544554,862.3872602819671,14.387682124914383,60.02396079188524,0.6177378084592172,0.04153499999999999,4375.479840003261,100,Paper,2026-02-08T07:41:51.375584
97.3,-4.15,25.0,1149.09,5.68,1399.86,1.0,91819.9,19.8,156.0,0.96,0.84,9.6,0.055112965816544554,862.3872602819671,14.387682124914383,60.02396079188524,0.6177378084592172,0.04153499999999999,4375.479840003261,100,Paper,2026-02-08T07:41:51.375584
97.3,0.0,25.0,1075.59,5.31,1433.19,1.0,85342.9,19.8,156.0,0.82,0.73,8.2,0.055112965816544554,862.3872602819671,14.387682124914383,60.02396079188524,0.6177378084592172,0.04153499999999999,4375.479840003261,100,Paper,2026-02-08T07:41:51.375584
97.3,0.0,25.0,1075.59,5.31,1433.19,1.0,85342.9,19.8,156.0,0.82,0.73,8.2,0.055112965816544554,862.3872602819671,14.387682124914383,60.02396079188524,0.6177378084592172,0.04153499999999999,4375.479840003261,100,Paper,2026-02-08T07:41:51.375584
97.3,0.0,25.0,1075.59,5.31,1433.19,1.0,85342.9,19.8,156.0,0.82,0.73,8.2,0.055112965816544554,862.3872602819671,14.387682124914383,60.02396079188524,0.6177378084592172,0.04153499999999999,4375.479840003261,100,Paper,2026-02-08T07:41:51.375584
97.3,0.0,25.0,1075.59,5.31,1433.19,1.0,85342.9,19.8,156.0,0.82,0.73,8.2,0.055112965816544554,862.3872602819671,14.387682124914383,60.02396079188524,0.6177378084592172,0.04153499999999999,4375.479840003261,100,Paper,2026-02-08T07:41:51.375584
97.3,0.0,25.0,1075.59,5.31,1433.19,1.0,85342.9,19.8,156.0,0.82,0.73,8.2,0.055112965816544554,862.3872602819671,14.387682124914383,60.02396079188524,0.6177378084592172,0.04153499999999999,4375.479840003261,100,Paper,2026-02-08T07:41:51.375584
96.5,-3.71,25.0,1031.42,5.09,1455.41,1.0,82156.4,19.8,156.0,0.79,0.69,7.85,0.055112965816544554,862.3872602819671,14.387682124914383,60.02396079188524,0.6177378084592172,0.04153499999999999,4375.479840003261,100,Paper,2026-02-08T07:41:51.375584
96.5,-3.71,25.0,1031.42,5.09,1455.41,1.0,82156.4,19.8,156.0,0.79,0.69,7.85,0.055112965816544554,862.3872602819671,14.387682124914383,60.02396079188524,0.6177378084592172,0.04153499999999999,4375.479840003261,100,Paper,2026-02-08T07:41:51.375584
96.5,-3.71,25.0,1031.42,5.09,1455.41,1.0,82156.4,19.8,156.0,0.79,0.69,7.85,0.055112965816544554,862.3872602819671,14.387682124914383,60.02396079188524,0.6177378084592172,0.04153499999999999,4375.479840003261,100,Paper,2026-02-08T07:41:51.375584
96.5,-3.71,25.0,1031.42,5.09,1455.41,1.0,82156.4,19.8,156.0,0.79,0.69,7.85,0.055112965816544554,862.3872602819671,14.387682124914383,60.02396079188524,0.6177378084592172,0.04153499999999999,4375.479840003261,100,Paper,2026-02-08T07:41:51.375584
96.5,-3.71,25.0,1031.42,5.09,1455.41,1.0,82156.4,19.8,156.0,0.79,0.69,7.85,0.055112965816544554,862.3872602819671,14.387682124914383,60.02396079188524,0.6177378084592172,0.04153499999999999,4375.479840003261,100,Paper,2026-02-08T07:41:51.375584
96.5,-3.71,25.0,1031.42,5.09,1455.41,1.0,82156.4,19.8,156.0,0.79,0.69,7.85,0.055112965816544554,862.3872602819671,14.387682124914383,60.02396079188524,0.6177378084592172,0.04153499999999999,4375.479840003261,100,Paper,2026-02-08T07:41:51.375584
95.9,-2.4,25.0,1081.47,5.34,1299.87,1.0,79069.6,19.8,156.0,0.81,0.71,8.09,0.055112965816544554,862.3872602819671,14.387682124914383,60.02396079188524,0.6177378084592172,0.04153499999999999,4375.479840003261,100,Paper,2026-02-08T07:41:51.375584
95.9,-2.4,25.0,1081.47,5.34,1299.87,1.0,79069.6,19.8,156.0,0.81,0.71,8.09,0.055112965816544554,862.3872602819671,14.387682124914383,60.02396079188524,0.6177378084592172,0.04153499999999999,4375.479840003261,100,Paper,2026-02-08T07:41:51.375584
95.9,-2.4,25.0,1081.47,5.34,1299.87,1.0,79069.6,19.8,156.0,0.81,0.71,8.09,0.055112965816544554,862.3872602819671,14.387682124914383,60.02396079188524,0.6177378084592172,0.04153499999999999,4375.479840003261,100,Paper,2026-02-08T07:41:51.375584
95.9,-2.4,25.0,1081.47,5.34,1299.87,1.0,79069.6,19.8,156.0,0.81,0.71,8.09,0.055112965816544554,862.3872602819671,14.387682124914383,60.02396079188524,0.6177378084592172,0.04153499999999999,4375.479840003261,100,Paper,2026-02-08T07:41:51.375584
95.9,-2.4,25.0,1081.47,5.34,1299.87,1.0,79069.6,19.8,156.0,0.81,0.71,8.09,0.055112965816544554,862.3872602819671,14.387682124914383,60.02396079188524,0.6177378084592172,0.04153499999999999,4375.479840003261,100,Paper,2026-02-08T07:41:51.375584
95.5,-1.97,25.0,1147.81,5.67,1210.99,1.0,76446.1,19.8,156.0,0.89,0.77,8.93,0.055112965816544554,862.3872602819671,14.387682124914383,60.02396079188524,0.6177378084592172,0.04153499999999999,4375.479840003261,100,Paper,2026-02-08T07:41:51.375584
108.9,1.31,25.0,4961.07,24.62,866.58,1.0,199796.2,19.8,156.0,3.61,2.97,36.1,0.18095552269989298,1582.7513508732027,8.293245621351124,191.44757283589541,0.039999999999997725,8.17811475,17716.39133289,110,Paper,2026-02-08T07:41:54.926225
108.9,1.31,25.0,4961.07,24.62,866.58,1.0,199796.2,19.8,156.0,3.61,2.97,36.1,0.18095552269989298,1582.7513508732027,8.293245621351124,191.44757283589541,0.039999999999997725,8.17811475,17716.39133289,110,Paper,2026-02-08T07:41:54.926225
109.0,0.44,25.0,4533.44,22.52,877.69,1.0,190403.9,19.8,156.0,2.35,1.9,23.47,0.18095552269989298,1582.7513508732027,8.293245621351124,191.44757283589541,0.039999999999997725,8.17811475,17716.39133289,110,Paper,2026-02-08T07:41:54.926225
109.0,0.44,25.0,4533.44,22.52,877.69,1.0,190403.9,19.8,156.0,2.35,1.9,23.47,0.18095552269989298,1582.7513508732027,8.293245621351124,191.44757283589541,0.039999999999997725,8.17811475,17716.39133289,110,Paper,2026-02-08T07:41:54.926225
109.0,0.44,25.0,4533.44,22.52,877.69,1.0,190403.9,19.8,156.0,2.35,1.9,23.47,0.18095552269989298,1582.7513508732027,8.293245621351124,191.44757283589541,0.039999999999997725,8.17811475,17716.39133289,110,Paper,2026-02-08T07:41:54.926225
109.0,0.44,25.0,4533.44,22.52,877.69,1.0,190403.9,19.8,156.0,2.35,1.9,23.47,0.18095552269989298,1582.7513508732027,8.293245621351124,191.44757283589541,0.039999999999997725,8.17811475,17716.39133289,110,Paper,2026-02-08T07:41:54.926225
109.0,0.44,25.0,4533.44,22.52,877.69,1.0,190403.9,19.8,156.0,2.35,1.9,23.47,0.18095552269989298,1582.7513508732027,8.293245621351124,191.44757283589541,0.039999999999997725,8.17811475,17716.39133289,110,Paper,2026-02-08T07:41:54.926225
109.0,-0.22,25.0,3966.39,19.67,911.02,1.0,173937.5,19.8,156.0,1.43,1.06,14.28,0.18095552269989298,1582.7513508732027,8.293245621351124,191.44757283589541,0.039999999999997725,8.17811475,17716.39133289,110,Paper,2026-02-08T07:41:54.926225
109.0,-0.22,25.0,3966.39,19.67,911.02,1.0,173937.5,19.8,156.0,1.43,1.06,14.28,0.18095552269989298,1582.7513508732027,8.293245621351124,191.44757283589541,0.039999999999997725,8.17811475,17716.39133289,110,Paper,2026-02-08T07:41:54.926225
109.0,-0.22,25.0,3966.39,19.67,911.02,1.0,173937.5,19.8,156.0,1.43,1.06,14.28,0.18095552269989298,1582.7513508732027,8.293245621351124,191.44757283589541,0.039999999999997725,8.17811475,17716.39133289,110,Paper,2026-02-08T07:41:54.926225
109.0,-0.22,25.0,3966.39,19.67,911.02,1.0,173937.5,19.8,156.0,1.43,1.06,14.28,0.18095552269989298,1582.7513508732027,8.293245621351124,191.44757283589541,0.039999999999997725,8.17811475,17716.39133289,110,Paper,2026-02-08T07:41:54.926225
109.0,-0.22,25.0,3966.39,19.67,911.02,1.0,173937.5,19.8,156.0,1.43,1.06,14.28,0.18095552269989298,1582.7513508732027,8.293245621351124,191.44757283589541,0.039999999999997725,8.17811475,17716.39133289,110,Paper,2026-02-08T07:41:54.926225
109.0,0.0,25.0,3493.93,17.32,922.13,1.0,157117.5,19.8,156.0,0.69,0.43,6.94,0.18095552269989298,1582.7513508732027,8.293245621351124,191.44757283589541,0.039999999999997725,8.17811475,17716.39133289,110,Paper,2026-02-08T07:41:54.926225
109.0,0.0,25.0,3493.93,17.32,922.13,1.0,157117.5,19.8,156.0,0.69,0.43,6.94,0.18095552269989298,1582.7513508732027,8.293245621351124,191.44757283589541,0.039999999999997725,8.17811475,17716.39133289,110,Paper,2026-02-08T07:41:54.926225
109.0,0.0,25.0,3493.93,17.32,922.13,1.0,157117.5,19.8,156.0,0.69,0.43,6.94,0.18095552269989298,1582.7513508732027,8.293245621351124,191.44757283589541,0.039999999999997725,8.17811475,17716.39133289,110,Paper,2026-02-08T07:41:54.926225
109.0,0.0,25.0,3493.93,17.32,922.13,1.0,157117.5,19.8,156.0,0.69,0.43,6.94,0.18095552269989298,1582.7513508732027,8.293245621351124,191.44757283589541,0.039999999999997725,8.17811475,17716.39133289,110,Paper,2026-02-08T07:41:54.926225
109.0,0.0,25.0,3493.93,17.32,922.13,1.0,157117.5,19.8,156.0,0.69,0.43,6.94,0.18095552269989298,1582.7513508732027,8.293245621351124,191.44757283589541,0.039999999999997725,8.17811475,17716.39133289,110,Paper,2026-02-08T07:41:54.926225
109.0,0.0,25.0,3493.93,17.32,922.13,1.0,157117.5,19.8,156.0,0.69,0.43,6.94,0.18095552269989298,1582.7513508732027,8.293245621351124,191.44757283589541,0.039999999999997725,8.17811475,17716.39133289,110,Paper,2026-02-08T07:41:54.926225
108.9,-0.44,25.0,3063.09,15.15,933.24,1.0,142882.1,19.8,156.0,0.2,0.18,2.02,0.18095552269989298,1582.7513508732027,8.293245621351124,191.44757283589541,0.039999999999997725,8.17811475,17716.39133289,110,Paper,2026-02-08T07:41:54.926225
108.9,-0.44,25.0,3063.09,15.15,933.24,1.0,142882.1,19.8,156.0,0.2,0.18,2.02,0.18095552269989298,1582.7513508732027,8.293245621351124,191.44757283589541,0.039999999999997725,8.17811475,17716.39133289,110,Paper,2026-02-08T07:41:54.926225
121.4,0.22,25.0,1847.26,9.19,1255.43,1.0,110118.0,19.8,156.0,5.09,4.73,50.87,0.07698794660864475,874.3450839642046,9.553416202900188,91.56794069691844,0.23430749027720102,0.17091474999999973,5289.533047008971,120,Paper,2026-02-08T07:41:59.537893
121.4,0.22,25.0,1945.44,9.69,1233.21,1.0,111171.2,19.8,156.0,4.82,4.39,48.2,0.07698794660864475,874.3450839642046,9.553416202900188,91.56794069691844,0.23430749027720102,0.17091474999999973,5289.533047008971,120,Paper,2026-02-08T07:41:59.537893
121.4,0.22,25.0,1945.44,9.69,1233.21,1.0,111171.2,19.8,156.0,4.82,4.39,48.2,0.07698794660864475,874.3450839642046,9.553416202900188,91.56794069691844,0.23430749027720102,0.17091474999999973,5289.533047008971,120,Paper,2026-02-08T07:41:59.537893
121.4,0.22,25.0,1945.44,9.69,1233.21,1.0,111171.2,19.8,156.0,4.82,4.39,48.2,0.07698794660864475,874.3450839642046,9.553416202900188,91.56794069691844,0.23430749027720102,0.17091474999999973,5289.533047008971,120,Paper,2026-02-08T07:41:59.537893
121.4,0.22,25.0,1945.44,9.69,1233.21,1.0,111171.2,19.8,156.0,4.82,4.39,48.2,0.07698794660864475,874.3450839642046,9.553416202900188,91.56794069691844,0.23430749027720102,0.17091474999999973,5289.533047008971,120,Paper,2026-02-08T07:41:59.537893
121.4,0.22,25.0,1945.44,9.69,1233.21,1.0,111171.2,19.8,156.0,4.82,4.39,48.2,0.07698794660864475,874.3450839642046,9.553416202900188,91.56794069691844,0.23430749027720102,0.17091474999999973,5289.533047008971,120,Paper,2026-02-08T07:41:59.537893
121.2,-1.09,25.0,1889.41,9.42,1144.33,1.0,107176.9,19.8,156.0,4.2,3.57,42.01,0.07698794660864475,874.3450839642046,9.553416202900188,91.56794069691844,0.23430749027720102,0.17091474999999973,5289.533047008971,120,Paper,2026-02-08T07:41:59.537893
121.2,-1.09,25.0,1889.41,9.42,1144.33,1.0,107176.9,19.8,156.0,4.2,3.57,42.01,0.07698794660864475,874.3450839642046,9.553416202900188,91.56794069691844,0.23430749027720102,0.17091474999999973,5289.533047008971,120,Paper,2026-02-08T07:41:59.537893
121.2,-1.09,25.0,1889.41,9.42,1144.33,1.0,107176.9,19.8,156.0,4.2,3.57,42.01,0.07698794660864475,874.3450839642046,9.553416202900188,91.56794069691844,0.23430749027720102,0.17091474999999973,5289.533047008971,120,Paper,2026-02-08T07:41:59.537893
121.2,-1.09,25.0,1889.41,9.42,1144.33,1.0,107176.9,19.8,156.0,4.2,3.57,42.01,0.07698794660864475,874.3450839642046,9.553416202900188,91.56794069691844,0.23430749027720102,0.17091474999999973,5289.533047008971,120,Paper,2026-02-08T07:41:59.537893
121.2,-1.09,25.0,1889.41,9.42,1144.33,1.0,107176.9,19.8,156.0,4.2,3.57,42.01,0.07698794660864475,874.3450839642046,9.553416202900188,91.56794069691844,0.23430749027720102,0.17091474999999973,5289.533047008971,120,Paper,2026-02-08T07:41:59.537893
120.9,-1.31,25.0,1886.75,9.43,1111.0,1.0,105467.5,19.8,156.0,3.01,2.48,30.12,0.07698794660864475,874.3450839642046,9.553416202900188,91.56794069691844,0.23430749027720102,0.17091474999999973,5289.533047008971,120,Paper,2026-02-08T07:41:59.537893
120.9,-1.31,25.0,1886.75,9.43,1111.0,1.0,105467.5,19.8,156.0,3.01,2.48,30.12,0.07698794660864475,874.3450839642046,9.553416202900188,91.56794069691844,0.23430749027720102,0.17091474999999973,5289.533047008971,120,Paper,2026-02-08T07:41:59.537893
120.9,-1.31,25.0,1886.75,9.43,1111.0,1.0,105467.5,19.8,156.0,3.01,2.48,30.12,0.07698794660864475,874.3450839642046,9.553416202900188,91.56794069691844,0.23430749027720102,0.17091474999999973,5289.533047008971,120,Paper,2026-02-08T07:41:59.537893
120.9,-1.31,25.0,1886.75,9.43,1111.0,1.0,105467.5,19.8,156.0,3.01,2.48,30.12,0.07698794660864475,874.3450839642046,9.553416202900188,91.56794069691844,0.23430749027720102,0.17091474999999973,5289.533047008971,120,Paper,2026-02-08T07:41:59.537893
120.9,-1.31,25.0,1886.75,9.43,1111.0,1.0,105467.5,19.8,156.0,3.01,2.48,30.12,0.07698794660864475,874.3450839642046,9.553416202900188,91.56794069691844,0.23430749027720102,0.17091474999999973,5289.533047008971,120,Paper,2026-02-08T07:41:59.537893
120.9,-1.31,25.0,1886.75,9.43,1111.0,1.0,105467.5,19.8,156.0,3.01,2.48,30.12,0.07698794660864475,874.3450839642046,9.553416202900188,91.56794069691844,0.23430749027720102,0.17091474999999973,5289.533047008971,120,Paper,2026-02-08T07:41:59.537893
120.8,-0.43,25.0,1676.64,8.39,1111.0,1.0,94445.9,19.8,156.0,1.88,1.4,18.77,0.07698794660864475,874.3450839642046,9.553416202900188,91.56794069691844,0.23430749027720102,0.17091474999999973,5289.533047008971,120,Paper,2026-02-08T07:41:59.537893
120.8,-0.43,25.0,1676.64,8.39,1111.0,1.0,94445.9,19.8,156.0,1.88,1.4,18.77,0.07698794660864475,874.3450839642046,9.553416202900188,91.56794069691844,0.23430749027720102,0.17091474999999973,5289.533047008971,120,Paper,2026-02-08T07:41:59.537893
120.8,-0.43,25.0,1676.64,8.39,1111.0,1.0,94445.9,19.8,156.0,1.88,1.4,18.77,0.07698794660864475,874.3450839642046,9.553416202900188,91.56794069691844,0.23430749027720102,0.17091474999999973,5289.533047008971,120,Paper,2026-02-08T07:41:59.537893
126.8,-1.75,25.0,1224.78,5.99,1222.1,1.0,71019.0,19.8,156.0,0.16,0.12,1.56,0.04424679551171985,587.5210263347042,10.893726989577925,54.08697698522495,0.1599999999999966,0.05071100000000005,2009.6909188417483,130,Paper,2026-02-08T07:42:08.306155
126.8,-1.75,25.0,1224.78,5.99,1222.1,1.0,71019.0,19.8,156.0,0.16,0.12,1.56,0.04424679551171985,587.5210263347042,10.893726989577925,54.08697698522495,0.1599999999999966,0.05071100000000005,2009.6909188417483,130,Paper,2026-02-08T07:42:08.306155
126.8,-1.75,25.0,1224.78,5.99,1222.1,1.0,71019.0,19.8,156.0,0.16,0.12,1.56,0.04424679551171985,587.5210263347042,10.893726989577925,54.08697698522495,0.1599999999999966,0.05071100000000005,2009.6909188417483,130,Paper,2026-02-08T07:42:08.306155
126.8,-1.75,25.0,1224.78,5.99,1222.1,1.0,71019.0,19.8,156.0,0.16,0.12,1.56,0.04424679551171985,587.5210263347042,10.893726989577925,54.08697698522495,0.1599999999999966,0.05071100000000005,2009.6909188417483,130,Paper,2026-02-08T07:42:08.306155
126.8,-1.75,25.0,1224.78,5.99,1222.1,1.0,71019.0,19.8,156.0,0.16,0.12,1.56,0.04424679551171985,587.5210263347042,10.893726989577925,54.08697698522495,0.1599999999999966,0.05071100000000005,2009.6909188417483,130,Paper,2026-02-08T07:42:08.306155
126.8,0.0,25.0,1107.35,5.41,1433.19,1.0,76034.9,19.8,156.0,0.19,0.15,1.91,0.04424679551171985,587.5210263347042,10.893726989577925,54.08697698522495,0.1599999999999966,0.05071100000000005,2009.6909188417483,130,Paper,2026-02-08T07:42:08.306155
126.8,0.0,25.0,1107.35,5.41,1433.19,1.0,76034.9,19.8,156.0,0.19,0.15,1.91,0.04424679551171985,587.5210263347042,10.893726989577925,54.08697698522495,0.1599999999999966,0.05071100000000005,2009.6909188417483,130,Paper,2026-02-08T07:42:08.306155
126.8,0.0,25.0,1107.35,5.41,1433.19,1.0,76034.9,19.8,156.0,0.19,0.15,1.91,0.04424679551171985,587.5210263347042,10.893726989577925,54.08697698522495,0.1599999999999966,0.05071100000000005,2009.6909188417483,130,Paper,2026-02-08T07:42:08.306155
126.8,0.0,25.0,1107.35,5.41,1433.19,1.0,76034.9,19.8,156.0,0.19,0.15,1.91,0.04424679551171985,587.5210263347042,10.893726989577925,54.08697698522495,0.1599999999999966,0.05071100000000005,2009.6909188417483,130,Paper,2026-02-08T07:42:08.306155
126.8,0.0,25.0,1107.35,5.41,1433.19,1.0,76034.9,19.8,156.0,0.19,0.15,1.91,0.04424679551171985,587.5210263347042,10.893726989577925,54.08697698522495,0.1599999999999966,0.05071100000000005,2009.6909188417483,130,Paper,2026-02-08T07:42:08.306155
126.8,0.0,25.0,1126.33,5.51,1433.19,1.0,75608.9,19.8,156.0,0.22,0.2,2.2,0.04424679551171985,587.5210263347042,10.893726989577925,54.08697698522495,0.1599999999999966,0.05071100000000005,2009.6909188417483,130,Paper,2026-02-08T07:42:08.306155
126.8,0.0,25.0,1126.33,5.51,1433.19,1.0,75608.9,19.8,156.0,0.22,0.2,2.2,0.04424679551171985,587.5210263347042,10.893726989577925,54.08697698522495,0.1599999999999966,0.05071100000000005,2009.6909188417483,130,Paper,2026-02-08T07:42:08.306155
126.8,0.0,25.0,1126.33,5.51,1433.19,1.0,75608.9,19.8,156.0,0.22,0.2,2.2,0.04424679551171985,587.5210263347042,10.893726989577925,54.08697698522495,0.1599999999999966,0.05071100000000005,2009.6909188417483,130,Paper,2026-02-08T07:42:08.306155
126.8,0.0,25.0,1126.33,5.51,1433.19,1.0,75608.9,19.8,156.0,0.22,0.2,2.2,0.04424679551171985,587.5210263347042,10.893726989577925,54.08697698522495,0.1599999999999966,0.05071100000000005,2009.6909188417483,130,Paper,2026-02-08T07:42:08.306155
126.8,0.0,25.0,1126.33,5.51,1433.19,1.0,75608.9,19.8,156.0,0.22,0.2,2.2,0.04424679551171985,587.5210263347042,10.893726989577925,54.08697698522495,0.1599999999999966,0.05071100000000005,2009.6909188417483,130,Paper,2026-02-08T07:42:08.306155
126.8,0.0,25.0,1126.33,5.51,1433.19,1.0,75608.9,19.8,156.0,0.22,0.2,2.2,0.04424679551171985,587.5210263347042,10.893726989577925,54.08697698522495,0.1599999999999966,0.05071100000000005,2009.6909188417483,130,Paper,2026-02-08T07:42:08.306155
126.4,-1.53,25.0,1128.04,5.52,1433.19,1.0,75020.2,19.8,156.0,0.29,0.27,2.92,0.04424679551171985,587.5210263347042,10.893726989577925,54.08697698522495,0.1599999999999966,0.05071100000000005,2009.6909188417483,130,Paper,2026-02-08T07:42:08.306155
126.4,-1.53,25.0,1128.04,5.52,1433.19,1.0,75020.2,19.8,156.0,0.29,0.27,2.92,0.04424679551171985,587.5210263347042,10.893726989577925,54.08697698522495,0.1599999999999966,0.05071100000000005,2009.6909188417483,130,Paper,2026-02-08T07:42:08.306155
126.4,-1.53,25.0,1128.04,5.52,1433.19,1.0,75020.2,19.8,156.0,0.29,0.27,2.92,0.04424679551171985,587.5210263347042,10.893726989577925,54.08697698522495,0.1599999999999966,0.05071100000000005,2009.6909188417483,130,Paper,2026-02-08T07:42:08.306155
126.4,-1.53,25.0,1128.04,5.52,1433.19,1.0,75020.2,19.8,156.0,0.29,0.27,2.92,0.04424679551171985,587.5210263347042,10.893726989577925,54.08697698522495,0.1599999999999966,0.05071100000000005,2009.6909188417483,130,Paper,2026-02-08T07:42:08.306155
136.4,-0.22,25.0,912.36,4.48,866.58,1.0,37265.6,19.8,156.0,0.27,0.21,2.74,0.03232771260997066,294.17034457478,6.744193548387097,43.626841015559606,2.842170943040401e-14,0.030734750000000016,2067.123796310953,140,Paper,2026-02-08T07:42:30.771628
136.4,-0.22,25.0,912.36,4.48,866.58,1.0,37265.6,19.8,156.0,0.27,0.21,2.74,0.03232771260997066,294.17034457478,6.744193548387097,43.626841015559606,2.842170943040401e-14,0.030734750000000016,2067.123796310953,140,Paper,2026-02-08T07:42:30.771628
136.4,-0.22,25.0,912.36,4.48,866.58,1.0,37265.6,19.8,156.0,0.27,0.21,2.74,0.03232771260997066,294.17034457478,6.744193548387097,43.626841015559606,2.842170943040401e-14,0.030734750000000016,2067.123796310953,140,Paper,2026-02-08T07:42:30.771628
136.4,-0.22,25.0,912.36,4.48,866.58,1.0,37265.6,19.8,156.0,0.27,0.21,2.74,0.03232771260997066,294.17034457478,6.744193548387097,43.626841015559606,2.842170943040401e-14,0.030734750000000016,2067.123796310953,140,Paper,2026-02-08T07:42:30.771628
136.4,0.0,25.0,880.37,4.32,911.02,1.0,39058.4,19.8,156.0,0.19,0.16,1.92,0.03232771260997066,294.17034457478,6.744193548387097,43.626841015559606,2.842170943040401e-14,0.030734750000000016,2067.123796310953,140,Paper,2026-02-08T07:42:30.771628
136.4,0.0,25.0,880.37,4.32,911.02,1.0,39058.4,19.8,156.0,0.19,0.16,1.92,0.03232771260997066,294.17034457478,6.744193548387097,43.626841015559606,2.842170943040401e-14,0.030734750000000016,2067.123796310953,140,Paper,2026-02-08T07:42:30.771628
136.4,0.0,25.0,880.37,4.32,911.02,1.0,39058.4,19.8,156.0,0.19,0.16,1.92,0.03232771260997066,294.17034457478,6.744193548387097,43.626841015559606,2.842170943040401e-14,0.030734750000000016,2067.123796310953,140,Paper,2026-02-08T07:42:30.771628
136.4,0.0,25.0,880.37,4.32,911.02,1.0,39058.4,19.8,156.0,0.19,0.16,1.92,0.03232771260997066,294.17034457478,6.744193548387097,43.626841015559606,2.842170943040401e-14,0.030734750000000016,2067.123796310953,140,Paper,2026-02-08T07:42:30.771628
136.4,0.0,25.0,880.37,4.32,911.02,1.0,39058.4,19.8,156.0,0.19,0.16,1.92,0.03232771260997066,294.17034457478,6.744193548387097,43.626841015559606,2.842170943040401e-14,0.030734750000000016,2067.123796310953,140,Paper,2026-02-08T07:42:30.771628
136.4,0.0,25.0,953.51,4.67,888.8,1.0,40117.5,19.8,156.0,0.15,0.14,1.53,0.03232771260997066,294.17034457478,6.744193548387097,43.626841015559606,2.842170943040401e-14,0.030734750000000016,2067.123796310953,140,Paper,2026-02-08T07:42:30.771628
136.4,0.0,25.0,953.51,4.67,888.8,1.0,40117.5,19.8,156.0,0.15,0.14,1.53,0.03232771260997066,294.17034457478,6.744193548387097,43.626841015559606,2.842170943040401e-14,0.030734750000000016,2067.123796310953,140,Paper,2026-02-08T07:42:30.771628
136.4,0.0,25.0,953.51,4.67,888.8,1.0,40117.5,19.8,156.0,0.15,0.14,1.53,0.03232771260997066,294.17034457478,6.744193548387097,43.626841015559606,2.842170943040401e-14,0.030734750000000016,2067.123796310953,140,Paper,2026-02-08T07:42:30.771628
136.4,0.0,25.0,953.51,4.67,888.8,1.0,40117.5,19.8,156.0,0.15,0.14,1.53,0.03232771260997066,294.17034457478,6.744193548387097,43.626841015559606,2.842170943040401e-14,0.030734750000000016,2067.123796310953,140,Paper,2026-02-08T07:42:30.771628
136.4,0.0,25.0,953.51,4.67,888.8,1.0,40117.5,19.8,156.0,0.15,0.14,1.53,0.03232771260997066,294.17034457478,6.744193548387097,43.626841015559606,2.842170943040401e-14,0.030734750000000016,2067.123796310953,140,Paper,2026-02-08T07:42:30.771628
136.4,0.0,25.0,861.03,4.22,988.79,1.0,42925.8,19.8,156.0,0.14,0.13,1.43,0.03232771260997066,294.17034457478,6.744193548387097,43.626841015559606,2.842170943040401e-14,0.030734750000000016,2067.123796310953,140,Paper,2026-02-08T07:42:30.771628
136.4,0.0,25.0,861.03,4.22,988.79,1.0,42925.8,19.8,156.0,0.14,0.13,1.43,0.03232771260997066,294.17034457478,6.744193548387097,43.626841015559606,2.842170943040401e-14,0.030734750000000016,2067.123796310953,140,Paper,2026-02-08T07:42:30.771628
136.4,0.0,25.0,861.03,4.22,988.79,1.0,42925.8,19.8,156.0,0.14,0.13,1.43,0.03232771260997066,294.17034457478,6.744193548387097,43.626841015559606,2.842170943040401e-14,0.030734750000000016,2067.123796310953,140,Paper,2026-02-08T07:42:30.771628
136.4,0.0,25.0,861.03,4.22,988.79,1.0,42925.8,19.8,156.0,0.14,0.13,1.43,0.03232771260997066,294.17034457478,6.744193548387097,43.626841015559606,2.842170943040401e-14,0.030734750000000016,2067.123796310953,140,Paper,2026-02-08T07:42:30.771628
136.4,0.0,25.0,861.03,4.22,988.79,1.0,42925.8,19.8,156.0,0.14,0.13,1.43,0.03232771260997066,294.17034457478,6.744193548387097,43.626841015559606,2.842170943040401e-14,0.030734750000000016,2067.123796310953,140,Paper,2026-02-08T07:42:30.771628
136.4,0.0,25.0,861.03,4.22,988.79,1.0,42925.8,19.8,156.0,0.14,0.13,1.43,0.03232771260997066,294.17034457478,6.744193548387097,43.626841015559606,2.842170943040401e-14,0.030734750000000016,2067.123796310953,140,Paper,2026-02-08T07:42:30.771628
146.5,0.44,25.0,795.83,3.95,1699.83,1.0,52813.5,19.8,156.0,0.18,0.16,1.81,0.02868126413595783,315.6428894395743,9.232913348473556,34.533129303161694,0.129903810567668,0.02217474999999997,4230.820273951022,150,Paper,2026-02-08T07:42:50.450947
146.5,0.44,25.0,795.83,3.95,1699.83,1.0,52813.5,19.8,156.0,0.18,0.16,1.81,0.02868126413595783,315.6428894395743,9.232913348473556,34.533129303161694,0.129903810567668,0.02217474999999997,4230.820273951022,150,Paper,2026-02-08T07:42:50.450947
146.5,0.44,25.0,795.83,3.95,1699.83,1.0,52813.5,19.8,156.0,0.18,0.16,1.81,0.02868126413595783,315.6428894395743,9.232913348473556,34.533129303161694,0.129903810567668,0.02217474999999997,4230.820273951022,150,Paper,2026-02-08T07:42:50.450947
146.5,0.44,25.0,795.83,3.95,1699.83,1.0,52813.5,19.8,156.0,0.18,0.16,1.81,0.02868126413595783,315.6428894395743,9.232913348473556,34.533129303161694,0.129903810567668,0.02217474999999997,4230.820273951022,150,Paper,2026-02-08T07:42:50.450947
146.5,0.22,25.0,840.54,4.16,1222.1,1.0,43303.6,19.8,156.0,0.21,0.18,2.06,0.02868126413595783,315.6428894395743,9.232913348473556,34.533129303161694,0.129903810567668,0.02217474999999997,4230.820273951022,150,Paper,2026-02-08T07:42:50.450947
146.5,0.22,25.0,840.54,4.16,1222.1,1.0,43303.6,19.8,156.0,0.21,0.18,2.06,0.02868126413595783,315.6428894395743,9.232913348473556,34.533129303161694,0.129903810567668,0.02217474999999997,4230.820273951022,150,Paper,2026-02-08T07:42:50.450947
146.5,0.22,25.0,840.54,4.16,1222.1,1.0,43303.6,19.8,156.0,0.21,0.18,2.06,0.02868126413595783,315.6428894395743,9.232913348473556,34.533129303161694,0.129903810567668,0.02217474999999997,4230.820273951022,150,Paper,2026-02-08T07:42:50.450947
146.5,0.22,25.0,840.54,4.16,1222.1,1.0,43303.6,19.8,156.0,0.21,0.18,2.06,0.02868126413595783,315.6428894395743,9.232913348473556,34.533129303161694,0.129903810567668,0.02217474999999997,4230.820273951022,150,Paper,2026-02-08T07:42:50.450947
146.5,0.22,25.0,840.54,4.16,1222.1,1.0,43303.6,19.8,156.0,0.21,0.18,2.06,0.02868126413595783,315.6428894395743,9.232913348473556,34.533129303161694,0.129903810567668,0.02217474999999997,4230.820273951022,150,Paper,2026-02-08T07:42:50.450947
146.5,0.22,25.0,840.54,4.16,1222.1,1.0,43303.6,19.8,156.0,0.21,0.18,2.06,0.02868126413595783,315.6428894395743,9.232913348473556,34.533129303161694,0.129903810567668,0.02217474999999997,4230.820273951022,150,Paper,2026-02-08T07:42:50.450947
146.7,0.66,25.0,873.86,4.32,1122.11,1.0,41886.8,19.8,156.0,0.24,0.21,2.36,0.02868126413595783,315.6428894395743,9.232913348473556,34.533129303161694,0.129903810567668,0.02217474999999997,4230.820273951022,150,Paper,2026-02-08T07:42:50.450947
146.7,0.66,25.0,873.86,4.32,1122.11,1.0,41886.8,19.8,156.0,0.24,0.21,2.36,0.02868126413595783,315.6428894395743,9.232913348473556,34.533129303161694,0.129903810567668,0.02217474999999997,4230.820273951022,150,Paper,2026-02-08T07:42:50.450947
146.7,0.66,25.0,873.86,4.32,1122.11,1.0,41886.8,19.8,156.0,0.24,0.21,2.36,0.02868126413595783,315.6428894395743,9.232913348473556,34.533129303161694,0.129903810567668,0.02217474999999997,4230.820273951022,150,Paper,2026-02-08T07:42:50.450947
146.7,0.66,25.0,873.86,4.32,1122.11,1.0,41886.8,19.8,156.0,0.24,0.21,2.36,0.02868126413595783,315.6428894395743,9.232913348473556,34.533129303161694,0.129903810567668,0.02217474999999997,4230.820273951022,150,Paper,2026-02-08T07:42:50.450947
146.7,0.66,25.0,873.86,4.32,1122.11,1.0,41886.8,19.8,156.0,0.24,0.21,2.36,0.02868126413595783,315.6428894395743,9.232913348473556,34.533129303161694,0.129903810567668,0.02217474999999997,4230.820273951022,150,Paper,2026-02-08T07:42:50.450947
146.8,0.44,25.0,881.76,4.35,1466.52,1.0,49022.1,19.8,156.0,0.26,0.23,2.57,0.02868126413595783,315.6428894395743,9.232913348473556,34.533129303161694,0.129903810567668,0.02217474999999997,4230.820273951022,150,Paper,2026-02-08T07:42:50.450947
146.8,0.44,25.0,881.76,4.35,1466.52,1.0,49022.1,19.8,156.0,0.26,0.23,2.57,0.02868126413595783,315.6428894395743,9.232913348473556,34.533129303161694,0.129903810567668,0.02217474999999997,4230.820273951022,150,Paper,2026-02-08T07:42:50.450947
146.8,0.44,25.0,881.76,4.35,1466.52,1.0,49022.1,19.8,156.0,0.26,0.23,2.57,0.02868126413595783,315.6428894395743,9.232913348473556,34.533129303161694,0.129903810567668,0.02217474999999997,4230.820273951022,150,Paper,2026-02-08T07:42:50.450947
146.8,0.44,25.0,881.76,4.35,1466.52,1.0,49022.1,19.8,156.0,0.26,0.23,2.57,0.02868126413595783,315.6428894395743,9.232913348473556,34.533129303161694,0.129903810567668,0.02217474999999997,4230.820273951022,150,Paper,2026-02-08T07:42:50.450947
146.8,0.44,25.0,881.76,4.35,1466.52,1.0,49022.1,19.8,156.0,0.26,0.23,2.57,0.02868126413595783,315.6428894395743,9.232913348473556,34.533129303161694,0.129903810567668,0.02217474999999997,4230.820273951022,150,Paper,2026-02-08T07:42:50.450947
156.5,0.66,25.0,1368.59,6.83,1310.98,1.0,86423.0,19.8,156.0,0.4,0.35,4.02,0.0367331257785445,496.28407693642174,9.051043371438789,55.09053364797178,0.0887411967464992,0.13780875,3408.060536357153,160,Paper,2026-02-08T07:43:06.322927
156.4,-0.66,25.0,1217.72,6.08,1355.42,1.0,81345.8,19.8,156.0,0.43,0.38,4.29,0.0367331257785445,496.28407693642174,9.051043371438789,55.09053364797178,0.0887411967464992,0.13780875,3408.060536357153,160,Paper,2026-02-08T07:43:06.322927
156.4,-0.66,25.0,1217.72,6.08,1355.42,1.0,81345.8,19.8,156.0,0.43,0.38,4.29,0.0367331257785445,496.28407693642174,9.051043371438789,55.09053364797178,0.0887411967464992,0.13780875,3408.060536357153,160,Paper,2026-02-08T07:43:06.322927
156.4,-0.66,25.0,1217.72,6.08,1355.42,1.0,81345.8,19.8,156.0,0.43,0.38,4.29,0.0367331257785445,496.28407693642174,9.051043371438789,55.09053364797178,0.0887411967464992,0.13780875,3408.060536357153,160,Paper,2026-02-08T07:43:06.322927
156.4,-0.66,25.0,1217.72,6.08,1355.42,1.0,81345.8,19.8,156.0,0.43,0.38,4.29,0.0367331257785445,496.28407693642174,9.051043371438789,55.09053364797178,0.0887411967464992,0.13780875,3408.060536357153,160,Paper,2026-02-08T07:43:06.322927
156.4,-0.66,25.0,1217.72,6.08,1355.42,1.0,81345.8,19.8,156.0,0.43,0.38,4.29,0.0367331257785445,496.28407693642174,9.051043371438789,55.09053364797178,0.0887411967464992,0.13780875,3408.060536357153,160,Paper,2026-02-08T07:43:06.322927
156.3,-0.44,25.0,1119.6,5.59,1455.41,1.0,77247.8,19.8,156.0,0.4,0.34,3.98,0.0367331257785445,496.28407693642174,9.051043371438789,55.09053364797178,0.0887411967464992,0.13780875,3408.060536357153,160,Paper,2026-02-08T07:43:06.322927
156.3,-0.44,25.0,1119.6,5.59,1455.41,1.0,77247.8,19.8,156.0,0.4,0.34,3.98,0.0367331257785445,496.28407693642174,9.051043371438789,55.09053364797178,0.0887411967464992,0.13780875,3408.060536357153,160,Paper,2026-02-08T07:43:06.322927
156.3,-0.44,25.0,1119.6,5.59,1455.41,1.0,77247.8,19.8,156.0,0.4,0.34,3.98,0.0367331257785445,496.28407693642174,9.051043371438789,55.09053364797178,0.0887411967464992,0.13780875,3408.060536357153,160,Paper,2026-02-08T07:43:06.322927
156.3,-0.44,25.0,1119.6,5.59,1455.41,1.0,77247.8,19.8,156.0,0.4,0.34,3.98,0.0367331257785445,496.28407693642174,9.051043371438789,55.09053364797178,0.0887411967464992,0.13780875,3408.060536357153,160,Paper,2026-02-08T07:43:06.322927
156.3,-0.44,25.0,1119.6,5.59,1455.41,1.0,77247.8,19.8,156.0,0.4,0.34,3.98,0.0367331257785445,496.28407693642174,9.051043371438789,55.09053364797178,0.0887411967464992,0.13780875,3408.060536357153,160,Paper,2026-02-08T07:43:06.322927
156.3,-0.44,25.0,1119.6,5.59,1455.41,1.0,77247.8,19.8,156.0,0.4,0.34,3.98,0.0367331257785445,496.28407693642174,9.051043371438789,55.09053364797178,0.0887411967464992,0.13780875,3408.060536357153,160,Paper,2026-02-08T07:43:06.322927
156.2,-0.22,25.0,1067.98,5.33,1522.07,1.0,74566.5,19.8,156.0,0.35,0.29,3.49,0.0367331257785445,496.28407693642174,9.051043371438789,55.09053364797178,0.0887411967464992,0.13780875,3408.060536357153,160,Paper,2026-02-08T07:43:06.322927
156.2,-0.22,25.0,1067.98,5.33,1522.07,1.0,74566.5,19.8,156.0,0.35,0.29,3.49,0.0367331257785445,496.28407693642174,9.051043371438789,55.09053364797178,0.0887411967464992,0.13780875,3408.060536357153,160,Paper,2026-02-08T07:43:06.322927
156.2,-0.22,25.0,1067.98,5.33,1522.07,1.0,74566.5,19.8,156.0,0.35,0.29,3.49,0.0367331257785445,496.28407693642174,9.051043371438789,55.09053364797178,0.0887411967464992,0.13780875,3408.060536357153,160,Paper,2026-02-08T07:43:06.322927
156.2,-0.22,25.0,1067.98,5.33,1522.07,1.0,74566.5,19.8,156.0,0.35,0.29,3.49,0.0367331257785445,496.28407693642174,9.051043371438789,55.09053364797178,0.0887411967464992,0.13780875,3408.060536357153,160,Paper,2026-02-08T07:43:06.322927
156.2,-0.22,25.0,1067.98,5.33,1522.07,1.0,74566.5,19.8,156.0,0.35,0.29,3.49,0.0367331257785445,496.28407693642174,9.051043371438789,55.09053364797178,0.0887411967464992,0.13780875,3408.060536357153,160,Paper,2026-02-08T07:43:06.322927
156.4,0.66,25.0,1162.31,5.81,1288.76,1.0,74062.2,19.8,156.0,0.24,0.2,2.45,0.0367331257785445,496.28407693642174,9.051043371438789,55.09053364797178,0.0887411967464992,0.13780875,3408.060536357153,160,Paper,2026-02-08T07:43:06.322927
156.4,0.66,25.0,1162.31,5.81,1288.76,1.0,74062.2,19.8,156.0,0.24,0.2,2.45,0.0367331257785445,496.28407693642174,9.051043371438789,55.09053364797178,0.0887411967464992,0.13780875,3408.060536357153,160,Paper,2026-02-08T07:43:06.322927
156.4,0.66,25.0,1162.31,5.81,1288.76,1.0,74062.2,19.8,156.0,0.24,0.2,2.45,0.0367331257785445,496.28407693642174,9.051043371438789,55.09053364797178,0.0887411967464992,0.13780875,3408.060536357153,160,Paper,2026-02-08T07:43:06.322927
167.0,0.0,25.0,1375.47,6.8,1011.01,1.0,70933.1,19.8,156.0,0.77,0.69,7.68,0.04233226545114439,425.66745944376953,5.961658399538446,71.41228533751466,0.04582575694955579,0.05926875000000009,557.0086605251289,170,Paper,2026-02-08T07:43:17.329457
167.0,0.0,25.0,1375.47,6.8,1011.01,1.0,70933.1,19.8,156.0,0.77,0.69,7.68,0.04233226545114439,425.66745944376953,5.961658399538446,71.41228533751466,0.04582575694955579,0.05926875000000009,557.0086605251289,170,Paper,2026-02-08T07:43:17.329457
167.0,0.0,25.0,1375.47,6.8,1011.01,1.0,70933.1,19.8,156.0,0.77,0.69,7.68,0.04233226545114439,425.66745944376953,5.961658399538446,71.41228533751466,0.04582575694955579,0.05926875000000009,557.0086605251289,170,Paper,2026-02-08T07:43:17.329457
167.0,0.0,25.0,1375.47,6.8,1011.01,1.0,70933.1,19.8,156.0,0.77,0.69,7.68,0.04233226545114439,425.66745944376953,5.961658399538446,71.41228533751466,0.04582575694955579,0.05926875000000009,557.0086605251289,170,Paper,2026-02-08T07:43:17.329457
167.0,0.0,25.0,1375.47,6.8,1011.01,1.0,70933.1,19.8,156.0,0.77,0.69,7.68,0.04233226545114439,425.66745944376953,5.961658399538446,71.41228533751466,0.04582575694955579,0.05926875000000009,557.0086605251289,170,Paper,2026-02-08T07:43:17.329457
167.0,0.0,25.0,1375.47,6.8,1011.01,1.0,70933.1,19.8,156.0,0.77,0.69,7.68,0.04233226545114439,425.66745944376953,5.961658399538446,71.41228533751466,0.04582575694955579,0.05926875000000009,557.0086605251289,170,Paper,2026-02-08T07:43:17.329457
167.1,0.44,25.0,1437.76,7.11,977.68,1.0,70326.0,19.8,156.0,0.83,0.77,8.35,0.04233226545114439,425.66745944376953,5.961658399538446,71.41228533751466,0.04582575694955579,0.05926875000000009,557.0086605251289,170,Paper,2026-02-08T07:43:17.329457
167.1,0.44,25.0,1437.76,7.11,977.68,1.0,70326.0,19.8,156.0,0.83,0.77,8.35,0.04233226545114439,425.66745944376953,5.961658399538446,71.41228533751466,0.04582575694955579,0.05926875000000009,557.0086605251289,170,Paper,2026-02-08T07:43:17.329457
167.1,0.44,25.0,1437.76,7.11,977.68,1.0,70326.0,19.8,156.0,0.83,0.77,8.35,0.04233226545114439,425.66745944376953,5.961658399538446,71.41228533751466,0.04582575694955579,0.05926875000000009,557.0086605251289,170,Paper,2026-02-08T07:43:17.329457
167.1,0.44,25.0,1437.76,7.11,977.68,1.0,70326.0,19.8,156.0,0.83,0.77,8.35,0.04233226545114439,425.66745944376953,5.961658399538446,71.41228533751466,0.04582575694955579,0.05926875000000009,557.0086605251289,170,Paper,2026-02-08T07:43:17.329457
167.1,0.44,25.0,1437.76,7.11,977.68,1.0,70326.0,19.8,156.0,0.83,0.77,8.35,0.04233226545114439,425.66745944376953,5.961658399538446,71.41228533751466,0.04582575694955579,0.05926875000000009,557.0086605251289,170,Paper,2026-02-08T07:43:17.329457
167.1,0.0,25.0,1496.28,7.4,988.79,1.0,71626.5,19.8,156.0,0.82,0.75,8.2,0.04233226545114439,425.66745944376953,5.961658399538446,71.41228533751466,0.04582575694955579,0.05926875000000009,557.0086605251289,170,Paper,2026-02-08T07:43:17.329457
167.1,0.0,25.0,1496.28,7.4,988.79,1.0,71626.5,19.8,156.0,0.82,0.75,8.2,0.04233226545114439,425.66745944376953,5.961658399538446,71.41228533751466,0.04582575694955579,0.05926875000000009,557.0086605251289,170,Paper,2026-02-08T07:43:17.329457
167.1,0.0,25.0,1496.28,7.4,988.79,1.0,71626.5,19.8,156.0,0.82,0.75,8.2,0.04233226545114439,425.66745944376953,5.961658399538446,71.41228533751466,0.04582575694955579,0.05926875000000009,557.0086605251289,170,Paper,2026-02-08T07:43:17.329457
167.1,0.0,25.0,1496.28,7.4,988.79,1.0,71626.5,19.8,156.0,0.82,0.75,8.2,0.04233226545114439,425.66745944376953,5.961658399538446,71.41228533751466,0.04582575694955579,0.05926875000000009,557.0086605251289,170,Paper,2026-02-08T07:43:17.329457
167.1,0.0,25.0,1496.28,7.4,988.79,1.0,71626.5,19.8,156.0,0.82,0.75,8.2,0.04233226545114439,425.66745944376953,5.961658399538446,71.41228533751466,0.04582575694955579,0.05926875000000009,557.0086605251289,170,Paper,2026-02-08T07:43:17.329457
167.1,0.0,25.0,1496.28,7.4,988.79,1.0,71626.5,19.8,156.0,0.82,0.75,8.2,0.04233226545114439,425.66745944376953,5.961658399538446,71.41228533751466,0.04582575694955579,0.05926875000000009,557.0086605251289,170,Paper,2026-02-08T07:43:17.329457
167.1,0.0,25.0,1394.38,6.9,1011.01,1.0,71779.4,19.8,156.0,0.76,0.68,7.58,0.04233226545114439,425.66745944376953,5.961658399538446,71.41228533751466,0.04582575694955579,0.05926875000000009,557.0086605251289,170,Paper,2026-02-08T07:43:17.329457
167.1,0.0,25.0,1394.38,6.9,1011.01,1.0,71779.4,19.8,156.0,0.76,0.68,7.58,0.04233226545114439,425.66745944376953,5.961658399538446,71.41228533751466,0.04582575694955579,0.05926875000000009,557.0086605251289,170,Paper,2026-02-08T07:43:17.329457
167.1,0.0,25.0,1394.38,6.9,1011.01,1.0,71779.4,19.8,156.0,0.76,0.68,7.58,0.04233226545114439,425.66745944376953,5.961658399538446,71.41228533751466,0.04582575694955579,0.05926875000000009,557.0086605251289,170,Paper,2026-02-08T07:43:17.329457
177.0,0.0,25.0,1038.96,5.18,1466.52,1.0,66797.9,19.8,156.0,0.46,0.41,4.64,0.024665577968979308,347.06725158988235,8.797753162978523,39.54222252473802,0.06538348415311258,0.18856474999999995,3344.996814568735,180,Paper,2026-02-08T07:43:26.155294
177.0,0.0,25.0,1038.96,5.18,1466.52,1.0,66797.9,19.8,156.0,0.46,0.41,4.64,0.024665577968979308,347.06725158988235,8.797753162978523,39.54222252473802,0.06538348415311258,0.18856474999999995,3344.996814568735,180,Paper,2026-02-08T07:43:26.155294
177.0,0.0,25.0,1038.96,5.18,1466.52,1.0,66797.9,19.8,156.0,0.46,0.41,4.64,0.024665577968979308,347.06725158988235,8.797753162978523,39.54222252473802,0.06538348415311258,0.18856474999999995,3344.996814568735,180,Paper,2026-02-08T07:43:26.155294
177.0,0.0,25.0,927.39,4.63,1533.18,1.0,64083.2,19.8,156.0,0.38,0.34,3.83,0.024665577968979308,347.06725158988235,8.797753162978523,39.54222252473802,0.06538348415311258,0.18856474999999995,3344.996814568735,180,Paper,2026-02-08T07:43:26.155294
177.0,0.0,25.0,927.39,4.63,1533.18,1.0,64083.2,19.8,156.0,0.38,0.34,3.83,0.024665577968979308,347.06725158988235,8.797753162978523,39.54222252473802,0.06538348415311258,0.18856474999999995,3344.996814568735,180,Paper,2026-02-08T07:43:26.155294
177.0,0.0,25.0,927.39,4.63,1533.18,1.0,64083.2,19.8,156.0,0.38,0.34,3.83,0.024665577968979308,347.06725158988235,8.797753162978523,39.54222252473802,0.06538348415311258,0.18856474999999995,3344.996814568735,180,Paper,2026-02-08T07:43:26.155294
177.0,0.0,25.0,927.39,4.63,1533.18,1.0,64083.2,19.8,156.0,0.38,0.34,3.83,0.024665577968979308,347.06725158988235,8.797753162978523,39.54222252473802,0.06538348415311258,0.18856474999999995,3344.996814568735,180,Paper,2026-02-08T07:43:26.155294
177.0,0.0,25.0,927.39,4.63,1533.18,1.0,64083.2,19.8,156.0,0.38,0.34,3.83,0.024665577968979308,347.06725158988235,8.797753162978523,39.54222252473802,0.06538348415311258,0.18856474999999995,3344.996814568735,180,Paper,2026-02-08T07:43:26.155294
177.0,0.0,25.0,831.84,4.15,1588.73,1.0,60528.2,19.8,156.0,0.29,0.24,2.86,0.024665577968979308,347.06725158988235,8.797753162978523,39.54222252473802,0.06538348415311258,0.18856474999999995,3344.996814568735,180,Paper,2026-02-08T07:43:26.155294
177.0,0.0,25.0,831.84,4.15,1588.73,1.0,60528.2,19.8,156.0,0.29,0.24,2.86,0.024665577968979308,347.06725158988235,8.797753162978523,39.54222252473802,0.06538348415311258,0.18856474999999995,3344.996814568735,180,Paper,2026-02-08T07:43:26.155294
177.0,0.0,25.0,831.84,4.15,1588.73,1.0,60528.2,19.8,156.0,0.29,0.24,2.86,0.024665577968979308,347.06725158988235,8.797753162978523,39.54222252473802,0.06538348415311258,0.18856474999999995,3344.996814568735,180,Paper,2026-02-08T07:43:26.155294
177.0,0.0,25.0,831.84,4.15,1588.73,1.0,60528.2,19.8,156.0,0.29,0.24,2.86,0.024665577968979308,347.06725158988235,8.797753162978523,39.54222252473802,0.06538348415311258,0.18856474999999995,3344.996814568735,180,Paper,2026-02-08T07:43:26.155294
177.0,0.0,25.0,831.84,4.15,1588.73,1.0,60528.2,19.8,156.0,0.29,0.24,2.86,0.024665577968979308,347.06725158988235,8.797753162978523,39.54222252473802,0.06538348415311258,0.18856474999999995,3344.996814568735,180,Paper,2026-02-08T07:43:26.155294
177.0,0.0,25.0,831.84,4.15,1588.73,1.0,60528.2,19.8,156.0,0.29,0.24,2.86,0.024665577968979308,347.06725158988235,8.797753162978523,39.54222252473802,0.06538348415311258,0.18856474999999995,3344.996814568735,180,Paper,2026-02-08T07:43:26.155294
177.0,0.0,25.0,806.49,4.02,1588.73,1.0,57603.3,19.8,156.0,0.22,0.17,2.16,0.024665577968979308,347.06725158988235,8.797753162978523,39.54222252473802,0.06538348415311258,0.18856474999999995,3344.996814568735,180,Paper,2026-02-08T07:43:26.155294
177.0,0.0,25.0,806.49,4.02,1588.73,1.0,57603.3,19.8,156.0,0.22,0.17,2.16,0.024665577968979308,347.06725158988235,8.797753162978523,39.54222252473802,0.06538348415311258,0.18856474999999995,3344.996814568735,180,Paper,2026-02-08T07:43:26.155294
177.0,0.0,25.0,806.49,4.02,1588.73,1.0,57603.3,19.8,156.0,0.22,0.17,2.16,0.024665577968979308,347.06725158988235,8.797753162978523,39.54222252473802,0.06538348415311258,0.18856474999999995,3344.996814568735,180,Paper,2026-02-08T07:43:26.155294
177.0,0.0,25.0,806.49,4.02,1588.73,1.0,57603.3,19.8,156.0,0.22,0.17,2.16,0.024665577968979308,347.06725158988235,8.797753162978523,39.54222252473802,0.06538348415311258,0.18856474999999995,3344.996814568735,180,Paper,2026-02-08T07:43:26.155294
177.0,0.0,25.0,806.49,4.02,1588.73,1.0,57603.3,19.8,156.0,0.22,0.17,2.16,0.024665577968979308,347.06725158988235,8.797753162978523,39.54222252473802,0.06538348415311258,0.18856474999999995,3344.996814568735,180,Paper,2026-02-08T07:43:26.155294
176.7,-1.31,25.0,725.8,3.62,1599.84,1.0,56526.7,19.8,156.0,0.14,0.12,1.41,0.024665577968979308,347.06725158988235,8.797753162978523,39.54222252473802,0.06538348415311258,0.18856474999999995,3344.996814568735,180,Paper,2026-02-08T07:43:26.155294
187.4,-0.44,25.0,776.96,3.86,2022.02,1.0,62926.6,19.7,157.0,0.64,0.56,6.4,0.020239416851514928,342.61614196869846,11.36337652037699,30.194440583273767,0.25278449319529117,0.011138999999999984,1402.4849366303386,190,Paper,2026-02-08T07:43:32.544376
187.4,-0.44,25.0,776.96,3.86,2022.02,1.0,62926.6,19.7,157.0,0.64,0.56,6.4,0.020239416851514928,342.61614196869846,11.36337652037699,30.194440583273767,0.25278449319529117,0.011138999999999984,1402.4849366303386,190,Paper,2026-02-08T07:43:32.544376
187.4,-0.44,25.0,776.96,3.86,2022.02,1.0,62926.6,19.7,157.0,0.64,0.56,6.4,0.020239416851514928,342.61614196869846,11.36337652037699,30.194440583273767,0.25278449319529117,0.011138999999999984,1402.4849366303386,190,Paper,2026-02-08T07:43:32.544376
187.5,0.44,25.0,787.82,3.92,2010.91,1.0,63474.6,19.8,156.0,0.51,0.42,5.13,0.020239416851514928,342.61614196869846,11.36337652037699,30.194440583273767,0.25278449319529117,0.011138999999999984,1402.4849366303386,190,Paper,2026-02-08T07:43:32.544376
187.5,0.44,25.0,787.82,3.92,2010.91,1.0,63474.6,19.8,156.0,0.51,0.42,5.13,0.020239416851514928,342.61614196869846,11.36337652037699,30.194440583273767,0.25278449319529117,0.011138999999999984,1402.4849366303386,190,Paper,2026-02-08T07:43:32.544376
187.5,0.44,25.0,787.82,3.92,2010.91,1.0,63474.6,19.8,156.0,0.51,0.42,5.13,0.020239416851514928,342.61614196869846,11.36337652037699,30.194440583273767,0.25278449319529117,0.011138999999999984,1402.4849366303386,190,Paper,2026-02-08T07:43:32.544376
187.5,0.44,25.0,787.82,3.92,2010.91,1.0,63474.6,19.8,156.0,0.51,0.42,5.13,0.020239416851514928,342.61614196869846,11.36337652037699,30.194440583273767,0.25278449319529117,0.011138999999999984,1402.4849366303386,190,Paper,2026-02-08T07:43:32.544376
187.5,0.44,25.0,787.82,3.92,2010.91,1.0,63474.6,19.8,156.0,0.51,0.42,5.13,0.020239416851514928,342.61614196869846,11.36337652037699,30.194440583273767,0.25278449319529117,0.011138999999999984,1402.4849366303386,190,Paper,2026-02-08T07:43:32.544376
187.7,0.87,25.0,763.84,3.8,2210.89,1.0,66382.3,19.7,157.0,0.37,0.26,3.7,0.020239416851514928,342.61614196869846,11.36337652037699,30.194440583273767,0.25278449319529117,0.011138999999999984,1402.4849366303386,190,Paper,2026-02-08T07:43:32.544376
187.7,0.87,25.0,763.84,3.8,2210.89,1.0,66382.3,19.7,157.0,0.37,0.26,3.7,0.020239416851514928,342.61614196869846,11.36337652037699,30.194440583273767,0.25278449319529117,0.011138999999999984,1402.4849366303386,190,Paper,2026-02-08T07:43:32.544376
187.7,0.87,25.0,763.84,3.8,2210.89,1.0,66382.3,19.7,157.0,0.37,0.26,3.7,0.020239416851514928,342.61614196869846,11.36337652037699,30.194440583273767,0.25278449319529117,0.011138999999999984,1402.4849366303386,190,Paper,2026-02-08T07:43:32.544376
187.7,0.87,25.0,763.84,3.8,2210.89,1.0,66382.3,19.7,157.0,0.37,0.26,3.7,0.020239416851514928,342.61614196869846,11.36337652037699,30.194440583273767,0.25278449319529117,0.011138999999999984,1402.4849366303386,190,Paper,2026-02-08T07:43:32.544376
187.7,0.87,25.0,763.84,3.8,2210.89,1.0,66382.3,19.7,157.0,0.37,0.26,3.7,0.020239416851514928,342.61614196869846,11.36337652037699,30.194440583273767,0.25278449319529117,0.011138999999999984,1402.4849366303386,190,Paper,2026-02-08T07:43:32.544376
187.7,0.87,25.0,763.84,3.8,2210.89,1.0,66382.3,19.7,157.0,0.37,0.26,3.7,0.020239416851514928,342.61614196869846,11.36337652037699,30.194440583273767,0.25278449319529117,0.011138999999999984,1402.4849366303386,190,Paper,2026-02-08T07:43:32.544376
188.0,1.09,25.0,743.96,3.7,2210.89,1.0,63864.5,19.7,157.0,0.21,0.14,2.15,0.020239416851514928,342.61614196869846,11.36337652037699,30.194440583273767,0.25278449319529117,0.011138999999999984,1402.4849366303386,190,Paper,2026-02-08T07:43:32.544376
188.0,1.09,25.0,743.96,3.7,2210.89,1.0,63864.5,19.7,157.0,0.21,0.14,2.15,0.020239416851514928,342.61614196869846,11.36337652037699,30.194440583273767,0.25278449319529117,0.011138999999999984,1402.4849366303386,190,Paper,2026-02-08T07:43:32.544376
188.0,1.09,25.0,743.96,3.7,2210.89,1.0,63864.5,19.7,157.0,0.21,0.14,2.15,0.020239416851514928,342.61614196869846,11.36337652037699,30.194440583273767,0.25278449319529117,0.011138999999999984,1402.4849366303386,190,Paper,2026-02-08T07:43:32.544376
188.0,1.09,25.0,743.96,3.7,2210.89,1.0,63864.5,19.7,157.0,0.21,0.14,2.15,0.020239416851514928,342.61614196869846,11.36337652037699,30.194440583273767,0.25278449319529117,0.011138999999999984,1402.4849366303386,190,Paper,2026-02-08T07:43:32.544376
188.0,1.09,25.0,743.96,3.7,2210.89,1.0,63864.5,19.7,157.0,0.21,0.14,2.15,0.020239416851514928,342.61614196869846,11.36337652037699,30.194440583273767,0.25278449319529117,0.011138999999999984,1402.4849366303386,190,Paper,2026-02-08T07:43:32.544376
188.3,1.75,25.0,704.16,3.5,2222.0,1.0,62479.8,19.7,157.0,0.26,0.2,2.65,0.020239416851514928,342.61614196869846,11.36337652037699,30.194440583273767,0.25278449319529117,0.011138999999999984,1402.4849366303386,190,Paper,2026-02-08T07:43:32.544376
194.7,-10.01,25.0,733.48,3.64,4399.56,1.0,120218.8,19.7,157.0,0.9,0.71,8.99,0.01817864959898858,593.4127295642212,22.553286831812255,26.32691044159059,0.12000000000000453,0.011344749999999992,6414.295303248439,200,Paper,2026-02-08T07:43:46.233020
194.7,-10.01,25.0,733.48,3.64,4399.56,1.0,120218.8,19.7,157.0,0.9,0.71,8.99,0.01817864959898858,593.4127295642212,22.553286831812255,26.32691044159059,0.12000000000000453,0.011344749999999992,6414.295303248439,200,Paper,2026-02-08T07:43:46.233020
194.7,-10.01,25.0,733.48,3.64,4399.56,1.0,120218.8,19.7,157.0,0.9,0.71,8.99,0.01817864959898858,593.4127295642212,22.553286831812255,26.32691044159059,0.12000000000000453,0.011344749999999992,6414.295303248439,200,Paper,2026-02-08T07:43:46.233020
194.7,-10.01,25.0,733.48,3.64,4399.56,1.0,120218.8,19.7,157.0,0.9,0.71,8.99,0.01817864959898858,593.4127295642212,22.553286831812255,26.32691044159059,0.12000000000000453,0.011344749999999992,6414.295303248439,200,Paper,2026-02-08T07:43:46.233020
194.7,-10.01,25.0,733.48,3.64,4399.56,1.0,120218.8,19.7,157.0,0.9,0.71,8.99,0.01817864959898858,593.4127295642212,22.553286831812255,26.32691044159059,0.12000000000000453,0.011344749999999992,6414.295303248439,200,Paper,2026-02-08T07:43:46.233020
194.7,0.0,25.0,713.2,3.54,4410.67,1.0,117163.5,19.7,157.0,0.92,0.74,9.21,0.01817864959898858,593.4127295642212,22.553286831812255,26.32691044159059,0.12000000000000453,0.011344749999999992,6414.295303248439,200,Paper,2026-02-08T07:43:46.233020
194.7,0.0,25.0,713.2,3.54,4410.67,1.0,117163.5,19.7,157.0,0.92,0.74,9.21,0.01817864959898858,593.4127295642212,22.553286831812255,26.32691044159059,0.12000000000000453,0.011344749999999992,6414.295303248439,200,Paper,2026-02-08T07:43:46.233020
194.7,0.0,25.0,713.2,3.54,4410.67,1.0,117163.5,19.7,157.0,0.92,0.74,9.21,0.01817864959898858,593.4127295642212,22.553286831812255,26.32691044159059,0.12000000000000453,0.011344749999999992,6414.295303248439,200,Paper,2026-02-08T07:43:46.233020
194.7,0.0,25.0,713.2,3.54,4410.67,1.0,117163.5,19.7,157.0,0.92,0.74,9.21,0.01817864959898858,593.4127295642212,22.553286831812255,26.32691044159059,0.12000000000000453,0.011344749999999992,6414.295303248439,200,Paper,2026-02-08T07:43:46.233020
194.7,0.0,25.0,713.2,3.54,4410.67,1.0,117163.5,19.7,157.0,0.92,0.74,9.21,0.01817864959898858,593.4127295642212,22.553286831812255,26.32691044159059,0.12000000000000453,0.011344749999999992,6414.295303248439,200,Paper,2026-02-08T07:43:46.233020
194.7,0.0,25.0,713.2,3.54,4410.67,1.0,117163.5,19.7,157.0,0.92,0.74,9.21,0.01817864959898858,593.4127295642212,22.553286831812255,26.32691044159059,0.12000000000000453,0.011344749999999992,6414.295303248439,200,Paper,2026-02-08T07:43:46.233020
194.7,0.0,25.0,678.91,3.37,4721.75,1.0,119102.5,19.5,158.0,0.93,0.75,9.33,0.01817864959898858,593.4127295642212,22.553286831812255,26.32691044159059,0.12000000000000453,0.011344749999999992,6414.295303248439,200,Paper,2026-02-08T07:43:46.233020
194.7,0.0,25.0,678.91,3.37,4721.75,1.0,119102.5,19.5,158.0,0.93,0.75,9.33,0.01817864959898858,593.4127295642212,22.553286831812255,26.32691044159059,0.12000000000000453,0.011344749999999992,6414.295303248439,200,Paper,2026-02-08T07:43:46.233020
194.7,0.0,25.0,678.91,3.37,4721.75,1.0,119102.5,19.5,158.0,0.93,0.75,9.33,0.01817864959898858,593.4127295642212,22.553286831812255,26.32691044159059,0.12000000000000453,0.011344749999999992,6414.295303248439,200,Paper,2026-02-08T07:43:46.233020
194.7,0.0,25.0,678.91,3.37,4721.75,1.0,119102.5,19.5,158.0,0.93,0.75,9.33,0.01817864959898858,593.4127295642212,22.553286831812255,26.32691044159059,0.12000000000000453,0.011344749999999992,6414.295303248439,200,Paper,2026-02-08T07:43:46.233020
194.7,0.0,25.0,678.91,3.37,4721.75,1.0,119102.5,19.5,158.0,0.93,0.75,9.33,0.01817864959898858,593.4127295642212,22.553286831812255,26.32691044159059,0.12000000000000453,0.011344749999999992,6414.295303248439,200,Paper,2026-02-08T07:43:46.233020
195.0,1.31,25.0,731.17,3.63,3944.05,1.0,102948.8,19.7,157.0,0.93,0.75,9.35,0.01817864959898858,593.4127295642212,22.553286831812255,26.32691044159059,0.12000000000000453,0.011344749999999992,6414.295303248439,200,Paper,2026-02-08T07:43:46.233020
195.0,1.31,25.0,731.17,3.63,3944.05,1.0,102948.8,19.7,157.0,0.93,0.75,9.35,0.01817864959898858,593.4127295642212,22.553286831812255,26.32691044159059,0.12000000000000453,0.011344749999999992,6414.295303248439,200,Paper,2026-02-08T07:43:46.233020
195.0,1.31,25.0,731.17,3.63,3944.05,1.0,102948.8,19.7,157.0,0.93,0.75,9.35,0.01817864959898858,593.4127295642212,22.553286831812255,26.32691044159059,0.12000000000000453,0.011344749999999992,6414.295303248439,200,Paper,2026-02-08T07:43:46.233020
195.0,1.31,25.0,731.17,3.63,3944.05,1.0,102948.8,19.7,157.0,0.93,0.75,9.35,0.01817864959898858,593.4127295642212,22.553286831812255,26.32691044159059,0.12000000000000453,0.011344749999999992,6414.295303248439,200,Paper,2026-02-08T07:43:46.233020
207.2,0.44,25.0,1054.29,5.22,1755.38,1.0,77314.8,19.8,156.0,0.65,0.58,6.54,0.02569098184191061,381.62522240783346,8.388532433772795,45.60703577873287,0.14309088021253372,0.11836599999999989,3120.2759725062756,210,Paper,2026-02-08T07:44:10.881201
207.2,0.22,25.0,1029.18,5.11,1788.71,1.0,76214.1,19.8,156.0,0.69,0.63,6.93,0.02569098184191061,381.62522240783346,8.388532433772795,45.60703577873287,0.14309088021253372,0.11836599999999989,3120.2759725062756,210,Paper,2026-02-08T07:44:10.881201
207.2,0.22,25.0,1029.18,5.11,1788.71,1.0,76214.1,19.8,156.0,0.69,0.63,6.93,0.02569098184191061,381.62522240783346,8.388532433772795,45.60703577873287,0.14309088021253372,0.11836599999999989,3120.2759725062756,210,Paper,2026-02-08T07:44:10.881201
207.2,0.22,25.0,1029.18,5.11,1788.71,1.0,76214.1,19.8,156.0,0.69,0.63,6.93,0.02569098184191061,381.62522240783346,8.388532433772795,45.60703577873287,0.14309088021253372,0.11836599999999989,3120.2759725062756,210,Paper,2026-02-08T07:44:10.881201
207.2,0.22,25.0,1029.18,5.11,1788.71,1.0,76214.1,19.8,156.0,0.69,0.63,6.93,0.02569098184191061,381.62522240783346,8.388532433772795,45.60703577873287,0.14309088021253372,0.11836599999999989,3120.2759725062756,210,Paper,2026-02-08T07:44:10.881201
207.2,0.22,25.0,1029.18,5.11,1788.71,1.0,76214.1,19.8,156.0,0.69,0.63,6.93,0.02569098184191061,381.62522240783346,8.388532433772795,45.60703577873287,0.14309088021253372,0.11836599999999989,3120.2759725062756,210,Paper,2026-02-08T07:44:10.881201
207.0,-0.87,25.0,998.23,4.96,1788.71,1.0,77743.7,19.7,157.0,0.7,0.63,6.99,0.02569098184191061,381.62522240783346,8.388532433772795,45.60703577873287,0.14309088021253372,0.11836599999999989,3120.2759725062756,210,Paper,2026-02-08T07:44:10.881201
207.0,-0.87,25.0,998.23,4.96,1788.71,1.0,77743.7,19.7,157.0,0.7,0.63,6.99,0.02569098184191061,381.62522240783346,8.388532433772795,45.60703577873287,0.14309088021253372,0.11836599999999989,3120.2759725062756,210,Paper,2026-02-08T07:44:10.881201
207.0,-0.87,25.0,998.23,4.96,1788.71,1.0,77743.7,19.7,157.0,0.7,0.63,6.99,0.02569098184191061,381.62522240783346,8.388532433772795,45.60703577873287,0.14309088021253372,0.11836599999999989,3120.2759725062756,210,Paper,2026-02-08T07:44:10.881201
207.0,-0.87,25.0,998.23,4.96,1788.71,1.0,77743.7,19.7,157.0,0.7,0.63,6.99,0.02569098184191061,381.62522240783346,8.388532433772795,45.60703577873287,0.14309088021253372,0.11836599999999989,3120.2759725062756,210,Paper,2026-02-08T07:44:10.881201
207.0,-0.87,25.0,998.23,4.96,1788.71,1.0,77743.7,19.7,157.0,0.7,0.63,6.99,0.02569098184191061,381.62522240783346,8.388532433772795,45.60703577873287,0.14309088021253372,0.11836599999999989,3120.2759725062756,210,Paper,2026-02-08T07:44:10.881201
207.0,-0.87,25.0,998.23,4.96,1788.71,1.0,77743.7,19.7,157.0,0.7,0.63,6.99,0.02569098184191061,381.62522240783346,8.388532433772795,45.60703577873287,0.14309088021253372,0.11836599999999989,3120.2759725062756,210,Paper,2026-02-08T07:44:10.881201
206.9,-0.44,25.0,1160.04,5.77,1599.84,1.0,79482.0,19.8,156.0,0.59,0.49,5.91,0.02569098184191061,381.62522240783346,8.388532433772795,45.60703577873287,0.14309088021253372,0.11836599999999989,3120.2759725062756,210,Paper,2026-02-08T07:44:10.881201
206.9,-0.44,25.0,1160.04,5.77,1599.84,1.0,79482.0,19.8,156.0,0.59,0.49,5.91,0.02569098184191061,381.62522240783346,8.388532433772795,45.60703577873287,0.14309088021253372,0.11836599999999989,3120.2759725062756,210,Paper,2026-02-08T07:44:10.881201
206.9,-0.44,25.0,1160.04,5.77,1599.84,1.0,79482.0,19.8,156.0,0.59,0.49,5.91,0.02569098184191061,381.62522240783346,8.388532433772795,45.60703577873287,0.14309088021253372,0.11836599999999989,3120.2759725062756,210,Paper,2026-02-08T07:44:10.881201
206.9,-0.44,25.0,1160.04,5.77,1599.84,1.0,79482.0,19.8,156.0,0.59,0.49,5.91,0.02569098184191061,381.62522240783346,8.388532433772795,45.60703577873287,0.14309088021253372,0.11836599999999989,3120.2759725062756,210,Paper,2026-02-08T07:44:10.881201
206.9,-0.44,25.0,1160.04,5.77,1599.84,1.0,79482.0,19.8,156.0,0.59,0.49,5.91,0.02569098184191061,381.62522240783346,8.388532433772795,45.60703577873287,0.14309088021253372,0.11836599999999989,3120.2759725062756,210,Paper,2026-02-08T07:44:10.881201
206.8,-0.44,25.0,1136.84,5.66,1766.49,1.0,85890.7,19.8,156.0,0.39,0.28,3.86,0.02569098184191061,381.62522240783346,8.388532433772795,45.60703577873287,0.14309088021253372,0.11836599999999989,3120.2759725062756,210,Paper,2026-02-08T07:44:10.881201
206.8,-0.44,25.0,1136.84,5.66,1766.49,1.0,85890.7,19.8,156.0,0.39,0.28,3.86,0.02569098184191061,381.62522240783346,8.388532433772795,45.60703577873287,0.14309088021253372,0.11836599999999989,3120.2759725062756,210,Paper,2026-02-08T07:44:10.881201
206.8,-0.44,25.0,1136.84,5.66,1766.49,1.0,85890.7,19.8,156.0,0.39,0.28,3.86,0.02569098184191061,381.62522240783346,8.388532433772795,45.60703577873287,0.14309088021253372,0.11836599999999989,3120.2759725062756,210,Paper,2026-02-08T07:44:10.881201
215.8,-1.53,25.0,915.61,4.53,1155.44,1.0,54014.3,19.8,156.0,0.25,0.22,2.48,0.020663163099841793,252.68245936795978,5.578909390453995,45.388325130007885,0.14924811556598452,0.0023187500000000226,1068.8950353519288,220,Paper,2026-02-08T07:44:27.105707
215.8,-1.53,25.0,915.61,4.53,1155.44,1.0,54014.3,19.8,156.0,0.25,0.22,2.48,0.020663163099841793,252.68245936795978,5.578909390453995,45.388325130007885,0.14924811556598452,0.0023187500000000226,1068.8950353519288,220,Paper,2026-02-08T07:44:27.105707
215.8,-1.53,25.0,915.61,4.53,1155.44,1.0,54014.3,19.8,156.0,0.25,0.22,2.48,0.020663163099841793,252.68245936795978,5.578909390453995,45.388325130007885,0.14924811556598452,0.0023187500000000226,1068.8950353519288,220,Paper,2026-02-08T07:44:27.105707
215.8,-1.53,25.0,915.61,4.53,1155.44,1.0,54014.3,19.8,156.0,0.25,0.22,2.48,0.020663163099841793,252.68245936795978,5.578909390453995,45.388325130007885,0.14924811556598452,0.0023187500000000226,1068.8950353519288,220,Paper,2026-02-08T07:44:27.105707
215.8,0.0,25.0,902.1,4.46,1155.44,1.0,54040.9,19.8,156.0,0.22,0.2,2.21,0.020663163099841793,252.68245936795978,5.578909390453995,45.388325130007885,0.14924811556598452,0.0023187500000000226,1068.8950353519288,220,Paper,2026-02-08T07:44:27.105707
215.8,0.0,25.0,902.1,4.46,1155.44,1.0,54040.9,19.8,156.0,0.22,0.2,2.21,0.020663163099841793,252.68245936795978,5.578909390453995,45.388325130007885,0.14924811556598452,0.0023187500000000226,1068.8950353519288,220,Paper,2026-02-08T07:44:27.105707
215.8,0.0,25.0,902.1,4.46,1155.44,1.0,54040.9,19.8,156.0,0.22,0.2,2.21,0.020663163099841793,252.68245936795978,5.578909390453995,45.388325130007885,0.14924811556598452,0.0023187500000000226,1068.8950353519288,220,Paper,2026-02-08T07:44:27.105707
215.8,0.0,25.0,902.1,4.46,1155.44,1.0,54040.9,19.8,156.0,0.22,0.2,2.21,0.020663163099841793,252.68245936795978,5.578909390453995,45.388325130007885,0.14924811556598452,0.0023187500000000226,1068.8950353519288,220,Paper,2026-02-08T07:44:27.105707
215.8,0.0,25.0,902.1,4.46,1155.44,1.0,54040.9,19.8,156.0,0.22,0.2,2.21,0.020663163099841793,252.68245936795978,5.578909390453995,45.388325130007885,0.14924811556598452,0.0023187500000000226,1068.8950353519288,220,Paper,2026-02-08T07:44:27.105707
216.1,1.31,25.0,886.38,4.39,1166.55,1.0,53611.1,19.8,156.0,0.22,0.19,2.19,0.020663163099841793,252.68245936795978,5.578909390453995,45.388325130007885,0.14924811556598452,0.0023187500000000226,1068.8950353519288,220,Paper,2026-02-08T07:44:27.105707
216.1,1.31,25.0,886.38,4.39,1166.55,1.0,53611.1,19.8,156.0,0.22,0.19,2.19,0.020663163099841793,252.68245936795978,5.578909390453995,45.388325130007885,0.14924811556598452,0.0023187500000000226,1068.8950353519288,220,Paper,2026-02-08T07:44:27.105707
216.1,1.31,25.0,886.38,4.39,1166.55,1.0,53611.1,19.8,156.0,0.22,0.19,2.19,0.020663163099841793,252.68245936795978,5.578909390453995,45.388325130007885,0.14924811556598452,0.0023187500000000226,1068.8950353519288,220,Paper,2026-02-08T07:44:27.105707
216.1,1.31,25.0,886.38,4.39,1166.55,1.0,53611.1,19.8,156.0,0.22,0.19,2.19,0.020663163099841793,252.68245936795978,5.578909390453995,45.388325130007885,0.14924811556598452,0.0023187500000000226,1068.8950353519288,220,Paper,2026-02-08T07:44:27.105707
216.1,1.31,25.0,886.38,4.39,1166.55,1.0,53611.1,19.8,156.0,0.22,0.19,2.19,0.020663163099841793,252.68245936795978,5.578909390453995,45.388325130007885,0.14924811556598452,0.0023187500000000226,1068.8950353519288,220,Paper,2026-02-08T07:44:27.105707
216.1,0.0,25.0,905.3,4.48,1310.98,1.0,56183.4,19.8,156.0,0.22,0.19,2.19,0.020663163099841793,252.68245936795978,5.578909390453995,45.388325130007885,0.14924811556598452,0.0023187500000000226,1068.8950353519288,220,Paper,2026-02-08T07:44:27.105707
216.1,0.0,25.0,905.3,4.48,1310.98,1.0,56183.4,19.8,156.0,0.22,0.19,2.19,0.020663163099841793,252.68245936795978,5.578909390453995,45.388325130007885,0.14924811556598452,0.0023187500000000226,1068.8950353519288,220,Paper,2026-02-08T07:44:27.105707
216.1,0.0,25.0,905.3,4.48,1310.98,1.0,56183.4,19.8,156.0,0.22,0.19,2.19,0.020663163099841793,252.68245936795978,5.578909390453995,45.388325130007885,0.14924811556598452,0.0023187500000000226,1068.8950353519288,220,Paper,2026-02-08T07:44:27.105707
216.1,0.0,25.0,905.3,4.48,1310.98,1.0,56183.4,19.8,156.0,0.22,0.19,2.19,0.020663163099841793,252.68245936795978,5.578909390453995,45.388325130007885,0.14924811556598452,0.0023187500000000226,1068.8950353519288,220,Paper,2026-02-08T07:44:27.105707
216.1,0.0,25.0,905.3,4.48,1310.98,1.0,56183.4,19.8,156.0,0.22,0.19,2.19,0.020663163099841793,252.68245936795978,5.578909390453995,45.388325130007885,0.14924811556598452,0.0023187500000000226,1068.8950353519288,220,Paper,2026-02-08T07:44:27.105707
216.1,0.0,25.0,905.3,4.48,1310.98,1.0,56183.4,19.8,156.0,0.22,0.19,2.19,0.020663163099841793,252.68245936795978,5.578909390453995,45.388325130007885,0.14924811556598452,0.0023187500000000226,1068.8950353519288,220,Paper,2026-02-08T07:44:27.105707
226.7,0.0,25.0,879.64,4.36,2577.52,1.0,80167.1,19.7,157.0,0.66,0.59,6.56,0.01741584226362377,381.1485039823493,13.272945639848029,28.868337564801372,0.08660254037845125,0.0521490000000001,5083.8032766423985,230,Paper,2026-02-08T07:44:47.441939
226.7,0.0,25.0,879.64,4.36,2577.52,1.0,80167.1,19.7,157.0,0.66,0.59,6.56,0.01741584226362377,381.1485039823493,13.272945639848029,28.868337564801372,0.08660254037845125,0.0521490000000001,5083.8032766423985,230,Paper,2026-02-08T07:44:47.441939
226.7,0.0,25.0,879.64,4.36,2577.52,1.0,80167.1,19.7,157.0,0.66,0.59,6.56,0.01741584226362377,381.1485039823493,13.272945639848029,28.868337564801372,0.08660254037845125,0.0521490000000001,5083.8032766423985,230,Paper,2026-02-08T07:44:47.441939
226.7,0.0,25.0,879.64,4.36,2577.52,1.0,80167.1,19.7,157.0,0.66,0.59,6.56,0.01741584226362377,381.1485039823493,13.272945639848029,28.868337564801372,0.08660254037845125,0.0521490000000001,5083.8032766423985,230,Paper,2026-02-08T07:44:47.441939
226.7,0.0,25.0,803.15,3.99,2777.5,1.0,82305.2,19.7,157.0,0.58,0.51,5.77,0.01741584226362377,381.1485039823493,13.272945639848029,28.868337564801372,0.08660254037845125,0.0521490000000001,5083.8032766423985,230,Paper,2026-02-08T07:44:47.441939
226.7,0.0,25.0,803.15,3.99,2777.5,1.0,82305.2,19.7,157.0,0.58,0.51,5.77,0.01741584226362377,381.1485039823493,13.272945639848029,28.868337564801372,0.08660254037845125,0.0521490000000001,5083.8032766423985,230,Paper,2026-02-08T07:44:47.441939
226.7,0.0,25.0,803.15,3.99,2777.5,1.0,82305.2,19.7,157.0,0.58,0.51,5.77,0.01741584226362377,381.1485039823493,13.272945639848029,28.868337564801372,0.08660254037845125,0.0521490000000001,5083.8032766423985,230,Paper,2026-02-08T07:44:47.441939
226.7,0.0,25.0,803.15,3.99,2777.5,1.0,82305.2,19.7,157.0,0.58,0.51,5.77,0.01741584226362377,381.1485039823493,13.272945639848029,28.868337564801372,0.08660254037845125,0.0521490000000001,5083.8032766423985,230,Paper,2026-02-08T07:44:47.441939
226.7,0.0,25.0,803.15,3.99,2777.5,1.0,82305.2,19.7,157.0,0.58,0.51,5.77,0.01741584226362377,381.1485039823493,13.272945639848029,28.868337564801372,0.08660254037845125,0.0521490000000001,5083.8032766423985,230,Paper,2026-02-08T07:44:47.441939
226.7,0.0,25.0,803.15,3.99,2777.5,1.0,82305.2,19.7,157.0,0.58,0.51,5.77,0.01741584226362377,381.1485039823493,13.272945639848029,28.868337564801372,0.08660254037845125,0.0521490000000001,5083.8032766423985,230,Paper,2026-02-08T07:44:47.441939
226.7,0.0,25.0,755.74,3.76,3366.33,1.0,92434.8,19.7,157.0,0.47,0.4,4.74,0.01741584226362377,381.1485039823493,13.272945639848029,28.868337564801372,0.08660254037845125,0.0521490000000001,5083.8032766423985,230,Paper,2026-02-08T07:44:47.441939
226.7,0.0,25.0,755.74,3.76,3366.33,1.0,92434.8,19.7,157.0,0.47,0.4,4.74,0.01741584226362377,381.1485039823493,13.272945639848029,28.868337564801372,0.08660254037845125,0.0521490000000001,5083.8032766423985,230,Paper,2026-02-08T07:44:47.441939
226.7,0.0,25.0,755.74,3.76,3366.33,1.0,92434.8,19.7,157.0,0.47,0.4,4.74,0.01741584226362377,381.1485039823493,13.272945639848029,28.868337564801372,0.08660254037845125,0.0521490000000001,5083.8032766423985,230,Paper,2026-02-08T07:44:47.441939
226.7,0.0,25.0,755.74,3.76,3366.33,1.0,92434.8,19.7,157.0,0.47,0.4,4.74,0.01741584226362377,381.1485039823493,13.272945639848029,28.868337564801372,0.08660254037845125,0.0521490000000001,5083.8032766423985,230,Paper,2026-02-08T07:44:47.441939
226.7,0.0,25.0,755.74,3.76,3366.33,1.0,92434.8,19.7,157.0,0.47,0.4,4.74,0.01741584226362377,381.1485039823493,13.272945639848029,28.868337564801372,0.08660254037845125,0.0521490000000001,5083.8032766423985,230,Paper,2026-02-08T07:44:47.441939
226.9,0.65,25.0,755.75,3.76,3277.45,1.0,90370.4,19.7,157.0,0.33,0.28,3.34,0.01741584226362377,381.1485039823493,13.272945639848029,28.868337564801372,0.08660254037845125,0.0521490000000001,5083.8032766423985,230,Paper,2026-02-08T07:44:47.441939
226.9,0.65,25.0,755.75,3.76,3277.45,1.0,90370.4,19.7,157.0,0.33,0.28,3.34,0.01741584226362377,381.1485039823493,13.272945639848029,28.868337564801372,0.08660254037845125,0.0521490000000001,5083.8032766423985,230,Paper,2026-02-08T07:44:47.441939
226.9,0.65,25.0,755.75,3.76,3277.45,1.0,90370.4,19.7,157.0,0.33,0.28,3.34,0.01741584226362377,381.1485039823493,13.272945639848029,28.868337564801372,0.08660254037845125,0.0521490000000001,5083.8032766423985,230,Paper,2026-02-08T07:44:47.441939
226.9,0.65,25.0,755.75,3.76,3277.45,1.0,90370.4,19.7,157.0,0.33,0.28,3.34,0.01741584226362377,381.1485039823493,13.272945639848029,28.868337564801372,0.08660254037845125,0.0521490000000001,5083.8032766423985,230,Paper,2026-02-08T07:44:47.441939
226.9,0.65,25.0,755.75,3.76,3277.45,1.0,90370.4,19.7,157.0,0.33,0.28,3.34,0.01741584226362377,381.1485039823493,13.272945639848029,28.868337564801372,0.08660254037845125,0.0521490000000001,5083.8032766423985,230,Paper,2026-02-08T07:44:47.441939
237.4,-1.53,25.0,2747.66,13.61,1022.12,1.0,142457.8,19.8,156.0,0.43,0.39,4.33,0.04618925490279718,544.4726308034652,4.821001647595788,113.57423114544201,0.0871779788708147,1.4617359999999997,6030.90530851505,240,Paper,2026-02-08T07:45:14.779719
237.0,-1.75,25.0,2474.02,12.27,1066.56,1.0,136024.6,19.8,156.0,0.39,0.35,3.89,0.04618925490279718,544.4726308034652,4.821001647595788,113.57423114544201,0.0871779788708147,1.4617359999999997,6030.90530851505,240,Paper,2026-02-08T07:45:14.779719
237.0,-1.75,25.0,2474.02,12.27,1066.56,1.0,136024.6,19.8,156.0,0.39,0.35,3.89,0.04618925490279718,544.4726308034652,4.821001647595788,113.57423114544201,0.0871779788708147,1.4617359999999997,6030.90530851505,240,Paper,2026-02-08T07:45:14.779719
237.0,-1.75,25.0,2474.02,12.27,1066.56,1.0,136024.6,19.8,156.0,0.39,0.35,3.89,0.04618925490279718,544.4726308034652,4.821001647595788,113.57423114544201,0.0871779788708147,1.4617359999999997,6030.90530851505,240,Paper,2026-02-08T07:45:14.779719
237.0,-1.75,25.0,2474.02,12.27,1066.56,1.0,136024.6,19.8,156.0,0.39,0.35,3.89,0.04618925490279718,544.4726308034652,4.821001647595788,113.57423114544201,0.0871779788708147,1.4617359999999997,6030.90530851505,240,Paper,2026-02-08T07:45:14.779719
237.0,-1.75,25.0,2474.02,12.27,1066.56,1.0,136024.6,19.8,156.0,0.39,0.35,3.89,0.04618925490279718,544.4726308034652,4.821001647595788,113.57423114544201,0.0871779788708147,1.4617359999999997,6030.90530851505,240,Paper,2026-02-08T07:45:14.779719
237.0,0.0,25.0,2258.84,11.22,1133.22,1.0,129201.7,19.8,156.0,0.34,0.31,3.44,0.04618925490279718,544.4726308034652,4.821001647595788,113.57423114544201,0.0871779788708147,1.4617359999999997,6030.90530851505,240,Paper,2026-02-08T07:45:14.779719
237.0,0.0,25.0,2258.84,11.22,1133.22,1.0,129201.7,19.8,156.0,0.34,0.31,3.44,0.04618925490279718,544.4726308034652,4.821001647595788,113.57423114544201,0.0871779788708147,1.4617359999999997,6030.90530851505,240,Paper,2026-02-08T07:45:14.779719
237.0,0.0,25.0,2258.84,11.22,1133.22,1.0,129201.7,19.8,156.0,0.34,0.31,3.44,0.04618925490279718,544.4726308034652,4.821001647595788,113.57423114544201,0.0871779788708147,1.4617359999999997,6030.90530851505,240,Paper,2026-02-08T07:45:14.779719
237.0,0.0,25.0,2258.84,11.22,1133.22,1.0,129201.7,19.8,156.0,0.34,0.31,3.44,0.04618925490279718,544.4726308034652,4.821001647595788,113.57423114544201,0.0871779788708147,1.4617359999999997,6030.90530851505,240,Paper,2026-02-08T07:45:14.779719
237.0,0.0,25.0,2258.84,11.22,1133.22,1.0,129201.7,19.8,156.0,0.34,0.31,3.44,0.04618925490279718,544.4726308034652,4.821001647595788,113.57423114544201,0.0871779788708147,1.4617359999999997,6030.90530851505,240,Paper,2026-02-08T07:45:14.779719
237.0,0.0,25.0,1994.6,9.93,1199.88,1.0,125050.2,19.8,156.0,0.31,0.28,3.08,0.04618925490279718,544.4726308034652,4.821001647595788,113.57423114544201,0.0871779788708147,1.4617359999999997,6030.90530851505,240,Paper,2026-02-08T07:45:14.779719
237.0,0.0,25.0,1994.6,9.93,1199.88,1.0,125050.2,19.8,156.0,0.31,0.28,3.08,0.04618925490279718,544.4726308034652,4.821001647595788,113.57423114544201,0.0871779788708147,1.4617359999999997,6030.90530851505,240,Paper,2026-02-08T07:45:14.779719
237.0,0.0,25.0,1994.6,9.93,1199.88,1.0,125050.2,19.8,156.0,0.31,0.28,3.08,0.04618925490279718,544.4726308034652,4.821001647595788,113.57423114544201,0.0871779788708147,1.4617359999999997,6030.90530851505,240,Paper,2026-02-08T07:45:14.779719
237.0,0.0,25.0,1994.6,9.93,1199.88,1.0,125050.2,19.8,156.0,0.31,0.28,3.08,0.04618925490279718,544.4726308034652,4.821001647595788,113.57423114544201,0.0871779788708147,1.4617359999999997,6030.90530851505,240,Paper,2026-02-08T07:45:14.779719
237.0,0.0,25.0,1994.6,9.93,1199.88,1.0,125050.2,19.8,156.0,0.31,0.28,3.08,0.04618925490279718,544.4726308034652,4.821001647595788,113.57423114544201,0.0871779788708147,1.4617359999999997,6030.90530851505,240,Paper,2026-02-08T07:45:14.779719
237.0,0.0,25.0,1994.6,9.93,1199.88,1.0,125050.2,19.8,156.0,0.31,0.28,3.08,0.04618925490279718,544.4726308034652,4.821001647595788,113.57423114544201,0.0871779788708147,1.4617359999999997,6030.90530851505,240,Paper,2026-02-08T07:45:14.779719
237.0,-0.22,25.0,1894.5,9.44,1210.99,1.0,120716.6,19.8,156.0,0.32,0.29,3.16,0.04618925490279718,544.4726308034652,4.821001647595788,113.57423114544201,0.0871779788708147,1.4617359999999997,6030.90530851505,240,Paper,2026-02-08T07:45:14.779719
237.0,-0.22,25.0,1894.5,9.44,1210.99,1.0,120716.6,19.8,156.0,0.32,0.29,3.16,0.04618925490279718,544.4726308034652,4.821001647595788,113.57423114544201,0.0871779788708147,1.4617359999999997,6030.90530851505,240,Paper,2026-02-08T07:45:14.779719
237.0,-0.22,25.0,1894.5,9.44,1210.99,1.0,120716.6,19.8,156.0,0.32,0.29,3.16,0.04618925490279718,544.4726308034652,4.821001647595788,113.57423114544201,0.0871779788708147,1.4617359999999997,6030.90530851505,240,Paper,2026-02-08T07:45:14.779719
247.6,0.0,25.0,817.68,4.09,13565.31,1.0,408660.6,19.2,161.0,0.35,0.3,3.5,0.01498843042186282,1671.789228770401,56.772335306922244,29.46699550339311,0.18708286933869558,0.05330475,6242.360004885979,250,Paper,2026-02-08T07:45:33.141593
247.6,0.0,25.0,817.68,4.09,13565.31,1.0,408660.6,19.2,161.0,0.35,0.3,3.5,0.01498843042186282,1671.789228770401,56.772335306922244,29.46699550339311,0.18708286933869558,0.05330475,6242.360004885979,250,Paper,2026-02-08T07:45:33.141593
247.6,0.0,25.0,817.68,4.09,13565.31,1.0,408660.6,19.2,161.0,0.35,0.3,3.5,0.01498843042186282,1671.789228770401,56.772335306922244,29.46699550339311,0.18708286933869558,0.05330475,6242.360004885979,250,Paper,2026-02-08T07:45:33.141593
247.6,0.0,25.0,817.68,4.09,13565.31,1.0,408660.6,19.2,161.0,0.35,0.3,3.5,0.01498843042186282,1671.789228770401,56.772335306922244,29.46699550339311,0.18708286933869558,0.05330475,6242.360004885979,250,Paper,2026-02-08T07:45:33.141593
247.8,1.07,25.0,749.6,3.75,13565.31,1.0,406799.8,19.2,161.0,0.3,0.24,2.99,0.01498843042186282,1671.789228770401,56.772335306922244,29.46699550339311,0.18708286933869558,0.05330475,6242.360004885979,250,Paper,2026-02-08T07:45:33.141593
247.8,1.07,25.0,749.6,3.75,13565.31,1.0,406799.8,19.2,161.0,0.3,0.24,2.99,0.01498843042186282,1671.789228770401,56.772335306922244,29.46699550339311,0.18708286933869558,0.05330475,6242.360004885979,250,Paper,2026-02-08T07:45:33.141593
247.8,1.07,25.0,749.6,3.75,13565.31,1.0,406799.8,19.2,161.0,0.3,0.24,2.99,0.01498843042186282,1671.789228770401,56.772335306922244,29.46699550339311,0.18708286933869558,0.05330475,6242.360004885979,250,Paper,2026-02-08T07:45:33.141593
247.8,1.07,25.0,749.6,3.75,13565.31,1.0,406799.8,19.2,161.0,0.3,0.24,2.99,0.01498843042186282,1671.789228770401,56.772335306922244,29.46699550339311,0.18708286933869558,0.05330475,6242.360004885979,250,Paper,2026-02-08T07:45:33.141593
247.8,1.07,25.0,749.6,3.75,13565.31,1.0,406799.8,19.2,161.0,0.3,0.24,2.99,0.01498843042186282,1671.789228770401,56.772335306922244,29.46699550339311,0.18708286933869558,0.05330475,6242.360004885979,250,Paper,2026-02-08T07:45:33.141593
248.1,1.07,25.0,738.17,3.7,14298.57,1.0,419061.7,19.2,161.0,0.31,0.25,3.07,0.01498843042186282,1671.789228770401,56.772335306922244,29.46699550339311,0.18708286933869558,0.05330475,6242.360004885979,250,Paper,2026-02-08T07:45:33.141593
248.1,1.07,25.0,738.17,3.7,14298.57,1.0,419061.7,19.2,161.0,0.31,0.25,3.07,0.01498843042186282,1671.789228770401,56.772335306922244,29.46699550339311,0.18708286933869558,0.05330475,6242.360004885979,250,Paper,2026-02-08T07:45:33.141593
248.1,1.07,25.0,738.17,3.7,14298.57,1.0,419061.7,19.2,161.0,0.31,0.25,3.07,0.01498843042186282,1671.789228770401,56.772335306922244,29.46699550339311,0.18708286933869558,0.05330475,6242.360004885979,250,Paper,2026-02-08T07:45:33.141593
248.1,1.07,25.0,738.17,3.7,14298.57,1.0,419061.7,19.2,161.0,0.31,0.25,3.07,0.01498843042186282,1671.789228770401,56.772335306922244,29.46699550339311,0.18708286933869558,0.05330475,6242.360004885979,250,Paper,2026-02-08T07:45:33.141593
248.1,1.07,25.0,738.17,3.7,14298.57,1.0,419061.7,19.2,161.0,0.31,0.25,3.07,0.01498843042186282,1671.789228770401,56.772335306922244,29.46699550339311,0.18708286933869558,0.05330475,6242.360004885979,250,Paper,2026-02-08T07:45:33.141593
248.1,1.07,25.0,738.17,3.7,14298.57,1.0,419061.7,19.2,161.0,0.31,0.25,3.07,0.01498843042186282,1671.789228770401,56.772335306922244,29.46699550339311,0.18708286933869558,0.05330475,6242.360004885979,250,Paper,2026-02-08T07:45:33.141593
248.0,-0.43,25.0,679.52,3.4,14720.75,1.0,421158.8,19.2,161.0,0.31,0.26,3.09,0.01498843042186282,1671.789228770401,56.772335306922244,29.46699550339311,0.18708286933869558,0.05330475,6242.360004885979,250,Paper,2026-02-08T07:45:33.141593
248.0,-0.43,25.0,679.52,3.4,14720.75,1.0,421158.8,19.2,161.0,0.31,0.26,3.09,0.01498843042186282,1671.789228770401,56.772335306922244,29.46699550339311,0.18708286933869558,0.05330475,6242.360004885979,250,Paper,2026-02-08T07:45:33.141593
248.0,-0.43,25.0,679.52,3.4,14720.75,1.0,421158.8,19.2,161.0,0.31,0.26,3.09,0.01498843042186282,1671.789228770401,56.772335306922244,29.46699550339311,0.18708286933869558,0.05330475,6242.360004885979,250,Paper,2026-02-08T07:45:33.141593
248.0,-0.43,25.0,679.52,3.4,14720.75,1.0,421158.8,19.2,161.0,0.31,0.26,3.09,0.01498843042186282,1671.789228770401,56.772335306922244,29.46699550339311,0.18708286933869558,0.05330475,6242.360004885979,250,Paper,2026-02-08T07:45:33.141593
248.0,-0.43,25.0,679.52,3.4,14720.75,1.0,421158.8,19.2,161.0,0.31,0.26,3.09,0.01498843042186282,1671.789228770401,56.772335306922244,29.46699550339311,0.18708286933869558,0.05330475,6242.360004885979,250,Paper,2026-02-08T07:45:33.141593
258.2,0.0,25.0,892.85,4.44,12843.16,1.0,397523.9,19.2,161.0,0.2,0.13,2.01,0.015214949651432993,1525.5822618125485,50.061694422927964,30.48626642821781,5.684341886080802e-14,0.06097275000000002,5255.377064245726,260,Paper,2026-02-08T07:45:43.641814
258.2,0.0,25.0,892.85,4.44,12843.16,1.0,397523.9,19.2,161.0,0.2,0.13,2.01,0.015214949651432993,1525.5822618125485,50.061694422927964,30.48626642821781,5.684341886080802e-14,0.06097275000000002,5255.377064245726,260,Paper,2026-02-08T07:45:43.641814
258.2,0.0,25.0,823.35,4.1,12843.16,1.0,394715.4,19.2,161.0,0.08,0.08,0.82,0.015214949651432993,1525.5822618125485,50.061694422927964,30.48626642821781,5.684341886080802e-14,0.06097275000000002,5255.377064245726,260,Paper,2026-02-08T07:45:43.641814
258.2,0.0,25.0,823.35,4.1,12843.16,1.0,394715.4,19.2,161.0,0.08,0.08,0.82,0.015214949651432993,1525.5822618125485,50.061694422927964,30.48626642821781,5.684341886080802e-14,0.06097275000000002,5255.377064245726,260,Paper,2026-02-08T07:45:43.641814
258.2,0.0,25.0,823.35,4.1,12843.16,1.0,394715.4,19.2,161.0,0.08,0.08,0.82,0.015214949651432993,1525.5822618125485,50.061694422927964,30.48626642821781,5.684341886080802e-14,0.06097275000000002,5255.377064245726,260,Paper,2026-02-08T07:45:43.641814
258.2,0.0,25.0,823.35,4.1,12843.16,1.0,394715.4,19.2,161.0,0.08,0.08,0.82,0.015214949651432993,1525.5822618125485,50.061694422927964,30.48626642821781,5.684341886080802e-14,0.06097275000000002,5255.377064245726,260,Paper,2026-02-08T07:45:43.641814
258.2,0.0,25.0,823.35,4.1,12843.16,1.0,394715.4,19.2,161.0,0.08,0.08,0.82,0.015214949651432993,1525.5822618125485,50.061694422927964,30.48626642821781,5.684341886080802e-14,0.06097275000000002,5255.377064245726,260,Paper,2026-02-08T07:45:43.641814
258.2,0.0,25.0,823.35,4.1,12843.16,1.0,394715.4,19.2,161.0,0.08,0.08,0.82,0.015214949651432993,1525.5822618125485,50.061694422927964,30.48626642821781,5.684341886080802e-14,0.06097275000000002,5255.377064245726,260,Paper,2026-02-08T07:45:43.641814
258.2,0.0,25.0,770.27,3.83,12843.16,1.0,391931.2,19.2,161.0,0.08,0.07,0.77,0.015214949651432993,1525.5822618125485,50.061694422927964,30.48626642821781,5.684341886080802e-14,0.06097275000000002,5255.377064245726,260,Paper,2026-02-08T07:45:43.641814
258.2,0.0,25.0,770.27,3.83,12843.16,1.0,391931.2,19.2,161.0,0.08,0.07,0.77,0.015214949651432993,1525.5822618125485,50.061694422927964,30.48626642821781,5.684341886080802e-14,0.06097275000000002,5255.377064245726,260,Paper,2026-02-08T07:45:43.641814
258.2,0.0,25.0,770.27,3.83,12843.16,1.0,391931.2,19.2,161.0,0.08,0.07,0.77,0.015214949651432993,1525.5822618125485,50.061694422927964,30.48626642821781,5.684341886080802e-14,0.06097275000000002,5255.377064245726,260,Paper,2026-02-08T07:45:43.641814
258.2,0.0,25.0,770.27,3.83,12843.16,1.0,391931.2,19.2,161.0,0.08,0.07,0.77,0.015214949651432993,1525.5822618125485,50.061694422927964,30.48626642821781,5.684341886080802e-14,0.06097275000000002,5255.377064245726,260,Paper,2026-02-08T07:45:43.641814
258.2,0.0,25.0,770.27,3.83,12843.16,1.0,391931.2,19.2,161.0,0.08,0.07,0.77,0.015214949651432993,1525.5822618125485,50.061694422927964,30.48626642821781,5.684341886080802e-14,0.06097275000000002,5255.377064245726,260,Paper,2026-02-08T07:45:43.641814
258.2,0.0,25.0,755.24,3.76,12843.16,1.0,390129.8,19.2,161.0,0.07,0.06,0.67,0.015214949651432993,1525.5822618125485,50.061694422927964,30.48626642821781,5.684341886080802e-14,0.06097275000000002,5255.377064245726,260,Paper,2026-02-08T07:45:43.641814
258.2,0.0,25.0,755.24,3.76,12843.16,1.0,390129.8,19.2,161.0,0.07,0.06,0.67,0.015214949651432993,1525.5822618125485,50.061694422927964,30.48626642821781,5.684341886080802e-14,0.06097275000000002,5255.377064245726,260,Paper,2026-02-08T07:45:43.641814
258.2,0.0,25.0,755.24,3.76,12843.16,1.0,390129.8,19.2,161.0,0.07,0.06,0.67,0.015214949651432993,1525.5822618125485,50.061694422927964,30.48626642821781,5.684341886080802e-14,0.06097275000000002,5255.377064245726,260,Paper,2026-02-08T07:45:43.641814
258.2,0.0,25.0,755.24,3.76,12843.16,1.0,390129.8,19.2,161.0,0.07,0.06,0.67,0.015214949651432993,1525.5822618125485,50.061694422927964,30.48626642821781,5.684341886080802e-14,0.06097275000000002,5255.377064245726,260,Paper,2026-02-08T07:45:43.641814
258.2,0.0,25.0,755.24,3.76,12843.16,1.0,390129.8,19.2,161.0,0.07,0.06,0.67,0.015214949651432993,1525.5822618125485,50.061694422927964,30.48626642821781,5.684341886080802e-14,0.06097275000000002,5255.377064245726,260,Paper,2026-02-08T07:45:43.641814
258.2,0.0,25.0,755.24,3.76,12843.16,1.0,390129.8,19.2,161.0,0.07,0.06,0.67,0.015214949651432993,1525.5822618125485,50.061694422927964,30.48626642821781,5.684341886080802e-14,0.06097275000000002,5255.377064245726,260,Paper,2026-02-08T07:45:43.641814
258.2,0.0,25.0,679.21,3.38,14498.55,1.0,414331.8,19.2,161.0,0.05,0.04,0.49,0.015214949651432993,1525.5822618125485,50.061694422927964,30.48626642821781,5.684341886080802e-14,0.06097275000000002,5255.377064245726,260,Paper,2026-02-08T07:45:43.641814
267.3,0.44,25.0,1917.96,9.56,1133.22,1.0,101325.2,19.8,156.0,11.19,6.71,111.91,0.03638091238589703,390.3503119042389,4.1459742774266015,94.1787655698146,0.13883443376915286,0.012864750000000003,2025.8477675963243,270,Paper,2026-02-08T07:45:48.713401
267.3,0.44,25.0,1917.96,9.56,1133.22,1.0,101325.2,19.8,156.0,11.19,6.71,111.91,0.03638091238589703,390.3503119042389,4.1459742774266015,94.1787655698146,0.13883443376915286,0.012864750000000003,2025.8477675963243,270,Paper,2026-02-08T07:45:48.713401
267.3,0.22,25.0,1964.29,9.79,1111.0,1.0,102608.4,19.8,156.0,0.1,0.09,1.04,0.03638091238589703,390.3503119042389,4.1459742774266015,94.1787655698146,0.13883443376915286,0.012864750000000003,2025.8477675963243,270,Paper,2026-02-08T07:45:48.713401
267.3,0.22,25.0,1964.29,9.79,1111.0,1.0,102608.4,19.8,156.0,0.1,0.09,1.04,0.03638091238589703,390.3503119042389,4.1459742774266015,94.1787655698146,0.13883443376915286,0.012864750000000003,2025.8477675963243,270,Paper,2026-02-08T07:45:48.713401
267.3,0.22,25.0,1964.29,9.79,1111.0,1.0,102608.4,19.8,156.0,0.1,0.09,1.04,0.03638091238589703,390.3503119042389,4.1459742774266015,94.1787655698146,0.13883443376915286,0.012864750000000003,2025.8477675963243,270,Paper,2026-02-08T07:45:48.713401
267.3,0.22,25.0,1964.29,9.79,1111.0,1.0,102608.4,19.8,156.0,0.1,0.09,1.04,0.03638091238589703,390.3503119042389,4.1459742774266015,94.1787655698146,0.13883443376915286,0.012864750000000003,2025.8477675963243,270,Paper,2026-02-08T07:45:48.713401
267.3,0.22,25.0,1964.29,9.79,1111.0,1.0,102608.4,19.8,156.0,0.1,0.09,1.04,0.03638091238589703,390.3503119042389,4.1459742774266015,94.1787655698146,0.13883443376915286,0.012864750000000003,2025.8477675963243,270,Paper,2026-02-08T07:45:48.713401
267.3,0.22,25.0,1964.29,9.79,1111.0,1.0,102608.4,19.8,156.0,0.1,0.09,1.04,0.03638091238589703,390.3503119042389,4.1459742774266015,94.1787655698146,0.13883443376915286,0.012864750000000003,2025.8477675963243,270,Paper,2026-02-08T07:45:48.713401
267.5,0.87,25.0,1940.84,9.68,1099.89,1.0,106428.0,19.8,156.0,0.13,0.1,1.33,0.03638091238589703,390.3503119042389,4.1459742774266015,94.1787655698146,0.13883443376915286,0.012864750000000003,2025.8477675963243,270,Paper,2026-02-08T07:45:48.713401
267.5,0.87,25.0,1940.84,9.68,1099.89,1.0,106428.0,19.8,156.0,0.13,0.1,1.33,0.03638091238589703,390.3503119042389,4.1459742774266015,94.1787655698146,0.13883443376915286,0.012864750000000003,2025.8477675963243,270,Paper,2026-02-08T07:45:48.713401
267.5,0.87,25.0,1940.84,9.68,1099.89,1.0,106428.0,19.8,156.0,0.13,0.1,1.33,0.03638091238589703,390.3503119042389,4.1459742774266015,94.1787655698146,0.13883443376915286,0.012864750000000003,2025.8477675963243,270,Paper,2026-02-08T07:45:48.713401
267.5,0.87,25.0,1940.84,9.68,1099.89,1.0,106428.0,19.8,156.0,0.13,0.1,1.33,0.03638091238589703,390.3503119042389,4.1459742774266015,94.1787655698146,0.13883443376915286,0.012864750000000003,2025.8477675963243,270,Paper,2026-02-08T07:45:48.713401
267.5,0.87,25.0,1940.84,9.68,1099.89,1.0,106428.0,19.8,156.0,0.13,0.1,1.33,0.03638091238589703,390.3503119042389,4.1459742774266015,94.1787655698146,0.13883443376915286,0.012864750000000003,2025.8477675963243,270,Paper,2026-02-08T07:45:48.713401
267.6,0.44,25.0,1946.37,9.7,1111.0,1.0,104710.2,19.8,156.0,0.17,0.14,1.73,0.03638091238589703,390.3503119042389,4.1459742774266015,94.1787655698146,0.13883443376915286,0.012864750000000003,2025.8477675963243,270,Paper,2026-02-08T07:45:48.713401
267.6,0.44,25.0,1946.37,9.7,1111.0,1.0,104710.2,19.8,156.0,0.17,0.14,1.73,0.03638091238589703,390.3503119042389,4.1459742774266015,94.1787655698146,0.13883443376915286,0.012864750000000003,2025.8477675963243,270,Paper,2026-02-08T07:45:48.713401
267.6,0.44,25.0,1946.37,9.7,1111.0,1.0,104710.2,19.8,156.0,0.17,0.14,1.73,0.03638091238589703,390.3503119042389,4.1459742774266015,94.1787655698146,0.13883443376915286,0.012864750000000003,2025.8477675963243,270,Paper,2026-02-08T07:45:48.713401
267.6,0.44,25.0,1946.37,9.7,1111.0,1.0,104710.2,19.8,156.0,0.17,0.14,1.73,0.03638091238589703,390.3503119042389,4.1459742774266015,94.1787655698146,0.13883443376915286,0.012864750000000003,2025.8477675963243,270,Paper,2026-02-08T07:45:48.713401
267.6,0.44,25.0,1946.37,9.7,1111.0,1.0,104710.2,19.8,156.0,0.17,0.14,1.73,0.03638091238589703,390.3503119042389,4.1459742774266015,94.1787655698146,0.13883443376915286,0.012864750000000003,2025.8477675963243,270,Paper,2026-02-08T07:45:48.713401
267.6,0.44,25.0,1946.37,9.7,1111.0,1.0,104710.2,19.8,156.0,0.17,0.14,1.73,0.03638091238589703,390.3503119042389,4.1459742774266015,94.1787655698146,0.13883443376915286,0.012864750000000003,2025.8477675963243,270,Paper,2026-02-08T07:45:48.713401
267.2,-1.97,25.0,2032.25,10.13,1077.67,1.0,109172.1,19.8,156.0,0.16,0.13,1.6,0.03638091238589703,390.3503119042389,4.1459742774266015,94.1787655698146,0.13883443376915286,0.012864750000000003,2025.8477675963243,270,Paper,2026-02-08T07:45:48.713401
277.2,-0.22,25.0,1671.21,8.36,1210.99,1.0,106220.2,19.8,156.0,0.15,0.14,1.48,0.029608429892401374,365.7974782279578,4.380130533885739,83.52495247153368,0.1435270009440722,0.02913899999999997,3514.997818719093,290,Paper,2026-02-08T07:46:10.417986
277.2,-0.22,25.0,1671.21,8.36,1210.99,1.0,106220.2,19.8,156.0,0.15,0.14,1.48,0.029608429892401374,365.7974782279578,4.380130533885739,83.52495247153368,0.1435270009440722,0.02913899999999997,3514.997818719093,290,Paper,2026-02-08T07:46:10.417986
277.1,-0.22,25.0,1653.97,8.28,1233.21,1.0,105148.4,19.8,156.0,0.16,0.15,1.63,0.029608429892401374,365.7974782279578,4.380130533885739,83.52495247153368,0.1435270009440722,0.02913899999999997,3514.997818719093,290,Paper,2026-02-08T07:46:10.417986
277.1,-0.22,25.0,1653.97,8.28,1233.21,1.0,105148.4,19.8,156.0,0.16,0.15,1.63,0.029608429892401374,365.7974782279578,4.380130533885739,83.52495247153368,0.1435270009440722,0.02913899999999997,3514.997818719093,290,Paper,2026-02-08T07:46:10.417986
277.1,-0.22,25.0,1653.97,8.28,1233.21,1.0,105148.4,19.8,156.0,0.16,0.15,1.63,0.029608429892401374,365.7974782279578,4.380130533885739,83.52495247153368,0.1435270009440722,0.02913899999999997,3514.997818719093,290,Paper,2026-02-08T07:46:10.417986
277.1,-0.22,25.0,1653.97,8.28,1233.21,1.0,105148.4,19.8,156.0,0.16,0.15,1.63,0.029608429892401374,365.7974782279578,4.380130533885739,83.52495247153368,0.1435270009440722,0.02913899999999997,3514.997818719093,290,Paper,2026-02-08T07:46:10.417986
277.1,-0.22,25.0,1653.97,8.28,1233.21,1.0,105148.4,19.8,156.0,0.16,0.15,1.63,0.029608429892401374,365.7974782279578,4.380130533885739,83.52495247153368,0.1435270009440722,0.02913899999999997,3514.997818719093,290,Paper,2026-02-08T07:46:10.417986
277.1,-0.22,25.0,1653.97,8.28,1233.21,1.0,105148.4,19.8,156.0,0.16,0.15,1.63,0.029608429892401374,365.7974782279578,4.380130533885739,83.52495247153368,0.1435270009440722,0.02913899999999997,3514.997818719093,290,Paper,2026-02-08T07:46:10.417986
277.0,-0.66,25.0,1649.64,8.26,1199.88,1.0,100047.0,19.8,156.0,0.19,0.18,1.93,0.029608429892401374,365.7974782279578,4.380130533885739,83.52495247153368,0.1435270009440722,0.02913899999999997,3514.997818719093,290,Paper,2026-02-08T07:46:10.417986
277.0,-0.66,25.0,1649.64,8.26,1199.88,1.0,100047.0,19.8,156.0,0.19,0.18,1.93,0.029608429892401374,365.7974782279578,4.380130533885739,83.52495247153368,0.1435270009440722,0.02913899999999997,3514.997818719093,290,Paper,2026-02-08T07:46:10.417986
277.0,-0.66,25.0,1649.64,8.26,1199.88,1.0,100047.0,19.8,156.0,0.19,0.18,1.93,0.029608429892401374,365.7974782279578,4.380130533885739,83.52495247153368,0.1435270009440722,0.02913899999999997,3514.997818719093,290,Paper,2026-02-08T07:46:10.417986
277.0,-0.66,25.0,1649.64,8.26,1199.88,1.0,100047.0,19.8,156.0,0.19,0.18,1.93,0.029608429892401374,365.7974782279578,4.380130533885739,83.52495247153368,0.1435270009440722,0.02913899999999997,3514.997818719093,290,Paper,2026-02-08T07:46:10.417986
277.0,-0.66,25.0,1649.64,8.26,1199.88,1.0,100047.0,19.8,156.0,0.19,0.18,1.93,0.029608429892401374,365.7974782279578,4.380130533885739,83.52495247153368,0.1435270009440722,0.02913899999999997,3514.997818719093,290,Paper,2026-02-08T07:46:10.417986
276.8,-0.66,25.0,1589.44,7.96,1222.1,1.0,97836.0,19.8,156.0,0.22,0.19,2.24,0.029608429892401374,365.7974782279578,4.380130533885739,83.52495247153368,0.1435270009440722,0.02913899999999997,3514.997818719093,290,Paper,2026-02-08T07:46:10.417986
276.8,-0.66,25.0,1589.44,7.96,1222.1,1.0,97836.0,19.8,156.0,0.22,0.19,2.24,0.029608429892401374,365.7974782279578,4.380130533885739,83.52495247153368,0.1435270009440722,0.02913899999999997,3514.997818719093,290,Paper,2026-02-08T07:46:10.417986
276.8,-0.66,25.0,1589.44,7.96,1222.1,1.0,97836.0,19.8,156.0,0.22,0.19,2.24,0.029608429892401374,365.7974782279578,4.380130533885739,83.52495247153368,0.1435270009440722,0.02913899999999997,3514.997818719093,290,Paper,2026-02-08T07:46:10.417986
276.8,-0.66,25.0,1589.44,7.96,1222.1,1.0,97836.0,19.8,156.0,0.22,0.19,2.24,0.029608429892401374,365.7974782279578,4.380130533885739,83.52495247153368,0.1435270009440722,0.02913899999999997,3514.997818719093,290,Paper,2026-02-08T07:46:10.417986
276.8,-0.66,25.0,1589.44,7.96,1222.1,1.0,97836.0,19.8,156.0,0.22,0.19,2.24,0.029608429892401374,365.7974782279578,4.380130533885739,83.52495247153368,0.1435270009440722,0.02913899999999997,3514.997818719093,290,Paper,2026-02-08T07:46:10.417986
276.8,-0.66,25.0,1589.44,7.96,1222.1,1.0,97836.0,19.8,156.0,0.22,0.19,2.24,0.029608429892401374,365.7974782279578,4.380130533885739,83.52495247153368,0.1435270009440722,0.02913899999999997,3514.997818719093,290,Paper,2026-02-08T07:46:10.417986
276.8,-0.22,25.0,1707.42,8.56,1111.0,1.0,95823.8,19.8,156.0,0.24,0.19,2.36,0.029608429892401374,365.7974782279578,4.380130533885739,83.52495247153368,0.1435270009440722,0.02913899999999997,3514.997818719093,290,Paper,2026-02-08T07:46:10.417986
286.8,-1.29,25.0,776.11,3.86,11687.72,1.0,370220.6,19.3,160.0,0.13,0.1,1.26,0.01381643316046725,1260.8410211082783,39.86451945235184,31.63212545598638,0.1300000000000046,0.008439000000000026,6540.912379783113,300,Paper,2026-02-08T07:46:26.042887
286.8,-1.29,25.0,776.11,3.86,11687.72,1.0,370220.6,19.3,160.0,0.13,0.1,1.26,0.01381643316046725,1260.8410211082783,39.86451945235184,31.63212545598638,0.1300000000000046,0.008439000000000026,6540.912379783113,300,Paper,2026-02-08T07:46:26.042887
286.8,-1.29,25.0,776.11,3.86,11687.72,1.0,370220.6,19.3,160.0,0.13,0.1,1.26,0.01381643316046725,1260.8410211082783,39.86451945235184,31.63212545598638,0.1300000000000046,0.008439000000000026,6540.912379783113,300,Paper,2026-02-08T07:46:26.042887
286.8,-1.29,25.0,776.11,3.86,11687.72,1.0,370220.6,19.3,160.0,0.13,0.1,1.26,0.01381643316046725,1260.8410211082783,39.86451945235184,31.63212545598638,0.1300000000000046,0.008439000000000026,6540.912379783113,300,Paper,2026-02-08T07:46:26.042887
286.8,-1.29,25.0,776.11,3.86,11687.72,1.0,370220.6,19.3,160.0,0.13,0.1,1.26,0.01381643316046725,1260.8410211082783,39.86451945235184,31.63212545598638,0.1300000000000046,0.008439000000000026,6540.912379783113,300,Paper,2026-02-08T07:46:26.042887
286.8,0.0,25.0,780.16,3.88,11687.72,1.0,365034.2,19.3,160.0,0.14,0.12,1.43,0.01381643316046725,1260.8410211082783,39.86451945235184,31.63212545598638,0.1300000000000046,0.008439000000000026,6540.912379783113,300,Paper,2026-02-08T07:46:26.042887
286.8,0.0,25.0,780.16,3.88,11687.72,1.0,365034.2,19.3,160.0,0.14,0.12,1.43,0.01381643316046725,1260.8410211082783,39.86451945235184,31.63212545598638,0.1300000000000046,0.008439000000000026,6540.912379783113,300,Paper,2026-02-08T07:46:26.042887
286.8,0.0,25.0,780.16,3.88,11687.72,1.0,365034.2,19.3,160.0,0.14,0.12,1.43,0.01381643316046725,1260.8410211082783,39.86451945235184,31.63212545598638,0.1300000000000046,0.008439000000000026,6540.912379783113,300,Paper,2026-02-08T07:46:26.042887
286.8,0.0,25.0,780.16,3.88,11687.72,1.0,365034.2,19.3,160.0,0.14,0.12,1.43,0.01381643316046725,1260.8410211082783,39.86451945235184,31.63212545598638,0.1300000000000046,0.008439000000000026,6540.912379783113,300,Paper,2026-02-08T07:46:26.042887
286.8,0.0,25.0,780.16,3.88,11687.72,1.0,365034.2,19.3,160.0,0.14,0.12,1.43,0.01381643316046725,1260.8410211082783,39.86451945235184,31.63212545598638,0.1300000000000046,0.008439000000000026,6540.912379783113,300,Paper,2026-02-08T07:46:26.042887
286.5,-1.29,25.0,812.03,4.04,11165.55,1.0,356749.8,19.3,160.0,0.21,0.16,2.1,0.01381643316046725,1260.8410211082783,39.86451945235184,31.63212545598638,0.1300000000000046,0.008439000000000026,6540.912379783113,300,Paper,2026-02-08T07:46:26.042887
286.5,-1.29,25.0,812.03,4.04,11165.55,1.0,356749.8,19.3,160.0,0.21,0.16,2.1,0.01381643316046725,1260.8410211082783,39.86451945235184,31.63212545598638,0.1300000000000046,0.008439000000000026,6540.912379783113,300,Paper,2026-02-08T07:46:26.042887
286.5,-1.29,25.0,812.03,4.04,11165.55,1.0,356749.8,19.3,160.0,0.21,0.16,2.1,0.01381643316046725,1260.8410211082783,39.86451945235184,31.63212545598638,0.1300000000000046,0.008439000000000026,6540.912379783113,300,Paper,2026-02-08T07:46:26.042887
286.5,-1.29,25.0,812.03,4.04,11165.55,1.0,356749.8,19.3,160.0,0.21,0.16,2.1,0.01381643316046725,1260.8410211082783,39.86451945235184,31.63212545598638,0.1300000000000046,0.008439000000000026,6540.912379783113,300,Paper,2026-02-08T07:46:26.042887
286.5,-1.29,25.0,812.03,4.04,11165.55,1.0,356749.8,19.3,160.0,0.21,0.16,2.1,0.01381643316046725,1260.8410211082783,39.86451945235184,31.63212545598638,0.1300000000000046,0.008439000000000026,6540.912379783113,300,Paper,2026-02-08T07:46:26.042887
286.5,-1.29,25.0,812.03,4.04,11165.55,1.0,356749.8,19.3,160.0,0.21,0.16,2.1,0.01381643316046725,1260.8410211082783,39.86451945235184,31.63212545598638,0.1300000000000046,0.008439000000000026,6540.912379783113,300,Paper,2026-02-08T07:46:26.042887
286.7,0.64,25.0,818.01,4.07,11176.66,1.0,353169.3,19.3,160.0,0.21,0.18,2.11,0.01381643316046725,1260.8410211082783,39.86451945235184,31.63212545598638,0.1300000000000046,0.008439000000000026,6540.912379783113,300,Paper,2026-02-08T07:46:26.042887
286.7,0.64,25.0,818.01,4.07,11176.66,1.0,353169.3,19.3,160.0,0.21,0.18,2.11,0.01381643316046725,1260.8410211082783,39.86451945235184,31.63212545598638,0.1300000000000046,0.008439000000000026,6540.912379783113,300,Paper,2026-02-08T07:46:26.042887
286.7,0.64,25.0,818.01,4.07,11176.66,1.0,353169.3,19.3,160.0,0.21,0.18,2.11,0.01381643316046725,1260.8410211082783,39.86451945235184,31.63212545598638,0.1300000000000046,0.008439000000000026,6540.912379783113,300,Paper,2026-02-08T07:46:26.042887
286.7,0.64,25.0,818.01,4.07,11176.66,1.0,353169.3,19.3,160.0,0.21,0.18,2.11,0.01381643316046725,1260.8410211082783,39.86451945235184,31.63212545598638,0.1300000000000046,0.008439000000000026,6540.912379783113,300,Paper,2026-02-08T07:46:26.042887
298.3,0.44,25.0,1532.17,7.66,1144.33,1.0,89485.3,19.8,156.0,0.27,0.24,2.74,0.02356306927988098,292.43341161321507,4.195330016074497,70.15516143160629,0.20856653614615475,0.036261,3948.902242839144,310,Paper,2026-02-08T07:46:33.906227
298.3,0.0,25.0,1422.7,7.12,1155.44,1.0,86904.5,19.8,156.0,0.27,0.23,2.73,0.02356306927988098,292.43341161321507,4.195330016074497,70.15516143160629,0.20856653614615475,0.036261,3948.902242839144,310,Paper,2026-02-08T07:46:33.906227
298.3,0.0,25.0,1422.7,7.12,1155.44,1.0,86904.5,19.8,156.0,0.27,0.23,2.73,0.02356306927988098,292.43341161321507,4.195330016074497,70.15516143160629,0.20856653614615475,0.036261,3948.902242839144,310,Paper,2026-02-08T07:46:33.906227
298.3,0.0,25.0,1422.7,7.12,1155.44,1.0,86904.5,19.8,156.0,0.27,0.23,2.73,0.02356306927988098,292.43341161321507,4.195330016074497,70.15516143160629,0.20856653614615475,0.036261,3948.902242839144,310,Paper,2026-02-08T07:46:33.906227
298.3,0.0,25.0,1422.7,7.12,1155.44,1.0,86904.5,19.8,156.0,0.27,0.23,2.73,0.02356306927988098,292.43341161321507,4.195330016074497,70.15516143160629,0.20856653614615475,0.036261,3948.902242839144,310,Paper,2026-02-08T07:46:33.906227
298.3,0.0,25.0,1422.7,7.12,1155.44,1.0,86904.5,19.8,156.0,0.27,0.23,2.73,0.02356306927988098,292.43341161321507,4.195330016074497,70.15516143160629,0.20856653614615475,0.036261,3948.902242839144,310,Paper,2026-02-08T07:46:33.906227
298.1,-0.87,25.0,1371.54,6.87,1444.3,1.0,92305.1,19.8,156.0,0.17,0.15,1.73,0.02356306927988098,292.43341161321507,4.195330016074497,70.15516143160629,0.20856653614615475,0.036261,3948.902242839144,310,Paper,2026-02-08T07:46:33.906227
298.1,-0.87,25.0,1371.54,6.87,1444.3,1.0,92305.1,19.8,156.0,0.17,0.15,1.73,0.02356306927988098,292.43341161321507,4.195330016074497,70.15516143160629,0.20856653614615475,0.036261,3948.902242839144,310,Paper,2026-02-08T07:46:33.906227
298.1,-0.87,25.0,1371.54,6.87,1444.3,1.0,92305.1,19.8,156.0,0.17,0.15,1.73,0.02356306927988098,292.43341161321507,4.195330016074497,70.15516143160629,0.20856653614615475,0.036261,3948.902242839144,310,Paper,2026-02-08T07:46:33.906227
298.1,-0.87,25.0,1371.54,6.87,1444.3,1.0,92305.1,19.8,156.0,0.17,0.15,1.73,0.02356306927988098,292.43341161321507,4.195330016074497,70.15516143160629,0.20856653614615475,0.036261,3948.902242839144,310,Paper,2026-02-08T07:46:33.906227
298.1,-0.87,25.0,1371.54,6.87,1444.3,1.0,92305.1,19.8,156.0,0.17,0.15,1.73,0.02356306927988098,292.43341161321507,4.195330016074497,70.15516143160629,0.20856653614615475,0.036261,3948.902242839144,310,Paper,2026-02-08T07:46:33.906227
298.1,-0.87,25.0,1371.54,6.87,1444.3,1.0,92305.1,19.8,156.0,0.17,0.15,1.73,0.02356306927988098,292.43341161321507,4.195330016074497,70.15516143160629,0.20856653614615475,0.036261,3948.902242839144,310,Paper,2026-02-08T07:46:33.906227
297.9,-0.87,25.0,1376.55,6.9,1210.99,1.0,84404.5,19.8,156.0,0.15,0.13,1.5,0.02356306927988098,292.43341161321507,4.195330016074497,70.15516143160629,0.20856653614615475,0.036261,3948.902242839144,310,Paper,2026-02-08T07:46:33.906227
297.9,-0.87,25.0,1376.55,6.9,1210.99,1.0,84404.5,19.8,156.0,0.15,0.13,1.5,0.02356306927988098,292.43341161321507,4.195330016074497,70.15516143160629,0.20856653614615475,0.036261,3948.902242839144,310,Paper,2026-02-08T07:46:33.906227
297.9,-0.87,25.0,1376.55,6.9,1210.99,1.0,84404.5,19.8,156.0,0.15,0.13,1.5,0.02356306927988098,292.43341161321507,4.195330016074497,70.15516143160629,0.20856653614615475,0.036261,3948.902242839144,310,Paper,2026-02-08T07:46:33.906227
297.9,-0.87,25.0,1376.55,6.9,1210.99,1.0,84404.5,19.8,156.0,0.15,0.13,1.5,0.02356306927988098,292.43341161321507,4.195330016074497,70.15516143160629,0.20856653614615475,0.036261,3948.902242839144,310,Paper,2026-02-08T07:46:33.906227
297.9,-0.87,25.0,1376.55,6.9,1210.99,1.0,84404.5,19.8,156.0,0.15,0.13,1.5,0.02356306927988098,292.43341161321507,4.195330016074497,70.15516143160629,0.20856653614615475,0.036261,3948.902242839144,310,Paper,2026-02-08T07:46:33.906227
297.7,-0.87,25.0,1428.12,7.16,1122.11,1.0,81122.7,19.8,156.0,0.18,0.15,1.77,0.02356306927988098,292.43341161321507,4.195330016074497,70.15516143160629,0.20856653614615475,0.036261,3948.902242839144,310,Paper,2026-02-08T07:46:33.906227
297.7,-0.87,25.0,1428.12,7.16,1122.11,1.0,81122.7,19.8,156.0,0.18,0.15,1.77,0.02356306927988098,292.43341161321507,4.195330016074497,70.15516143160629,0.20856653614615475,0.036261,3948.902242839144,310,Paper,2026-02-08T07:46:33.906227
297.7,-0.87,25.0,1428.12,7.16,1122.11,1.0,81122.7,19.8,156.0,0.18,0.15,1.77,0.02356306927988098,292.43341161321507,4.195330016074497,70.15516143160629,0.20856653614615475,0.036261,3948.902242839144,310,Paper,2026-02-08T07:46:33.906227
310.0,1.72,25.0,787.28,3.94,10554.5,1.0,341191.4,19.3,160.0,10.01,8.0,100.12,0.012373363718012748,1205.8027156417443,38.13463429874694,31.686550328125048,0.2438749679651345,0.023908750000000024,25095.794292821247,320,Paper,2026-02-08T07:46:42.677009
310.0,1.72,25.0,787.28,3.94,10554.5,1.0,341191.4,19.3,160.0,10.01,8.0,100.12,0.012373363718012748,1205.8027156417443,38.13463429874694,31.686550328125048,0.2438749679651345,0.023908750000000024,25095.794292821247,320,Paper,2026-02-08T07:46:42.677009
310.0,1.72,25.0,787.28,3.94,10554.5,1.0,341191.4,19.3,160.0,10.01,8.0,100.12,0.012373363718012748,1205.8027156417443,38.13463429874694,31.686550328125048,0.2438749679651345,0.023908750000000024,25095.794292821247,320,Paper,2026-02-08T07:46:42.677009
310.0,0.0,25.0,797.92,3.99,10554.5,1.0,345189.6,19.3,160.0,7.31,4.37,73.15,0.012373363718012748,1205.8027156417443,38.13463429874694,31.686550328125048,0.2438749679651345,0.023908750000000024,25095.794292821247,320,Paper,2026-02-08T07:46:42.677009
310.0,0.0,25.0,797.92,3.99,10554.5,1.0,345189.6,19.3,160.0,7.31,4.37,73.15,0.012373363718012748,1205.8027156417443,38.13463429874694,31.686550328125048,0.2438749679651345,0.023908750000000024,25095.794292821247,320,Paper,2026-02-08T07:46:42.677009
310.0,0.0,25.0,797.92,3.99,10554.5,1.0,345189.6,19.3,160.0,7.31,4.37,73.15,0.012373363718012748,1205.8027156417443,38.13463429874694,31.686550328125048,0.2438749679651345,0.023908750000000024,25095.794292821247,320,Paper,2026-02-08T07:46:42.677009
310.0,0.0,25.0,797.92,3.99,10554.5,1.0,345189.6,19.3,160.0,7.31,4.37,73.15,0.012373363718012748,1205.8027156417443,38.13463429874694,31.686550328125048,0.2438749679651345,0.023908750000000024,25095.794292821247,320,Paper,2026-02-08T07:46:42.677009
310.0,0.0,25.0,797.92,3.99,10554.5,1.0,345189.6,19.3,160.0,7.31,4.37,73.15,0.012373363718012748,1205.8027156417443,38.13463429874694,31.686550328125048,0.2438749679651345,0.023908750000000024,25095.794292821247,320,Paper,2026-02-08T07:46:42.677009
310.0,0.0,25.0,730.93,3.67,12720.95,1.0,397177.1,19.2,161.0,0.65,0.6,6.47,0.012373363718012748,1205.8027156417443,38.13463429874694,31.686550328125048,0.2438749679651345,0.023908750000000024,25095.794292821247,320,Paper,2026-02-08T07:46:42.677009
310.0,0.0,25.0,730.93,3.67,12720.95,1.0,397177.1,19.2,161.0,0.65,0.6,6.47,0.012373363718012748,1205.8027156417443,38.13463429874694,31.686550328125048,0.2438749679651345,0.023908750000000024,25095.794292821247,320,Paper,2026-02-08T07:46:42.677009
310.0,0.0,25.0,730.93,3.67,12720.95,1.0,397177.1,19.2,161.0,0.65,0.6,6.47,0.012373363718012748,1205.8027156417443,38.13463429874694,31.686550328125048,0.2438749679651345,0.023908750000000024,25095.794292821247,320,Paper,2026-02-08T07:46:42.677009
310.0,0.0,25.0,730.93,3.67,12720.95,1.0,397177.1,19.2,161.0,0.65,0.6,6.47,0.012373363718012748,1205.8027156417443,38.13463429874694,31.686550328125048,0.2438749679651345,0.023908750000000024,25095.794292821247,320,Paper,2026-02-08T07:46:42.677009
310.0,0.0,25.0,730.93,3.67,12720.95,1.0,397177.1,19.2,161.0,0.65,0.6,6.47,0.012373363718012748,1205.8027156417443,38.13463429874694,31.686550328125048,0.2438749679651345,0.023908750000000024,25095.794292821247,320,Paper,2026-02-08T07:46:42.677009
310.0,0.0,25.0,730.93,3.67,12720.95,1.0,397177.1,19.2,161.0,0.65,0.6,6.47,0.012373363718012748,1205.8027156417443,38.13463429874694,31.686550328125048,0.2438749679651345,0.023908750000000024,25095.794292821247,320,Paper,2026-02-08T07:46:42.677009
310.4,1.72,25.0,777.28,3.9,12454.31,1.0,388451.1,19.2,161.0,0.71,0.65,7.13,0.012373363718012748,1205.8027156417443,38.13463429874694,31.686550328125048,0.2438749679651345,0.023908750000000024,25095.794292821247,320,Paper,2026-02-08T07:46:42.677009
310.4,1.72,25.0,777.28,3.9,12454.31,1.0,388451.1,19.2,161.0,0.71,0.65,7.13,0.012373363718012748,1205.8027156417443,38.13463429874694,31.686550328125048,0.2438749679651345,0.023908750000000024,25095.794292821247,320,Paper,2026-02-08T07:46:42.677009
310.4,1.72,25.0,777.28,3.9,12454.31,1.0,388451.1,19.2,161.0,0.71,0.65,7.13,0.012373363718012748,1205.8027156417443,38.13463429874694,31.686550328125048,0.2438749679651345,0.023908750000000024,25095.794292821247,320,Paper,2026-02-08T07:46:42.677009
310.4,1.72,25.0,777.28,3.9,12454.31,1.0,388451.1,19.2,161.0,0.71,0.65,7.13,0.012373363718012748,1205.8027156417443,38.13463429874694,31.686550328125048,0.2438749679651345,0.023908750000000024,25095.794292821247,320,Paper,2026-02-08T07:46:42.677009
310.4,1.72,25.0,777.28,3.9,12454.31,1.0,388451.1,19.2,161.0,0.71,0.65,7.13,0.012373363718012748,1205.8027156417443,38.13463429874694,31.686550328125048,0.2438749679651345,0.023908750000000024,25095.794292821247,320,Paper,2026-02-08T07:46:42.677009
310.9,2.13,25.0,687.09,3.46,13520.87,1.0,404811.3,19.2,161.0,0.78,0.67,7.84,0.012373363718012748,1205.8027156417443,38.13463429874694,31.686550328125048,0.2438749679651345,0.023908750000000024,25095.794292821247,320,Paper,2026-02-08T07:46:42.677009
318.9,1.74,25.0,1020.89,5.13,2955.26,1.0,116682.7,19.7,157.0,0.41,0.35,4.09,0.015405865169448914,519.2222630687572,14.776248169241786,35.72862190413313,0.17058722109233307,0.03511874999999997,38668.45027376841,330,Paper,2026-02-08T07:46:48.303672
318.9,1.74,25.0,1020.89,5.13,2955.26,1.0,116682.7,19.7,157.0,0.41,0.35,4.09,0.015405865169448914,519.2222630687572,14.776248169241786,35.72862190413313,0.17058722109233307,0.03511874999999997,38668.45027376841,330,Paper,2026-02-08T07:46:48.303672
318.9,1.74,25.0,1020.89,5.13,2955.26,1.0,116682.7,19.7,157.0,0.41,0.35,4.09,0.015405865169448914,519.2222630687572,14.776248169241786,35.72862190413313,0.17058722109233307,0.03511874999999997,38668.45027376841,330,Paper,2026-02-08T07:46:48.303672
318.9,1.74,25.0,1020.89,5.13,2955.26,1.0,116682.7,19.7,157.0,0.41,0.35,4.09,0.015405865169448914,519.2222630687572,14.776248169241786,35.72862190413313,0.17058722109233307,0.03511874999999997,38668.45027376841,330,Paper,2026-02-08T07:46:48.303672
318.9,1.74,25.0,1020.89,5.13,2955.26,1.0,116682.7,19.7,157.0,0.41,0.35,4.09,0.015405865169448914,519.2222630687572,14.776248169241786,35.72862190413313,0.17058722109233307,0.03511874999999997,38668.45027376841,330,Paper,2026-02-08T07:46:48.303672
319.1,1.3,25.0,978.6,4.91,5577.22,1.0,191886.0,19.5,158.0,0.51,0.42,5.13,0.015405865169448914,519.2222630687572,14.776248169241786,35.72862190413313,0.17058722109233307,0.03511874999999997,38668.45027376841,330,Paper,2026-02-08T07:46:48.303672
319.1,1.3,25.0,978.6,4.91,5577.22,1.0,191886.0,19.5,158.0,0.51,0.42,5.13,0.015405865169448914,519.2222630687572,14.776248169241786,35.72862190413313,0.17058722109233307,0.03511874999999997,38668.45027376841,330,Paper,2026-02-08T07:46:48.303672
319.1,1.3,25.0,978.6,4.91,5577.22,1.0,191886.0,19.5,158.0,0.51,0.42,5.13,0.015405865169448914,519.2222630687572,14.776248169241786,35.72862190413313,0.17058722109233307,0.03511874999999997,38668.45027376841,330,Paper,2026-02-08T07:46:48.303672
319.1,1.3,25.0,978.6,4.91,5577.22,1.0,191886.0,19.5,158.0,0.51,0.42,5.13,0.015405865169448914,519.2222630687572,14.776248169241786,35.72862190413313,0.17058722109233307,0.03511874999999997,38668.45027376841,330,Paper,2026-02-08T07:46:48.303672
319.1,1.3,25.0,978.6,4.91,5577.22,1.0,191886.0,19.5,158.0,0.51,0.42,5.13,0.015405865169448914,519.2222630687572,14.776248169241786,35.72862190413313,0.17058722109233307,0.03511874999999997,38668.45027376841,330,Paper,2026-02-08T07:46:48.303672
319.1,1.3,25.0,978.6,4.91,5577.22,1.0,191886.0,19.5,158.0,0.51,0.42,5.13,0.015405865169448914,519.2222630687572,14.776248169241786,35.72862190413313,0.17058722109233307,0.03511874999999997,38668.45027376841,330,Paper,2026-02-08T07:46:48.303672
318.7,-1.95,25.0,920.14,4.62,6221.6,1.0,209131.1,19.5,158.0,0.54,0.49,5.43,0.015405865169448914,519.2222630687572,14.776248169241786,35.72862190413313,0.17058722109233307,0.03511874999999997,38668.45027376841,330,Paper,2026-02-08T07:46:48.303672
318.7,-1.95,25.0,920.14,4.62,6221.6,1.0,209131.1,19.5,158.0,0.54,0.49,5.43,0.015405865169448914,519.2222630687572,14.776248169241786,35.72862190413313,0.17058722109233307,0.03511874999999997,38668.45027376841,330,Paper,2026-02-08T07:46:48.303672
318.7,-1.95,25.0,920.14,4.62,6221.6,1.0,209131.1,19.5,158.0,0.54,0.49,5.43,0.015405865169448914,519.2222630687572,14.776248169241786,35.72862190413313,0.17058722109233307,0.03511874999999997,38668.45027376841,330,Paper,2026-02-08T07:46:48.303672
318.7,-1.95,25.0,920.14,4.62,6221.6,1.0,209131.1,19.5,158.0,0.54,0.49,5.43,0.015405865169448914,519.2222630687572,14.776248169241786,35.72862190413313,0.17058722109233307,0.03511874999999997,38668.45027376841,330,Paper,2026-02-08T07:46:48.303672
318.7,-1.95,25.0,920.14,4.62,6221.6,1.0,209131.1,19.5,158.0,0.54,0.49,5.43,0.015405865169448914,519.2222630687572,14.776248169241786,35.72862190413313,0.17058722109233307,0.03511874999999997,38668.45027376841,330,Paper,2026-02-08T07:46:48.303672
318.7,0.0,25.0,997.98,5.01,3721.85,1.0,132736.7,19.7,157.0,0.55,0.51,5.53,0.015405865169448914,519.2222630687572,14.776248169241786,35.72862190413313,0.17058722109233307,0.03511874999999997,38668.45027376841,330,Paper,2026-02-08T07:46:48.303672
318.7,0.0,25.0,997.98,5.01,3721.85,1.0,132736.7,19.7,157.0,0.55,0.51,5.53,0.015405865169448914,519.2222630687572,14.776248169241786,35.72862190413313,0.17058722109233307,0.03511874999999997,38668.45027376841,330,Paper,2026-02-08T07:46:48.303672
318.7,0.0,25.0,997.98,5.01,3721.85,1.0,132736.7,19.7,157.0,0.55,0.51,5.53,0.015405865169448914,519.2222630687572,14.776248169241786,35.72862190413313,0.17058722109233307,0.03511874999999997,38668.45027376841,330,Paper,2026-02-08T07:46:48.303672
318.7,0.0,25.0,997.98,5.01,3721.85,1.0,132736.7,19.7,157.0,0.55,0.51,5.53,0.015405865169448914,519.2222630687572,14.776248169241786,35.72862190413313,0.17058722109233307,0.03511874999999997,38668.45027376841,330,Paper,2026-02-08T07:46:48.303672
328.2,0.43,25.0,993.81,4.97,9354.62,1.0,325548.9,19.4,159.0,0.12,0.1,1.17,0.020224993842116505,320.7593320427301,6.450011421551349,58.06063783868908,0.045825756949568815,0.6847027500000001,53772.52540154011,340,Paper,2026-02-08T07:46:54.439465
328.2,0.0,25.0,1129.81,5.65,3077.47,1.0,125161.9,19.7,157.0,0.12,0.1,1.19,0.020224993842116505,320.7593320427301,6.450011421551349,58.06063783868908,0.045825756949568815,0.6847027500000001,53772.52540154011,340,Paper,2026-02-08T07:46:54.439465
328.2,0.0,25.0,1129.81,5.65,3077.47,1.0,125161.9,19.7,157.0,0.12,0.1,1.19,0.020224993842116505,320.7593320427301,6.450011421551349,58.06063783868908,0.045825756949568815,0.6847027500000001,53772.52540154011,340,Paper,2026-02-08T07:46:54.439465
328.2,0.0,25.0,1129.81,5.65,3077.47,1.0,125161.9,19.7,157.0,0.12,0.1,1.19,0.020224993842116505,320.7593320427301,6.450011421551349,58.06063783868908,0.045825756949568815,0.6847027500000001,53772.52540154011,340,Paper,2026-02-08T07:46:54.439465
328.2,0.0,25.0,1129.81,5.65,3077.47,1.0,125161.9,19.7,157.0,0.12,0.1,1.19,0.020224993842116505,320.7593320427301,6.450011421551349,58.06063783868908,0.045825756949568815,0.6847027500000001,53772.52540154011,340,Paper,2026-02-08T07:46:54.439465
328.2,0.0,25.0,1129.81,5.65,3077.47,1.0,125161.9,19.7,157.0,0.12,0.1,1.19,0.020224993842116505,320.7593320427301,6.450011421551349,58.06063783868908,0.045825756949568815,0.6847027500000001,53772.52540154011,340,Paper,2026-02-08T07:46:54.439465
328.2,-0.22,25.0,1320.07,6.59,1333.2,1.0,81262.8,19.8,156.0,0.12,0.1,1.21,0.020224993842116505,320.7593320427301,6.450011421551349,58.06063783868908,0.045825756949568815,0.6847027500000001,53772.52540154011,340,Paper,2026-02-08T07:46:54.439465
328.2,-0.22,25.0,1320.07,6.59,1333.2,1.0,81262.8,19.8,156.0,0.12,0.1,1.21,0.020224993842116505,320.7593320427301,6.450011421551349,58.06063783868908,0.045825756949568815,0.6847027500000001,53772.52540154011,340,Paper,2026-02-08T07:46:54.439465
328.2,-0.22,25.0,1320.07,6.59,1333.2,1.0,81262.8,19.8,156.0,0.12,0.1,1.21,0.020224993842116505,320.7593320427301,6.450011421551349,58.06063783868908,0.045825756949568815,0.6847027500000001,53772.52540154011,340,Paper,2026-02-08T07:46:54.439465
328.2,-0.22,25.0,1320.07,6.59,1333.2,1.0,81262.8,19.8,156.0,0.12,0.1,1.21,0.020224993842116505,320.7593320427301,6.450011421551349,58.06063783868908,0.045825756949568815,0.6847027500000001,53772.52540154011,340,Paper,2026-02-08T07:46:54.439465
328.2,-0.22,25.0,1320.07,6.59,1333.2,1.0,81262.8,19.8,156.0,0.12,0.1,1.21,0.020224993842116505,320.7593320427301,6.450011421551349,58.06063783868908,0.045825756949568815,0.6847027500000001,53772.52540154011,340,Paper,2026-02-08T07:46:54.439465
328.3,0.44,25.0,1443.23,7.19,1277.65,1.0,84288.0,19.8,156.0,0.11,0.08,1.07,0.020224993842116505,320.7593320427301,6.450011421551349,58.06063783868908,0.045825756949568815,0.6847027500000001,53772.52540154011,340,Paper,2026-02-08T07:46:54.439465
328.3,0.44,25.0,1443.23,7.19,1277.65,1.0,84288.0,19.8,156.0,0.11,0.08,1.07,0.020224993842116505,320.7593320427301,6.450011421551349,58.06063783868908,0.045825756949568815,0.6847027500000001,53772.52540154011,340,Paper,2026-02-08T07:46:54.439465
328.3,0.44,25.0,1443.23,7.19,1277.65,1.0,84288.0,19.8,156.0,0.11,0.08,1.07,0.020224993842116505,320.7593320427301,6.450011421551349,58.06063783868908,0.045825756949568815,0.6847027500000001,53772.52540154011,340,Paper,2026-02-08T07:46:54.439465
328.3,0.44,25.0,1443.23,7.19,1277.65,1.0,84288.0,19.8,156.0,0.11,0.08,1.07,0.020224993842116505,320.7593320427301,6.450011421551349,58.06063783868908,0.045825756949568815,0.6847027500000001,53772.52540154011,340,Paper,2026-02-08T07:46:54.439465
328.3,0.44,25.0,1443.23,7.19,1277.65,1.0,84288.0,19.8,156.0,0.11,0.08,1.07,0.020224993842116505,320.7593320427301,6.450011421551349,58.06063783868908,0.045825756949568815,0.6847027500000001,53772.52540154011,340,Paper,2026-02-08T07:46:54.439465
328.3,0.44,25.0,1443.23,7.19,1277.65,1.0,84288.0,19.8,156.0,0.11,0.08,1.07,0.020224993842116505,320.7593320427301,6.450011421551349,58.06063783868908,0.045825756949568815,0.6847027500000001,53772.52540154011,340,Paper,2026-02-08T07:46:54.439465
328.2,-0.22,25.0,1570.76,7.82,1088.78,1.0,80739.3,19.8,156.0,0.07,0.06,0.75,0.020224993842116505,320.7593320427301,6.450011421551349,58.06063783868908,0.045825756949568815,0.6847027500000001,53772.52540154011,340,Paper,2026-02-08T07:46:54.439465
328.2,-0.22,25.0,1570.76,7.82,1088.78,1.0,80739.3,19.8,156.0,0.07,0.06,0.75,0.020224993842116505,320.7593320427301,6.450011421551349,58.06063783868908,0.045825756949568815,0.6847027500000001,53772.52540154011,340,Paper,2026-02-08T07:46:54.439465
328.2,-0.22,25.0,1570.76,7.82,1088.78,1.0,80739.3,19.8,156.0,0.07,0.06,0.75,0.020224993842116505,320.7593320427301,6.450011421551349,58.06063783868908,0.045825756949568815,0.6847027500000001,53772.52540154011,340,Paper,2026-02-08T07:46:54.439465
338.5,1.3,25.0,940.24,4.72,5866.08,1.0,187836.8,19.5,158.0,0.27,0.2,2.74,0.014241827104850096,798.6947148993639,23.114667976446754,34.48779785412729,0.2729010809799121,0.016764750000000005,27768.176724399378,350,Paper,2026-02-08T07:47:00.522414
338.5,1.3,25.0,940.24,4.72,5866.08,1.0,187836.8,19.5,158.0,0.27,0.2,2.74,0.014241827104850096,798.6947148993639,23.114667976446754,34.48779785412729,0.2729010809799121,0.016764750000000005,27768.176724399378,350,Paper,2026-02-08T07:47:00.522414
338.9,1.72,25.0,961.09,4.82,8132.52,1.0,279864.7,19.4,159.0,0.41,0.33,4.06,0.014241827104850096,798.6947148993639,23.114667976446754,34.48779785412729,0.2729010809799121,0.016764750000000005,27768.176724399378,350,Paper,2026-02-08T07:47:00.522414
338.9,1.72,25.0,961.09,4.82,8132.52,1.0,279864.7,19.4,159.0,0.41,0.33,4.06,0.014241827104850096,798.6947148993639,23.114667976446754,34.48779785412729,0.2729010809799121,0.016764750000000005,27768.176724399378,350,Paper,2026-02-08T07:47:00.522414
338.9,1.72,25.0,961.09,4.82,8132.52,1.0,279864.7,19.4,159.0,0.41,0.33,4.06,0.014241827104850096,798.6947148993639,23.114667976446754,34.48779785412729,0.2729010809799121,0.016764750000000005,27768.176724399378,350,Paper,2026-02-08T07:47:00.522414
338.9,1.72,25.0,961.09,4.82,8132.52,1.0,279864.7,19.4,159.0,0.41,0.33,4.06,0.014241827104850096,798.6947148993639,23.114667976446754,34.48779785412729,0.2729010809799121,0.016764750000000005,27768.176724399378,350,Paper,2026-02-08T07:47:00.522414
338.9,1.72,25.0,961.09,4.82,8132.52,1.0,279864.7,19.4,159.0,0.41,0.33,4.06,0.014241827104850096,798.6947148993639,23.114667976446754,34.48779785412729,0.2729010809799121,0.016764750000000005,27768.176724399378,350,Paper,2026-02-08T07:47:00.522414
338.9,1.72,25.0,961.09,4.82,8132.52,1.0,279864.7,19.4,159.0,0.41,0.33,4.06,0.014241827104850096,798.6947148993639,23.114667976446754,34.48779785412729,0.2729010809799121,0.016764750000000005,27768.176724399378,350,Paper,2026-02-08T07:47:00.522414
339.3,1.72,25.0,934.4,4.68,8132.52,1.0,282280.2,19.4,159.0,0.56,0.48,5.57,0.014241827104850096,798.6947148993639,23.114667976446754,34.48779785412729,0.2729010809799121,0.016764750000000005,27768.176724399378,350,Paper,2026-02-08T07:47:00.522414
339.3,1.72,25.0,934.4,4.68,8132.52,1.0,282280.2,19.4,159.0,0.56,0.48,5.57,0.014241827104850096,798.6947148993639,23.114667976446754,34.48779785412729,0.2729010809799121,0.016764750000000005,27768.176724399378,350,Paper,2026-02-08T07:47:00.522414
339.3,1.72,25.0,934.4,4.68,8132.52,1.0,282280.2,19.4,159.0,0.56,0.48,5.57,0.014241827104850096,798.6947148993639,23.114667976446754,34.48779785412729,0.2729010809799121,0.016764750000000005,27768.176724399378,350,Paper,2026-02-08T07:47:00.522414
339.3,1.72,25.0,934.4,4.68,8132.52,1.0,282280.2,19.4,159.0,0.56,0.48,5.57,0.014241827104850096,798.6947148993639,23.114667976446754,34.48779785412729,0.2729010809799121,0.016764750000000005,27768.176724399378,350,Paper,2026-02-08T07:47:00.522414
339.3,1.72,25.0,934.4,4.68,8132.52,1.0,282280.2,19.4,159.0,0.56,0.48,5.57,0.014241827104850096,798.6947148993639,23.114667976446754,34.48779785412729,0.2729010809799121,0.016764750000000005,27768.176724399378,350,Paper,2026-02-08T07:47:00.522414
339.3,0.0,25.0,1001.4,5.01,7910.32,1.0,277436.6,19.4,159.0,0.65,0.58,6.46,0.014241827104850096,798.6947148993639,23.114667976446754,34.48779785412729,0.2729010809799121,0.016764750000000005,27768.176724399378,350,Paper,2026-02-08T07:47:00.522414
339.3,0.0,25.0,1001.4,5.01,7910.32,1.0,277436.6,19.4,159.0,0.65,0.58,6.46,0.014241827104850096,798.6947148993639,23.114667976446754,34.48779785412729,0.2729010809799121,0.016764750000000005,27768.176724399378,350,Paper,2026-02-08T07:47:00.522414
339.3,0.0,25.0,1001.4,5.01,7910.32,1.0,277436.6,19.4,159.0,0.65,0.58,6.46,0.014241827104850096,798.6947148993639,23.114667976446754,34.48779785412729,0.2729010809799121,0.016764750000000005,27768.176724399378,350,Paper,2026-02-08T07:47:00.522414
339.3,0.0,25.0,1001.4,5.01,7910.32,1.0,277436.6,19.4,159.0,0.65,0.58,6.46,0.014241827104850096,798.6947148993639,23.114667976446754,34.48779785412729,0.2729010809799121,0.016764750000000005,27768.176724399378,350,Paper,2026-02-08T07:47:00.522414
339.3,0.0,25.0,1001.4,5.01,7910.32,1.0,277436.6,19.4,159.0,0.65,0.58,6.46,0.014241827104850096,798.6947148993639,23.114667976446754,34.48779785412729,0.2729010809799121,0.016764750000000005,27768.176724399378,350,Paper,2026-02-08T07:47:00.522414
339.3,0.0,25.0,1001.4,5.01,7910.32,1.0,277436.6,19.4,159.0,0.65,0.58,6.46,0.014241827104850096,798.6947148993639,23.114667976446754,34.48779785412729,0.2729010809799121,0.016764750000000005,27768.176724399378,350,Paper,2026-02-08T07:47:00.522414
339.4,0.65,25.0,954.78,4.77,8121.41,1.0,286274.5,19.4,159.0,0.68,0.62,6.83,0.014241827104850096,798.6947148993639,23.114667976446754,34.48779785412729,0.2729010809799121,0.016764750000000005,27768.176724399378,350,Paper,2026-02-08T07:47:00.522414
349.1,0.21,25.0,852.93,4.29,10454.51,1.0,327675.0,19.3,160.0,11.19,10.27,111.9,0.013696673903392131,811.8140481967718,24.264229853207635,33.59261914613397,0.3199999999999818,0.07805474999999996,22336.981705514183,360,Paper,2026-02-08T07:47:06.906130
349.1,0.21,25.0,852.93,4.29,10454.51,1.0,327675.0,19.3,160.0,11.19,10.27,111.9,0.013696673903392131,811.8140481967718,24.264229853207635,33.59261914613397,0.3199999999999818,0.07805474999999996,22336.981705514183,360,Paper,2026-02-08T07:47:06.906130
349.1,0.21,25.0,852.93,4.29,10454.51,1.0,327675.0,19.3,160.0,11.19,10.27,111.9,0.013696673903392131,811.8140481967718,24.264229853207635,33.59261914613397,0.3199999999999818,0.07805474999999996,22336.981705514183,360,Paper,2026-02-08T07:47:06.906130
349.1,0.21,25.0,852.93,4.29,10454.51,1.0,327675.0,19.3,160.0,11.19,10.27,111.9,0.013696673903392131,811.8140481967718,24.264229853207635,33.59261914613397,0.3199999999999818,0.07805474999999996,22336.981705514183,360,Paper,2026-02-08T07:47:06.906130
349.9,3.66,25.0,944.17,4.75,8088.08,1.0,267257.6,19.4,159.0,11.14,9.83,111.39,0.013696673903392131,811.8140481967718,24.264229853207635,33.59261914613397,0.3199999999999818,0.07805474999999996,22336.981705514183,360,Paper,2026-02-08T07:47:06.906130
349.9,3.66,25.0,944.17,4.75,8088.08,1.0,267257.6,19.4,159.0,11.14,9.83,111.39,0.013696673903392131,811.8140481967718,24.264229853207635,33.59261914613397,0.3199999999999818,0.07805474999999996,22336.981705514183,360,Paper,2026-02-08T07:47:06.906130
349.9,3.66,25.0,944.17,4.75,8088.08,1.0,267257.6,19.4,159.0,11.14,9.83,111.39,0.013696673903392131,811.8140481967718,24.264229853207635,33.59261914613397,0.3199999999999818,0.07805474999999996,22336.981705514183,360,Paper,2026-02-08T07:47:06.906130
349.9,3.66,25.0,944.17,4.75,8088.08,1.0,267257.6,19.4,159.0,11.14,9.83,111.39,0.013696673903392131,811.8140481967718,24.264229853207635,33.59261914613397,0.3199999999999818,0.07805474999999996,22336.981705514183,360,Paper,2026-02-08T07:47:06.906130
349.9,3.66,25.0,944.17,4.75,8088.08,1.0,267257.6,19.4,159.0,11.14,9.83,111.39,0.013696673903392131,811.8140481967718,24.264229853207635,33.59261914613397,0.3199999999999818,0.07805474999999996,22336.981705514183,360,Paper,2026-02-08T07:47:06.906130
349.9,0.22,25.0,975.99,4.9,7899.21,1.0,272043.6,19.4,159.0,9.32,7.62,93.21,0.013696673903392131,811.8140481967718,24.264229853207635,33.59261914613397,0.3199999999999818,0.07805474999999996,22336.981705514183,360,Paper,2026-02-08T07:47:06.906130
349.9,0.22,25.0,975.99,4.9,7899.21,1.0,272043.6,19.4,159.0,9.32,7.62,93.21,0.013696673903392131,811.8140481967718,24.264229853207635,33.59261914613397,0.3199999999999818,0.07805474999999996,22336.981705514183,360,Paper,2026-02-08T07:47:06.906130
349.9,0.22,25.0,975.99,4.9,7899.21,1.0,272043.6,19.4,159.0,9.32,7.62,93.21,0.013696673903392131,811.8140481967718,24.264229853207635,33.59261914613397,0.3199999999999818,0.07805474999999996,22336.981705514183,360,Paper,2026-02-08T07:47:06.906130
349.9,0.22,25.0,975.99,4.9,7899.21,1.0,272043.6,19.4,159.0,9.32,7.62,93.21,0.013696673903392131,811.8140481967718,24.264229853207635,33.59261914613397,0.3199999999999818,0.07805474999999996,22336.981705514183,360,Paper,2026-02-08T07:47:06.906130
349.9,0.22,25.0,975.99,4.9,7899.21,1.0,272043.6,19.4,159.0,9.32,7.62,93.21,0.013696673903392131,811.8140481967718,24.264229853207635,33.59261914613397,0.3199999999999818,0.07805474999999996,22336.981705514183,360,Paper,2026-02-08T07:47:06.906130
349.9,0.22,25.0,975.99,4.9,7899.21,1.0,272043.6,19.4,159.0,9.32,7.62,93.21,0.013696673903392131,811.8140481967718,24.264229853207635,33.59261914613397,0.3199999999999818,0.07805474999999996,22336.981705514183,360,Paper,2026-02-08T07:47:06.906130
349.9,0.0,25.0,1016.92,5.1,8010.31,1.0,279764.3,19.4,159.0,5.83,4.29,58.26,0.013696673903392131,811.8140481967718,24.264229853207635,33.59261914613397,0.3199999999999818,0.07805474999999996,22336.981705514183,360,Paper,2026-02-08T07:47:06.906130
349.9,0.0,25.0,1016.92,5.1,8010.31,1.0,279764.3,19.4,159.0,5.83,4.29,58.26,0.013696673903392131,811.8140481967718,24.264229853207635,33.59261914613397,0.3199999999999818,0.07805474999999996,22336.981705514183,360,Paper,2026-02-08T07:47:06.906130
349.9,0.0,25.0,1016.92,5.1,8010.31,1.0,279764.3,19.4,159.0,5.83,4.29,58.26,0.013696673903392131,811.8140481967718,24.264229853207635,33.59261914613397,0.3199999999999818,0.07805474999999996,22336.981705514183,360,Paper,2026-02-08T07:47:06.906130
349.9,0.0,25.0,1016.92,5.1,8010.31,1.0,279764.3,19.4,159.0,5.83,4.29,58.26,0.013696673903392131,811.8140481967718,24.264229853207635,33.59261914613397,0.3199999999999818,0.07805474999999996,22336.981705514183,360,Paper,2026-02-08T07:47:06.906130
349.9,0.0,25.0,1016.92,5.1,8010.31,1.0,279764.3,19.4,159.0,5.83,4.29,58.26,0.013696673903392131,811.8140481967718,24.264229853207635,33.59261914613397,0.3199999999999818,0.07805474999999996,22336.981705514183,360,Paper,2026-02-08T07:47:06.906130
