r_cm,v_cms,temp,peak,snr,width_us,conf,area,power_percent,latency_ms,rmse_cm,mae_cm,resolution_mm,snr_norm_r,area_norm_r,width_rel,energy_density,stability_std,snr_variance,echo_consistency,gt_distance_cm,material,timestamp
19.6,0.0,25.0,13143.16,16.15,166.65,1.0,105793.9,19.8,156.0,0.05,0.04,0.48,0.8108673469387755,5330.823214285714,8.502551020408163,626.9675067506753,3.552713678800501e-15,0.06756099999999986,1318.3784525981166,20,Suitcase,2026-02-08T05:47:27.907819
19.6,0.0,25.0,12676.44,15.57,166.65,1.0,102878.3,19.8,156.0,0.04,0.03,0.37,0.8108673469387755,5330.823214285714,8.502551020408163,626.9675067506753,3.552713678800501e-15,0.06756099999999986,1318.3784525981166,20,Suitcase,2026-02-08T05:47:27.907819
19.6,0.0,25.0,12676.44,15.57,166.65,1.0,102878.3,19.8,156.0,0.04,0.03,0.37,0.8108673469387755,5330.823214285714,8.502551020408163,626.9675067506753,3.552713678800501e-15,0.06756099999999986,1318.3784525981166,20,Suitcase,2026-02-08T05:47:27.907819
19.6,0.0,25.0,12676.44,15.57,166.65,1.0,102878.3,19.8,156.0,0.04,0.03,0.37,0.8108673469387755,5330.823214285714,8.502551020408163,626.9675067506753,3.552713678800501e-15,0.06756099999999986,1318.3784525981166,20,Suitcase,2026-02-08T05:47:27.907819
19.6,0.0,25.0,12676.44,15.57,166.65,1.0,102878.3,19.8,156.0,0.04,0.03,0.37,0.8108673469387755,5330.823214285714,8.502551020408163,626.9675067506753,3.552713678800501e-15,0.06756099999999986,1318.3784525981166,20,Suitcase,2026-02-08T05:47:27.907819
19.6,0.0,25.0,12676.44,15.57,166.65,1.0,102878.3,19.8,156.0,0.04,0.03,0.37,0.8108673469387755,5330.823214285714,8.502551020408163,626.9675067506753,3.552713678800501e-15,0.06756099999999986,1318.3784525981166,20,Suitcase,2026-02-08T05:47:27.907819
19.6,-0.22,25.0,13033.32,16.0,166.65,1.0,105142.6,19.8,156.0,0.03,0.03,0.32,0.8108673469387755,5330.823214285714,8.502551020408163,626.9675067506753,3.552713678800501e-15,0.06756099999999986,1318.3784525981166,20,Suitcase,2026-02-08T05:47:27.907819
19.6,-0.22,25.0,13033.32,16.0,166.65,1.0,105142.6,19.8,156.0,0.03,0.03,0.32,0.8108673469387755,5330.823214285714,8.502551020408163,626.9675067506753,3.552713678800501e-15,0.06756099999999986,1318.3784525981166,20,Suitcase,2026-02-08T05:47:27.907819
19.6,-0.22,25.0,13033.32,16.0,166.65,1.0,105142.6,19.8,156.0,0.03,0.03,0.32,0.8108673469387755,5330.823214285714,8.502551020408163,626.9675067506753,3.552713678800501e-15,0.06756099999999986,1318.3784525981166,20,Suitcase,2026-02-08T05:47:27.907819
19.6,-0.22,25.0,13033.32,16.0,166.65,1.0,105142.6,19.8,156.0,0.03,0.03,0.32,0.8108673469387755,5330.823214285714,8.502551020408163,626.9675067506753,3.552713678800501e-15,0.06756099999999986,1318.3784525981166,20,Suitcase,2026-02-08T05:47:27.907819
19.6,-0.22,25.0,13033.32,16.0,166.65,1.0,105142.6,19.8,156.0,0.03,0.03,0.32,0.8108673469387755,5330.823214285714,8.502551020408163,626.9675067506753,3.552713678800501e-15,0.06756099999999986,1318.3784525981166,20,Suitcase,2026-02-08T05:47:27.907819
19.6,-0.22,25.0,13033.32,16.0,166.65,1.0,105142.6,19.8,156.0,0.03,0.03,0.32,0.8108673469387755,5330.823214285714,8.502551020408163,626.9675067506753,3.552713678800501e-15,0.06756099999999986,1318.3784525981166,20,Suitcase,2026-02-08T05:47:27.907819
19.6,0.0,25.0,13211.1,16.2,166.65,1.0,105945.8,19.8,156.0,0.02,0.02,0.24,0.8108673469387755,5330.823214285714,8.502551020408163,626.9675067506753,3.552713678800501e-15,0.06756099999999986,1318.3784525981166,20,Suitcase,2026-02-08T05:47:27.907819
19.6,0.0,25.0,13211.1,16.2,166.65,1.0,105945.8,19.8,156.0,0.02,0.02,0.24,0.8108673469387755,5330.823214285714,8.502551020408163,626.9675067506753,3.552713678800501e-15,0.06756099999999986,1318.3784525981166,20,Suitcase,2026-02-08T05:47:27.907819
19.6,0.0,25.0,13211.1,16.2,166.65,1.0,105945.8,19.8,156.0,0.02,0.02,0.24,0.8108673469387755,5330.823214285714,8.502551020408163,626.9675067506753,3.552713678800501e-15,0.06756099999999986,1318.3784525981166,20,Suitcase,2026-02-08T05:47:27.907819
19.6,0.0,25.0,13211.1,16.2,166.65,1.0,105945.8,19.8,156.0,0.02,0.02,0.24,0.8108673469387755,5330.823214285714,8.502551020408163,626.9675067506753,3.552713678800501e-15,0.06756099999999986,1318.3784525981166,20,Suitcase,2026-02-08T05:47:27.907819
19.6,0.0,25.0,13211.1,16.2,166.65,1.0,105945.8,19.8,156.0,0.02,0.02,0.24,0.8108673469387755,5330.823214285714,8.502551020408163,626.9675067506753,3.552713678800501e-15,0.06756099999999986,1318.3784525981166,20,Suitcase,2026-02-08T05:47:27.907819
19.6,0.0,25.0,12740.7,15.62,166.65,1.0,102970.9,19.8,156.0,0.02,0.02,0.24,0.8108673469387755,5330.823214285714,8.502551020408163,626.9675067506753,3.552713678800501e-15,0.06756099999999986,1318.3784525981166,20,Suitcase,2026-02-08T05:47:27.907819
19.6,0.0,25.0,12740.7,15.62,166.65,1.0,102970.9,19.8,156.0,0.02,0.02,0.24,0.8108673469387755,5330.823214285714,8.502551020408163,626.9675067506753,3.552713678800501e-15,0.06756099999999986,1318.3784525981166,20,Suitcase,2026-02-08T05:47:27.907819
19.6,0.0,25.0,12740.7,15.62,166.65,1.0,102970.9,19.8,156.0,0.02,0.02,0.24,0.8108673469387755,5330.823214285714,8.502551020408163,626.9675067506753,3.552713678800501e-15,0.06756099999999986,1318.3784525981166,20,Suitcase,2026-02-08T05:47:27.907819
26.2,0.22,25.0,7896.56,26.34,411.07,1.0,127963.0,19.8,156.0,0.12,0.11,1.19,1.0205553943052856,5014.284094273357,16.106646155632312,311.3425889421199,0.04000000000000057,0.17627475000000078,2316.344732957506,30,Suitcase,2026-02-08T05:47:42.804510
26.2,0.22,25.0,7896.56,26.34,411.07,1.0,127963.0,19.8,156.0,0.12,0.11,1.19,1.0205553943052856,5014.284094273357,16.106646155632312,311.3425889421199,0.04000000000000057,0.17627475000000078,2316.344732957506,30,Suitcase,2026-02-08T05:47:42.804510
26.2,0.22,25.0,7896.56,26.34,411.07,1.0,127963.0,19.8,156.0,0.12,0.11,1.19,1.0205553943052856,5014.284094273357,16.106646155632312,311.3425889421199,0.04000000000000057,0.17627475000000078,2316.344732957506,30,Suitcase,2026-02-08T05:47:42.804510
26.2,0.22,25.0,7896.56,26.34,411.07,1.0,127963.0,19.8,156.0,0.12,0.11,1.19,1.0205553943052856,5014.284094273357,16.106646155632312,311.3425889421199,0.04000000000000057,0.17627475000000078,2316.344732957506,30,Suitcase,2026-02-08T05:47:42.804510
26.3,0.22,25.0,8004.95,26.72,422.18,1.0,130568.6,19.8,156.0,0.12,0.1,1.19,1.0205553943052856,5014.284094273357,16.106646155632312,311.3425889421199,0.04000000000000057,0.17627475000000078,2316.344732957506,30,Suitcase,2026-02-08T05:47:42.804510
26.3,0.22,25.0,8004.95,26.72,422.18,1.0,130568.6,19.8,156.0,0.12,0.1,1.19,1.0205553943052856,5014.284094273357,16.106646155632312,311.3425889421199,0.04000000000000057,0.17627475000000078,2316.344732957506,30,Suitcase,2026-02-08T05:47:42.804510
26.3,0.22,25.0,8004.95,26.72,422.18,1.0,130568.6,19.8,156.0,0.12,0.1,1.19,1.0205553943052856,5014.284094273357,16.106646155632312,311.3425889421199,0.04000000000000057,0.17627475000000078,2316.344732957506,30,Suitcase,2026-02-08T05:47:42.804510
26.3,0.22,25.0,8004.95,26.72,422.18,1.0,130568.6,19.8,156.0,0.12,0.1,1.19,1.0205553943052856,5014.284094273357,16.106646155632312,311.3425889421199,0.04000000000000057,0.17627475000000078,2316.344732957506,30,Suitcase,2026-02-08T05:47:42.804510
26.3,0.22,25.0,8004.95,26.72,422.18,1.0,130568.6,19.8,156.0,0.12,0.1,1.19,1.0205553943052856,5014.284094273357,16.106646155632312,311.3425889421199,0.04000000000000057,0.17627475000000078,2316.344732957506,30,Suitcase,2026-02-08T05:47:42.804510
26.3,0.0,25.0,7980.63,26.65,433.29,1.0,133518.8,19.8,156.0,0.11,0.09,1.06,1.0205553943052856,5014.284094273357,16.106646155632312,311.3425889421199,0.04000000000000057,0.17627475000000078,2316.344732957506,30,Suitcase,2026-02-08T05:47:42.804510
26.3,0.0,25.0,7980.63,26.65,433.29,1.0,133518.8,19.8,156.0,0.11,0.09,1.06,1.0205553943052856,5014.284094273357,16.106646155632312,311.3425889421199,0.04000000000000057,0.17627475000000078,2316.344732957506,30,Suitcase,2026-02-08T05:47:42.804510
26.3,0.0,25.0,7980.63,26.65,433.29,1.0,133518.8,19.8,156.0,0.11,0.09,1.06,1.0205553943052856,5014.284094273357,16.106646155632312,311.3425889421199,0.04000000000000057,0.17627475000000078,2316.344732957506,30,Suitcase,2026-02-08T05:47:42.804510
26.3,0.0,25.0,7980.63,26.65,433.29,1.0,133518.8,19.8,156.0,0.11,0.09,1.06,1.0205553943052856,5014.284094273357,16.106646155632312,311.3425889421199,0.04000000000000057,0.17627475000000078,2316.344732957506,30,Suitcase,2026-02-08T05:47:42.804510
26.3,0.0,25.0,7980.63,26.65,433.29,1.0,133518.8,19.8,156.0,0.11,0.09,1.06,1.0205553943052856,5014.284094273357,16.106646155632312,311.3425889421199,0.04000000000000057,0.17627475000000078,2316.344732957506,30,Suitcase,2026-02-08T05:47:42.804510
26.3,0.0,25.0,7980.63,26.65,433.29,1.0,133518.8,19.8,156.0,0.11,0.09,1.06,1.0205553943052856,5014.284094273357,16.106646155632312,311.3425889421199,0.04000000000000057,0.17627475000000078,2316.344732957506,30,Suitcase,2026-02-08T05:47:42.804510
26.3,0.0,25.0,8232.55,27.51,422.18,1.0,133950.4,19.8,156.0,0.09,0.07,0.89,1.0205553943052856,5014.284094273357,16.106646155632312,311.3425889421199,0.04000000000000057,0.17627475000000078,2316.344732957506,30,Suitcase,2026-02-08T05:47:42.804510
26.3,0.0,25.0,8232.55,27.51,422.18,1.0,133950.4,19.8,156.0,0.09,0.07,0.89,1.0205553943052856,5014.284094273357,16.106646155632312,311.3425889421199,0.04000000000000057,0.17627475000000078,2316.344732957506,30,Suitcase,2026-02-08T05:47:42.804510
26.3,0.0,25.0,8232.55,27.51,422.18,1.0,133950.4,19.8,156.0,0.09,0.07,0.89,1.0205553943052856,5014.284094273357,16.106646155632312,311.3425889421199,0.04000000000000057,0.17627475000000078,2316.344732957506,30,Suitcase,2026-02-08T05:47:42.804510
26.3,0.0,25.0,8232.55,27.51,422.18,1.0,133950.4,19.8,156.0,0.09,0.07,0.89,1.0205553943052856,5014.284094273357,16.106646155632312,311.3425889421199,0.04000000000000057,0.17627475000000078,2316.344732957506,30,Suitcase,2026-02-08T05:47:42.804510
26.3,0.0,25.0,8232.55,27.51,422.18,1.0,133950.4,19.8,156.0,0.09,0.07,0.89,1.0205553943052856,5014.284094273357,16.106646155632312,311.3425889421199,0.04000000000000057,0.17627475000000078,2316.344732957506,30,Suitcase,2026-02-08T05:47:42.804510
40.0,0.0,25.0,13039.69,53.64,211.09,1.0,124863.1,19.8,156.0,0.0,0.0,0.0,1.3700000000000003,3162.85625,5.207812499999998,607.7959703865123,0.0,2.2168000000000005,1492.0610284100287,40,Suitcase,2026-02-08T05:49:32.523276
40.0,0.0,25.0,13039.69,53.64,211.09,1.0,124863.1,19.8,156.0,0.0,0.0,0.0,1.3700000000000003,3162.85625,5.207812499999998,607.7959703865123,0.0,2.2168000000000005,1492.0610284100287,40,Suitcase,2026-02-08T05:49:32.523276
40.0,0.0,25.0,13039.69,53.64,211.09,1.0,124863.1,19.8,156.0,0.0,0.0,0.0,1.3700000000000003,3162.85625,5.207812499999998,607.7959703865123,0.0,2.2168000000000005,1492.0610284100287,40,Suitcase,2026-02-08T05:49:32.523276
40.0,0.0,25.0,13039.69,53.64,211.09,1.0,124863.1,19.8,156.0,0.0,0.0,0.0,1.3700000000000003,3162.85625,5.207812499999998,607.7959703865123,0.0,2.2168000000000005,1492.0610284100287,40,Suitcase,2026-02-08T05:49:32.523276
40.0,0.0,25.0,13039.69,53.64,211.09,1.0,124863.1,19.8,156.0,0.0,0.0,0.0,1.3700000000000003,3162.85625,5.207812499999998,607.7959703865123,0.0,2.2168000000000005,1492.0610284100287,40,Suitcase,2026-02-08T05:49:32.523276
40.0,0.0,25.0,13942.31,57.28,199.98,1.0,128548.9,19.8,156.0,0.0,0.0,0.0,1.3700000000000003,3162.85625,5.207812499999998,607.7959703865123,0.0,2.2168000000000005,1492.0610284100287,40,Suitcase,2026-02-08T05:49:32.523276
40.0,0.0,25.0,13942.31,57.28,199.98,1.0,128548.9,19.8,156.0,0.0,0.0,0.0,1.3700000000000003,3162.85625,5.207812499999998,607.7959703865123,0.0,2.2168000000000005,1492.0610284100287,40,Suitcase,2026-02-08T05:49:32.523276
40.0,0.0,25.0,13942.31,57.28,199.98,1.0,128548.9,19.8,156.0,0.0,0.0,0.0,1.3700000000000003,3162.85625,5.207812499999998,607.7959703865123,0.0,2.2168000000000005,1492.0610284100287,40,Suitcase,2026-02-08T05:49:32.523276
40.0,0.0,25.0,13942.31,57.28,199.98,1.0,128548.9,19.8,156.0,0.0,0.0,0.0,1.3700000000000003,3162.85625,5.207812499999998,607.7959703865123,0.0,2.2168000000000005,1492.0610284100287,40,Suitcase,2026-02-08T05:49:32.523276
40.0,0.0,25.0,13942.31,57.28,199.98,1.0,128548.9,19.8,156.0,0.0,0.0,0.0,1.3700000000000003,3162.85625,5.207812499999998,607.7959703865123,0.0,2.2168000000000005,1492.0610284100287,40,Suitcase,2026-02-08T05:49:32.523276
40.0,0.0,25.0,13320.27,54.64,211.09,1.0,127313.8,19.8,156.0,0.0,0.0,0.0,1.3700000000000003,3162.85625,5.207812499999998,607.7959703865123,0.0,2.2168000000000005,1492.0610284100287,40,Suitcase,2026-02-08T05:49:32.523276
40.0,0.0,25.0,13320.27,54.64,211.09,1.0,127313.8,19.8,156.0,0.0,0.0,0.0,1.3700000000000003,3162.85625,5.207812499999998,607.7959703865123,0.0,2.2168000000000005,1492.0610284100287,40,Suitcase,2026-02-08T05:49:32.523276
40.0,0.0,25.0,13320.27,54.64,211.09,1.0,127313.8,19.8,156.0,0.0,0.0,0.0,1.3700000000000003,3162.85625,5.207812499999998,607.7959703865123,0.0,2.2168000000000005,1492.0610284100287,40,Suitcase,2026-02-08T05:49:32.523276
40.0,0.0,25.0,13320.27,54.64,211.09,1.0,127313.8,19.8,156.0,0.0,0.0,0.0,1.3700000000000003,3162.85625,5.207812499999998,607.7959703865123,0.0,2.2168000000000005,1492.0610284100287,40,Suitcase,2026-02-08T05:49:32.523276
40.0,0.0,25.0,13320.27,54.64,211.09,1.0,127313.8,19.8,156.0,0.0,0.0,0.0,1.3700000000000003,3162.85625,5.207812499999998,607.7959703865123,0.0,2.2168000000000005,1492.0610284100287,40,Suitcase,2026-02-08T05:49:32.523276
40.0,0.0,25.0,13092.82,53.64,211.09,1.0,125331.2,19.8,156.0,0.0,0.0,0.0,1.3700000000000003,3162.85625,5.207812499999998,607.7959703865123,0.0,2.2168000000000005,1492.0610284100287,40,Suitcase,2026-02-08T05:49:32.523276
40.0,0.0,25.0,13092.82,53.64,211.09,1.0,125331.2,19.8,156.0,0.0,0.0,0.0,1.3700000000000003,3162.85625,5.207812499999998,607.7959703865123,0.0,2.2168000000000005,1492.0610284100287,40,Suitcase,2026-02-08T05:49:32.523276
40.0,0.0,25.0,13092.82,53.64,211.09,1.0,125331.2,19.8,156.0,0.0,0.0,0.0,1.3700000000000003,3162.85625,5.207812499999998,607.7959703865123,0.0,2.2168000000000005,1492.0610284100287,40,Suitcase,2026-02-08T05:49:32.523276
40.0,0.0,25.0,13092.82,53.64,211.09,1.0,125331.2,19.8,156.0,0.0,0.0,0.0,1.3700000000000003,3162.85625,5.207812499999998,607.7959703865123,0.0,2.2168000000000005,1492.0610284100287,40,Suitcase,2026-02-08T05:49:32.523276
40.0,0.0,25.0,13092.82,53.64,211.09,1.0,125331.2,19.8,156.0,0.0,0.0,0.0,1.3700000000000003,3162.85625,5.207812499999998,607.7959703865123,0.0,2.2168000000000005,1492.0610284100287,40,Suitcase,2026-02-08T05:49:32.523276
48.4,-0.22,25.0,11311.52,56.84,222.2,1.0,125830.1,19.8,156.0,0.02,0.02,0.24,1.238305785123967,2657.3921487603307,4.590909090909092,578.837893789379,7.105427357601002e-15,6.143483999999997,2582.311180628704,50,Suitcase,2026-02-08T05:49:48.960529
48.4,-0.22,25.0,11311.52,56.84,222.2,1.0,125830.1,19.8,156.0,0.02,0.02,0.24,1.238305785123967,2657.3921487603307,4.590909090909092,578.837893789379,7.105427357601002e-15,6.143483999999997,2582.311180628704,50,Suitcase,2026-02-08T05:49:48.960529
48.4,0.0,25.0,12472.47,62.82,222.2,1.0,132005.2,19.8,156.0,0.02,0.02,0.24,1.238305785123967,2657.3921487603307,4.590909090909092,578.837893789379,7.105427357601002e-15,6.143483999999997,2582.311180628704,50,Suitcase,2026-02-08T05:49:48.960529
48.4,0.0,25.0,12472.47,62.82,222.2,1.0,132005.2,19.8,156.0,0.02,0.02,0.24,1.238305785123967,2657.3921487603307,4.590909090909092,578.837893789379,7.105427357601002e-15,6.143483999999997,2582.311180628704,50,Suitcase,2026-02-08T05:49:48.960529
48.4,0.0,25.0,12472.47,62.82,222.2,1.0,132005.2,19.8,156.0,0.02,0.02,0.24,1.238305785123967,2657.3921487603307,4.590909090909092,578.837893789379,7.105427357601002e-15,6.143483999999997,2582.311180628704,50,Suitcase,2026-02-08T05:49:48.960529
48.4,0.0,25.0,12472.47,62.82,222.2,1.0,132005.2,19.8,156.0,0.02,0.02,0.24,1.238305785123967,2657.3921487603307,4.590909090909092,578.837893789379,7.105427357601002e-15,6.143483999999997,2582.311180628704,50,Suitcase,2026-02-08T05:49:48.960529
48.4,0.0,25.0,12472.47,62.82,222.2,1.0,132005.2,19.8,156.0,0.02,0.02,0.24,1.238305785123967,2657.3921487603307,4.590909090909092,578.837893789379,7.105427357601002e-15,6.143483999999997,2582.311180628704,50,Suitcase,2026-02-08T05:49:48.960529
48.4,0.0,25.0,11604.75,58.57,222.2,1.0,127828.8,19.8,156.0,0.02,0.02,0.24,1.238305785123967,2657.3921487603307,4.590909090909092,578.837893789379,7.105427357601002e-15,6.143483999999997,2582.311180628704,50,Suitcase,2026-02-08T05:49:48.960529
48.4,0.0,25.0,11604.75,58.57,222.2,1.0,127828.8,19.8,156.0,0.02,0.02,0.24,1.238305785123967,2657.3921487603307,4.590909090909092,578.837893789379,7.105427357601002e-15,6.143483999999997,2582.311180628704,50,Suitcase,2026-02-08T05:49:48.960529
48.4,0.0,25.0,11604.75,58.57,222.2,1.0,127828.8,19.8,156.0,0.02,0.02,0.24,1.238305785123967,2657.3921487603307,4.590909090909092,578.837893789379,7.105427357601002e-15,6.143483999999997,2582.311180628704,50,Suitcase,2026-02-08T05:49:48.960529
48.4,0.0,25.0,11604.75,58.57,222.2,1.0,127828.8,19.8,156.0,0.02,0.02,0.24,1.238305785123967,2657.3921487603307,4.590909090909092,578.837893789379,7.105427357601002e-15,6.143483999999997,2582.311180628704,50,Suitcase,2026-02-08T05:49:48.960529
48.4,0.0,25.0,11604.75,58.57,222.2,1.0,127828.8,19.8,156.0,0.02,0.02,0.24,1.238305785123967,2657.3921487603307,4.590909090909092,578.837893789379,7.105427357601002e-15,6.143483999999997,2582.311180628704,50,Suitcase,2026-02-08T05:49:48.960529
48.4,0.0,25.0,11604.75,58.57,222.2,1.0,127828.8,19.8,156.0,0.02,0.02,0.24,1.238305785123967,2657.3921487603307,4.590909090909092,578.837893789379,7.105427357601002e-15,6.143483999999997,2582.311180628704,50,Suitcase,2026-02-08T05:49:48.960529
48.4,-0.22,25.0,11508.38,58.22,222.2,1.0,125973.2,19.8,156.0,0.03,0.03,0.31,1.238305785123967,2657.3921487603307,4.590909090909092,578.837893789379,7.105427357601002e-15,6.143483999999997,2582.311180628704,50,Suitcase,2026-02-08T05:49:48.960529
48.4,-0.22,25.0,11508.38,58.22,222.2,1.0,125973.2,19.8,156.0,0.03,0.03,0.31,1.238305785123967,2657.3921487603307,4.590909090909092,578.837893789379,7.105427357601002e-15,6.143483999999997,2582.311180628704,50,Suitcase,2026-02-08T05:49:48.960529
48.4,-0.22,25.0,11508.38,58.22,222.2,1.0,125973.2,19.8,156.0,0.03,0.03,0.31,1.238305785123967,2657.3921487603307,4.590909090909092,578.837893789379,7.105427357601002e-15,6.143483999999997,2582.311180628704,50,Suitcase,2026-02-08T05:49:48.960529
48.4,-0.22,25.0,11508.38,58.22,222.2,1.0,125973.2,19.8,156.0,0.03,0.03,0.31,1.238305785123967,2657.3921487603307,4.590909090909092,578.837893789379,7.105427357601002e-15,6.143483999999997,2582.311180628704,50,Suitcase,2026-02-08T05:49:48.960529
48.4,-0.22,25.0,11508.38,58.22,222.2,1.0,125973.2,19.8,156.0,0.03,0.03,0.31,1.238305785123967,2657.3921487603307,4.590909090909092,578.837893789379,7.105427357601002e-15,6.143483999999997,2582.311180628704,50,Suitcase,2026-02-08T05:49:48.960529
48.4,0.0,25.0,12652.39,64.19,222.2,1.0,131915.3,19.8,156.0,0.03,0.03,0.33,1.238305785123967,2657.3921487603307,4.590909090909092,578.837893789379,7.105427357601002e-15,6.143483999999997,2582.311180628704,50,Suitcase,2026-02-08T05:49:48.960529
48.4,0.0,25.0,12652.39,64.19,222.2,1.0,131915.3,19.8,156.0,0.03,0.03,0.33,1.238305785123967,2657.3921487603307,4.590909090909092,578.837893789379,7.105427357601002e-15,6.143483999999997,2582.311180628704,50,Suitcase,2026-02-08T05:49:48.960529
56.4,0.0,25.0,4811.75,23.98,755.48,1.0,154455.4,19.8,156.0,0.0,0.0,0.0,0.4227039007092198,2752.649468085107,13.001063829787233,212.596328540417,0.0,2.760794749999997,2960.9889111747734,60,Suitcase,2026-02-08T05:50:03.249636
56.4,0.0,25.0,4811.75,23.98,755.48,1.0,154455.4,19.8,156.0,0.0,0.0,0.0,0.4227039007092198,2752.649468085107,13.001063829787233,212.596328540417,0.0,2.760794749999997,2960.9889111747734,60,Suitcase,2026-02-08T05:50:03.249636
56.4,0.0,25.0,4811.75,23.98,755.48,1.0,154455.4,19.8,156.0,0.0,0.0,0.0,0.4227039007092198,2752.649468085107,13.001063829787233,212.596328540417,0.0,2.760794749999997,2960.9889111747734,60,Suitcase,2026-02-08T05:50:03.249636
56.4,0.0,25.0,4811.75,23.98,755.48,1.0,154455.4,19.8,156.0,0.0,0.0,0.0,0.4227039007092198,2752.649468085107,13.001063829787233,212.596328540417,0.0,2.760794749999997,2960.9889111747734,60,Suitcase,2026-02-08T05:50:03.249636
56.4,0.0,25.0,4314.32,21.53,777.7,1.0,157959.3,19.8,156.0,0.0,0.0,0.0,0.4227039007092198,2752.649468085107,13.001063829787233,212.596328540417,0.0,2.760794749999997,2960.9889111747734,60,Suitcase,2026-02-08T05:50:03.249636
56.4,0.0,25.0,4314.32,21.53,777.7,1.0,157959.3,19.8,156.0,0.0,0.0,0.0,0.4227039007092198,2752.649468085107,13.001063829787233,212.596328540417,0.0,2.760794749999997,2960.9889111747734,60,Suitcase,2026-02-08T05:50:03.249636
56.4,0.0,25.0,4314.32,21.53,777.7,1.0,157959.3,19.8,156.0,0.0,0.0,0.0,0.4227039007092198,2752.649468085107,13.001063829787233,212.596328540417,0.0,2.760794749999997,2960.9889111747734,60,Suitcase,2026-02-08T05:50:03.249636
56.4,0.0,25.0,4314.32,21.53,777.7,1.0,157959.3,19.8,156.0,0.0,0.0,0.0,0.4227039007092198,2752.649468085107,13.001063829787233,212.596328540417,0.0,2.760794749999997,2960.9889111747734,60,Suitcase,2026-02-08T05:50:03.249636
56.4,0.0,25.0,4314.32,21.53,777.7,1.0,157959.3,19.8,156.0,0.0,0.0,0.0,0.4227039007092198,2752.649468085107,13.001063829787233,212.596328540417,0.0,2.760794749999997,2960.9889111747734,60,Suitcase,2026-02-08T05:50:03.249636
56.4,0.0,25.0,4742.01,23.69,755.48,1.0,157400.0,19.8,156.0,0.0,0.0,0.0,0.4227039007092198,2752.649468085107,13.001063829787233,212.596328540417,0.0,2.760794749999997,2960.9889111747734,60,Suitcase,2026-02-08T05:50:03.249636
56.4,0.0,25.0,4742.01,23.69,755.48,1.0,157400.0,19.8,156.0,0.0,0.0,0.0,0.4227039007092198,2752.649468085107,13.001063829787233,212.596328540417,0.0,2.760794749999997,2960.9889111747734,60,Suitcase,2026-02-08T05:50:03.249636
56.4,0.0,25.0,4742.01,23.69,755.48,1.0,157400.0,19.8,156.0,0.0,0.0,0.0,0.4227039007092198,2752.649468085107,13.001063829787233,212.596328540417,0.0,2.760794749999997,2960.9889111747734,60,Suitcase,2026-02-08T05:50:03.249636
56.4,0.0,25.0,4742.01,23.69,755.48,1.0,157400.0,19.8,156.0,0.0,0.0,0.0,0.4227039007092198,2752.649468085107,13.001063829787233,212.596328540417,0.0,2.760794749999997,2960.9889111747734,60,Suitcase,2026-02-08T05:50:03.249636
56.4,0.0,25.0,4742.01,23.69,755.48,1.0,157400.0,19.8,156.0,0.0,0.0,0.0,0.4227039007092198,2752.649468085107,13.001063829787233,212.596328540417,0.0,2.760794749999997,2960.9889111747734,60,Suitcase,2026-02-08T05:50:03.249636
56.4,0.0,25.0,4742.01,23.69,755.48,1.0,157400.0,19.8,156.0,0.0,0.0,0.0,0.4227039007092198,2752.649468085107,13.001063829787233,212.596328540417,0.0,2.760794749999997,2960.9889111747734,60,Suitcase,2026-02-08T05:50:03.249636
56.4,0.0,25.0,5243.31,26.22,644.38,1.0,150594.1,19.8,156.0,0.0,0.0,0.0,0.4227039007092198,2752.649468085107,13.001063829787233,212.596328540417,0.0,2.760794749999997,2960.9889111747734,60,Suitcase,2026-02-08T05:50:03.249636
56.4,0.0,25.0,5243.31,26.22,644.38,1.0,150594.1,19.8,156.0,0.0,0.0,0.0,0.4227039007092198,2752.649468085107,13.001063829787233,212.596328540417,0.0,2.760794749999997,2960.9889111747734,60,Suitcase,2026-02-08T05:50:03.249636
56.4,0.0,25.0,5243.31,26.22,644.38,1.0,150594.1,19.8,156.0,0.0,0.0,0.0,0.4227039007092198,2752.649468085107,13.001063829787233,212.596328540417,0.0,2.760794749999997,2960.9889111747734,60,Suitcase,2026-02-08T05:50:03.249636
56.4,0.0,25.0,5243.31,26.22,644.38,1.0,150594.1,19.8,156.0,0.0,0.0,0.0,0.4227039007092198,2752.649468085107,13.001063829787233,212.596328540417,0.0,2.760794749999997,2960.9889111747734,60,Suitcase,2026-02-08T05:50:03.249636
56.4,0.0,25.0,5243.31,26.22,644.38,1.0,150594.1,19.8,156.0,0.0,0.0,0.0,0.4227039007092198,2752.649468085107,13.001063829787233,212.596328540417,0.0,2.760794749999997,2960.9889111747734,60,Suitcase,2026-02-08T05:50:03.249636
67.6,0.0,25.0,2754.17,13.83,955.46,1.0,115908.7,19.8,156.0,0.0,0.0,0.0,0.19741863905325446,1663.55976331361,14.150458579881658,117.56573219471105,1.4210854715202004e-14,0.07369475000000011,1545.0811834334147,70,Suitcase,2026-02-08T05:50:15.107647
67.6,0.0,25.0,2754.17,13.83,955.46,1.0,115908.7,19.8,156.0,0.0,0.0,0.0,0.19741863905325446,1663.55976331361,14.150458579881658,117.56573219471105,1.4210854715202004e-14,0.07369475000000011,1545.0811834334147,70,Suitcase,2026-02-08T05:50:15.107647
67.6,0.0,25.0,2708.31,13.59,955.46,1.0,113749.5,19.8,156.0,0.0,0.0,0.0,0.19741863905325446,1663.55976331361,14.150458579881658,117.56573219471105,1.4210854715202004e-14,0.07369475000000011,1545.0811834334147,70,Suitcase,2026-02-08T05:50:15.107647
67.6,0.0,25.0,2708.31,13.59,955.46,1.0,113749.5,19.8,156.0,0.0,0.0,0.0,0.19741863905325446,1663.55976331361,14.150458579881658,117.56573219471105,1.4210854715202004e-14,0.07369475000000011,1545.0811834334147,70,Suitcase,2026-02-08T05:50:15.107647
67.6,0.0,25.0,2708.31,13.59,955.46,1.0,113749.5,19.8,156.0,0.0,0.0,0.0,0.19741863905325446,1663.55976331361,14.150458579881658,117.56573219471105,1.4210854715202004e-14,0.07369475000000011,1545.0811834334147,70,Suitcase,2026-02-08T05:50:15.107647
67.6,0.0,25.0,2708.31,13.59,955.46,1.0,113749.5,19.8,156.0,0.0,0.0,0.0,0.19741863905325446,1663.55976331361,14.150458579881658,117.56573219471105,1.4210854715202004e-14,0.07369475000000011,1545.0811834334147,70,Suitcase,2026-02-08T05:50:15.107647
67.6,0.0,25.0,2708.31,13.59,955.46,1.0,113749.5,19.8,156.0,0.0,0.0,0.0,0.19741863905325446,1663.55976331361,14.150458579881658,117.56573219471105,1.4210854715202004e-14,0.07369475000000011,1545.0811834334147,70,Suitcase,2026-02-08T05:50:15.107647
67.6,0.0,25.0,2663.29,13.35,955.46,1.0,111781.1,19.8,156.0,0.0,0.0,0.0,0.19741863905325446,1663.55976331361,14.150458579881658,117.56573219471105,1.4210854715202004e-14,0.07369475000000011,1545.0811834334147,70,Suitcase,2026-02-08T05:50:15.107647
67.6,0.0,25.0,2663.29,13.35,955.46,1.0,111781.1,19.8,156.0,0.0,0.0,0.0,0.19741863905325446,1663.55976331361,14.150458579881658,117.56573219471105,1.4210854715202004e-14,0.07369475000000011,1545.0811834334147,70,Suitcase,2026-02-08T05:50:15.107647
67.6,0.0,25.0,2663.29,13.35,955.46,1.0,111781.1,19.8,156.0,0.0,0.0,0.0,0.19741863905325446,1663.55976331361,14.150458579881658,117.56573219471105,1.4210854715202004e-14,0.07369475000000011,1545.0811834334147,70,Suitcase,2026-02-08T05:50:15.107647
67.6,0.0,25.0,2663.29,13.35,955.46,1.0,111781.1,19.8,156.0,0.0,0.0,0.0,0.19741863905325446,1663.55976331361,14.150458579881658,117.56573219471105,1.4210854715202004e-14,0.07369475000000011,1545.0811834334147,70,Suitcase,2026-02-08T05:50:15.107647
67.6,0.0,25.0,2663.29,13.35,955.46,1.0,111781.1,19.8,156.0,0.0,0.0,0.0,0.19741863905325446,1663.55976331361,14.150458579881658,117.56573219471105,1.4210854715202004e-14,0.07369475000000011,1545.0811834334147,70,Suitcase,2026-02-08T05:50:15.107647
67.6,0.0,25.0,2663.29,13.35,955.46,1.0,111781.1,19.8,156.0,0.0,0.0,0.0,0.19741863905325446,1663.55976331361,14.150458579881658,117.56573219471105,1.4210854715202004e-14,0.07369475000000011,1545.0811834334147,70,Suitcase,2026-02-08T05:50:15.107647
67.6,0.0,25.0,2608.42,13.04,955.46,1.0,111280.9,19.8,156.0,0.0,0.0,0.0,0.19741863905325446,1663.55976331361,14.150458579881658,117.56573219471105,1.4210854715202004e-14,0.07369475000000011,1545.0811834334147,70,Suitcase,2026-02-08T05:50:15.107647
67.6,0.0,25.0,2608.42,13.04,955.46,1.0,111280.9,19.8,156.0,0.0,0.0,0.0,0.19741863905325446,1663.55976331361,14.150458579881658,117.56573219471105,1.4210854715202004e-14,0.07369475000000011,1545.0811834334147,70,Suitcase,2026-02-08T05:50:15.107647
67.6,0.0,25.0,2608.42,13.04,955.46,1.0,111280.9,19.8,156.0,0.0,0.0,0.0,0.19741863905325446,1663.55976331361,14.150458579881658,117.56573219471105,1.4210854715202004e-14,0.07369475000000011,1545.0811834334147,70,Suitcase,2026-02-08T05:50:15.107647
67.6,0.0,25.0,2608.42,13.04,955.46,1.0,111280.9,19.8,156.0,0.0,0.0,0.0,0.19741863905325446,1663.55976331361,14.150458579881658,117.56573219471105,1.4210854715202004e-14,0.07369475000000011,1545.0811834334147,70,Suitcase,2026-02-08T05:50:15.107647
67.6,0.0,25.0,2608.42,13.04,955.46,1.0,111280.9,19.8,156.0,0.0,0.0,0.0,0.19741863905325446,1663.55976331361,14.150458579881658,117.56573219471105,1.4210854715202004e-14,0.07369475000000011,1545.0811834334147,70,Suitcase,2026-02-08T05:50:15.107647
67.6,0.0,25.0,2604.83,13.0,966.57,1.0,110738.4,19.8,156.0,0.0,0.0,0.0,0.19741863905325446,1663.55976331361,14.150458579881658,117.56573219471105,1.4210854715202004e-14,0.07369475000000011,1545.0811834334147,70,Suitcase,2026-02-08T05:50:15.107647
67.6,0.0,25.0,2604.83,13.0,966.57,1.0,110738.4,19.8,156.0,0.0,0.0,0.0,0.19741863905325446,1663.55976331361,14.150458579881658,117.56573219471105,1.4210854715202004e-14,0.07369475000000011,1545.0811834334147,70,Suitcase,2026-02-08T05:50:15.107647
74.6,-2.4,25.0,1363.56,6.86,1011.01,1.0,73826.1,19.8,156.0,0.33,0.26,3.33,0.0934767577209544,1001.245226469396,13.905302179936053,72.02492327890974,0.2850877058029679,0.013959000000000013,657.9941423751453,80,Suitcase,2026-02-08T05:50:32.299623
74.6,-2.4,25.0,1363.56,6.86,1011.01,1.0,73826.1,19.8,156.0,0.33,0.26,3.33,0.0934767577209544,1001.245226469396,13.905302179936053,72.02492327890974,0.2850877058029679,0.013959000000000013,657.9941423751453,80,Suitcase,2026-02-08T05:50:32.299623
74.1,-2.4,25.0,1373.75,6.91,1011.01,1.0,73678.2,19.8,156.0,0.52,0.42,5.24,0.0934767577209544,1001.245226469396,13.905302179936053,72.02492327890974,0.2850877058029679,0.013959000000000013,657.9941423751453,80,Suitcase,2026-02-08T05:50:32.299623
74.1,-2.4,25.0,1373.75,6.91,1011.01,1.0,73678.2,19.8,156.0,0.52,0.42,5.24,0.0934767577209544,1001.245226469396,13.905302179936053,72.02492327890974,0.2850877058029679,0.013959000000000013,657.9941423751453,80,Suitcase,2026-02-08T05:50:32.299623
74.1,-2.4,25.0,1373.75,6.91,1011.01,1.0,73678.2,19.8,156.0,0.52,0.42,5.24,0.0934767577209544,1001.245226469396,13.905302179936053,72.02492327890974,0.2850877058029679,0.013959000000000013,657.9941423751453,80,Suitcase,2026-02-08T05:50:32.299623
74.1,-2.4,25.0,1373.75,6.91,1011.01,1.0,73678.2,19.8,156.0,0.52,0.42,5.24,0.0934767577209544,1001.245226469396,13.905302179936053,72.02492327890974,0.2850877058029679,0.013959000000000013,657.9941423751453,80,Suitcase,2026-02-08T05:50:32.299623
74.1,-2.4,25.0,1373.75,6.91,1011.01,1.0,73678.2,19.8,156.0,0.52,0.42,5.24,0.0934767577209544,1001.245226469396,13.905302179936053,72.02492327890974,0.2850877058029679,0.013959000000000013,657.9941423751453,80,Suitcase,2026-02-08T05:50:32.299623
74.4,1.31,25.0,1369.36,6.89,1055.45,1.0,75252.1,19.8,156.0,0.58,0.51,5.79,0.0934767577209544,1001.245226469396,13.905302179936053,72.02492327890974,0.2850877058029679,0.013959000000000013,657.9941423751453,80,Suitcase,2026-02-08T05:50:32.299623
74.4,1.31,25.0,1369.36,6.89,1055.45,1.0,75252.1,19.8,156.0,0.58,0.51,5.79,0.0934767577209544,1001.245226469396,13.905302179936053,72.02492327890974,0.2850877058029679,0.013959000000000013,657.9941423751453,80,Suitcase,2026-02-08T05:50:32.299623
74.4,1.31,25.0,1369.36,6.89,1055.45,1.0,75252.1,19.8,156.0,0.58,0.51,5.79,0.0934767577209544,1001.245226469396,13.905302179936053,72.02492327890974,0.2850877058029679,0.013959000000000013,657.9941423751453,80,Suitcase,2026-02-08T05:50:32.299623
74.4,1.31,25.0,1369.36,6.89,1055.45,1.0,75252.1,19.8,156.0,0.58,0.51,5.79,0.0934767577209544,1001.245226469396,13.905302179936053,72.02492327890974,0.2850877058029679,0.013959000000000013,657.9941423751453,80,Suitcase,2026-02-08T05:50:32.299623
74.4,1.31,25.0,1369.36,6.89,1055.45,1.0,75252.1,19.8,156.0,0.58,0.51,5.79,0.0934767577209544,1001.245226469396,13.905302179936053,72.02492327890974,0.2850877058029679,0.013959000000000013,657.9941423751453,80,Suitcase,2026-02-08T05:50:32.299623
74.4,1.31,25.0,1369.36,6.89,1055.45,1.0,75252.1,19.8,156.0,0.58,0.51,5.79,0.0934767577209544,1001.245226469396,13.905302179936053,72.02492327890974,0.2850877058029679,0.013959000000000013,657.9941423751453,80,Suitcase,2026-02-08T05:50:32.299623
74.6,1.09,25.0,1390.6,7.01,1055.45,1.0,74954.0,19.8,156.0,0.58,0.53,5.79,0.0934767577209544,1001.245226469396,13.905302179936053,72.02492327890974,0.2850877058029679,0.013959000000000013,657.9941423751453,80,Suitcase,2026-02-08T05:50:32.299623
74.6,1.09,25.0,1390.6,7.01,1055.45,1.0,74954.0,19.8,156.0,0.58,0.53,5.79,0.0934767577209544,1001.245226469396,13.905302179936053,72.02492327890974,0.2850877058029679,0.013959000000000013,657.9941423751453,80,Suitcase,2026-02-08T05:50:32.299623
74.6,1.09,25.0,1390.6,7.01,1055.45,1.0,74954.0,19.8,156.0,0.58,0.53,5.79,0.0934767577209544,1001.245226469396,13.905302179936053,72.02492327890974,0.2850877058029679,0.013959000000000013,657.9941423751453,80,Suitcase,2026-02-08T05:50:32.299623
74.6,1.09,25.0,1390.6,7.01,1055.45,1.0,74954.0,19.8,156.0,0.58,0.53,5.79,0.0934767577209544,1001.245226469396,13.905302179936053,72.02492327890974,0.2850877058029679,0.013959000000000013,657.9941423751453,80,Suitcase,2026-02-08T05:50:32.299623
74.6,1.09,25.0,1390.6,7.01,1055.45,1.0,74954.0,19.8,156.0,0.58,0.53,5.79,0.0934767577209544,1001.245226469396,13.905302179936053,72.02492327890974,0.2850877058029679,0.013959000000000013,657.9941423751453,80,Suitcase,2026-02-08T05:50:32.299623
75.1,2.4,25.0,1443.27,7.28,1011.01,1.0,74411.7,19.8,156.0,0.55,0.49,5.48,0.0934767577209544,1001.245226469396,13.905302179936053,72.02492327890974,0.2850877058029679,0.013959000000000013,657.9941423751453,80,Suitcase,2026-02-08T05:50:32.299623
75.1,2.4,25.0,1443.27,7.28,1011.01,1.0,74411.7,19.8,156.0,0.55,0.49,5.48,0.0934767577209544,1001.245226469396,13.905302179936053,72.02492327890974,0.2850877058029679,0.013959000000000013,657.9941423751453,80,Suitcase,2026-02-08T05:50:32.299623
86.2,-0.66,25.0,1226.48,6.21,1199.88,1.0,76404.7,19.8,156.0,0.2,0.18,2.02,0.07316487008323636,883.1551895591396,13.45551940354703,65.66648454061092,0.12990381056766523,0.01126874999999998,350.8302046574658,90,Suitcase,2026-02-08T05:50:48.992768
86.2,-0.66,25.0,1226.48,6.21,1199.88,1.0,76404.7,19.8,156.0,0.2,0.18,2.02,0.07316487008323636,883.1551895591396,13.45551940354703,65.66648454061092,0.12990381056766523,0.01126874999999998,350.8302046574658,90,Suitcase,2026-02-08T05:50:48.992768
86.2,-0.66,25.0,1226.48,6.21,1199.88,1.0,76404.7,19.8,156.0,0.2,0.18,2.02,0.07316487008323636,883.1551895591396,13.45551940354703,65.66648454061092,0.12990381056766523,0.01126874999999998,350.8302046574658,90,Suitcase,2026-02-08T05:50:48.992768
86.2,-0.66,25.0,1226.48,6.21,1199.88,1.0,76404.7,19.8,156.0,0.2,0.18,2.02,0.07316487008323636,883.1551895591396,13.45551940354703,65.66648454061092,0.12990381056766523,0.01126874999999998,350.8302046574658,90,Suitcase,2026-02-08T05:50:48.992768
86.2,-0.66,25.0,1226.48,6.21,1199.88,1.0,76404.7,19.8,156.0,0.2,0.18,2.02,0.07316487008323636,883.1551895591396,13.45551940354703,65.66648454061092,0.12990381056766523,0.01126874999999998,350.8302046574658,90,Suitcase,2026-02-08T05:50:48.992768
86.2,0.0,25.0,1225.6,6.21,1166.55,1.0,75838.0,19.8,156.0,0.2,0.18,2.0,0.07316487008323636,883.1551895591396,13.45551940354703,65.66648454061092,0.12990381056766523,0.01126874999999998,350.8302046574658,90,Suitcase,2026-02-08T05:50:48.992768
86.2,0.0,25.0,1225.6,6.21,1166.55,1.0,75838.0,19.8,156.0,0.2,0.18,2.0,0.07316487008323636,883.1551895591396,13.45551940354703,65.66648454061092,0.12990381056766523,0.01126874999999998,350.8302046574658,90,Suitcase,2026-02-08T05:50:48.992768
86.2,0.0,25.0,1225.6,6.21,1166.55,1.0,75838.0,19.8,156.0,0.2,0.18,2.0,0.07316487008323636,883.1551895591396,13.45551940354703,65.66648454061092,0.12990381056766523,0.01126874999999998,350.8302046574658,90,Suitcase,2026-02-08T05:50:48.992768
86.2,0.0,25.0,1225.6,6.21,1166.55,1.0,75838.0,19.8,156.0,0.2,0.18,2.0,0.07316487008323636,883.1551895591396,13.45551940354703,65.66648454061092,0.12990381056766523,0.01126874999999998,350.8302046574658,90,Suitcase,2026-02-08T05:50:48.992768
86.2,0.0,25.0,1225.6,6.21,1166.55,1.0,75838.0,19.8,156.0,0.2,0.18,2.0,0.07316487008323636,883.1551895591396,13.45551940354703,65.66648454061092,0.12990381056766523,0.01126874999999998,350.8302046574658,90,Suitcase,2026-02-08T05:50:48.992768
86.0,-0.87,25.0,1245.13,6.3,1133.22,1.0,75533.7,19.8,156.0,0.19,0.16,1.91,0.07316487008323636,883.1551895591396,13.45551940354703,65.66648454061092,0.12990381056766523,0.01126874999999998,350.8302046574658,90,Suitcase,2026-02-08T05:50:48.992768
86.0,-0.87,25.0,1245.13,6.3,1133.22,1.0,75533.7,19.8,156.0,0.19,0.16,1.91,0.07316487008323636,883.1551895591396,13.45551940354703,65.66648454061092,0.12990381056766523,0.01126874999999998,350.8302046574658,90,Suitcase,2026-02-08T05:50:48.992768
86.0,-0.87,25.0,1245.13,6.3,1133.22,1.0,75533.7,19.8,156.0,0.19,0.16,1.91,0.07316487008323636,883.1551895591396,13.45551940354703,65.66648454061092,0.12990381056766523,0.01126874999999998,350.8302046574658,90,Suitcase,2026-02-08T05:50:48.992768
86.0,-0.87,25.0,1245.13,6.3,1133.22,1.0,75533.7,19.8,156.0,0.19,0.16,1.91,0.07316487008323636,883.1551895591396,13.45551940354703,65.66648454061092,0.12990381056766523,0.01126874999999998,350.8302046574658,90,Suitcase,2026-02-08T05:50:48.992768
86.0,-0.87,25.0,1245.13,6.3,1133.22,1.0,75533.7,19.8,156.0,0.19,0.16,1.91,0.07316487008323636,883.1551895591396,13.45551940354703,65.66648454061092,0.12990381056766523,0.01126874999999998,350.8302046574658,90,Suitcase,2026-02-08T05:50:48.992768
85.9,-0.66,25.0,1280.61,6.47,1133.22,1.0,76293.4,19.8,156.0,0.18,0.16,1.85,0.07316487008323636,883.1551895591396,13.45551940354703,65.66648454061092,0.12990381056766523,0.01126874999999998,350.8302046574658,90,Suitcase,2026-02-08T05:50:48.992768
85.9,-0.66,25.0,1280.61,6.47,1133.22,1.0,76293.4,19.8,156.0,0.18,0.16,1.85,0.07316487008323636,883.1551895591396,13.45551940354703,65.66648454061092,0.12990381056766523,0.01126874999999998,350.8302046574658,90,Suitcase,2026-02-08T05:50:48.992768
85.9,-0.66,25.0,1280.61,6.47,1133.22,1.0,76293.4,19.8,156.0,0.18,0.16,1.85,0.07316487008323636,883.1551895591396,13.45551940354703,65.66648454061092,0.12990381056766523,0.01126874999999998,350.8302046574658,90,Suitcase,2026-02-08T05:50:48.992768
85.9,-0.66,25.0,1280.61,6.47,1133.22,1.0,76293.4,19.8,156.0,0.18,0.16,1.85,0.07316487008323636,883.1551895591396,13.45551940354703,65.66648454061092,0.12990381056766523,0.01126874999999998,350.8302046574658,90,Suitcase,2026-02-08T05:50:48.992768
85.9,-0.66,25.0,1280.61,6.47,1133.22,1.0,76293.4,19.8,156.0,0.18,0.16,1.85,0.07316487008323636,883.1551895591396,13.45551940354703,65.66648454061092,0.12990381056766523,0.01126874999999998,350.8302046574658,90,Suitcase,2026-02-08T05:50:48.992768
96.4,2.4,25.0,1212.0,6.09,1066.56,1.0,70481.2,19.8,156.0,0.24,0.22,2.38,0.06215893111340911,733.8994496882558,11.127419538203261,65.95577215582382,0.19999999999999998,0.006113999999999985,214.88420666721828,100,Suitcase,2026-02-08T05:51:04.014774
96.4,2.4,25.0,1212.0,6.09,1066.56,1.0,70481.2,19.8,156.0,0.24,0.22,2.38,0.06215893111340911,733.8994496882558,11.127419538203261,65.95577215582382,0.19999999999999998,0.006113999999999985,214.88420666721828,100,Suitcase,2026-02-08T05:51:04.014774
96.4,2.4,25.0,1212.0,6.09,1066.56,1.0,70481.2,19.8,156.0,0.24,0.22,2.38,0.06215893111340911,733.8994496882558,11.127419538203261,65.95577215582382,0.19999999999999998,0.006113999999999985,214.88420666721828,100,Suitcase,2026-02-08T05:51:04.014774
96.4,2.4,25.0,1212.0,6.09,1066.56,1.0,70481.2,19.8,156.0,0.24,0.22,2.38,0.06215893111340911,733.8994496882558,11.127419538203261,65.95577215582382,0.19999999999999998,0.006113999999999985,214.88420666721828,100,Suitcase,2026-02-08T05:51:04.014774
96.4,2.4,25.0,1212.0,6.09,1066.56,1.0,70481.2,19.8,156.0,0.24,0.22,2.38,0.06215893111340911,733.8994496882558,11.127419538203261,65.95577215582382,0.19999999999999998,0.006113999999999985,214.88420666721828,100,Suitcase,2026-02-08T05:51:04.014774
96.4,2.4,25.0,1212.0,6.09,1066.56,1.0,70481.2,19.8,156.0,0.24,0.22,2.38,0.06215893111340911,733.8994496882558,11.127419538203261,65.95577215582382,0.19999999999999998,0.006113999999999985,214.88420666721828,100,Suitcase,2026-02-08T05:51:04.014774
96.4,0.0,25.0,1192.29,5.98,1077.67,1.0,71031.7,19.8,156.0,0.24,0.22,2.44,0.06215893111340911,733.8994496882558,11.127419538203261,65.95577215582382,0.19999999999999998,0.006113999999999985,214.88420666721828,100,Suitcase,2026-02-08T05:51:04.014774
96.4,0.0,25.0,1192.29,5.98,1077.67,1.0,71031.7,19.8,156.0,0.24,0.22,2.44,0.06215893111340911,733.8994496882558,11.127419538203261,65.95577215582382,0.19999999999999998,0.006113999999999985,214.88420666721828,100,Suitcase,2026-02-08T05:51:04.014774
96.4,0.0,25.0,1192.29,5.98,1077.67,1.0,71031.7,19.8,156.0,0.24,0.22,2.44,0.06215893111340911,733.8994496882558,11.127419538203261,65.95577215582382,0.19999999999999998,0.006113999999999985,214.88420666721828,100,Suitcase,2026-02-08T05:51:04.014774
96.4,0.0,25.0,1192.29,5.98,1077.67,1.0,71031.7,19.8,156.0,0.24,0.22,2.44,0.06215893111340911,733.8994496882558,11.127419538203261,65.95577215582382,0.19999999999999998,0.006113999999999985,214.88420666721828,100,Suitcase,2026-02-08T05:51:04.014774
96.4,0.0,25.0,1192.29,5.98,1077.67,1.0,71031.7,19.8,156.0,0.24,0.22,2.44,0.06215893111340911,733.8994496882558,11.127419538203261,65.95577215582382,0.19999999999999998,0.006113999999999985,214.88420666721828,100,Suitcase,2026-02-08T05:51:04.014774
96.4,-0.22,25.0,1188.19,5.96,1066.56,1.0,70643.8,19.8,156.0,0.24,0.22,2.44,0.06215893111340911,733.8994496882558,11.127419538203261,65.95577215582382,0.19999999999999998,0.006113999999999985,214.88420666721828,100,Suitcase,2026-02-08T05:51:04.014774
96.4,-0.22,25.0,1188.19,5.96,1066.56,1.0,70643.8,19.8,156.0,0.24,0.22,2.44,0.06215893111340911,733.8994496882558,11.127419538203261,65.95577215582382,0.19999999999999998,0.006113999999999985,214.88420666721828,100,Suitcase,2026-02-08T05:51:04.014774
96.4,-0.22,25.0,1188.19,5.96,1066.56,1.0,70643.8,19.8,156.0,0.24,0.22,2.44,0.06215893111340911,733.8994496882558,11.127419538203261,65.95577215582382,0.19999999999999998,0.006113999999999985,214.88420666721828,100,Suitcase,2026-02-08T05:51:04.014774
96.4,-0.22,25.0,1188.19,5.96,1066.56,1.0,70643.8,19.8,156.0,0.24,0.22,2.44,0.06215893111340911,733.8994496882558,11.127419538203261,65.95577215582382,0.19999999999999998,0.006113999999999985,214.88420666721828,100,Suitcase,2026-02-08T05:51:04.014774
96.4,-0.22,25.0,1188.19,5.96,1066.56,1.0,70643.8,19.8,156.0,0.24,0.22,2.44,0.06215893111340911,733.8994496882558,11.127419538203261,65.95577215582382,0.19999999999999998,0.006113999999999985,214.88420666721828,100,Suitcase,2026-02-08T05:51:04.014774
95.9,-1.97,25.0,1170.04,5.87,1077.67,1.0,70555.5,19.8,156.0,0.25,0.23,2.48,0.06215893111340911,733.8994496882558,11.127419538203261,65.95577215582382,0.19999999999999998,0.006113999999999985,214.88420666721828,100,Suitcase,2026-02-08T05:51:04.014774
95.9,-1.97,25.0,1170.04,5.87,1077.67,1.0,70555.5,19.8,156.0,0.25,0.23,2.48,0.06215893111340911,733.8994496882558,11.127419538203261,65.95577215582382,0.19999999999999998,0.006113999999999985,214.88420666721828,100,Suitcase,2026-02-08T05:51:04.014774
95.9,-1.97,25.0,1170.04,5.87,1077.67,1.0,70555.5,19.8,156.0,0.25,0.23,2.48,0.06215893111340911,733.8994496882558,11.127419538203261,65.95577215582382,0.19999999999999998,0.006113999999999985,214.88420666721828,100,Suitcase,2026-02-08T05:51:04.014774
95.9,-1.97,25.0,1170.04,5.87,1077.67,1.0,70555.5,19.8,156.0,0.25,0.23,2.48,0.06215893111340911,733.8994496882558,11.127419538203261,65.95577215582382,0.19999999999999998,0.006113999999999985,214.88420666721828,100,Suitcase,2026-02-08T05:51:04.014774
104.4,0.0,25.0,890.28,4.42,1610.95,1.0,59361.9,19.8,156.0,0.03,0.02,0.31,0.04077586206896551,556.6216954022989,15.54229406130268,35.83221175736527,1.4210854715202004e-14,0.031211000000000037,1039.455884814262,110,Suitcase,2026-02-08T05:51:52.845543
104.4,0.0,25.0,890.28,4.42,1610.95,1.0,59361.9,19.8,156.0,0.03,0.02,0.31,0.04077586206896551,556.6216954022989,15.54229406130268,35.83221175736527,1.4210854715202004e-14,0.031211000000000037,1039.455884814262,110,Suitcase,2026-02-08T05:51:52.845543
104.4,0.0,25.0,904.19,4.48,1588.73,1.0,58313.3,19.8,156.0,0.01,0.01,0.14,0.04077586206896551,556.6216954022989,15.54229406130268,35.83221175736527,1.4210854715202004e-14,0.031211000000000037,1039.455884814262,110,Suitcase,2026-02-08T05:51:52.845543
104.4,0.0,25.0,904.19,4.48,1588.73,1.0,58313.3,19.8,156.0,0.01,0.01,0.14,0.04077586206896551,556.6216954022989,15.54229406130268,35.83221175736527,1.4210854715202004e-14,0.031211000000000037,1039.455884814262,110,Suitcase,2026-02-08T05:51:52.845543
104.4,0.0,25.0,904.19,4.48,1588.73,1.0,58313.3,19.8,156.0,0.01,0.01,0.14,0.04077586206896551,556.6216954022989,15.54229406130268,35.83221175736527,1.4210854715202004e-14,0.031211000000000037,1039.455884814262,110,Suitcase,2026-02-08T05:51:52.845543
104.4,0.0,25.0,904.19,4.48,1588.73,1.0,58313.3,19.8,156.0,0.01,0.01,0.14,0.04077586206896551,556.6216954022989,15.54229406130268,35.83221175736527,1.4210854715202004e-14,0.031211000000000037,1039.455884814262,110,Suitcase,2026-02-08T05:51:52.845543
104.4,0.0,25.0,904.19,4.48,1588.73,1.0,58313.3,19.8,156.0,0.01,0.01,0.14,0.04077586206896551,556.6216954022989,15.54229406130268,35.83221175736527,1.4210854715202004e-14,0.031211000000000037,1039.455884814262,110,Suitcase,2026-02-08T05:51:52.845543
104.4,0.0,25.0,904.19,4.48,1588.73,1.0,58313.3,19.8,156.0,0.01,0.01,0.14,0.04077586206896551,556.6216954022989,15.54229406130268,35.83221175736527,1.4210854715202004e-14,0.031211000000000037,1039.455884814262,110,Suitcase,2026-02-08T05:51:52.845543
104.4,0.0,25.0,821.44,4.07,1699.83,1.0,59121.2,19.8,156.0,0.0,0.0,0.0,0.04077586206896551,556.6216954022989,15.54229406130268,35.83221175736527,1.4210854715202004e-14,0.031211000000000037,1039.455884814262,110,Suitcase,2026-02-08T05:51:52.845543
104.4,0.0,25.0,821.44,4.07,1699.83,1.0,59121.2,19.8,156.0,0.0,0.0,0.0,0.04077586206896551,556.6216954022989,15.54229406130268,35.83221175736527,1.4210854715202004e-14,0.031211000000000037,1039.455884814262,110,Suitcase,2026-02-08T05:51:52.845543
104.4,0.0,25.0,821.44,4.07,1699.83,1.0,59121.2,19.8,156.0,0.0,0.0,0.0,0.04077586206896551,556.6216954022989,15.54229406130268,35.83221175736527,1.4210854715202004e-14,0.031211000000000037,1039.455884814262,110,Suitcase,2026-02-08T05:51:52.845543
104.4,0.0,25.0,821.44,4.07,1699.83,1.0,59121.2,19.8,156.0,0.0,0.0,0.0,0.04077586206896551,556.6216954022989,15.54229406130268,35.83221175736527,1.4210854715202004e-14,0.031211000000000037,1039.455884814262,110,Suitcase,2026-02-08T05:51:52.845543
104.4,0.0,25.0,821.44,4.07,1699.83,1.0,59121.2,19.8,156.0,0.0,0.0,0.0,0.04077586206896551,556.6216954022989,15.54229406130268,35.83221175736527,1.4210854715202004e-14,0.031211000000000037,1039.455884814262,110,Suitcase,2026-02-08T05:51:52.845543
104.4,0.0,25.0,834.35,4.13,1610.95,1.0,57086.7,19.8,156.0,0.0,0.0,0.0,0.04077586206896551,556.6216954022989,15.54229406130268,35.83221175736527,1.4210854715202004e-14,0.031211000000000037,1039.455884814262,110,Suitcase,2026-02-08T05:51:52.845543
104.4,0.0,25.0,834.35,4.13,1610.95,1.0,57086.7,19.8,156.0,0.0,0.0,0.0,0.04077586206896551,556.6216954022989,15.54229406130268,35.83221175736527,1.4210854715202004e-14,0.031211000000000037,1039.455884814262,110,Suitcase,2026-02-08T05:51:52.845543
104.4,0.0,25.0,834.35,4.13,1610.95,1.0,57086.7,19.8,156.0,0.0,0.0,0.0,0.04077586206896551,556.6216954022989,15.54229406130268,35.83221175736527,1.4210854715202004e-14,0.031211000000000037,1039.455884814262,110,Suitcase,2026-02-08T05:51:52.845543
104.4,0.0,25.0,834.35,4.13,1610.95,1.0,57086.7,19.8,156.0,0.0,0.0,0.0,0.04077586206896551,556.6216954022989,15.54229406130268,35.83221175736527,1.4210854715202004e-14,0.031211000000000037,1039.455884814262,110,Suitcase,2026-02-08T05:51:52.845543
104.4,0.0,25.0,834.35,4.13,1610.95,1.0,57086.7,19.8,156.0,0.0,0.0,0.0,0.04077586206896551,556.6216954022989,15.54229406130268,35.83221175736527,1.4210854715202004e-14,0.031211000000000037,1039.455884814262,110,Suitcase,2026-02-08T05:51:52.845543
104.4,0.0,25.0,834.35,4.13,1610.95,1.0,57086.7,19.8,156.0,0.0,0.0,0.0,0.04077586206896551,556.6216954022989,15.54229406130268,35.83221175736527,1.4210854715202004e-14,0.031211000000000037,1039.455884814262,110,Suitcase,2026-02-08T05:51:52.845543
104.4,0.0,25.0,866.68,4.29,1533.18,1.0,55496.3,19.8,156.0,0.0,0.0,0.0,0.04077586206896551,556.6216954022989,15.54229406130268,35.83221175736527,1.4210854715202004e-14,0.031211000000000037,1039.455884814262,110,Suitcase,2026-02-08T05:51:52.845543
113.7,-0.44,25.0,824.28,4.11,1788.71,1.0,63188.5,19.8,156.0,0.03,0.02,0.29,0.037525438557969,531.4807383500593,14.6173418189918,36.52742670021638,0.07000000000000048,0.010768749999999999,3185.860643531038,120,Suitcase,2026-02-08T05:52:37.677716
113.7,-0.44,25.0,824.28,4.11,1788.71,1.0,63188.5,19.8,156.0,0.03,0.02,0.29,0.037525438557969,531.4807383500593,14.6173418189918,36.52742670021638,0.07000000000000048,0.010768749999999999,3185.860643531038,120,Suitcase,2026-02-08T05:52:37.677716
113.7,-0.44,25.0,824.28,4.11,1788.71,1.0,63188.5,19.8,156.0,0.03,0.02,0.29,0.037525438557969,531.4807383500593,14.6173418189918,36.52742670021638,0.07000000000000048,0.010768749999999999,3185.860643531038,120,Suitcase,2026-02-08T05:52:37.677716
113.7,-0.44,25.0,824.28,4.11,1788.71,1.0,63188.5,19.8,156.0,0.03,0.02,0.29,0.037525438557969,531.4807383500593,14.6173418189918,36.52742670021638,0.07000000000000048,0.010768749999999999,3185.860643531038,120,Suitcase,2026-02-08T05:52:37.677716
113.6,-0.44,25.0,863.64,4.31,1755.38,1.0,62302.7,19.8,156.0,0.06,0.05,0.61,0.037525438557969,531.4807383500593,14.6173418189918,36.52742670021638,0.07000000000000048,0.010768749999999999,3185.860643531038,120,Suitcase,2026-02-08T05:52:37.677716
113.6,-0.44,25.0,863.64,4.31,1755.38,1.0,62302.7,19.8,156.0,0.06,0.05,0.61,0.037525438557969,531.4807383500593,14.6173418189918,36.52742670021638,0.07000000000000048,0.010768749999999999,3185.860643531038,120,Suitcase,2026-02-08T05:52:37.677716
113.6,-0.44,25.0,863.64,4.31,1755.38,1.0,62302.7,19.8,156.0,0.06,0.05,0.61,0.037525438557969,531.4807383500593,14.6173418189918,36.52742670021638,0.07000000000000048,0.010768749999999999,3185.860643531038,120,Suitcase,2026-02-08T05:52:37.677716
113.6,-0.44,25.0,863.64,4.31,1755.38,1.0,62302.7,19.8,156.0,0.06,0.05,0.61,0.037525438557969,531.4807383500593,14.6173418189918,36.52742670021638,0.07000000000000048,0.010768749999999999,3185.860643531038,120,Suitcase,2026-02-08T05:52:37.677716
113.6,-0.44,25.0,863.64,4.31,1755.38,1.0,62302.7,19.8,156.0,0.06,0.05,0.61,0.037525438557969,531.4807383500593,14.6173418189918,36.52742670021638,0.07000000000000048,0.010768749999999999,3185.860643531038,120,Suitcase,2026-02-08T05:52:37.677716
113.6,0.0,25.0,883.21,4.4,1388.75,1.0,54961.1,19.8,156.0,0.08,0.07,0.77,0.037525438557969,531.4807383500593,14.6173418189918,36.52742670021638,0.07000000000000048,0.010768749999999999,3185.860643531038,120,Suitcase,2026-02-08T05:52:37.677716
113.6,0.0,25.0,883.21,4.4,1388.75,1.0,54961.1,19.8,156.0,0.08,0.07,0.77,0.037525438557969,531.4807383500593,14.6173418189918,36.52742670021638,0.07000000000000048,0.010768749999999999,3185.860643531038,120,Suitcase,2026-02-08T05:52:37.677716
113.6,0.0,25.0,883.21,4.4,1388.75,1.0,54961.1,19.8,156.0,0.08,0.07,0.77,0.037525438557969,531.4807383500593,14.6173418189918,36.52742670021638,0.07000000000000048,0.010768749999999999,3185.860643531038,120,Suitcase,2026-02-08T05:52:37.677716
113.6,0.0,25.0,883.21,4.4,1388.75,1.0,54961.1,19.8,156.0,0.08,0.07,0.77,0.037525438557969,531.4807383500593,14.6173418189918,36.52742670021638,0.07000000000000048,0.010768749999999999,3185.860643531038,120,Suitcase,2026-02-08T05:52:37.677716
113.6,0.0,25.0,883.21,4.4,1388.75,1.0,54961.1,19.8,156.0,0.08,0.07,0.77,0.037525438557969,531.4807383500593,14.6173418189918,36.52742670021638,0.07000000000000048,0.010768749999999999,3185.860643531038,120,Suitcase,2026-02-08T05:52:37.677716
113.5,-0.44,25.0,843.85,4.21,1722.05,1.0,61391.5,19.8,156.0,0.1,0.09,1.03,0.037525438557969,531.4807383500593,14.6173418189918,36.52742670021638,0.07000000000000048,0.010768749999999999,3185.860643531038,120,Suitcase,2026-02-08T05:52:37.677716
113.5,-0.44,25.0,843.85,4.21,1722.05,1.0,61391.5,19.8,156.0,0.1,0.09,1.03,0.037525438557969,531.4807383500593,14.6173418189918,36.52742670021638,0.07000000000000048,0.010768749999999999,3185.860643531038,120,Suitcase,2026-02-08T05:52:37.677716
113.5,-0.44,25.0,843.85,4.21,1722.05,1.0,61391.5,19.8,156.0,0.1,0.09,1.03,0.037525438557969,531.4807383500593,14.6173418189918,36.52742670021638,0.07000000000000048,0.010768749999999999,3185.860643531038,120,Suitcase,2026-02-08T05:52:37.677716
113.5,-0.44,25.0,843.85,4.21,1722.05,1.0,61391.5,19.8,156.0,0.1,0.09,1.03,0.037525438557969,531.4807383500593,14.6173418189918,36.52742670021638,0.07000000000000048,0.010768749999999999,3185.860643531038,120,Suitcase,2026-02-08T05:52:37.677716
113.5,-0.44,25.0,843.85,4.21,1722.05,1.0,61391.5,19.8,156.0,0.1,0.09,1.03,0.037525438557969,531.4807383500593,14.6173418189918,36.52742670021638,0.07000000000000048,0.010768749999999999,3185.860643531038,120,Suitcase,2026-02-08T05:52:37.677716
113.5,-0.44,25.0,843.85,4.21,1722.05,1.0,61391.5,19.8,156.0,0.1,0.09,1.03,0.037525438557969,531.4807383500593,14.6173418189918,36.52742670021638,0.07000000000000048,0.010768749999999999,3185.860643531038,120,Suitcase,2026-02-08T05:52:37.677716
124.0,0.44,25.0,1021.07,5.14,1199.88,1.0,60156.0,19.8,156.0,0.05,0.04,0.5,0.04224211743910998,478.2703921460321,9.431861804995972,50.729404659391506,0.04769696007084457,0.006474749999999994,775.2949895846086,130,Suitcase,2026-02-08T05:53:00.429627
124.0,0.44,25.0,1021.07,5.14,1199.88,1.0,60156.0,19.8,156.0,0.05,0.04,0.5,0.04224211743910998,478.2703921460321,9.431861804995972,50.729404659391506,0.04769696007084457,0.006474749999999994,775.2949895846086,130,Suitcase,2026-02-08T05:53:00.429627
124.0,0.44,25.0,1021.07,5.14,1199.88,1.0,60156.0,19.8,156.0,0.05,0.04,0.5,0.04224211743910998,478.2703921460321,9.431861804995972,50.729404659391506,0.04769696007084457,0.006474749999999994,775.2949895846086,130,Suitcase,2026-02-08T05:53:00.429627
124.0,-0.22,25.0,1033.38,5.2,1188.77,1.0,59605.6,19.8,156.0,0.04,0.03,0.43,0.04224211743910998,478.2703921460321,9.431861804995972,50.729404659391506,0.04769696007084457,0.006474749999999994,775.2949895846086,130,Suitcase,2026-02-08T05:53:00.429627
124.0,-0.22,25.0,1033.38,5.2,1188.77,1.0,59605.6,19.8,156.0,0.04,0.03,0.43,0.04224211743910998,478.2703921460321,9.431861804995972,50.729404659391506,0.04769696007084457,0.006474749999999994,775.2949895846086,130,Suitcase,2026-02-08T05:53:00.429627
124.0,-0.22,25.0,1033.38,5.2,1188.77,1.0,59605.6,19.8,156.0,0.04,0.03,0.43,0.04224211743910998,478.2703921460321,9.431861804995972,50.729404659391506,0.04769696007084457,0.006474749999999994,775.2949895846086,130,Suitcase,2026-02-08T05:53:00.429627
124.0,-0.22,25.0,1033.38,5.2,1188.77,1.0,59605.6,19.8,156.0,0.04,0.03,0.43,0.04224211743910998,478.2703921460321,9.431861804995972,50.729404659391506,0.04769696007084457,0.006474749999999994,775.2949895846086,130,Suitcase,2026-02-08T05:53:00.429627
124.0,-0.22,25.0,1033.38,5.2,1188.77,1.0,59605.6,19.8,156.0,0.04,0.03,0.43,0.04224211743910998,478.2703921460321,9.431861804995972,50.729404659391506,0.04769696007084457,0.006474749999999994,775.2949895846086,130,Suitcase,2026-02-08T05:53:00.429627
124.0,0.22,25.0,1061.87,5.34,1122.11,1.0,58212.9,19.8,156.0,0.05,0.04,0.51,0.04224211743910998,478.2703921460321,9.431861804995972,50.729404659391506,0.04769696007084457,0.006474749999999994,775.2949895846086,130,Suitcase,2026-02-08T05:53:00.429627
124.0,0.22,25.0,1061.87,5.34,1122.11,1.0,58212.9,19.8,156.0,0.05,0.04,0.51,0.04224211743910998,478.2703921460321,9.431861804995972,50.729404659391506,0.04769696007084457,0.006474749999999994,775.2949895846086,130,Suitcase,2026-02-08T05:53:00.429627
124.0,0.22,25.0,1061.87,5.34,1122.11,1.0,58212.9,19.8,156.0,0.05,0.04,0.51,0.04224211743910998,478.2703921460321,9.431861804995972,50.729404659391506,0.04769696007084457,0.006474749999999994,775.2949895846086,130,Suitcase,2026-02-08T05:53:00.429627
124.0,0.22,25.0,1061.87,5.34,1122.11,1.0,58212.9,19.8,156.0,0.05,0.04,0.51,0.04224211743910998,478.2703921460321,9.431861804995972,50.729404659391506,0.04769696007084457,0.006474749999999994,775.2949895846086,130,Suitcase,2026-02-08T05:53:00.429627
124.0,0.22,25.0,1061.87,5.34,1122.11,1.0,58212.9,19.8,156.0,0.05,0.04,0.51,0.04224211743910998,478.2703921460321,9.431861804995972,50.729404659391506,0.04769696007084457,0.006474749999999994,775.2949895846086,130,Suitcase,2026-02-08T05:53:00.429627
124.1,0.44,25.0,1047.63,5.27,1166.55,1.0,59287.8,19.8,156.0,0.07,0.06,0.74,0.04224211743910998,478.2703921460321,9.431861804995972,50.729404659391506,0.04769696007084457,0.006474749999999994,775.2949895846086,130,Suitcase,2026-02-08T05:53:00.429627
124.1,0.44,25.0,1047.63,5.27,1166.55,1.0,59287.8,19.8,156.0,0.07,0.06,0.74,0.04224211743910998,478.2703921460321,9.431861804995972,50.729404659391506,0.04769696007084457,0.006474749999999994,775.2949895846086,130,Suitcase,2026-02-08T05:53:00.429627
124.1,0.44,25.0,1047.63,5.27,1166.55,1.0,59287.8,19.8,156.0,0.07,0.06,0.74,0.04224211743910998,478.2703921460321,9.431861804995972,50.729404659391506,0.04769696007084457,0.006474749999999994,775.2949895846086,130,Suitcase,2026-02-08T05:53:00.429627
124.1,0.44,25.0,1047.63,5.27,1166.55,1.0,59287.8,19.8,156.0,0.07,0.06,0.74,0.04224211743910998,478.2703921460321,9.431861804995972,50.729404659391506,0.04769696007084457,0.006474749999999994,775.2949895846086,130,Suitcase,2026-02-08T05:53:00.429627
124.1,0.44,25.0,1047.63,5.27,1166.55,1.0,59287.8,19.8,156.0,0.07,0.06,0.74,0.04224211743910998,478.2703921460321,9.431861804995972,50.729404659391506,0.04769696007084457,0.006474749999999994,775.2949895846086,130,Suitcase,2026-02-08T05:53:00.429627
124.1,0.44,25.0,1047.63,5.27,1166.55,1.0,59287.8,19.8,156.0,0.07,0.06,0.74,0.04224211743910998,478.2703921460321,9.431861804995972,50.729404659391506,0.04769696007084457,0.006474749999999994,775.2949895846086,130,Suitcase,2026-02-08T05:53:00.429627
124.1,-0.22,25.0,1002.7,5.05,1244.32,1.0,61159.2,19.8,156.0,0.08,0.07,0.77,0.04224211743910998,478.2703921460321,9.431861804995972,50.729404659391506,0.04769696007084457,0.006474749999999994,775.2949895846086,130,Suitcase,2026-02-08T05:53:00.429627
134.8,0.0,25.0,1253.66,6.25,1077.67,1.0,67671.1,19.8,156.0,0.03,0.03,0.31,0.04732141678746539,500.8434045825791,7.907782539764591,63.34582682384134,0.04330127018921947,0.009668750000000004,471.331843688712,140,Suitcase,2026-02-08T05:53:39.361124
134.8,0.0,25.0,1253.66,6.25,1077.67,1.0,67671.1,19.8,156.0,0.03,0.03,0.31,0.04732141678746539,500.8434045825791,7.907782539764591,63.34582682384134,0.04330127018921947,0.009668750000000004,471.331843688712,140,Suitcase,2026-02-08T05:53:39.361124
134.8,0.0,25.0,1253.66,6.25,1077.67,1.0,67671.1,19.8,156.0,0.03,0.03,0.31,0.04732141678746539,500.8434045825791,7.907782539764591,63.34582682384134,0.04330127018921947,0.009668750000000004,471.331843688712,140,Suitcase,2026-02-08T05:53:39.361124
134.8,0.0,25.0,1253.66,6.25,1077.67,1.0,67671.1,19.8,156.0,0.03,0.03,0.31,0.04732141678746539,500.8434045825791,7.907782539764591,63.34582682384134,0.04330127018921947,0.009668750000000004,471.331843688712,140,Suitcase,2026-02-08T05:53:39.361124
134.8,0.0,25.0,1253.66,6.25,1077.67,1.0,67671.1,19.8,156.0,0.03,0.03,0.31,0.04732141678746539,500.8434045825791,7.907782539764591,63.34582682384134,0.04330127018921947,0.009668750000000004,471.331843688712,140,Suitcase,2026-02-08T05:53:39.361124
134.9,0.22,25.0,1302.59,6.5,1044.34,1.0,66886.3,19.8,156.0,0.03,0.03,0.32,0.04732141678746539,500.8434045825791,7.907782539764591,63.34582682384134,0.04330127018921947,0.009668750000000004,471.331843688712,140,Suitcase,2026-02-08T05:53:39.361124
134.9,0.22,25.0,1302.59,6.5,1044.34,1.0,66886.3,19.8,156.0,0.03,0.03,0.32,0.04732141678746539,500.8434045825791,7.907782539764591,63.34582682384134,0.04330127018921947,0.009668750000000004,471.331843688712,140,Suitcase,2026-02-08T05:53:39.361124
134.9,0.22,25.0,1302.59,6.5,1044.34,1.0,66886.3,19.8,156.0,0.03,0.03,0.32,0.04732141678746539,500.8434045825791,7.907782539764591,63.34582682384134,0.04330127018921947,0.009668750000000004,471.331843688712,140,Suitcase,2026-02-08T05:53:39.361124
134.9,0.22,25.0,1302.59,6.5,1044.34,1.0,66886.3,19.8,156.0,0.03,0.03,0.32,0.04732141678746539,500.8434045825791,7.907782539764591,63.34582682384134,0.04330127018921947,0.009668750000000004,471.331843688712,140,Suitcase,2026-02-08T05:53:39.361124
134.9,0.22,25.0,1302.59,6.5,1044.34,1.0,66886.3,19.8,156.0,0.03,0.03,0.32,0.04732141678746539,500.8434045825791,7.907782539764591,63.34582682384134,0.04330127018921947,0.009668750000000004,471.331843688712,140,Suitcase,2026-02-08T05:53:39.361124
134.9,0.22,25.0,1292.43,6.45,1055.45,1.0,67447.2,19.8,156.0,0.04,0.03,0.45,0.04732141678746539,500.8434045825791,7.907782539764591,63.34582682384134,0.04330127018921947,0.009668750000000004,471.331843688712,140,Suitcase,2026-02-08T05:53:39.361124
134.9,0.22,25.0,1292.43,6.45,1055.45,1.0,67447.2,19.8,156.0,0.04,0.03,0.45,0.04732141678746539,500.8434045825791,7.907782539764591,63.34582682384134,0.04330127018921947,0.009668750000000004,471.331843688712,140,Suitcase,2026-02-08T05:53:39.361124
134.9,0.22,25.0,1292.43,6.45,1055.45,1.0,67447.2,19.8,156.0,0.04,0.03,0.45,0.04732141678746539,500.8434045825791,7.907782539764591,63.34582682384134,0.04330127018921947,0.009668750000000004,471.331843688712,140,Suitcase,2026-02-08T05:53:39.361124
134.9,0.22,25.0,1292.43,6.45,1055.45,1.0,67447.2,19.8,156.0,0.04,0.03,0.45,0.04732141678746539,500.8434045825791,7.907782539764591,63.34582682384134,0.04330127018921947,0.009668750000000004,471.331843688712,140,Suitcase,2026-02-08T05:53:39.361124
134.9,0.22,25.0,1292.43,6.45,1055.45,1.0,67447.2,19.8,156.0,0.04,0.03,0.45,0.04732141678746539,500.8434045825791,7.907782539764591,63.34582682384134,0.04330127018921947,0.009668750000000004,471.331843688712,140,Suitcase,2026-02-08T05:53:39.361124
134.9,-0.22,25.0,1270.23,6.33,1088.78,1.0,68200.3,19.8,156.0,0.05,0.04,0.48,0.04732141678746539,500.8434045825791,7.907782539764591,63.34582682384134,0.04330127018921947,0.009668750000000004,471.331843688712,140,Suitcase,2026-02-08T05:53:39.361124
134.9,-0.22,25.0,1270.23,6.33,1088.78,1.0,68200.3,19.8,156.0,0.05,0.04,0.48,0.04732141678746539,500.8434045825791,7.907782539764591,63.34582682384134,0.04330127018921947,0.009668750000000004,471.331843688712,140,Suitcase,2026-02-08T05:53:39.361124
134.9,-0.22,25.0,1270.23,6.33,1088.78,1.0,68200.3,19.8,156.0,0.05,0.04,0.48,0.04732141678746539,500.8434045825791,7.907782539764591,63.34582682384134,0.04330127018921947,0.009668750000000004,471.331843688712,140,Suitcase,2026-02-08T05:53:39.361124
134.9,-0.22,25.0,1270.23,6.33,1088.78,1.0,68200.3,19.8,156.0,0.05,0.04,0.48,0.04732141678746539,500.8434045825791,7.907782539764591,63.34582682384134,0.04330127018921947,0.009668750000000004,471.331843688712,140,Suitcase,2026-02-08T05:53:39.361124
134.9,-0.22,25.0,1270.23,6.33,1088.78,1.0,68200.3,19.8,156.0,0.05,0.04,0.48,0.04732141678746539,500.8434045825791,7.907782539764591,63.34582682384134,0.04330127018921947,0.009668750000000004,471.331843688712,140,Suitcase,2026-02-08T05:53:39.361124
144.0,-0.44,25.0,900.57,4.57,1044.34,1.0,46833.9,19.8,156.0,0.08,0.07,0.82,0.032577571998612075,320.39400563362625,7.005001060220526,45.746113514723774,0.029999999999998295,0.00852275000000002,348.6897954844684,150,Suitcase,2026-02-08T05:54:40.085404
144.0,-0.44,25.0,900.57,4.57,1044.34,1.0,46833.9,19.8,156.0,0.08,0.07,0.82,0.032577571998612075,320.39400563362625,7.005001060220526,45.746113514723774,0.029999999999998295,0.00852275000000002,348.6897954844684,150,Suitcase,2026-02-08T05:54:40.085404
144.0,0.0,25.0,925.23,4.69,1022.12,1.0,46434.1,19.8,156.0,0.06,0.05,0.56,0.032577571998612075,320.39400563362625,7.005001060220526,45.746113514723774,0.029999999999998295,0.00852275000000002,348.6897954844684,150,Suitcase,2026-02-08T05:54:40.085404
144.0,0.0,25.0,925.23,4.69,1022.12,1.0,46434.1,19.8,156.0,0.06,0.05,0.56,0.032577571998612075,320.39400563362625,7.005001060220526,45.746113514723774,0.029999999999998295,0.00852275000000002,348.6897954844684,150,Suitcase,2026-02-08T05:54:40.085404
144.0,0.0,25.0,925.23,4.69,1022.12,1.0,46434.1,19.8,156.0,0.06,0.05,0.56,0.032577571998612075,320.39400563362625,7.005001060220526,45.746113514723774,0.029999999999998295,0.00852275000000002,348.6897954844684,150,Suitcase,2026-02-08T05:54:40.085404
144.0,0.0,25.0,925.23,4.69,1022.12,1.0,46434.1,19.8,156.0,0.06,0.05,0.56,0.032577571998612075,320.39400563362625,7.005001060220526,45.746113514723774,0.029999999999998295,0.00852275000000002,348.6897954844684,150,Suitcase,2026-02-08T05:54:40.085404
144.0,0.0,25.0,925.23,4.69,1022.12,1.0,46434.1,19.8,156.0,0.06,0.05,0.56,0.032577571998612075,320.39400563362625,7.005001060220526,45.746113514723774,0.029999999999998295,0.00852275000000002,348.6897954844684,150,Suitcase,2026-02-08T05:54:40.085404
144.0,0.0,25.0,925.23,4.69,1022.12,1.0,46434.1,19.8,156.0,0.06,0.05,0.56,0.032577571998612075,320.39400563362625,7.005001060220526,45.746113514723774,0.029999999999998295,0.00852275000000002,348.6897954844684,150,Suitcase,2026-02-08T05:54:40.085404
144.0,0.22,25.0,951.25,4.82,999.9,1.0,45913.7,19.8,156.0,0.04,0.04,0.44,0.032577571998612075,320.39400563362625,7.005001060220526,45.746113514723774,0.029999999999998295,0.00852275000000002,348.6897954844684,150,Suitcase,2026-02-08T05:54:40.085404
144.0,0.22,25.0,951.25,4.82,999.9,1.0,45913.7,19.8,156.0,0.04,0.04,0.44,0.032577571998612075,320.39400563362625,7.005001060220526,45.746113514723774,0.029999999999998295,0.00852275000000002,348.6897954844684,150,Suitcase,2026-02-08T05:54:40.085404
144.0,0.22,25.0,951.25,4.82,999.9,1.0,45913.7,19.8,156.0,0.04,0.04,0.44,0.032577571998612075,320.39400563362625,7.005001060220526,45.746113514723774,0.029999999999998295,0.00852275000000002,348.6897954844684,150,Suitcase,2026-02-08T05:54:40.085404
144.0,0.22,25.0,951.25,4.82,999.9,1.0,45913.7,19.8,156.0,0.04,0.04,0.44,0.032577571998612075,320.39400563362625,7.005001060220526,45.746113514723774,0.029999999999998295,0.00852275000000002,348.6897954844684,150,Suitcase,2026-02-08T05:54:40.085404
144.0,0.22,25.0,951.25,4.82,999.9,1.0,45913.7,19.8,156.0,0.04,0.04,0.44,0.032577571998612075,320.39400563362625,7.005001060220526,45.746113514723774,0.029999999999998295,0.00852275000000002,348.6897954844684,150,Suitcase,2026-02-08T05:54:40.085404
144.0,-0.22,25.0,905.72,4.59,999.9,1.0,45930.0,19.8,156.0,0.04,0.03,0.38,0.032577571998612075,320.39400563362625,7.005001060220526,45.746113514723774,0.029999999999998295,0.00852275000000002,348.6897954844684,150,Suitcase,2026-02-08T05:54:40.085404
144.0,-0.22,25.0,905.72,4.59,999.9,1.0,45930.0,19.8,156.0,0.04,0.03,0.38,0.032577571998612075,320.39400563362625,7.005001060220526,45.746113514723774,0.029999999999998295,0.00852275000000002,348.6897954844684,150,Suitcase,2026-02-08T05:54:40.085404
144.0,-0.22,25.0,905.72,4.59,999.9,1.0,45930.0,19.8,156.0,0.04,0.03,0.38,0.032577571998612075,320.39400563362625,7.005001060220526,45.746113514723774,0.029999999999998295,0.00852275000000002,348.6897954844684,150,Suitcase,2026-02-08T05:54:40.085404
144.0,-0.22,25.0,905.72,4.59,999.9,1.0,45930.0,19.8,156.0,0.04,0.03,0.38,0.032577571998612075,320.39400563362625,7.005001060220526,45.746113514723774,0.029999999999998295,0.00852275000000002,348.6897954844684,150,Suitcase,2026-02-08T05:54:40.085404
144.0,-0.22,25.0,905.72,4.59,999.9,1.0,45930.0,19.8,156.0,0.04,0.03,0.38,0.032577571998612075,320.39400563362625,7.005001060220526,45.746113514723774,0.029999999999998295,0.00852275000000002,348.6897954844684,150,Suitcase,2026-02-08T05:54:40.085404
144.1,0.44,25.0,937.64,4.75,977.68,1.0,45653.6,19.8,156.0,0.03,0.03,0.33,0.032577571998612075,320.39400563362625,7.005001060220526,45.746113514723774,0.029999999999998295,0.00852275000000002,348.6897954844684,150,Suitcase,2026-02-08T05:54:40.085404
144.1,0.44,25.0,937.64,4.75,977.68,1.0,45653.6,19.8,156.0,0.03,0.03,0.33,0.032577571998612075,320.39400563362625,7.005001060220526,45.746113514723774,0.029999999999998295,0.00852275000000002,348.6897954844684,150,Suitcase,2026-02-08T05:54:40.085404
153.4,-1.75,25.0,1242.23,6.31,1133.22,1.0,68231.6,19.8,156.0,0.31,0.25,3.13,0.04020384929038033,455.96384597582676,7.7094045586557325,59.16263396827694,0.1989974874213268,0.011214000000000007,1047.6051892172914,160,Suitcase,2026-02-08T05:55:03.408382
153.4,-1.75,25.0,1242.23,6.31,1133.22,1.0,68231.6,19.8,156.0,0.31,0.25,3.13,0.04020384929038033,455.96384597582676,7.7094045586557325,59.16263396827694,0.1989974874213268,0.011214000000000007,1047.6051892172914,160,Suitcase,2026-02-08T05:55:03.408382
153.4,-1.75,25.0,1242.23,6.31,1133.22,1.0,68231.6,19.8,156.0,0.31,0.25,3.13,0.04020384929038033,455.96384597582676,7.7094045586557325,59.16263396827694,0.1989974874213268,0.011214000000000007,1047.6051892172914,160,Suitcase,2026-02-08T05:55:03.408382
153.4,-1.75,25.0,1242.23,6.31,1133.22,1.0,68231.6,19.8,156.0,0.31,0.25,3.13,0.04020384929038033,455.96384597582676,7.7094045586557325,59.16263396827694,0.1989974874213268,0.011214000000000007,1047.6051892172914,160,Suitcase,2026-02-08T05:55:03.408382
153.8,1.75,25.0,1182.4,6.01,1166.55,1.0,69646.6,19.8,156.0,0.26,0.22,2.61,0.04020384929038033,455.96384597582676,7.7094045586557325,59.16263396827694,0.1989974874213268,0.011214000000000007,1047.6051892172914,160,Suitcase,2026-02-08T05:55:03.408382
153.8,1.75,25.0,1182.4,6.01,1166.55,1.0,69646.6,19.8,156.0,0.26,0.22,2.61,0.04020384929038033,455.96384597582676,7.7094045586557325,59.16263396827694,0.1989974874213268,0.011214000000000007,1047.6051892172914,160,Suitcase,2026-02-08T05:55:03.408382
153.8,1.75,25.0,1182.4,6.01,1166.55,1.0,69646.6,19.8,156.0,0.26,0.22,2.61,0.04020384929038033,455.96384597582676,7.7094045586557325,59.16263396827694,0.1989974874213268,0.011214000000000007,1047.6051892172914,160,Suitcase,2026-02-08T05:55:03.408382
153.8,1.75,25.0,1182.4,6.01,1166.55,1.0,69646.6,19.8,156.0,0.26,0.22,2.61,0.04020384929038033,455.96384597582676,7.7094045586557325,59.16263396827694,0.1989974874213268,0.011214000000000007,1047.6051892172914,160,Suitcase,2026-02-08T05:55:03.408382
153.8,1.75,25.0,1182.4,6.01,1166.55,1.0,69646.6,19.8,156.0,0.26,0.22,2.61,0.04020384929038033,455.96384597582676,7.7094045586557325,59.16263396827694,0.1989974874213268,0.011214000000000007,1047.6051892172914,160,Suitcase,2026-02-08T05:55:03.408382
153.8,0.0,25.0,1216.68,6.18,1210.99,1.0,71013.5,19.8,156.0,0.25,0.2,2.51,0.04020384929038033,455.96384597582676,7.7094045586557325,59.16263396827694,0.1989974874213268,0.011214000000000007,1047.6051892172914,160,Suitcase,2026-02-08T05:55:03.408382
153.8,0.0,25.0,1216.68,6.18,1210.99,1.0,71013.5,19.8,156.0,0.25,0.2,2.51,0.04020384929038033,455.96384597582676,7.7094045586557325,59.16263396827694,0.1989974874213268,0.011214000000000007,1047.6051892172914,160,Suitcase,2026-02-08T05:55:03.408382
153.8,0.0,25.0,1216.68,6.18,1210.99,1.0,71013.5,19.8,156.0,0.25,0.2,2.51,0.04020384929038033,455.96384597582676,7.7094045586557325,59.16263396827694,0.1989974874213268,0.011214000000000007,1047.6051892172914,160,Suitcase,2026-02-08T05:55:03.408382
153.8,0.0,25.0,1216.68,6.18,1210.99,1.0,71013.5,19.8,156.0,0.25,0.2,2.51,0.04020384929038033,455.96384597582676,7.7094045586557325,59.16263396827694,0.1989974874213268,0.011214000000000007,1047.6051892172914,160,Suitcase,2026-02-08T05:55:03.408382
153.8,0.0,25.0,1216.68,6.18,1210.99,1.0,71013.5,19.8,156.0,0.25,0.2,2.51,0.04020384929038033,455.96384597582676,7.7094045586557325,59.16263396827694,0.1989974874213268,0.011214000000000007,1047.6051892172914,160,Suitcase,2026-02-08T05:55:03.408382
153.8,0.0,25.0,1216.68,6.18,1210.99,1.0,71013.5,19.8,156.0,0.25,0.2,2.51,0.04020384929038033,455.96384597582676,7.7094045586557325,59.16263396827694,0.1989974874213268,0.011214000000000007,1047.6051892172914,160,Suitcase,2026-02-08T05:55:03.408382
153.4,-1.75,25.0,1226.75,6.23,1210.99,1.0,70734.1,19.8,156.0,0.29,0.22,2.87,0.04020384929038033,455.96384597582676,7.7094045586557325,59.16263396827694,0.1989974874213268,0.011214000000000007,1047.6051892172914,160,Suitcase,2026-02-08T05:55:03.408382
153.4,-1.75,25.0,1226.75,6.23,1210.99,1.0,70734.1,19.8,156.0,0.29,0.22,2.87,0.04020384929038033,455.96384597582676,7.7094045586557325,59.16263396827694,0.1989974874213268,0.011214000000000007,1047.6051892172914,160,Suitcase,2026-02-08T05:55:03.408382
153.4,-1.75,25.0,1226.75,6.23,1210.99,1.0,70734.1,19.8,156.0,0.29,0.22,2.87,0.04020384929038033,455.96384597582676,7.7094045586557325,59.16263396827694,0.1989974874213268,0.011214000000000007,1047.6051892172914,160,Suitcase,2026-02-08T05:55:03.408382
153.4,-1.75,25.0,1226.75,6.23,1210.99,1.0,70734.1,19.8,156.0,0.29,0.22,2.87,0.04020384929038033,455.96384597582676,7.7094045586557325,59.16263396827694,0.1989974874213268,0.011214000000000007,1047.6051892172914,160,Suitcase,2026-02-08T05:55:03.408382
153.4,-1.75,25.0,1226.75,6.23,1210.99,1.0,70734.1,19.8,156.0,0.29,0.22,2.87,0.04020384929038033,455.96384597582676,7.7094045586557325,59.16263396827694,0.1989974874213268,0.011214000000000007,1047.6051892172914,160,Suitcase,2026-02-08T05:55:03.408382
163.7,-1.53,25.0,1321.31,6.59,1122.11,1.0,74580.8,19.8,156.0,0.26,0.23,2.63,0.042477092241905934,458.98121563836287,6.637495418448383,69.17190419154193,2.842170943040401e-14,0.04531275000000001,699.0404400855464,170,Suitcase,2026-02-08T05:55:22.337240
163.7,-1.53,25.0,1321.31,6.59,1122.11,1.0,74580.8,19.8,156.0,0.26,0.23,2.63,0.042477092241905934,458.98121563836287,6.637495418448383,69.17190419154193,2.842170943040401e-14,0.04531275000000001,699.0404400855464,170,Suitcase,2026-02-08T05:55:22.337240
163.7,-1.53,25.0,1321.31,6.59,1122.11,1.0,74580.8,19.8,156.0,0.26,0.23,2.63,0.042477092241905934,458.98121563836287,6.637495418448383,69.17190419154193,2.842170943040401e-14,0.04531275000000001,699.0404400855464,170,Suitcase,2026-02-08T05:55:22.337240
163.7,-1.53,25.0,1321.31,6.59,1122.11,1.0,74580.8,19.8,156.0,0.26,0.23,2.63,0.042477092241905934,458.98121563836287,6.637495418448383,69.17190419154193,2.842170943040401e-14,0.04531275000000001,699.0404400855464,170,Suitcase,2026-02-08T05:55:22.337240
163.7,0.0,25.0,1384.42,6.91,1077.67,1.0,74413.3,19.8,156.0,0.23,0.21,2.25,0.042477092241905934,458.98121563836287,6.637495418448383,69.17190419154193,2.842170943040401e-14,0.04531275000000001,699.0404400855464,170,Suitcase,2026-02-08T05:55:22.337240
163.7,0.0,25.0,1384.42,6.91,1077.67,1.0,74413.3,19.8,156.0,0.23,0.21,2.25,0.042477092241905934,458.98121563836287,6.637495418448383,69.17190419154193,2.842170943040401e-14,0.04531275000000001,699.0404400855464,170,Suitcase,2026-02-08T05:55:22.337240
163.7,0.0,25.0,1384.42,6.91,1077.67,1.0,74413.3,19.8,156.0,0.23,0.21,2.25,0.042477092241905934,458.98121563836287,6.637495418448383,69.17190419154193,2.842170943040401e-14,0.04531275000000001,699.0404400855464,170,Suitcase,2026-02-08T05:55:22.337240
163.7,0.0,25.0,1384.42,6.91,1077.67,1.0,74413.3,19.8,156.0,0.23,0.21,2.25,0.042477092241905934,458.98121563836287,6.637495418448383,69.17190419154193,2.842170943040401e-14,0.04531275000000001,699.0404400855464,170,Suitcase,2026-02-08T05:55:22.337240
163.7,0.0,25.0,1384.42,6.91,1077.67,1.0,74413.3,19.8,156.0,0.23,0.21,2.25,0.042477092241905934,458.98121563836287,6.637495418448383,69.17190419154193,2.842170943040401e-14,0.04531275000000001,699.0404400855464,170,Suitcase,2026-02-08T05:55:22.337240
163.7,0.0,25.0,1384.42,6.91,1077.67,1.0,74413.3,19.8,156.0,0.23,0.21,2.25,0.042477092241905934,458.98121563836287,6.637495418448383,69.17190419154193,2.842170943040401e-14,0.04531275000000001,699.0404400855464,170,Suitcase,2026-02-08T05:55:22.337240
163.7,0.0,25.0,1445.32,7.21,1077.67,1.0,75454.4,19.8,156.0,0.23,0.21,2.3,0.042477092241905934,458.98121563836287,6.637495418448383,69.17190419154193,2.842170943040401e-14,0.04531275000000001,699.0404400855464,170,Suitcase,2026-02-08T05:55:22.337240
163.7,0.0,25.0,1445.32,7.21,1077.67,1.0,75454.4,19.8,156.0,0.23,0.21,2.3,0.042477092241905934,458.98121563836287,6.637495418448383,69.17190419154193,2.842170943040401e-14,0.04531275000000001,699.0404400855464,170,Suitcase,2026-02-08T05:55:22.337240
163.7,0.0,25.0,1445.32,7.21,1077.67,1.0,75454.4,19.8,156.0,0.23,0.21,2.3,0.042477092241905934,458.98121563836287,6.637495418448383,69.17190419154193,2.842170943040401e-14,0.04531275000000001,699.0404400855464,170,Suitcase,2026-02-08T05:55:22.337240
163.7,0.0,25.0,1445.32,7.21,1077.67,1.0,75454.4,19.8,156.0,0.23,0.21,2.3,0.042477092241905934,458.98121563836287,6.637495418448383,69.17190419154193,2.842170943040401e-14,0.04531275000000001,699.0404400855464,170,Suitcase,2026-02-08T05:55:22.337240
163.7,0.0,25.0,1445.32,7.21,1077.67,1.0,75454.4,19.8,156.0,0.23,0.21,2.3,0.042477092241905934,458.98121563836287,6.637495418448383,69.17190419154193,2.842170943040401e-14,0.04531275000000001,699.0404400855464,170,Suitcase,2026-02-08T05:55:22.337240
163.7,0.0,25.0,1411.21,7.04,1077.67,1.0,76125.9,19.8,156.0,0.24,0.22,2.39,0.042477092241905934,458.98121563836287,6.637495418448383,69.17190419154193,2.842170943040401e-14,0.04531275000000001,699.0404400855464,170,Suitcase,2026-02-08T05:55:22.337240
163.7,0.0,25.0,1411.21,7.04,1077.67,1.0,76125.9,19.8,156.0,0.24,0.22,2.39,0.042477092241905934,458.98121563836287,6.637495418448383,69.17190419154193,2.842170943040401e-14,0.04531275000000001,699.0404400855464,170,Suitcase,2026-02-08T05:55:22.337240
163.7,0.0,25.0,1411.21,7.04,1077.67,1.0,76125.9,19.8,156.0,0.24,0.22,2.39,0.042477092241905934,458.98121563836287,6.637495418448383,69.17190419154193,2.842170943040401e-14,0.04531275000000001,699.0404400855464,170,Suitcase,2026-02-08T05:55:22.337240
163.7,0.0,25.0,1411.21,7.04,1077.67,1.0,76125.9,19.8,156.0,0.24,0.22,2.39,0.042477092241905934,458.98121563836287,6.637495418448383,69.17190419154193,2.842170943040401e-14,0.04531275000000001,699.0404400855464,170,Suitcase,2026-02-08T05:55:22.337240
163.7,0.0,25.0,1411.21,7.04,1077.67,1.0,76125.9,19.8,156.0,0.24,0.22,2.39,0.042477092241905934,458.98121563836287,6.637495418448383,69.17190419154193,2.842170943040401e-14,0.04531275000000001,699.0404400855464,170,Suitcase,2026-02-08T05:55:22.337240
174.6,-0.22,25.0,1401.72,7.01,1188.77,1.0,81689.5,19.8,156.0,0.06,0.05,0.57,0.042919970891568036,465.1703715191028,6.3616551190995825,73.13812944166122,0.05722761571129473,0.037626,949.5517212216483,180,Suitcase,2026-02-08T05:55:42.284553
174.5,-0.44,25.0,1489.42,7.46,1099.89,1.0,80020.1,19.8,156.0,0.06,0.05,0.61,0.042919970891568036,465.1703715191028,6.3616551190995825,73.13812944166122,0.05722761571129473,0.037626,949.5517212216483,180,Suitcase,2026-02-08T05:55:42.284553
174.5,-0.44,25.0,1489.42,7.46,1099.89,1.0,80020.1,19.8,156.0,0.06,0.05,0.61,0.042919970891568036,465.1703715191028,6.3616551190995825,73.13812944166122,0.05722761571129473,0.037626,949.5517212216483,180,Suitcase,2026-02-08T05:55:42.284553
174.5,-0.44,25.0,1489.42,7.46,1099.89,1.0,80020.1,19.8,156.0,0.06,0.05,0.61,0.042919970891568036,465.1703715191028,6.3616551190995825,73.13812944166122,0.05722761571129473,0.037626,949.5517212216483,180,Suitcase,2026-02-08T05:55:42.284553
174.5,-0.44,25.0,1489.42,7.46,1099.89,1.0,80020.1,19.8,156.0,0.06,0.05,0.61,0.042919970891568036,465.1703715191028,6.3616551190995825,73.13812944166122,0.05722761571129473,0.037626,949.5517212216483,180,Suitcase,2026-02-08T05:55:42.284553
174.5,-0.44,25.0,1489.42,7.46,1099.89,1.0,80020.1,19.8,156.0,0.06,0.05,0.61,0.042919970891568036,465.1703715191028,6.3616551190995825,73.13812944166122,0.05722761571129473,0.037626,949.5517212216483,180,Suitcase,2026-02-08T05:55:42.284553
174.5,-0.44,25.0,1489.42,7.46,1099.89,1.0,80020.1,19.8,156.0,0.06,0.05,0.61,0.042919970891568036,465.1703715191028,6.3616551190995825,73.13812944166122,0.05722761571129473,0.037626,949.5517212216483,180,Suitcase,2026-02-08T05:55:42.284553
174.5,0.0,25.0,1494.63,7.49,1111.0,1.0,80873.8,19.8,156.0,0.05,0.05,0.53,0.042919970891568036,465.1703715191028,6.3616551190995825,73.13812944166122,0.05722761571129473,0.037626,949.5517212216483,180,Suitcase,2026-02-08T05:55:42.284553
174.5,0.0,25.0,1494.63,7.49,1111.0,1.0,80873.8,19.8,156.0,0.05,0.05,0.53,0.042919970891568036,465.1703715191028,6.3616551190995825,73.13812944166122,0.05722761571129473,0.037626,949.5517212216483,180,Suitcase,2026-02-08T05:55:42.284553
174.5,0.0,25.0,1494.63,7.49,1111.0,1.0,80873.8,19.8,156.0,0.05,0.05,0.53,0.042919970891568036,465.1703715191028,6.3616551190995825,73.13812944166122,0.05722761571129473,0.037626,949.5517212216483,180,Suitcase,2026-02-08T05:55:42.284553
174.5,0.0,25.0,1494.63,7.49,1111.0,1.0,80873.8,19.8,156.0,0.05,0.05,0.53,0.042919970891568036,465.1703715191028,6.3616551190995825,73.13812944166122,0.05722761571129473,0.037626,949.5517212216483,180,Suitcase,2026-02-08T05:55:42.284553
174.5,0.0,25.0,1494.63,7.49,1111.0,1.0,80873.8,19.8,156.0,0.05,0.05,0.53,0.042919970891568036,465.1703715191028,6.3616551190995825,73.13812944166122,0.05722761571129473,0.037626,949.5517212216483,180,Suitcase,2026-02-08T05:55:42.284553
174.4,-0.22,25.0,1471.36,7.38,1111.0,1.0,81708.8,19.8,156.0,0.06,0.06,0.65,0.042919970891568036,465.1703715191028,6.3616551190995825,73.13812944166122,0.05722761571129473,0.037626,949.5517212216483,180,Suitcase,2026-02-08T05:55:42.284553
174.4,-0.22,25.0,1471.36,7.38,1111.0,1.0,81708.8,19.8,156.0,0.06,0.06,0.65,0.042919970891568036,465.1703715191028,6.3616551190995825,73.13812944166122,0.05722761571129473,0.037626,949.5517212216483,180,Suitcase,2026-02-08T05:55:42.284553
174.4,-0.22,25.0,1471.36,7.38,1111.0,1.0,81708.8,19.8,156.0,0.06,0.06,0.65,0.042919970891568036,465.1703715191028,6.3616551190995825,73.13812944166122,0.05722761571129473,0.037626,949.5517212216483,180,Suitcase,2026-02-08T05:55:42.284553
174.4,-0.22,25.0,1471.36,7.38,1111.0,1.0,81708.8,19.8,156.0,0.06,0.06,0.65,0.042919970891568036,465.1703715191028,6.3616551190995825,73.13812944166122,0.05722761571129473,0.037626,949.5517212216483,180,Suitcase,2026-02-08T05:55:42.284553
174.4,-0.22,25.0,1471.36,7.38,1111.0,1.0,81708.8,19.8,156.0,0.06,0.06,0.65,0.042919970891568036,465.1703715191028,6.3616551190995825,73.13812944166122,0.05722761571129473,0.037626,949.5517212216483,180,Suitcase,2026-02-08T05:55:42.284553
174.4,-0.22,25.0,1569.59,7.88,1099.89,1.0,82797.2,19.8,156.0,0.08,0.07,0.81,0.042919970891568036,465.1703715191028,6.3616551190995825,73.13812944166122,0.05722761571129473,0.037626,949.5517212216483,180,Suitcase,2026-02-08T05:55:42.284553
174.4,-0.22,25.0,1569.59,7.88,1099.89,1.0,82797.2,19.8,156.0,0.08,0.07,0.81,0.042919970891568036,465.1703715191028,6.3616551190995825,73.13812944166122,0.05722761571129473,0.037626,949.5517212216483,180,Suitcase,2026-02-08T05:55:42.284553
174.4,-0.22,25.0,1569.59,7.88,1099.89,1.0,82797.2,19.8,156.0,0.08,0.07,0.81,0.042919970891568036,465.1703715191028,6.3616551190995825,73.13812944166122,0.05722761571129473,0.037626,949.5517212216483,180,Suitcase,2026-02-08T05:55:42.284553
184.5,0.22,25.0,1576.21,7.87,1066.56,1.0,81713.3,19.8,156.0,0.31,0.28,3.15,0.040517643099424495,446.6623989030563,6.065481082717551,73.65496666578422,0.049999999999997165,0.022782750000000043,906.1053231275072,190,Suitcase,2026-02-08T05:57:00.223992
184.5,0.22,25.0,1576.21,7.87,1066.56,1.0,81713.3,19.8,156.0,0.31,0.28,3.15,0.040517643099424495,446.6623989030563,6.065481082717551,73.65496666578422,0.049999999999997165,0.022782750000000043,906.1053231275072,190,Suitcase,2026-02-08T05:57:00.223992
184.5,0.22,25.0,1502.45,7.49,1133.22,1.0,83429.1,19.8,156.0,0.31,0.27,3.09,0.040517643099424495,446.6623989030563,6.065481082717551,73.65496666578422,0.049999999999997165,0.022782750000000043,906.1053231275072,190,Suitcase,2026-02-08T05:57:00.223992
184.5,0.22,25.0,1502.45,7.49,1133.22,1.0,83429.1,19.8,156.0,0.31,0.27,3.09,0.040517643099424495,446.6623989030563,6.065481082717551,73.65496666578422,0.049999999999997165,0.022782750000000043,906.1053231275072,190,Suitcase,2026-02-08T05:57:00.223992
184.5,0.22,25.0,1502.45,7.49,1133.22,1.0,83429.1,19.8,156.0,0.31,0.27,3.09,0.040517643099424495,446.6623989030563,6.065481082717551,73.65496666578422,0.049999999999997165,0.022782750000000043,906.1053231275072,190,Suitcase,2026-02-08T05:57:00.223992
184.5,0.22,25.0,1502.45,7.49,1133.22,1.0,83429.1,19.8,156.0,0.31,0.27,3.09,0.040517643099424495,446.6623989030563,6.065481082717551,73.65496666578422,0.049999999999997165,0.022782750000000043,906.1053231275072,190,Suitcase,2026-02-08T05:57:00.223992
184.5,0.22,25.0,1502.45,7.49,1133.22,1.0,83429.1,19.8,156.0,0.31,0.27,3.09,0.040517643099424495,446.6623989030563,6.065481082717551,73.65496666578422,0.049999999999997165,0.022782750000000043,906.1053231275072,190,Suitcase,2026-02-08T05:57:00.223992
184.5,0.22,25.0,1502.45,7.49,1133.22,1.0,83429.1,19.8,156.0,0.31,0.27,3.09,0.040517643099424495,446.6623989030563,6.065481082717551,73.65496666578422,0.049999999999997165,0.022782750000000043,906.1053231275072,190,Suitcase,2026-02-08T05:57:00.223992
184.4,-0.44,25.0,1469.44,7.31,1133.22,1.0,82816.8,19.8,156.0,0.29,0.25,2.95,0.040517643099424495,446.6623989030563,6.065481082717551,73.65496666578422,0.049999999999997165,0.022782750000000043,906.1053231275072,190,Suitcase,2026-02-08T05:57:00.223992
184.4,-0.44,25.0,1469.44,7.31,1133.22,1.0,82816.8,19.8,156.0,0.29,0.25,2.95,0.040517643099424495,446.6623989030563,6.065481082717551,73.65496666578422,0.049999999999997165,0.022782750000000043,906.1053231275072,190,Suitcase,2026-02-08T05:57:00.223992
184.4,-0.44,25.0,1469.44,7.31,1133.22,1.0,82816.8,19.8,156.0,0.29,0.25,2.95,0.040517643099424495,446.6623989030563,6.065481082717551,73.65496666578422,0.049999999999997165,0.022782750000000043,906.1053231275072,190,Suitcase,2026-02-08T05:57:00.223992
184.4,-0.44,25.0,1469.44,7.31,1133.22,1.0,82816.8,19.8,156.0,0.29,0.25,2.95,0.040517643099424495,446.6623989030563,6.065481082717551,73.65496666578422,0.049999999999997165,0.022782750000000043,906.1053231275072,190,Suitcase,2026-02-08T05:57:00.223992
184.4,-0.44,25.0,1469.44,7.31,1133.22,1.0,82816.8,19.8,156.0,0.29,0.25,2.95,0.040517643099424495,446.6623989030563,6.065481082717551,73.65496666578422,0.049999999999997165,0.022782750000000043,906.1053231275072,190,Suitcase,2026-02-08T05:57:00.223992
184.4,0.0,25.0,1505.36,7.48,1111.0,1.0,81613.4,19.8,156.0,0.25,0.19,2.46,0.040517643099424495,446.6623989030563,6.065481082717551,73.65496666578422,0.049999999999997165,0.022782750000000043,906.1053231275072,190,Suitcase,2026-02-08T05:57:00.223992
184.4,0.0,25.0,1505.36,7.48,1111.0,1.0,81613.4,19.8,156.0,0.25,0.19,2.46,0.040517643099424495,446.6623989030563,6.065481082717551,73.65496666578422,0.049999999999997165,0.022782750000000043,906.1053231275072,190,Suitcase,2026-02-08T05:57:00.223992
184.4,0.0,25.0,1505.36,7.48,1111.0,1.0,81613.4,19.8,156.0,0.25,0.19,2.46,0.040517643099424495,446.6623989030563,6.065481082717551,73.65496666578422,0.049999999999997165,0.022782750000000043,906.1053231275072,190,Suitcase,2026-02-08T05:57:00.223992
184.4,0.0,25.0,1505.36,7.48,1111.0,1.0,81613.4,19.8,156.0,0.25,0.19,2.46,0.040517643099424495,446.6623989030563,6.065481082717551,73.65496666578422,0.049999999999997165,0.022782750000000043,906.1053231275072,190,Suitcase,2026-02-08T05:57:00.223992
184.4,0.0,25.0,1505.36,7.48,1111.0,1.0,81613.4,19.8,156.0,0.25,0.19,2.46,0.040517643099424495,446.6623989030563,6.065481082717551,73.65496666578422,0.049999999999997165,0.022782750000000043,906.1053231275072,190,Suitcase,2026-02-08T05:57:00.223992
184.5,0.22,25.0,1496.91,7.42,1111.0,1.0,80793.1,19.8,156.0,0.13,0.1,1.32,0.040517643099424495,446.6623989030563,6.065481082717551,73.65496666578422,0.049999999999997165,0.022782750000000043,906.1053231275072,190,Suitcase,2026-02-08T05:57:00.223992
184.5,0.22,25.0,1496.91,7.42,1111.0,1.0,80793.1,19.8,156.0,0.13,0.1,1.32,0.040517643099424495,446.6623989030563,6.065481082717551,73.65496666578422,0.049999999999997165,0.022782750000000043,906.1053231275072,190,Suitcase,2026-02-08T05:57:00.223992
195.2,-0.22,25.0,967.02,4.82,1210.99,1.0,55657.7,19.8,156.0,0.25,0.22,2.5,0.024653064321683966,293.2627435689848,6.8076432222108725,43.108800927540386,0.2011839953873095,0.005693999999999981,1099.06141388914,200,Suitcase,2026-02-08T05:57:17.923448
194.7,-1.97,25.0,953.66,4.76,1333.2,1.0,57537.2,19.8,156.0,0.29,0.25,2.92,0.024653064321683966,293.2627435689848,6.8076432222108725,43.108800927540386,0.2011839953873095,0.005693999999999981,1099.06141388914,200,Suitcase,2026-02-08T05:57:17.923448
194.7,-1.97,25.0,953.66,4.76,1333.2,1.0,57537.2,19.8,156.0,0.29,0.25,2.92,0.024653064321683966,293.2627435689848,6.8076432222108725,43.108800927540386,0.2011839953873095,0.005693999999999981,1099.06141388914,200,Suitcase,2026-02-08T05:57:17.923448
194.7,-1.97,25.0,953.66,4.76,1333.2,1.0,57537.2,19.8,156.0,0.29,0.25,2.92,0.024653064321683966,293.2627435689848,6.8076432222108725,43.108800927540386,0.2011839953873095,0.005693999999999981,1099.06141388914,200,Suitcase,2026-02-08T05:57:17.923448
194.7,-1.97,25.0,953.66,4.76,1333.2,1.0,57537.2,19.8,156.0,0.29,0.25,2.92,0.024653064321683966,293.2627435689848,6.8076432222108725,43.108800927540386,0.2011839953873095,0.005693999999999981,1099.06141388914,200,Suitcase,2026-02-08T05:57:17.923448
194.7,-1.97,25.0,953.66,4.76,1333.2,1.0,57537.2,19.8,156.0,0.29,0.25,2.92,0.024653064321683966,293.2627435689848,6.8076432222108725,43.108800927540386,0.2011839953873095,0.005693999999999981,1099.06141388914,200,Suitcase,2026-02-08T05:57:17.923448
195.1,1.75,25.0,948.21,4.73,1277.65,1.0,55729.3,19.8,156.0,0.28,0.24,2.84,0.024653064321683966,293.2627435689848,6.8076432222108725,43.108800927540386,0.2011839953873095,0.005693999999999981,1099.06141388914,200,Suitcase,2026-02-08T05:57:17.923448
195.1,1.75,25.0,948.21,4.73,1277.65,1.0,55729.3,19.8,156.0,0.28,0.24,2.84,0.024653064321683966,293.2627435689848,6.8076432222108725,43.108800927540386,0.2011839953873095,0.005693999999999981,1099.06141388914,200,Suitcase,2026-02-08T05:57:17.923448
195.1,1.75,25.0,948.21,4.73,1277.65,1.0,55729.3,19.8,156.0,0.28,0.24,2.84,0.024653064321683966,293.2627435689848,6.8076432222108725,43.108800927540386,0.2011839953873095,0.005693999999999981,1099.06141388914,200,Suitcase,2026-02-08T05:57:17.923448
195.1,1.75,25.0,948.21,4.73,1277.65,1.0,55729.3,19.8,156.0,0.28,0.24,2.84,0.024653064321683966,293.2627435689848,6.8076432222108725,43.108800927540386,0.2011839953873095,0.005693999999999981,1099.06141388914,200,Suitcase,2026-02-08T05:57:17.923448
195.1,1.75,25.0,948.21,4.73,1277.65,1.0,55729.3,19.8,156.0,0.28,0.24,2.84,0.024653064321683966,293.2627435689848,6.8076432222108725,43.108800927540386,0.2011839953873095,0.005693999999999981,1099.06141388914,200,Suitcase,2026-02-08T05:57:17.923448
195.1,1.75,25.0,948.21,4.73,1277.65,1.0,55729.3,19.8,156.0,0.28,0.24,2.84,0.024653064321683966,293.2627435689848,6.8076432222108725,43.108800927540386,0.2011839953873095,0.005693999999999981,1099.06141388914,200,Suitcase,2026-02-08T05:57:17.923448
195.1,0.0,25.0,984.8,4.92,1366.53,1.0,58116.7,19.8,156.0,0.29,0.25,2.91,0.024653064321683966,293.2627435689848,6.8076432222108725,43.108800927540386,0.2011839953873095,0.005693999999999981,1099.06141388914,200,Suitcase,2026-02-08T05:57:17.923448
195.1,0.0,25.0,984.8,4.92,1366.53,1.0,58116.7,19.8,156.0,0.29,0.25,2.91,0.024653064321683966,293.2627435689848,6.8076432222108725,43.108800927540386,0.2011839953873095,0.005693999999999981,1099.06141388914,200,Suitcase,2026-02-08T05:57:17.923448
195.1,0.0,25.0,984.8,4.92,1366.53,1.0,58116.7,19.8,156.0,0.29,0.25,2.91,0.024653064321683966,293.2627435689848,6.8076432222108725,43.108800927540386,0.2011839953873095,0.005693999999999981,1099.06141388914,200,Suitcase,2026-02-08T05:57:17.923448
195.1,0.0,25.0,984.8,4.92,1366.53,1.0,58116.7,19.8,156.0,0.29,0.25,2.91,0.024653064321683966,293.2627435689848,6.8076432222108725,43.108800927540386,0.2011839953873095,0.005693999999999981,1099.06141388914,200,Suitcase,2026-02-08T05:57:17.923448
195.1,0.0,25.0,984.8,4.92,1366.53,1.0,58116.7,19.8,156.0,0.29,0.25,2.91,0.024653064321683966,293.2627435689848,6.8076432222108725,43.108800927540386,0.2011839953873095,0.005693999999999981,1099.06141388914,200,Suitcase,2026-02-08T05:57:17.923448
194.7,-1.75,25.0,969.01,4.84,1388.75,1.0,58362.0,19.8,156.0,0.31,0.25,3.14,0.024653064321683966,293.2627435689848,6.8076432222108725,43.108800927540386,0.2011839953873095,0.005693999999999981,1099.06141388914,200,Suitcase,2026-02-08T05:57:17.923448
194.7,-1.75,25.0,969.01,4.84,1388.75,1.0,58362.0,19.8,156.0,0.31,0.25,3.14,0.024653064321683966,293.2627435689848,6.8076432222108725,43.108800927540386,0.2011839953873095,0.005693999999999981,1099.06141388914,200,Suitcase,2026-02-08T05:57:17.923448
194.7,-1.75,25.0,969.01,4.84,1388.75,1.0,58362.0,19.8,156.0,0.31,0.25,3.14,0.024653064321683966,293.2627435689848,6.8076432222108725,43.108800927540386,0.2011839953873095,0.005693999999999981,1099.06141388914,200,Suitcase,2026-02-08T05:57:17.923448
205.1,0.44,25.0,1000.77,5.04,1288.76,1.0,59319.9,19.8,156.0,0.07,0.07,0.74,0.02407073467327293,301.2969753548937,7.092684985545217,42.79929845933699,0.10535653752853394,0.0035490000000000083,3900.0834391843496,210,Suitcase,2026-02-08T05:57:32.905548
205.1,0.44,25.0,1000.77,5.04,1288.76,1.0,59319.9,19.8,156.0,0.07,0.07,0.74,0.02407073467327293,301.2969753548937,7.092684985545217,42.79929845933699,0.10535653752853394,0.0035490000000000083,3900.0834391843496,210,Suitcase,2026-02-08T05:57:32.905548
205.1,0.44,25.0,1000.77,5.04,1288.76,1.0,59319.9,19.8,156.0,0.07,0.07,0.74,0.02407073467327293,301.2969753548937,7.092684985545217,42.79929845933699,0.10535653752853394,0.0035490000000000083,3900.0834391843496,210,Suitcase,2026-02-08T05:57:32.905548
205.2,0.44,25.0,967.69,4.87,1288.76,1.0,58135.6,19.8,156.0,0.07,0.07,0.74,0.02407073467327293,301.2969753548937,7.092684985545217,42.79929845933699,0.10535653752853394,0.0035490000000000083,3900.0834391843496,210,Suitcase,2026-02-08T05:57:32.905548
205.2,0.44,25.0,967.69,4.87,1288.76,1.0,58135.6,19.8,156.0,0.07,0.07,0.74,0.02407073467327293,301.2969753548937,7.092684985545217,42.79929845933699,0.10535653752853394,0.0035490000000000083,3900.0834391843496,210,Suitcase,2026-02-08T05:57:32.905548
205.2,0.44,25.0,967.69,4.87,1288.76,1.0,58135.6,19.8,156.0,0.07,0.07,0.74,0.02407073467327293,301.2969753548937,7.092684985545217,42.79929845933699,0.10535653752853394,0.0035490000000000083,3900.0834391843496,210,Suitcase,2026-02-08T05:57:32.905548
205.2,0.44,25.0,967.69,4.87,1288.76,1.0,58135.6,19.8,156.0,0.07,0.07,0.74,0.02407073467327293,301.2969753548937,7.092684985545217,42.79929845933699,0.10535653752853394,0.0035490000000000083,3900.0834391843496,210,Suitcase,2026-02-08T05:57:32.905548
205.2,0.44,25.0,967.69,4.87,1288.76,1.0,58135.6,19.8,156.0,0.07,0.07,0.74,0.02407073467327293,301.2969753548937,7.092684985545217,42.79929845933699,0.10535653752853394,0.0035490000000000083,3900.0834391843496,210,Suitcase,2026-02-08T05:57:32.905548
205.2,0.44,25.0,967.69,4.87,1288.76,1.0,58135.6,19.8,156.0,0.07,0.07,0.74,0.02407073467327293,301.2969753548937,7.092684985545217,42.79929845933699,0.10535653752853394,0.0035490000000000083,3900.0834391843496,210,Suitcase,2026-02-08T05:57:32.905548
205.3,0.44,25.0,975.07,4.92,1744.27,1.0,68200.1,19.8,156.0,0.09,0.08,0.88,0.02407073467327293,301.2969753548937,7.092684985545217,42.79929845933699,0.10535653752853394,0.0035490000000000083,3900.0834391843496,210,Suitcase,2026-02-08T05:57:32.905548
205.3,0.44,25.0,975.07,4.92,1744.27,1.0,68200.1,19.8,156.0,0.09,0.08,0.88,0.02407073467327293,301.2969753548937,7.092684985545217,42.79929845933699,0.10535653752853394,0.0035490000000000083,3900.0834391843496,210,Suitcase,2026-02-08T05:57:32.905548
205.3,0.44,25.0,975.07,4.92,1744.27,1.0,68200.1,19.8,156.0,0.09,0.08,0.88,0.02407073467327293,301.2969753548937,7.092684985545217,42.79929845933699,0.10535653752853394,0.0035490000000000083,3900.0834391843496,210,Suitcase,2026-02-08T05:57:32.905548
205.3,0.44,25.0,975.07,4.92,1744.27,1.0,68200.1,19.8,156.0,0.09,0.08,0.88,0.02407073467327293,301.2969753548937,7.092684985545217,42.79929845933699,0.10535653752853394,0.0035490000000000083,3900.0834391843496,210,Suitcase,2026-02-08T05:57:32.905548
205.3,0.44,25.0,975.07,4.92,1744.27,1.0,68200.1,19.8,156.0,0.09,0.08,0.88,0.02407073467327293,301.2969753548937,7.092684985545217,42.79929845933699,0.10535653752853394,0.0035490000000000083,3900.0834391843496,210,Suitcase,2026-02-08T05:57:32.905548
205.4,0.44,25.0,986.87,4.98,1466.52,1.0,61531.3,19.8,156.0,0.12,0.1,1.17,0.02407073467327293,301.2969753548937,7.092684985545217,42.79929845933699,0.10535653752853394,0.0035490000000000083,3900.0834391843496,210,Suitcase,2026-02-08T05:57:32.905548
205.4,0.44,25.0,986.87,4.98,1466.52,1.0,61531.3,19.8,156.0,0.12,0.1,1.17,0.02407073467327293,301.2969753548937,7.092684985545217,42.79929845933699,0.10535653752853394,0.0035490000000000083,3900.0834391843496,210,Suitcase,2026-02-08T05:57:32.905548
205.4,0.44,25.0,986.87,4.98,1466.52,1.0,61531.3,19.8,156.0,0.12,0.1,1.17,0.02407073467327293,301.2969753548937,7.092684985545217,42.79929845933699,0.10535653752853394,0.0035490000000000083,3900.0834391843496,210,Suitcase,2026-02-08T05:57:32.905548
205.4,0.44,25.0,986.87,4.98,1466.52,1.0,61531.3,19.8,156.0,0.12,0.1,1.17,0.02407073467327293,301.2969753548937,7.092684985545217,42.79929845933699,0.10535653752853394,0.0035490000000000083,3900.0834391843496,210,Suitcase,2026-02-08T05:57:32.905548
205.4,0.44,25.0,986.87,4.98,1466.52,1.0,61531.3,19.8,156.0,0.12,0.1,1.17,0.02407073467327293,301.2969753548937,7.092684985545217,42.79929845933699,0.10535653752853394,0.0035490000000000083,3900.0834391843496,210,Suitcase,2026-02-08T05:57:32.905548
205.4,0.44,25.0,986.87,4.98,1466.52,1.0,61531.3,19.8,156.0,0.12,0.1,1.17,0.02407073467327293,301.2969753548937,7.092684985545217,42.79929845933699,0.10535653752853394,0.0035490000000000083,3900.0834391843496,210,Suitcase,2026-02-08T05:57:32.905548
215.2,0.22,25.0,1365.41,6.77,1111.0,1.0,70936.3,19.8,156.0,0.04,0.03,0.36,0.030177724893237175,331.2935326181822,5.264251717235349,63.01979341510908,0.048989794855660775,0.05483099999999993,1058.8552665024595,220,Suitcase,2026-02-08T05:57:59.375304
215.2,0.22,25.0,1365.41,6.77,1111.0,1.0,70936.3,19.8,156.0,0.04,0.03,0.36,0.030177724893237175,331.2935326181822,5.264251717235349,63.01979341510908,0.048989794855660775,0.05483099999999993,1058.8552665024595,220,Suitcase,2026-02-08T05:57:59.375304
215.2,0.0,25.0,1262.94,6.26,1199.88,1.0,72751.4,19.8,156.0,0.03,0.03,0.3,0.030177724893237175,331.2935326181822,5.264251717235349,63.01979341510908,0.048989794855660775,0.05483099999999993,1058.8552665024595,220,Suitcase,2026-02-08T05:57:59.375304
215.2,0.0,25.0,1262.94,6.26,1199.88,1.0,72751.4,19.8,156.0,0.03,0.03,0.3,0.030177724893237175,331.2935326181822,5.264251717235349,63.01979341510908,0.048989794855660775,0.05483099999999993,1058.8552665024595,220,Suitcase,2026-02-08T05:57:59.375304
215.2,0.0,25.0,1262.94,6.26,1199.88,1.0,72751.4,19.8,156.0,0.03,0.03,0.3,0.030177724893237175,331.2935326181822,5.264251717235349,63.01979341510908,0.048989794855660775,0.05483099999999993,1058.8552665024595,220,Suitcase,2026-02-08T05:57:59.375304
215.2,0.0,25.0,1262.94,6.26,1199.88,1.0,72751.4,19.8,156.0,0.03,0.03,0.3,0.030177724893237175,331.2935326181822,5.264251717235349,63.01979341510908,0.048989794855660775,0.05483099999999993,1058.8552665024595,220,Suitcase,2026-02-08T05:57:59.375304
215.2,0.0,25.0,1262.94,6.26,1199.88,1.0,72751.4,19.8,156.0,0.03,0.03,0.3,0.030177724893237175,331.2935326181822,5.264251717235349,63.01979341510908,0.048989794855660775,0.05483099999999993,1058.8552665024595,220,Suitcase,2026-02-08T05:57:59.375304
215.2,-0.22,25.0,1265.26,6.28,1144.33,1.0,71216.0,19.8,156.0,0.02,0.02,0.24,0.030177724893237175,331.2935326181822,5.264251717235349,63.01979341510908,0.048989794855660775,0.05483099999999993,1058.8552665024595,220,Suitcase,2026-02-08T05:57:59.375304
215.2,-0.22,25.0,1265.26,6.28,1144.33,1.0,71216.0,19.8,156.0,0.02,0.02,0.24,0.030177724893237175,331.2935326181822,5.264251717235349,63.01979341510908,0.048989794855660775,0.05483099999999993,1058.8552665024595,220,Suitcase,2026-02-08T05:57:59.375304
215.2,-0.22,25.0,1265.26,6.28,1144.33,1.0,71216.0,19.8,156.0,0.02,0.02,0.24,0.030177724893237175,331.2935326181822,5.264251717235349,63.01979341510908,0.048989794855660775,0.05483099999999993,1058.8552665024595,220,Suitcase,2026-02-08T05:57:59.375304
215.2,-0.22,25.0,1265.26,6.28,1144.33,1.0,71216.0,19.8,156.0,0.02,0.02,0.24,0.030177724893237175,331.2935326181822,5.264251717235349,63.01979341510908,0.048989794855660775,0.05483099999999993,1058.8552665024595,220,Suitcase,2026-02-08T05:57:59.375304
215.2,-0.22,25.0,1265.26,6.28,1144.33,1.0,71216.0,19.8,156.0,0.02,0.02,0.24,0.030177724893237175,331.2935326181822,5.264251717235349,63.01979341510908,0.048989794855660775,0.05483099999999993,1058.8552665024595,220,Suitcase,2026-02-08T05:57:59.375304
215.1,-0.22,25.0,1336.62,6.64,1111.0,1.0,71003.5,19.8,156.0,0.03,0.03,0.3,0.030177724893237175,331.2935326181822,5.264251717235349,63.01979341510908,0.048989794855660775,0.05483099999999993,1058.8552665024595,220,Suitcase,2026-02-08T05:57:59.375304
215.1,-0.22,25.0,1336.62,6.64,1111.0,1.0,71003.5,19.8,156.0,0.03,0.03,0.3,0.030177724893237175,331.2935326181822,5.264251717235349,63.01979341510908,0.048989794855660775,0.05483099999999993,1058.8552665024595,220,Suitcase,2026-02-08T05:57:59.375304
215.1,-0.22,25.0,1336.62,6.64,1111.0,1.0,71003.5,19.8,156.0,0.03,0.03,0.3,0.030177724893237175,331.2935326181822,5.264251717235349,63.01979341510908,0.048989794855660775,0.05483099999999993,1058.8552665024595,220,Suitcase,2026-02-08T05:57:59.375304
215.1,-0.22,25.0,1336.62,6.64,1111.0,1.0,71003.5,19.8,156.0,0.03,0.03,0.3,0.030177724893237175,331.2935326181822,5.264251717235349,63.01979341510908,0.048989794855660775,0.05483099999999993,1058.8552665024595,220,Suitcase,2026-02-08T05:57:59.375304
215.1,-0.22,25.0,1336.62,6.64,1111.0,1.0,71003.5,19.8,156.0,0.03,0.03,0.3,0.030177724893237175,331.2935326181822,5.264251717235349,63.01979341510908,0.048989794855660775,0.05483099999999993,1058.8552665024595,220,Suitcase,2026-02-08T05:57:59.375304
215.1,-0.22,25.0,1336.62,6.64,1111.0,1.0,71003.5,19.8,156.0,0.03,0.03,0.3,0.030177724893237175,331.2935326181822,5.264251717235349,63.01979341510908,0.048989794855660775,0.05483099999999993,1058.8552665024595,220,Suitcase,2026-02-08T05:57:59.375304
215.1,-0.22,25.0,1386.01,6.89,1022.12,1.0,68947.3,19.8,156.0,0.04,0.03,0.45,0.030177724893237175,331.2935326181822,5.264251717235349,63.01979341510908,0.048989794855660775,0.05483099999999993,1058.8552665024595,220,Suitcase,2026-02-08T05:57:59.375304
215.1,-0.22,25.0,1386.01,6.89,1022.12,1.0,68947.3,19.8,156.0,0.04,0.03,0.45,0.030177724893237175,331.2935326181822,5.264251717235349,63.01979341510908,0.048989794855660775,0.05483099999999993,1058.8552665024595,220,Suitcase,2026-02-08T05:57:59.375304
225.5,-0.44,25.0,924.41,4.7,2421.98,1.0,82347.9,19.7,157.0,0.07,0.05,0.68,0.0209936953668964,330.1073891795222,9.354079360270086,36.04778607393446,0.04330127018921947,0.00996875,9439.378061412466,20,f,2026-02-08T06:18:46.308296
225.5,-0.44,25.0,924.41,4.7,2421.98,1.0,82347.9,19.7,157.0,0.07,0.05,0.68,0.0209936953668964,330.1073891795222,9.354079360270086,36.04778607393446,0.04330127018921947,0.00996875,9439.378061412466,20,f,2026-02-08T06:18:46.308296
225.5,-0.44,25.0,924.41,4.7,2421.98,1.0,82347.9,19.7,157.0,0.07,0.05,0.68,0.0209936953668964,330.1073891795222,9.354079360270086,36.04778607393446,0.04330127018921947,0.00996875,9439.378061412466,20,f,2026-02-08T06:18:46.308296
225.5,-0.44,25.0,924.41,4.7,2421.98,1.0,82347.9,19.7,157.0,0.07,0.05,0.68,0.0209936953668964,330.1073891795222,9.354079360270086,36.04778607393446,0.04330127018921947,0.00996875,9439.378061412466,20,f,2026-02-08T06:18:46.308296
225.5,-0.44,25.0,924.41,4.7,2421.98,1.0,82347.9,19.7,157.0,0.07,0.05,0.68,0.0209936953668964,330.1073891795222,9.354079360270086,36.04778607393446,0.04330127018921947,0.00996875,9439.378061412466,20,f,2026-02-08T06:18:46.308296
225.4,-0.22,25.0,958.95,4.88,1444.3,1.0,60178.4,19.8,156.0,0.09,0.07,0.87,0.0209936953668964,330.1073891795222,9.354079360270086,36.04778607393446,0.04330127018921947,0.00996875,9439.378061412466,20,f,2026-02-08T06:18:46.308296
225.4,-0.22,25.0,958.95,4.88,1444.3,1.0,60178.4,19.8,156.0,0.09,0.07,0.87,0.0209936953668964,330.1073891795222,9.354079360270086,36.04778607393446,0.04330127018921947,0.00996875,9439.378061412466,20,f,2026-02-08T06:18:46.308296
225.4,-0.22,25.0,958.95,4.88,1444.3,1.0,60178.4,19.8,156.0,0.09,0.07,0.87,0.0209936953668964,330.1073891795222,9.354079360270086,36.04778607393446,0.04330127018921947,0.00996875,9439.378061412466,20,f,2026-02-08T06:18:46.308296
225.4,-0.22,25.0,958.95,4.88,1444.3,1.0,60178.4,19.8,156.0,0.09,0.07,0.87,0.0209936953668964,330.1073891795222,9.354079360270086,36.04778607393446,0.04330127018921947,0.00996875,9439.378061412466,20,f,2026-02-08T06:18:46.308296
225.4,-0.22,25.0,958.95,4.88,1444.3,1.0,60178.4,19.8,156.0,0.09,0.07,0.87,0.0209936953668964,330.1073891795222,9.354079360270086,36.04778607393446,0.04330127018921947,0.00996875,9439.378061412466,20,f,2026-02-08T06:18:46.308296
225.4,-0.22,25.0,958.95,4.88,1444.3,1.0,60178.4,19.8,156.0,0.09,0.07,0.87,0.0209936953668964,330.1073891795222,9.354079360270086,36.04778607393446,0.04330127018921947,0.00996875,9439.378061412466,20,f,2026-02-08T06:18:46.308296
225.4,0.0,25.0,910.22,4.63,2421.98,1.0,80786.0,19.7,157.0,0.1,0.09,1.0,0.0209936953668964,330.1073891795222,9.354079360270086,36.04778607393446,0.04330127018921947,0.00996875,9439.378061412466,20,f,2026-02-08T06:18:46.308296
225.4,0.0,25.0,910.22,4.63,2421.98,1.0,80786.0,19.7,157.0,0.1,0.09,1.0,0.0209936953668964,330.1073891795222,9.354079360270086,36.04778607393446,0.04330127018921947,0.00996875,9439.378061412466,20,f,2026-02-08T06:18:46.308296
225.4,0.0,25.0,910.22,4.63,2421.98,1.0,80786.0,19.7,157.0,0.1,0.09,1.0,0.0209936953668964,330.1073891795222,9.354079360270086,36.04778607393446,0.04330127018921947,0.00996875,9439.378061412466,20,f,2026-02-08T06:18:46.308296
225.4,0.0,25.0,910.22,4.63,2421.98,1.0,80786.0,19.7,157.0,0.1,0.09,1.0,0.0209936953668964,330.1073891795222,9.354079360270086,36.04778607393446,0.04330127018921947,0.00996875,9439.378061412466,20,f,2026-02-08T06:18:46.308296
225.4,0.0,25.0,910.22,4.63,2421.98,1.0,80786.0,19.7,157.0,0.1,0.09,1.0,0.0209936953668964,330.1073891795222,9.354079360270086,36.04778607393446,0.04330127018921947,0.00996875,9439.378061412466,20,f,2026-02-08T06:18:46.308296
225.4,0.0,25.0,921.07,4.68,2321.99,1.0,77891.7,19.7,157.0,0.11,0.1,1.06,0.0209936953668964,330.1073891795222,9.354079360270086,36.04778607393446,0.04330127018921947,0.00996875,9439.378061412466,20,f,2026-02-08T06:18:46.308296
225.4,0.0,25.0,921.07,4.68,2321.99,1.0,77891.7,19.7,157.0,0.11,0.1,1.06,0.0209936953668964,330.1073891795222,9.354079360270086,36.04778607393446,0.04330127018921947,0.00996875,9439.378061412466,20,f,2026-02-08T06:18:46.308296
225.4,0.0,25.0,921.07,4.68,2321.99,1.0,77891.7,19.7,157.0,0.11,0.1,1.06,0.0209936953668964,330.1073891795222,9.354079360270086,36.04778607393446,0.04330127018921947,0.00996875,9439.378061412466,20,f,2026-02-08T06:18:46.308296
225.4,0.0,25.0,921.07,4.68,2321.99,1.0,77891.7,19.7,157.0,0.11,0.1,1.06,0.0209936953668964,330.1073891795222,9.354079360270086,36.04778607393446,0.04330127018921947,0.00996875,9439.378061412466,20,f,2026-02-08T06:18:46.308296
235.4,0.0,25.0,976.27,4.85,2066.46,1.0,75259.9,19.8,156.0,0.1,0.08,1.04,0.01987292114343136,357.59287875032976,10.503942039454502,34.342455912831355,0.07399324293473951,0.010895999999999958,9077.616048093245,240,Suitcase,2026-02-08T05:59:39.872927
235.4,0.0,25.0,976.27,4.85,2066.46,1.0,75259.9,19.8,156.0,0.1,0.08,1.04,0.01987292114343136,357.59287875032976,10.503942039454502,34.342455912831355,0.07399324293473951,0.010895999999999958,9077.616048093245,240,Suitcase,2026-02-08T05:59:39.872927
235.4,0.0,25.0,976.27,4.85,2066.46,1.0,75259.9,19.8,156.0,0.1,0.08,1.04,0.01987292114343136,357.59287875032976,10.503942039454502,34.342455912831355,0.07399324293473951,0.010895999999999958,9077.616048093245,240,Suitcase,2026-02-08T05:59:39.872927
235.4,0.0,25.0,976.27,4.85,2066.46,1.0,75259.9,19.8,156.0,0.1,0.08,1.04,0.01987292114343136,357.59287875032976,10.503942039454502,34.342455912831355,0.07399324293473951,0.010895999999999958,9077.616048093245,240,Suitcase,2026-02-08T05:59:39.872927
235.3,-0.43,25.0,928.78,4.61,2521.97,1.0,85646.0,19.7,157.0,0.09,0.07,0.86,0.01987292114343136,357.59287875032976,10.503942039454502,34.342455912831355,0.07399324293473951,0.010895999999999958,9077.616048093245,240,Suitcase,2026-02-08T05:59:39.872927
235.3,-0.43,25.0,928.78,4.61,2521.97,1.0,85646.0,19.7,157.0,0.09,0.07,0.86,0.01987292114343136,357.59287875032976,10.503942039454502,34.342455912831355,0.07399324293473951,0.010895999999999958,9077.616048093245,240,Suitcase,2026-02-08T05:59:39.872927
235.3,-0.43,25.0,928.78,4.61,2521.97,1.0,85646.0,19.7,157.0,0.09,0.07,0.86,0.01987292114343136,357.59287875032976,10.503942039454502,34.342455912831355,0.07399324293473951,0.010895999999999958,9077.616048093245,240,Suitcase,2026-02-08T05:59:39.872927
235.3,-0.43,25.0,928.78,4.61,2521.97,1.0,85646.0,19.7,157.0,0.09,0.07,0.86,0.01987292114343136,357.59287875032976,10.503942039454502,34.342455912831355,0.07399324293473951,0.010895999999999958,9077.616048093245,240,Suitcase,2026-02-08T05:59:39.872927
235.3,-0.43,25.0,928.78,4.61,2521.97,1.0,85646.0,19.7,157.0,0.09,0.07,0.86,0.01987292114343136,357.59287875032976,10.503942039454502,34.342455912831355,0.07399324293473951,0.010895999999999958,9077.616048093245,240,Suitcase,2026-02-08T05:59:39.872927
235.3,-0.43,25.0,928.78,4.61,2521.97,1.0,85646.0,19.7,157.0,0.09,0.07,0.86,0.01987292114343136,357.59287875032976,10.503942039454502,34.342455912831355,0.07399324293473951,0.010895999999999958,9077.616048093245,240,Suitcase,2026-02-08T05:59:39.872927
235.4,0.44,25.0,919.44,4.57,3099.69,1.0,98016.3,19.7,157.0,0.05,0.05,0.48,0.01987292114343136,357.59287875032976,10.503942039454502,34.342455912831355,0.07399324293473951,0.010895999999999958,9077.616048093245,240,Suitcase,2026-02-08T05:59:39.872927
235.4,0.44,25.0,919.44,4.57,3099.69,1.0,98016.3,19.7,157.0,0.05,0.05,0.48,0.01987292114343136,357.59287875032976,10.503942039454502,34.342455912831355,0.07399324293473951,0.010895999999999958,9077.616048093245,240,Suitcase,2026-02-08T05:59:39.872927
235.4,0.44,25.0,919.44,4.57,3099.69,1.0,98016.3,19.7,157.0,0.05,0.05,0.48,0.01987292114343136,357.59287875032976,10.503942039454502,34.342455912831355,0.07399324293473951,0.010895999999999958,9077.616048093245,240,Suitcase,2026-02-08T05:59:39.872927
235.4,0.44,25.0,919.44,4.57,3099.69,1.0,98016.3,19.7,157.0,0.05,0.05,0.48,0.01987292114343136,357.59287875032976,10.503942039454502,34.342455912831355,0.07399324293473951,0.010895999999999958,9077.616048093245,240,Suitcase,2026-02-08T05:59:39.872927
235.4,0.44,25.0,919.44,4.57,3099.69,1.0,98016.3,19.7,157.0,0.05,0.05,0.48,0.01987292114343136,357.59287875032976,10.503942039454502,34.342455912831355,0.07399324293473951,0.010895999999999958,9077.616048093245,240,Suitcase,2026-02-08T05:59:39.872927
235.5,0.44,25.0,951.55,4.73,2110.9,1.0,75698.5,19.7,157.0,0.06,0.05,0.61,0.01987292114343136,357.59287875032976,10.503942039454502,34.342455912831355,0.07399324293473951,0.010895999999999958,9077.616048093245,240,Suitcase,2026-02-08T05:59:39.872927
235.5,0.44,25.0,951.55,4.73,2110.9,1.0,75698.5,19.7,157.0,0.06,0.05,0.61,0.01987292114343136,357.59287875032976,10.503942039454502,34.342455912831355,0.07399324293473951,0.010895999999999958,9077.616048093245,240,Suitcase,2026-02-08T05:59:39.872927
235.5,0.44,25.0,951.55,4.73,2110.9,1.0,75698.5,19.7,157.0,0.06,0.05,0.61,0.01987292114343136,357.59287875032976,10.503942039454502,34.342455912831355,0.07399324293473951,0.010895999999999958,9077.616048093245,240,Suitcase,2026-02-08T05:59:39.872927
235.5,0.44,25.0,951.55,4.73,2110.9,1.0,75698.5,19.7,157.0,0.06,0.05,0.61,0.01987292114343136,357.59287875032976,10.503942039454502,34.342455912831355,0.07399324293473951,0.010895999999999958,9077.616048093245,240,Suitcase,2026-02-08T05:59:39.872927
235.5,0.44,25.0,951.55,4.73,2110.9,1.0,75698.5,19.7,157.0,0.06,0.05,0.61,0.01987292114343136,357.59287875032976,10.503942039454502,34.342455912831355,0.07399324293473951,0.010895999999999958,9077.616048093245,240,Suitcase,2026-02-08T05:59:39.872927
245.4,0.0,25.0,955.09,4.77,1788.71,1.0,65567.3,19.7,157.0,0.49,0.46,4.88,0.01765361841558139,731.6115967267102,22.204745762852816,33.31343607956027,0.1732050807568902,0.07144474999999985,160887.84074453078,250,Suitcase,2026-02-08T06:00:09.596040
245.4,0.0,25.0,955.09,4.77,1788.71,1.0,65567.3,19.7,157.0,0.49,0.46,4.88,0.01765361841558139,731.6115967267102,22.204745762852816,33.31343607956027,0.1732050807568902,0.07144474999999985,160887.84074453078,250,Suitcase,2026-02-08T06:00:09.596040
245.4,0.0,25.0,955.09,4.77,1788.71,1.0,65567.3,19.7,157.0,0.49,0.46,4.88,0.01765361841558139,731.6115967267102,22.204745762852816,33.31343607956027,0.1732050807568902,0.07144474999999985,160887.84074453078,250,Suitcase,2026-02-08T06:00:09.596040
245.4,0.0,25.0,955.09,4.77,1788.71,1.0,65567.3,19.7,157.0,0.49,0.46,4.88,0.01765361841558139,731.6115967267102,22.204745762852816,33.31343607956027,0.1732050807568902,0.07144474999999985,160887.84074453078,250,Suitcase,2026-02-08T06:00:09.596040
245.4,0.0,25.0,887.89,4.43,2810.83,1.0,92859.8,19.7,157.0,0.47,0.43,4.65,0.01765361841558139,731.6115967267102,22.204745762852816,33.31343607956027,0.1732050807568902,0.07144474999999985,160887.84074453078,250,Suitcase,2026-02-08T06:00:09.596040
245.4,0.0,25.0,887.89,4.43,2810.83,1.0,92859.8,19.7,157.0,0.47,0.43,4.65,0.01765361841558139,731.6115967267102,22.204745762852816,33.31343607956027,0.1732050807568902,0.07144474999999985,160887.84074453078,250,Suitcase,2026-02-08T06:00:09.596040
245.4,0.0,25.0,887.89,4.43,2810.83,1.0,92859.8,19.7,157.0,0.47,0.43,4.65,0.01765361841558139,731.6115967267102,22.204745762852816,33.31343607956027,0.1732050807568902,0.07144474999999985,160887.84074453078,250,Suitcase,2026-02-08T06:00:09.596040
245.4,0.0,25.0,887.89,4.43,2810.83,1.0,92859.8,19.7,157.0,0.47,0.43,4.65,0.01765361841558139,731.6115967267102,22.204745762852816,33.31343607956027,0.1732050807568902,0.07144474999999985,160887.84074453078,250,Suitcase,2026-02-08T06:00:09.596040
245.4,0.0,25.0,887.89,4.43,2810.83,1.0,92859.8,19.7,157.0,0.47,0.43,4.65,0.01765361841558139,731.6115967267102,22.204745762852816,33.31343607956027,0.1732050807568902,0.07144474999999985,160887.84074453078,250,Suitcase,2026-02-08T06:00:09.596040
245.4,0.0,25.0,887.89,4.43,2810.83,1.0,92859.8,19.7,157.0,0.47,0.43,4.65,0.01765361841558139,731.6115967267102,22.204745762852816,33.31343607956027,0.1732050807568902,0.07144474999999985,160887.84074453078,250,Suitcase,2026-02-08T06:00:09.596040
245.4,0.0,25.0,806.37,4.03,13909.72,1.0,457488.8,19.2,161.0,0.41,0.37,4.1,0.01765361841558139,731.6115967267102,22.204745762852816,33.31343607956027,0.1732050807568902,0.07144474999999985,160887.84074453078,250,Suitcase,2026-02-08T06:00:09.596040
245.4,0.0,25.0,806.37,4.03,13909.72,1.0,457488.8,19.2,161.0,0.41,0.37,4.1,0.01765361841558139,731.6115967267102,22.204745762852816,33.31343607956027,0.1732050807568902,0.07144474999999985,160887.84074453078,250,Suitcase,2026-02-08T06:00:09.596040
245.4,0.0,25.0,806.37,4.03,13909.72,1.0,457488.8,19.2,161.0,0.41,0.37,4.1,0.01765361841558139,731.6115967267102,22.204745762852816,33.31343607956027,0.1732050807568902,0.07144474999999985,160887.84074453078,250,Suitcase,2026-02-08T06:00:09.596040
245.4,0.0,25.0,806.37,4.03,13909.72,1.0,457488.8,19.2,161.0,0.41,0.37,4.1,0.01765361841558139,731.6115967267102,22.204745762852816,33.31343607956027,0.1732050807568902,0.07144474999999985,160887.84074453078,250,Suitcase,2026-02-08T06:00:09.596040
245.4,0.0,25.0,806.37,4.03,13909.72,1.0,457488.8,19.2,161.0,0.41,0.37,4.1,0.01765361841558139,731.6115967267102,22.204745762852816,33.31343607956027,0.1732050807568902,0.07144474999999985,160887.84074453078,250,Suitcase,2026-02-08T06:00:09.596040
245.0,-1.96,25.0,831.82,4.16,3077.47,1.0,96617.8,19.7,157.0,0.31,0.28,3.08,0.01765361841558139,731.6115967267102,22.204745762852816,33.31343607956027,0.1732050807568902,0.07144474999999985,160887.84074453078,250,Suitcase,2026-02-08T06:00:09.596040
245.0,-1.96,25.0,831.82,4.16,3077.47,1.0,96617.8,19.7,157.0,0.31,0.28,3.08,0.01765361841558139,731.6115967267102,22.204745762852816,33.31343607956027,0.1732050807568902,0.07144474999999985,160887.84074453078,250,Suitcase,2026-02-08T06:00:09.596040
245.0,-1.96,25.0,831.82,4.16,3077.47,1.0,96617.8,19.7,157.0,0.31,0.28,3.08,0.01765361841558139,731.6115967267102,22.204745762852816,33.31343607956027,0.1732050807568902,0.07144474999999985,160887.84074453078,250,Suitcase,2026-02-08T06:00:09.596040
245.0,-1.96,25.0,831.82,4.16,3077.47,1.0,96617.8,19.7,157.0,0.31,0.28,3.08,0.01765361841558139,731.6115967267102,22.204745762852816,33.31343607956027,0.1732050807568902,0.07144474999999985,160887.84074453078,250,Suitcase,2026-02-08T06:00:09.596040
245.0,-1.96,25.0,831.82,4.16,3077.47,1.0,96617.8,19.7,157.0,0.31,0.28,3.08,0.01765361841558139,731.6115967267102,22.204745762852816,33.31343607956027,0.1732050807568902,0.07144474999999985,160887.84074453078,250,Suitcase,2026-02-08T06:00:09.596040
256.7,-1.09,25.0,1136.17,5.61,1388.75,1.0,73162.9,19.8,156.0,0.17,0.12,1.66,0.021579977297842116,272.521961299694,5.102850050919506,53.617347043271444,0.14924811556599465,0.0069547500000000165,3543.7822660118363,260,Suitcase,2026-02-08T06:00:25.674204
256.7,-1.09,25.0,1136.17,5.61,1388.75,1.0,73162.9,19.8,156.0,0.17,0.12,1.66,0.021579977297842116,272.521961299694,5.102850050919506,53.617347043271444,0.14924811556599465,0.0069547500000000165,3543.7822660118363,260,Suitcase,2026-02-08T06:00:25.674204
256.7,-1.09,25.0,1136.17,5.61,1388.75,1.0,73162.9,19.8,156.0,0.17,0.12,1.66,0.021579977297842116,272.521961299694,5.102850050919506,53.617347043271444,0.14924811556599465,0.0069547500000000165,3543.7822660118363,260,Suitcase,2026-02-08T06:00:25.674204
256.6,-0.66,25.0,1106.96,5.48,1466.52,1.0,74321.6,19.8,156.0,0.24,0.2,2.35,0.021579977297842116,272.521961299694,5.102850050919506,53.617347043271444,0.14924811556599465,0.0069547500000000165,3543.7822660118363,260,Suitcase,2026-02-08T06:00:25.674204
256.6,-0.66,25.0,1106.96,5.48,1466.52,1.0,74321.6,19.8,156.0,0.24,0.2,2.35,0.021579977297842116,272.521961299694,5.102850050919506,53.617347043271444,0.14924811556599465,0.0069547500000000165,3543.7822660118363,260,Suitcase,2026-02-08T06:00:25.674204
256.6,-0.66,25.0,1106.96,5.48,1466.52,1.0,74321.6,19.8,156.0,0.24,0.2,2.35,0.021579977297842116,272.521961299694,5.102850050919506,53.617347043271444,0.14924811556599465,0.0069547500000000165,3543.7822660118363,260,Suitcase,2026-02-08T06:00:25.674204
256.6,-0.66,25.0,1106.96,5.48,1466.52,1.0,74321.6,19.8,156.0,0.24,0.2,2.35,0.021579977297842116,272.521961299694,5.102850050919506,53.617347043271444,0.14924811556599465,0.0069547500000000165,3543.7822660118363,260,Suitcase,2026-02-08T06:00:25.674204
256.6,-0.66,25.0,1106.96,5.48,1466.52,1.0,74321.6,19.8,156.0,0.24,0.2,2.35,0.021579977297842116,272.521961299694,5.102850050919506,53.617347043271444,0.14924811556599465,0.0069547500000000165,3543.7822660118363,260,Suitcase,2026-02-08T06:00:25.674204
256.3,-1.53,25.0,1141.15,5.65,1166.55,1.0,65961.6,19.8,156.0,0.34,0.29,3.4,0.021579977297842116,272.521961299694,5.102850050919506,53.617347043271444,0.14924811556599465,0.0069547500000000165,3543.7822660118363,260,Suitcase,2026-02-08T06:00:25.674204
256.3,-1.53,25.0,1141.15,5.65,1166.55,1.0,65961.6,19.8,156.0,0.34,0.29,3.4,0.021579977297842116,272.521961299694,5.102850050919506,53.617347043271444,0.14924811556599465,0.0069547500000000165,3543.7822660118363,260,Suitcase,2026-02-08T06:00:25.674204
256.3,-1.53,25.0,1141.15,5.65,1166.55,1.0,65961.6,19.8,156.0,0.34,0.29,3.4,0.021579977297842116,272.521961299694,5.102850050919506,53.617347043271444,0.14924811556599465,0.0069547500000000165,3543.7822660118363,260,Suitcase,2026-02-08T06:00:25.674204
256.3,-1.53,25.0,1141.15,5.65,1166.55,1.0,65961.6,19.8,156.0,0.34,0.29,3.4,0.021579977297842116,272.521961299694,5.102850050919506,53.617347043271444,0.14924811556599465,0.0069547500000000165,3543.7822660118363,260,Suitcase,2026-02-08T06:00:25.674204
256.3,-1.53,25.0,1141.15,5.65,1166.55,1.0,65961.6,19.8,156.0,0.34,0.29,3.4,0.021579977297842116,272.521961299694,5.102850050919506,53.617347043271444,0.14924811556599465,0.0069547500000000165,3543.7822660118363,260,Suitcase,2026-02-08T06:00:25.674204
256.4,0.44,25.0,1101.74,5.46,1233.21,1.0,67412.1,19.8,156.0,0.38,0.34,3.82,0.021579977297842116,272.521961299694,5.102850050919506,53.617347043271444,0.14924811556599465,0.0069547500000000165,3543.7822660118363,260,Suitcase,2026-02-08T06:00:25.674204
256.4,0.44,25.0,1101.74,5.46,1233.21,1.0,67412.1,19.8,156.0,0.38,0.34,3.82,0.021579977297842116,272.521961299694,5.102850050919506,53.617347043271444,0.14924811556599465,0.0069547500000000165,3543.7822660118363,260,Suitcase,2026-02-08T06:00:25.674204
256.4,0.44,25.0,1101.74,5.46,1233.21,1.0,67412.1,19.8,156.0,0.38,0.34,3.82,0.021579977297842116,272.521961299694,5.102850050919506,53.617347043271444,0.14924811556599465,0.0069547500000000165,3543.7822660118363,260,Suitcase,2026-02-08T06:00:25.674204
256.4,0.44,25.0,1101.74,5.46,1233.21,1.0,67412.1,19.8,156.0,0.38,0.34,3.82,0.021579977297842116,272.521961299694,5.102850050919506,53.617347043271444,0.14924811556599465,0.0069547500000000165,3543.7822660118363,260,Suitcase,2026-02-08T06:00:25.674204
256.4,0.44,25.0,1101.74,5.46,1233.21,1.0,67412.1,19.8,156.0,0.38,0.34,3.82,0.021579977297842116,272.521961299694,5.102850050919506,53.617347043271444,0.14924811556599465,0.0069547500000000165,3543.7822660118363,260,Suitcase,2026-02-08T06:00:25.674204
256.4,0.44,25.0,1101.74,5.46,1233.21,1.0,67412.1,19.8,156.0,0.38,0.34,3.82,0.021579977297842116,272.521961299694,5.102850050919506,53.617347043271444,0.14924811556599465,0.0069547500000000165,3543.7822660118363,260,Suitcase,2026-02-08T06:00:25.674204
256.3,-0.44,25.0,1097.67,5.45,1444.3,1.0,72504.5,19.8,156.0,0.41,0.38,4.14,0.021579977297842116,272.521961299694,5.102850050919506,53.617347043271444,0.14924811556599465,0.0069547500000000165,3543.7822660118363,260,Suitcase,2026-02-08T06:00:25.674204
266.0,0.0,25.0,1167.49,5.84,3255.23,1.0,127788.1,19.7,157.0,0.03,0.03,0.33,0.02189300327415164,374.65274384678713,8.640819508501165,43.78671668272024,0.0653834841531028,0.033308999999999964,13591.94625034528,270,Suitcase,2026-02-08T06:00:54.961002
266.0,0.0,25.0,1167.49,5.84,3255.23,1.0,127788.1,19.7,157.0,0.03,0.03,0.33,0.02189300327415164,374.65274384678713,8.640819508501165,43.78671668272024,0.0653834841531028,0.033308999999999964,13591.94625034528,270,Suitcase,2026-02-08T06:00:54.961002
266.0,0.0,25.0,1167.49,5.84,3255.23,1.0,127788.1,19.7,157.0,0.03,0.03,0.33,0.02189300327415164,374.65274384678713,8.640819508501165,43.78671668272024,0.0653834841531028,0.033308999999999964,13591.94625034528,270,Suitcase,2026-02-08T06:00:54.961002
265.9,-0.44,25.0,1104.62,5.53,1944.25,1.0,86815.2,19.8,156.0,0.05,0.04,0.53,0.02189300327415164,374.65274384678713,8.640819508501165,43.78671668272024,0.0653834841531028,0.033308999999999964,13591.94625034528,270,Suitcase,2026-02-08T06:00:54.961002
265.9,-0.44,25.0,1104.62,5.53,1944.25,1.0,86815.2,19.8,156.0,0.05,0.04,0.53,0.02189300327415164,374.65274384678713,8.640819508501165,43.78671668272024,0.0653834841531028,0.033308999999999964,13591.94625034528,270,Suitcase,2026-02-08T06:00:54.961002
265.9,-0.44,25.0,1104.62,5.53,1944.25,1.0,86815.2,19.8,156.0,0.05,0.04,0.53,0.02189300327415164,374.65274384678713,8.640819508501165,43.78671668272024,0.0653834841531028,0.033308999999999964,13591.94625034528,270,Suitcase,2026-02-08T06:00:54.961002
265.9,-0.44,25.0,1104.62,5.53,1944.25,1.0,86815.2,19.8,156.0,0.05,0.04,0.53,0.02189300327415164,374.65274384678713,8.640819508501165,43.78671668272024,0.0653834841531028,0.033308999999999964,13591.94625034528,270,Suitcase,2026-02-08T06:00:54.961002
265.9,-0.44,25.0,1104.62,5.53,1944.25,1.0,86815.2,19.8,156.0,0.05,0.04,0.53,0.02189300327415164,374.65274384678713,8.640819508501165,43.78671668272024,0.0653834841531028,0.033308999999999964,13591.94625034528,270,Suitcase,2026-02-08T06:00:54.961002
265.9,0.0,25.0,1170.55,5.86,2377.54,1.0,102735.8,19.7,157.0,0.06,0.05,0.64,0.02189300327415164,374.65274384678713,8.640819508501165,43.78671668272024,0.0653834841531028,0.033308999999999964,13591.94625034528,270,Suitcase,2026-02-08T06:00:54.961002
265.9,0.0,25.0,1170.55,5.86,2377.54,1.0,102735.8,19.7,157.0,0.06,0.05,0.64,0.02189300327415164,374.65274384678713,8.640819508501165,43.78671668272024,0.0653834841531028,0.033308999999999964,13591.94625034528,270,Suitcase,2026-02-08T06:00:54.961002
265.9,0.0,25.0,1170.55,5.86,2377.54,1.0,102735.8,19.7,157.0,0.06,0.05,0.64,0.02189300327415164,374.65274384678713,8.640819508501165,43.78671668272024,0.0653834841531028,0.033308999999999964,13591.94625034528,270,Suitcase,2026-02-08T06:00:54.961002
265.9,0.0,25.0,1170.55,5.86,2377.54,1.0,102735.8,19.7,157.0,0.06,0.05,0.64,0.02189300327415164,374.65274384678713,8.640819508501165,43.78671668272024,0.0653834841531028,0.033308999999999964,13591.94625034528,270,Suitcase,2026-02-08T06:00:54.961002
265.9,0.0,25.0,1170.55,5.86,2377.54,1.0,102735.8,19.7,157.0,0.06,0.05,0.64,0.02189300327415164,374.65274384678713,8.640819508501165,43.78671668272024,0.0653834841531028,0.033308999999999964,13591.94625034528,270,Suitcase,2026-02-08T06:00:54.961002
265.9,0.0,25.0,1170.55,5.86,2377.54,1.0,102735.8,19.7,157.0,0.06,0.05,0.64,0.02189300327415164,374.65274384678713,8.640819508501165,43.78671668272024,0.0653834841531028,0.033308999999999964,13591.94625034528,270,Suitcase,2026-02-08T06:00:54.961002
265.8,-0.22,25.0,1200.29,6.0,2110.9,1.0,95528.7,19.7,157.0,0.08,0.06,0.78,0.02189300327415164,374.65274384678713,8.640819508501165,43.78671668272024,0.0653834841531028,0.033308999999999964,13591.94625034528,270,Suitcase,2026-02-08T06:00:54.961002
265.8,-0.22,25.0,1200.29,6.0,2110.9,1.0,95528.7,19.7,157.0,0.08,0.06,0.78,0.02189300327415164,374.65274384678713,8.640819508501165,43.78671668272024,0.0653834841531028,0.033308999999999964,13591.94625034528,270,Suitcase,2026-02-08T06:00:54.961002
265.8,-0.22,25.0,1200.29,6.0,2110.9,1.0,95528.7,19.7,157.0,0.08,0.06,0.78,0.02189300327415164,374.65274384678713,8.640819508501165,43.78671668272024,0.0653834841531028,0.033308999999999964,13591.94625034528,270,Suitcase,2026-02-08T06:00:54.961002
265.8,-0.22,25.0,1200.29,6.0,2110.9,1.0,95528.7,19.7,157.0,0.08,0.06,0.78,0.02189300327415164,374.65274384678713,8.640819508501165,43.78671668272024,0.0653834841531028,0.033308999999999964,13591.94625034528,270,Suitcase,2026-02-08T06:00:54.961002
265.8,-0.22,25.0,1200.29,6.0,2110.9,1.0,95528.7,19.7,157.0,0.08,0.06,0.78,0.02189300327415164,374.65274384678713,8.640819508501165,43.78671668272024,0.0653834841531028,0.033308999999999964,13591.94625034528,270,Suitcase,2026-02-08T06:00:54.961002
265.8,-0.22,25.0,1218.61,6.09,1644.28,1.0,80838.7,19.8,156.0,0.09,0.08,0.88,0.02189300327415164,374.65274384678713,8.640819508501165,43.78671668272024,0.0653834841531028,0.033308999999999964,13591.94625034528,270,Suitcase,2026-02-08T06:00:54.961002
277.0,1.75,25.0,945.95,4.74,2666.4,1.0,100085.4,19.7,157.0,0.29,0.25,2.86,0.014051658594532066,767.9955978208975,21.368517253785683,36.08602463773759,23.565064714530276,0.011751000000000017,110886.81463409832,280,Suitcase,2026-02-08T06:01:24.975273
318.0,184.53,25.0,988.4,4.95,8243.62,1.0,299808.8,19.4,159.0,12.36,7.42,123.64,0.014051658594532066,767.9955978208975,21.368517253785683,36.08602463773759,23.565064714530276,0.011751000000000017,110886.81463409832,280,Suitcase,2026-02-08T06:01:24.975273
318.0,184.53,25.0,988.4,4.95,8243.62,1.0,299808.8,19.4,159.0,12.36,7.42,123.64,0.014051658594532066,767.9955978208975,21.368517253785683,36.08602463773759,23.565064714530276,0.011751000000000017,110886.81463409832,280,Suitcase,2026-02-08T06:01:24.975273
318.0,184.53,25.0,988.4,4.95,8243.62,1.0,299808.8,19.4,159.0,12.36,7.42,123.64,0.014051658594532066,767.9955978208975,21.368517253785683,36.08602463773759,23.565064714530276,0.011751000000000017,110886.81463409832,280,Suitcase,2026-02-08T06:01:24.975273
318.0,184.53,25.0,988.4,4.95,8243.62,1.0,299808.8,19.4,159.0,12.36,7.42,123.64,0.014051658594532066,767.9955978208975,21.368517253785683,36.08602463773759,23.565064714530276,0.011751000000000017,110886.81463409832,280,Suitcase,2026-02-08T06:01:24.975273
318.0,184.53,25.0,988.4,4.95,8243.62,1.0,299808.8,19.4,159.0,12.36,7.42,123.64,0.014051658594532066,767.9955978208975,21.368517253785683,36.08602463773759,23.565064714530276,0.011751000000000017,110886.81463409832,280,Suitcase,2026-02-08T06:01:24.975273
359.4,186.46,25.0,931.92,4.67,8888.0,1.0,317328.9,19.4,159.0,26.45,19.82,264.52,0.014051658594532066,767.9955978208975,21.368517253785683,36.08602463773759,23.565064714530276,0.011751000000000017,110886.81463409832,280,Suitcase,2026-02-08T06:01:24.975273
359.4,186.46,25.0,931.92,4.67,8888.0,1.0,317328.9,19.4,159.0,26.45,19.82,264.52,0.014051658594532066,767.9955978208975,21.368517253785683,36.08602463773759,23.565064714530276,0.011751000000000017,110886.81463409832,280,Suitcase,2026-02-08T06:01:24.975273
359.4,186.46,25.0,931.92,4.67,8888.0,1.0,317328.9,19.4,159.0,26.45,19.82,264.52,0.014051658594532066,767.9955978208975,21.368517253785683,36.08602463773759,23.565064714530276,0.011751000000000017,110886.81463409832,280,Suitcase,2026-02-08T06:01:24.975273
359.4,186.46,25.0,931.92,4.67,8888.0,1.0,317328.9,19.4,159.0,26.45,19.82,264.52,0.014051658594532066,767.9955978208975,21.368517253785683,36.08602463773759,23.565064714530276,0.011751000000000017,110886.81463409832,280,Suitcase,2026-02-08T06:01:24.975273
359.4,186.46,25.0,931.92,4.67,8888.0,1.0,317328.9,19.4,159.0,26.45,19.82,264.52,0.014051658594532066,767.9955978208975,21.368517253785683,36.08602463773759,23.565064714530276,0.011751000000000017,110886.81463409832,280,Suitcase,2026-02-08T06:01:24.975273
359.4,186.46,25.0,931.92,4.67,8888.0,1.0,317328.9,19.4,159.0,26.45,19.82,264.52,0.014051658594532066,767.9955978208975,21.368517253785683,36.08602463773759,23.565064714530276,0.011751000000000017,110886.81463409832,280,Suitcase,2026-02-08T06:01:24.975273
359.3,-0.65,25.0,968.43,4.85,2933.04,1.0,106723.9,19.7,157.0,33.28,28.89,332.82,0.014051658594532066,767.9955978208975,21.368517253785683,36.08602463773759,23.565064714530276,0.011751000000000017,110886.81463409832,280,Suitcase,2026-02-08T06:01:24.975273
359.3,-0.65,25.0,968.43,4.85,2933.04,1.0,106723.9,19.7,157.0,33.28,28.89,332.82,0.014051658594532066,767.9955978208975,21.368517253785683,36.08602463773759,23.565064714530276,0.011751000000000017,110886.81463409832,280,Suitcase,2026-02-08T06:01:24.975273
359.3,-0.65,25.0,968.43,4.85,2933.04,1.0,106723.9,19.7,157.0,33.28,28.89,332.82,0.014051658594532066,767.9955978208975,21.368517253785683,36.08602463773759,23.565064714530276,0.011751000000000017,110886.81463409832,280,Suitcase,2026-02-08T06:01:24.975273
359.3,-0.65,25.0,968.43,4.85,2933.04,1.0,106723.9,19.7,157.0,33.28,28.89,332.82,0.014051658594532066,767.9955978208975,21.368517253785683,36.08602463773759,23.565064714530276,0.011751000000000017,110886.81463409832,280,Suitcase,2026-02-08T06:01:24.975273
359.3,-0.65,25.0,968.43,4.85,2933.04,1.0,106723.9,19.7,157.0,33.28,28.89,332.82,0.014051658594532066,767.9955978208975,21.368517253785683,36.08602463773759,23.565064714530276,0.011751000000000017,110886.81463409832,280,Suitcase,2026-02-08T06:01:24.975273
358.8,-2.15,25.0,970.67,4.86,11832.15,1.0,418816.4,19.3,160.0,37.07,34.6,370.67,0.014051658594532066,767.9955978208975,21.368517253785683,36.08602463773759,23.565064714530276,0.011751000000000017,110886.81463409832,280,Suitcase,2026-02-08T06:01:24.975273
358.8,-2.15,25.0,970.67,4.86,11832.15,1.0,418816.4,19.3,160.0,37.07,34.6,370.67,0.014051658594532066,767.9955978208975,21.368517253785683,36.08602463773759,23.565064714530276,0.011751000000000017,110886.81463409832,280,Suitcase,2026-02-08T06:01:24.975273
358.8,-2.15,25.0,970.67,4.86,11832.15,1.0,418816.4,19.3,160.0,37.07,34.6,370.67,0.014051658594532066,767.9955978208975,21.368517253785683,36.08602463773759,23.565064714530276,0.011751000000000017,110886.81463409832,280,Suitcase,2026-02-08T06:01:24.975273
286.0,0.0,25.0,950.86,4.8,1910.92,1.0,77623.7,19.8,156.0,0.07,0.07,0.71,0.016887192880712762,971.1151009442208,26.766190489782343,37.74025437585023,0.10428326807306683,0.0008690000000000055,164576.60598516508,290,Suitcase,2026-02-08T06:02:21.381947
286.0,0.0,25.0,950.86,4.8,1910.92,1.0,77623.7,19.8,156.0,0.07,0.07,0.71,0.016887192880712762,971.1151009442208,26.766190489782343,37.74025437585023,0.10428326807306683,0.0008690000000000055,164576.60598516508,290,Suitcase,2026-02-08T06:02:21.381947
286.0,0.0,25.0,964.11,4.86,1866.48,1.0,75858.9,19.8,156.0,0.07,0.07,0.73,0.016887192880712762,971.1151009442208,26.766190489782343,37.74025437585023,0.10428326807306683,0.0008690000000000055,164576.60598516508,290,Suitcase,2026-02-08T06:02:21.381947
286.0,0.0,25.0,964.11,4.86,1866.48,1.0,75858.9,19.8,156.0,0.07,0.07,0.73,0.016887192880712762,971.1151009442208,26.766190489782343,37.74025437585023,0.10428326807306683,0.0008690000000000055,164576.60598516508,290,Suitcase,2026-02-08T06:02:21.381947
286.0,0.0,25.0,964.11,4.86,1866.48,1.0,75858.9,19.8,156.0,0.07,0.07,0.73,0.016887192880712762,971.1151009442208,26.766190489782343,37.74025437585023,0.10428326807306683,0.0008690000000000055,164576.60598516508,290,Suitcase,2026-02-08T06:02:21.381947
286.0,0.0,25.0,964.11,4.86,1866.48,1.0,75858.9,19.8,156.0,0.07,0.07,0.73,0.016887192880712762,971.1151009442208,26.766190489782343,37.74025437585023,0.10428326807306683,0.0008690000000000055,164576.60598516508,290,Suitcase,2026-02-08T06:02:21.381947
286.0,0.0,25.0,964.11,4.86,1866.48,1.0,75858.9,19.8,156.0,0.07,0.07,0.73,0.016887192880712762,971.1151009442208,26.766190489782343,37.74025437585023,0.10428326807306683,0.0008690000000000055,164576.60598516508,290,Suitcase,2026-02-08T06:02:21.381947
286.0,0.0,25.0,964.11,4.86,1866.48,1.0,75858.9,19.8,156.0,0.07,0.07,0.73,0.016887192880712762,971.1151009442208,26.766190489782343,37.74025437585023,0.10428326807306683,0.0008690000000000055,164576.60598516508,290,Suitcase,2026-02-08T06:02:21.381947
286.1,0.43,25.0,950.62,4.79,11476.63,1.0,412069.2,19.3,160.0,0.06,0.06,0.6,0.016887192880712762,971.1151009442208,26.766190489782343,37.74025437585023,0.10428326807306683,0.0008690000000000055,164576.60598516508,290,Suitcase,2026-02-08T06:02:21.381947
286.1,0.43,25.0,950.62,4.79,11476.63,1.0,412069.2,19.3,160.0,0.06,0.06,0.6,0.016887192880712762,971.1151009442208,26.766190489782343,37.74025437585023,0.10428326807306683,0.0008690000000000055,164576.60598516508,290,Suitcase,2026-02-08T06:02:21.381947
286.1,0.43,25.0,950.62,4.79,11476.63,1.0,412069.2,19.3,160.0,0.06,0.06,0.6,0.016887192880712762,971.1151009442208,26.766190489782343,37.74025437585023,0.10428326807306683,0.0008690000000000055,164576.60598516508,290,Suitcase,2026-02-08T06:02:21.381947
286.1,0.43,25.0,950.62,4.79,11476.63,1.0,412069.2,19.3,160.0,0.06,0.06,0.6,0.016887192880712762,971.1151009442208,26.766190489782343,37.74025437585023,0.10428326807306683,0.0008690000000000055,164576.60598516508,290,Suitcase,2026-02-08T06:02:21.381947
286.1,0.43,25.0,950.62,4.79,11476.63,1.0,412069.2,19.3,160.0,0.06,0.06,0.6,0.016887192880712762,971.1151009442208,26.766190489782343,37.74025437585023,0.10428326807306683,0.0008690000000000055,164576.60598516508,290,Suitcase,2026-02-08T06:02:21.381947
286.2,0.43,25.0,962.86,4.84,11476.63,1.0,410826.1,19.3,160.0,0.07,0.06,0.69,0.016887192880712762,971.1151009442208,26.766190489782343,37.74025437585023,0.10428326807306683,0.0008690000000000055,164576.60598516508,290,Suitcase,2026-02-08T06:02:21.381947
286.2,0.43,25.0,962.86,4.84,11476.63,1.0,410826.1,19.3,160.0,0.07,0.06,0.69,0.016887192880712762,971.1151009442208,26.766190489782343,37.74025437585023,0.10428326807306683,0.0008690000000000055,164576.60598516508,290,Suitcase,2026-02-08T06:02:21.381947
286.2,0.43,25.0,962.86,4.84,11476.63,1.0,410826.1,19.3,160.0,0.07,0.06,0.69,0.016887192880712762,971.1151009442208,26.766190489782343,37.74025437585023,0.10428326807306683,0.0008690000000000055,164576.60598516508,290,Suitcase,2026-02-08T06:02:21.381947
286.2,0.43,25.0,962.86,4.84,11476.63,1.0,410826.1,19.3,160.0,0.07,0.06,0.69,0.016887192880712762,971.1151009442208,26.766190489782343,37.74025437585023,0.10428326807306683,0.0008690000000000055,164576.60598516508,290,Suitcase,2026-02-08T06:02:21.381947
286.2,0.43,25.0,962.86,4.84,11476.63,1.0,410826.1,19.3,160.0,0.07,0.06,0.69,0.016887192880712762,971.1151009442208,26.766190489782343,37.74025437585023,0.10428326807306683,0.0008690000000000055,164576.60598516508,290,Suitcase,2026-02-08T06:02:21.381947
286.2,0.43,25.0,962.86,4.84,11476.63,1.0,410826.1,19.3,160.0,0.07,0.06,0.69,0.016887192880712762,971.1151009442208,26.766190489782343,37.74025437585023,0.10428326807306683,0.0008690000000000055,164576.60598516508,290,Suitcase,2026-02-08T06:02:21.381947
285.8,-1.72,25.0,969.24,4.87,11898.81,1.0,421222.9,19.3,160.0,0.09,0.06,0.93,0.016887192880712762,971.1151009442208,26.766190489782343,37.74025437585023,0.10428326807306683,0.0008690000000000055,164576.60598516508,290,Suitcase,2026-02-08T06:02:21.381947
296.4,0.44,25.0,1518.26,7.54,1166.55,1.0,86628.2,19.8,156.0,0.1,0.08,1.03,0.027147086331967413,294.8392548243451,3.941548560792281,74.80653664630407,0.03570714214270208,0.09450400000000005,433.38107538285664,300,Suitcase,2026-02-08T06:02:42.456857
296.4,0.0,25.0,1553.86,7.73,1177.66,1.0,87384.8,19.8,156.0,0.09,0.07,0.86,0.027147086331967413,294.8392548243451,3.941548560792281,74.80653664630407,0.03570714214270208,0.09450400000000005,433.38107538285664,300,Suitcase,2026-02-08T06:02:42.456857
296.4,0.0,25.0,1553.86,7.73,1177.66,1.0,87384.8,19.8,156.0,0.09,0.07,0.86,0.027147086331967413,294.8392548243451,3.941548560792281,74.80653664630407,0.03570714214270208,0.09450400000000005,433.38107538285664,300,Suitcase,2026-02-08T06:02:42.456857
296.4,0.0,25.0,1553.86,7.73,1177.66,1.0,87384.8,19.8,156.0,0.09,0.07,0.86,0.027147086331967413,294.8392548243451,3.941548560792281,74.80653664630407,0.03570714214270208,0.09450400000000005,433.38107538285664,300,Suitcase,2026-02-08T06:02:42.456857
296.4,0.0,25.0,1553.86,7.73,1177.66,1.0,87384.8,19.8,156.0,0.09,0.07,0.86,0.027147086331967413,294.8392548243451,3.941548560792281,74.80653664630407,0.03570714214270208,0.09450400000000005,433.38107538285664,300,Suitcase,2026-02-08T06:02:42.456857
296.4,0.0,25.0,1553.86,7.73,1177.66,1.0,87384.8,19.8,156.0,0.09,0.07,0.86,0.027147086331967413,294.8392548243451,3.941548560792281,74.80653664630407,0.03570714214270208,0.09450400000000005,433.38107538285664,300,Suitcase,2026-02-08T06:02:42.456857
296.4,0.0,25.0,1634.14,8.14,1177.66,1.0,87987.3,19.8,156.0,0.09,0.08,0.93,0.027147086331967413,294.8392548243451,3.941548560792281,74.80653664630407,0.03570714214270208,0.09450400000000005,433.38107538285664,300,Suitcase,2026-02-08T06:02:42.456857
296.4,0.0,25.0,1634.14,8.14,1177.66,1.0,87987.3,19.8,156.0,0.09,0.08,0.93,0.027147086331967413,294.8392548243451,3.941548560792281,74.80653664630407,0.03570714214270208,0.09450400000000005,433.38107538285664,300,Suitcase,2026-02-08T06:02:42.456857
296.4,0.0,25.0,1634.14,8.14,1177.66,1.0,87987.3,19.8,156.0,0.09,0.08,0.93,0.027147086331967413,294.8392548243451,3.941548560792281,74.80653664630407,0.03570714214270208,0.09450400000000005,433.38107538285664,300,Suitcase,2026-02-08T06:02:42.456857
296.4,0.0,25.0,1634.14,8.14,1177.66,1.0,87987.3,19.8,156.0,0.09,0.08,0.93,0.027147086331967413,294.8392548243451,3.941548560792281,74.80653664630407,0.03570714214270208,0.09450400000000005,433.38107538285664,300,Suitcase,2026-02-08T06:02:42.456857
296.4,0.0,25.0,1634.14,8.14,1177.66,1.0,87987.3,19.8,156.0,0.09,0.08,0.93,0.027147086331967413,294.8392548243451,3.941548560792281,74.80653664630407,0.03570714214270208,0.09450400000000005,433.38107538285664,300,Suitcase,2026-02-08T06:02:42.456857
296.4,0.0,25.0,1634.14,8.14,1177.66,1.0,87987.3,19.8,156.0,0.09,0.08,0.93,0.027147086331967413,294.8392548243451,3.941548560792281,74.80653664630407,0.03570714214270208,0.09450400000000005,433.38107538285664,300,Suitcase,2026-02-08T06:02:42.456857
296.4,0.0,25.0,1698.1,8.48,1155.44,1.0,87039.0,19.8,156.0,0.1,0.08,0.95,0.027147086331967413,294.8392548243451,3.941548560792281,74.80653664630407,0.03570714214270208,0.09450400000000005,433.38107538285664,300,Suitcase,2026-02-08T06:02:42.456857
296.4,0.0,25.0,1698.1,8.48,1155.44,1.0,87039.0,19.8,156.0,0.1,0.08,0.95,0.027147086331967413,294.8392548243451,3.941548560792281,74.80653664630407,0.03570714214270208,0.09450400000000005,433.38107538285664,300,Suitcase,2026-02-08T06:02:42.456857
296.4,0.0,25.0,1698.1,8.48,1155.44,1.0,87039.0,19.8,156.0,0.1,0.08,0.95,0.027147086331967413,294.8392548243451,3.941548560792281,74.80653664630407,0.03570714214270208,0.09450400000000005,433.38107538285664,300,Suitcase,2026-02-08T06:02:42.456857
296.4,0.0,25.0,1698.1,8.48,1155.44,1.0,87039.0,19.8,156.0,0.1,0.08,0.95,0.027147086331967413,294.8392548243451,3.941548560792281,74.80653664630407,0.03570714214270208,0.09450400000000005,433.38107538285664,300,Suitcase,2026-02-08T06:02:42.456857
296.4,0.0,25.0,1698.1,8.48,1155.44,1.0,87039.0,19.8,156.0,0.1,0.08,0.95,0.027147086331967413,294.8392548243451,3.941548560792281,74.80653664630407,0.03570714214270208,0.09450400000000005,433.38107538285664,300,Suitcase,2026-02-08T06:02:42.456857
296.3,-0.44,25.0,1566.64,7.83,1155.44,1.0,87016.0,19.8,156.0,0.09,0.07,0.9,0.027147086331967413,294.8392548243451,3.941548560792281,74.80653664630407,0.03570714214270208,0.09450400000000005,433.38107538285664,300,Suitcase,2026-02-08T06:02:42.456857
296.3,-0.44,25.0,1566.64,7.83,1155.44,1.0,87016.0,19.8,156.0,0.09,0.07,0.9,0.027147086331967413,294.8392548243451,3.941548560792281,74.80653664630407,0.03570714214270208,0.09450400000000005,433.38107538285664,300,Suitcase,2026-02-08T06:02:42.456857
296.3,-0.44,25.0,1566.64,7.83,1155.44,1.0,87016.0,19.8,156.0,0.09,0.07,0.9,0.027147086331967413,294.8392548243451,3.941548560792281,74.80653664630407,0.03570714214270208,0.09450400000000005,433.38107538285664,300,Suitcase,2026-02-08T06:02:42.456857
306.3,0.22,25.0,1410.02,7.02,1699.83,1.0,96800.9,19.8,156.0,0.1,0.09,1.0,0.02220372184133203,296.46864185439114,4.998230492980738,59.831512268121415,5.684341886080802e-14,0.03137899999999994,6808.650888573667,310,Suitcase,2026-02-08T06:04:11.162145
306.3,0.0,25.0,1322.69,6.58,1766.49,1.0,98308.7,19.8,156.0,0.09,0.07,0.85,0.02220372184133203,296.46864185439114,4.998230492980738,59.831512268121415,5.684341886080802e-14,0.03137899999999994,6808.650888573667,310,Suitcase,2026-02-08T06:04:11.162145
306.3,0.0,25.0,1322.69,6.58,1766.49,1.0,98308.7,19.8,156.0,0.09,0.07,0.85,0.02220372184133203,296.46864185439114,4.998230492980738,59.831512268121415,5.684341886080802e-14,0.03137899999999994,6808.650888573667,310,Suitcase,2026-02-08T06:04:11.162145
306.3,0.0,25.0,1322.69,6.58,1766.49,1.0,98308.7,19.8,156.0,0.09,0.07,0.85,0.02220372184133203,296.46864185439114,4.998230492980738,59.831512268121415,5.684341886080802e-14,0.03137899999999994,6808.650888573667,310,Suitcase,2026-02-08T06:04:11.162145
306.3,0.0,25.0,1322.69,6.58,1766.49,1.0,98308.7,19.8,156.0,0.09,0.07,0.85,0.02220372184133203,296.46864185439114,4.998230492980738,59.831512268121415,5.684341886080802e-14,0.03137899999999994,6808.650888573667,310,Suitcase,2026-02-08T06:04:11.162145
306.3,0.0,25.0,1322.69,6.58,1766.49,1.0,98308.7,19.8,156.0,0.09,0.07,0.85,0.02220372184133203,296.46864185439114,4.998230492980738,59.831512268121415,5.684341886080802e-14,0.03137899999999994,6808.650888573667,310,Suitcase,2026-02-08T06:04:11.162145
306.3,0.0,25.0,1322.69,6.58,1766.49,1.0,98308.7,19.8,156.0,0.09,0.07,0.85,0.02220372184133203,296.46864185439114,4.998230492980738,59.831512268121415,5.684341886080802e-14,0.03137899999999994,6808.650888573667,310,Suitcase,2026-02-08T06:04:11.162145
306.3,0.0,25.0,1384.08,6.88,1333.2,1.0,84018.8,19.8,156.0,0.08,0.07,0.79,0.02220372184133203,296.46864185439114,4.998230492980738,59.831512268121415,5.684341886080802e-14,0.03137899999999994,6808.650888573667,310,Suitcase,2026-02-08T06:04:11.162145
306.3,0.0,25.0,1384.08,6.88,1333.2,1.0,84018.8,19.8,156.0,0.08,0.07,0.79,0.02220372184133203,296.46864185439114,4.998230492980738,59.831512268121415,5.684341886080802e-14,0.03137899999999994,6808.650888573667,310,Suitcase,2026-02-08T06:04:11.162145
306.3,0.0,25.0,1384.08,6.88,1333.2,1.0,84018.8,19.8,156.0,0.08,0.07,0.79,0.02220372184133203,296.46864185439114,4.998230492980738,59.831512268121415,5.684341886080802e-14,0.03137899999999994,6808.650888573667,310,Suitcase,2026-02-08T06:04:11.162145
306.3,0.0,25.0,1384.08,6.88,1333.2,1.0,84018.8,19.8,156.0,0.08,0.07,0.79,0.02220372184133203,296.46864185439114,4.998230492980738,59.831512268121415,5.684341886080802e-14,0.03137899999999994,6808.650888573667,310,Suitcase,2026-02-08T06:04:11.162145
306.3,0.0,25.0,1384.08,6.88,1333.2,1.0,84018.8,19.8,156.0,0.08,0.07,0.79,0.02220372184133203,296.46864185439114,4.998230492980738,59.831512268121415,5.684341886080802e-14,0.03137899999999994,6808.650888573667,310,Suitcase,2026-02-08T06:04:11.162145
306.3,0.0,25.0,1412.84,7.01,1310.98,1.0,84038.8,19.8,156.0,0.06,0.06,0.64,0.02220372184133203,296.46864185439114,4.998230492980738,59.831512268121415,5.684341886080802e-14,0.03137899999999994,6808.650888573667,310,Suitcase,2026-02-08T06:04:11.162145
306.3,0.0,25.0,1412.84,7.01,1310.98,1.0,84038.8,19.8,156.0,0.06,0.06,0.64,0.02220372184133203,296.46864185439114,4.998230492980738,59.831512268121415,5.684341886080802e-14,0.03137899999999994,6808.650888573667,310,Suitcase,2026-02-08T06:04:11.162145
306.3,0.0,25.0,1412.84,7.01,1310.98,1.0,84038.8,19.8,156.0,0.06,0.06,0.64,0.02220372184133203,296.46864185439114,4.998230492980738,59.831512268121415,5.684341886080802e-14,0.03137899999999994,6808.650888573667,310,Suitcase,2026-02-08T06:04:11.162145
306.3,0.0,25.0,1412.84,7.01,1310.98,1.0,84038.8,19.8,156.0,0.06,0.06,0.64,0.02220372184133203,296.46864185439114,4.998230492980738,59.831512268121415,5.684341886080802e-14,0.03137899999999994,6808.650888573667,310,Suitcase,2026-02-08T06:04:11.162145
306.3,0.0,25.0,1412.84,7.01,1310.98,1.0,84038.8,19.8,156.0,0.06,0.06,0.64,0.02220372184133203,296.46864185439114,4.998230492980738,59.831512268121415,5.684341886080802e-14,0.03137899999999994,6808.650888573667,310,Suitcase,2026-02-08T06:04:11.162145
306.3,0.0,25.0,1348.91,6.69,1699.83,1.0,96408.6,19.8,156.0,0.05,0.04,0.5,0.02220372184133203,296.46864185439114,4.998230492980738,59.831512268121415,5.684341886080802e-14,0.03137899999999994,6808.650888573667,310,Suitcase,2026-02-08T06:04:11.162145
306.3,0.0,25.0,1348.91,6.69,1699.83,1.0,96408.6,19.8,156.0,0.05,0.04,0.5,0.02220372184133203,296.46864185439114,4.998230492980738,59.831512268121415,5.684341886080802e-14,0.03137899999999994,6808.650888573667,310,Suitcase,2026-02-08T06:04:11.162145
306.3,0.0,25.0,1348.91,6.69,1699.83,1.0,96408.6,19.8,156.0,0.05,0.04,0.5,0.02220372184133203,296.46864185439114,4.998230492980738,59.831512268121415,5.684341886080802e-14,0.03137899999999994,6808.650888573667,310,Suitcase,2026-02-08T06:04:11.162145
315.5,0.43,25.0,851.78,4.23,12565.41,1.0,422436.2,19.2,161.0,0.46,0.37,4.63,0.013457132796862328,1343.0578649926852,40.292222904599704,33.336085007209455,0.22994564575133256,0.011234750000000005,5345.845392068499,320,Suitcase,2026-02-08T06:05:28.586215
316.0,1.92,25.0,853.06,4.24,12554.3,1.0,420337.7,19.2,161.0,0.4,0.31,4.05,0.013457132796862328,1343.0578649926852,40.292222904599704,33.336085007209455,0.22994564575133256,0.011234750000000005,5345.845392068499,320,Suitcase,2026-02-08T06:05:28.586215
316.0,1.92,25.0,853.06,4.24,12554.3,1.0,420337.7,19.2,161.0,0.4,0.31,4.05,0.013457132796862328,1343.0578649926852,40.292222904599704,33.336085007209455,0.22994564575133256,0.011234750000000005,5345.845392068499,320,Suitcase,2026-02-08T06:05:28.586215
316.0,1.92,25.0,853.06,4.24,12554.3,1.0,420337.7,19.2,161.0,0.4,0.31,4.05,0.013457132796862328,1343.0578649926852,40.292222904599704,33.336085007209455,0.22994564575133256,0.011234750000000005,5345.845392068499,320,Suitcase,2026-02-08T06:05:28.586215
316.0,1.92,25.0,853.06,4.24,12554.3,1.0,420337.7,19.2,161.0,0.4,0.31,4.05,0.013457132796862328,1343.0578649926852,40.292222904599704,33.336085007209455,0.22994564575133256,0.011234750000000005,5345.845392068499,320,Suitcase,2026-02-08T06:05:28.586215
316.0,1.92,25.0,853.06,4.24,12554.3,1.0,420337.7,19.2,161.0,0.4,0.31,4.05,0.013457132796862328,1343.0578649926852,40.292222904599704,33.336085007209455,0.22994564575133256,0.011234750000000005,5345.845392068499,320,Suitcase,2026-02-08T06:05:28.586215
316.3,1.71,25.0,828.2,4.13,12554.3,1.0,420129.0,19.2,161.0,0.36,0.31,3.62,0.013457132796862328,1343.0578649926852,40.292222904599704,33.336085007209455,0.22994564575133256,0.011234750000000005,5345.845392068499,320,Suitcase,2026-02-08T06:05:28.586215
316.3,1.71,25.0,828.2,4.13,12554.3,1.0,420129.0,19.2,161.0,0.36,0.31,3.62,0.013457132796862328,1343.0578649926852,40.292222904599704,33.336085007209455,0.22994564575133256,0.011234750000000005,5345.845392068499,320,Suitcase,2026-02-08T06:05:28.586215
316.3,1.71,25.0,828.2,4.13,12554.3,1.0,420129.0,19.2,161.0,0.36,0.31,3.62,0.013457132796862328,1343.0578649926852,40.292222904599704,33.336085007209455,0.22994564575133256,0.011234750000000005,5345.845392068499,320,Suitcase,2026-02-08T06:05:28.586215
316.3,1.71,25.0,828.2,4.13,12554.3,1.0,420129.0,19.2,161.0,0.36,0.31,3.62,0.013457132796862328,1343.0578649926852,40.292222904599704,33.336085007209455,0.22994564575133256,0.011234750000000005,5345.845392068499,320,Suitcase,2026-02-08T06:05:28.586215
316.3,1.71,25.0,828.2,4.13,12554.3,1.0,420129.0,19.2,161.0,0.36,0.31,3.62,0.013457132796862328,1343.0578649926852,40.292222904599704,33.336085007209455,0.22994564575133256,0.011234750000000005,5345.845392068499,320,Suitcase,2026-02-08T06:05:28.586215
316.3,1.71,25.0,828.2,4.13,12554.3,1.0,420129.0,19.2,161.0,0.36,0.31,3.62,0.013457132796862328,1343.0578649926852,40.292222904599704,33.336085007209455,0.22994564575133256,0.011234750000000005,5345.845392068499,320,Suitcase,2026-02-08T06:05:28.586215
316.4,0.43,25.0,864.53,4.31,13020.92,1.0,430227.0,19.2,161.0,0.36,0.31,3.58,0.013457132796862328,1343.0578649926852,40.292222904599704,33.336085007209455,0.22994564575133256,0.011234750000000005,5345.845392068499,320,Suitcase,2026-02-08T06:05:28.586215
316.4,0.43,25.0,864.53,4.31,13020.92,1.0,430227.0,19.2,161.0,0.36,0.31,3.58,0.013457132796862328,1343.0578649926852,40.292222904599704,33.336085007209455,0.22994564575133256,0.011234750000000005,5345.845392068499,320,Suitcase,2026-02-08T06:05:28.586215
316.4,0.43,25.0,864.53,4.31,13020.92,1.0,430227.0,19.2,161.0,0.36,0.31,3.58,0.013457132796862328,1343.0578649926852,40.292222904599704,33.336085007209455,0.22994564575133256,0.011234750000000005,5345.845392068499,320,Suitcase,2026-02-08T06:05:28.586215
316.4,0.43,25.0,864.53,4.31,13020.92,1.0,430227.0,19.2,161.0,0.36,0.31,3.58,0.013457132796862328,1343.0578649926852,40.292222904599704,33.336085007209455,0.22994564575133256,0.011234750000000005,5345.845392068499,320,Suitcase,2026-02-08T06:05:28.586215
316.4,0.43,25.0,864.53,4.31,13020.92,1.0,430227.0,19.2,161.0,0.36,0.31,3.58,0.013457132796862328,1343.0578649926852,40.292222904599704,33.336085007209455,0.22994564575133256,0.011234750000000005,5345.845392068499,320,Suitcase,2026-02-08T06:05:28.586215
316.4,0.0,25.0,891.74,4.45,13020.92,1.0,432724.7,19.2,161.0,0.37,0.33,3.74,0.013457132796862328,1343.0578649926852,40.292222904599704,33.336085007209455,0.22994564575133256,0.011234750000000005,5345.845392068499,320,Suitcase,2026-02-08T06:05:28.586215
316.4,0.0,25.0,891.74,4.45,13020.92,1.0,432724.7,19.2,161.0,0.37,0.33,3.74,0.013457132796862328,1343.0578649926852,40.292222904599704,33.336085007209455,0.22994564575133256,0.011234750000000005,5345.845392068499,320,Suitcase,2026-02-08T06:05:28.586215
316.4,0.0,25.0,891.74,4.45,13020.92,1.0,432724.7,19.2,161.0,0.37,0.33,3.74,0.013457132796862328,1343.0578649926852,40.292222904599704,33.336085007209455,0.22994564575133256,0.011234750000000005,5345.845392068499,320,Suitcase,2026-02-08T06:05:28.586215
327.0,0.0,25.0,907.93,4.51,12021.02,1.0,389957.2,19.3,160.0,0.0,0.0,0.0,0.01358715596330275,1174.5596941896024,35.46706116207952,33.12942912955382,0.0,0.014901000000000015,14115.523345614938,330,Suitcase,2026-02-08T06:06:58.595461
327.0,0.0,25.0,907.93,4.51,12021.02,1.0,389957.2,19.3,160.0,0.0,0.0,0.0,0.01358715596330275,1174.5596941896024,35.46706116207952,33.12942912955382,0.0,0.014901000000000015,14115.523345614938,330,Suitcase,2026-02-08T06:06:58.595461
327.0,0.0,25.0,917.79,4.56,10843.36,1.0,362732.6,19.3,160.0,0.0,0.0,0.0,0.01358715596330275,1174.5596941896024,35.46706116207952,33.12942912955382,0.0,0.014901000000000015,14115.523345614938,330,Suitcase,2026-02-08T06:06:58.595461
327.0,0.0,25.0,917.79,4.56,10843.36,1.0,362732.6,19.3,160.0,0.0,0.0,0.0,0.01358715596330275,1174.5596941896024,35.46706116207952,33.12942912955382,0.0,0.014901000000000015,14115.523345614938,330,Suitcase,2026-02-08T06:06:58.595461
327.0,0.0,25.0,917.79,4.56,10843.36,1.0,362732.6,19.3,160.0,0.0,0.0,0.0,0.01358715596330275,1174.5596941896024,35.46706116207952,33.12942912955382,0.0,0.014901000000000015,14115.523345614938,330,Suitcase,2026-02-08T06:06:58.595461
327.0,0.0,25.0,917.79,4.56,10843.36,1.0,362732.6,19.3,160.0,0.0,0.0,0.0,0.01358715596330275,1174.5596941896024,35.46706116207952,33.12942912955382,0.0,0.014901000000000015,14115.523345614938,330,Suitcase,2026-02-08T06:06:58.595461
327.0,0.0,25.0,917.79,4.56,10843.36,1.0,362732.6,19.3,160.0,0.0,0.0,0.0,0.01358715596330275,1174.5596941896024,35.46706116207952,33.12942912955382,0.0,0.014901000000000015,14115.523345614938,330,Suitcase,2026-02-08T06:06:58.595461
327.0,0.0,25.0,917.79,4.56,10843.36,1.0,362732.6,19.3,160.0,0.0,0.0,0.0,0.01358715596330275,1174.5596941896024,35.46706116207952,33.12942912955382,0.0,0.014901000000000015,14115.523345614938,330,Suitcase,2026-02-08T06:06:58.595461
327.0,0.0,25.0,859.17,4.27,12009.91,1.0,391824.7,19.3,160.0,0.0,0.0,0.0,0.01358715596330275,1174.5596941896024,35.46706116207952,33.12942912955382,0.0,0.014901000000000015,14115.523345614938,330,Suitcase,2026-02-08T06:06:58.595461
327.0,0.0,25.0,859.17,4.27,12009.91,1.0,391824.7,19.3,160.0,0.0,0.0,0.0,0.01358715596330275,1174.5596941896024,35.46706116207952,33.12942912955382,0.0,0.014901000000000015,14115.523345614938,330,Suitcase,2026-02-08T06:06:58.595461
327.0,0.0,25.0,859.17,4.27,12009.91,1.0,391824.7,19.3,160.0,0.0,0.0,0.0,0.01358715596330275,1174.5596941896024,35.46706116207952,33.12942912955382,0.0,0.014901000000000015,14115.523345614938,330,Suitcase,2026-02-08T06:06:58.595461
327.0,0.0,25.0,859.17,4.27,12009.91,1.0,391824.7,19.3,160.0,0.0,0.0,0.0,0.01358715596330275,1174.5596941896024,35.46706116207952,33.12942912955382,0.0,0.014901000000000015,14115.523345614938,330,Suitcase,2026-02-08T06:06:58.595461
327.0,0.0,25.0,859.17,4.27,12009.91,1.0,391824.7,19.3,160.0,0.0,0.0,0.0,0.01358715596330275,1174.5596941896024,35.46706116207952,33.12942912955382,0.0,0.014901000000000015,14115.523345614938,330,Suitcase,2026-02-08T06:06:58.595461
327.0,0.0,25.0,885.33,4.39,11921.03,1.0,396261.3,19.3,160.0,0.0,0.0,0.0,0.01358715596330275,1174.5596941896024,35.46706116207952,33.12942912955382,0.0,0.014901000000000015,14115.523345614938,330,Suitcase,2026-02-08T06:06:58.595461
327.0,0.0,25.0,885.33,4.39,11921.03,1.0,396261.3,19.3,160.0,0.0,0.0,0.0,0.01358715596330275,1174.5596941896024,35.46706116207952,33.12942912955382,0.0,0.014901000000000015,14115.523345614938,330,Suitcase,2026-02-08T06:06:58.595461
327.0,0.0,25.0,885.33,4.39,11921.03,1.0,396261.3,19.3,160.0,0.0,0.0,0.0,0.01358715596330275,1174.5596941896024,35.46706116207952,33.12942912955382,0.0,0.014901000000000015,14115.523345614938,330,Suitcase,2026-02-08T06:06:58.595461
327.0,0.0,25.0,885.33,4.39,11921.03,1.0,396261.3,19.3,160.0,0.0,0.0,0.0,0.01358715596330275,1174.5596941896024,35.46706116207952,33.12942912955382,0.0,0.014901000000000015,14115.523345614938,330,Suitcase,2026-02-08T06:06:58.595461
327.0,0.0,25.0,885.33,4.39,11921.03,1.0,396261.3,19.3,160.0,0.0,0.0,0.0,0.01358715596330275,1174.5596941896024,35.46706116207952,33.12942912955382,0.0,0.014901000000000015,14115.523345614938,330,Suitcase,2026-02-08T06:06:58.595461
327.0,0.0,25.0,924.15,4.59,11598.84,1.0,392440.2,19.3,160.0,0.0,0.0,0.0,0.01358715596330275,1174.5596941896024,35.46706116207952,33.12942912955382,0.0,0.014901000000000015,14115.523345614938,330,Suitcase,2026-02-08T06:06:58.595461
327.0,0.0,25.0,924.15,4.59,11598.84,1.0,392440.2,19.3,160.0,0.0,0.0,0.0,0.01358715596330275,1174.5596941896024,35.46706116207952,33.12942912955382,0.0,0.014901000000000015,14115.523345614938,330,Suitcase,2026-02-08T06:06:58.595461
336.8,-1.09,25.0,1570.76,7.89,1455.41,1.0,95397.8,19.8,156.0,0.13,0.12,1.25,0.023172402506349103,257.2898142405303,3.6092717693428016,71.52425212655392,0.06244997998398316,0.024940999999999984,3960.973121519512,340,Suitcase,2026-02-08T06:07:33.920679
336.8,-1.09,25.0,1570.76,7.89,1455.41,1.0,95397.8,19.8,156.0,0.13,0.12,1.25,0.023172402506349103,257.2898142405303,3.6092717693428016,71.52425212655392,0.06244997998398316,0.024940999999999984,3960.973121519512,340,Suitcase,2026-02-08T06:07:33.920679
336.8,-1.09,25.0,1570.76,7.89,1455.41,1.0,95397.8,19.8,156.0,0.13,0.12,1.25,0.023172402506349103,257.2898142405303,3.6092717693428016,71.52425212655392,0.06244997998398316,0.024940999999999984,3960.973121519512,340,Suitcase,2026-02-08T06:07:33.920679
337.0,0.66,25.0,1527.96,7.67,1222.1,1.0,86950.0,19.8,156.0,0.12,0.11,1.21,0.023172402506349103,257.2898142405303,3.6092717693428016,71.52425212655392,0.06244997998398316,0.024940999999999984,3960.973121519512,340,Suitcase,2026-02-08T06:07:33.920679
337.0,0.66,25.0,1527.96,7.67,1222.1,1.0,86950.0,19.8,156.0,0.12,0.11,1.21,0.023172402506349103,257.2898142405303,3.6092717693428016,71.52425212655392,0.06244997998398316,0.024940999999999984,3960.973121519512,340,Suitcase,2026-02-08T06:07:33.920679
337.0,0.66,25.0,1527.96,7.67,1222.1,1.0,86950.0,19.8,156.0,0.12,0.11,1.21,0.023172402506349103,257.2898142405303,3.6092717693428016,71.52425212655392,0.06244997998398316,0.024940999999999984,3960.973121519512,340,Suitcase,2026-02-08T06:07:33.920679
337.0,0.66,25.0,1527.96,7.67,1222.1,1.0,86950.0,19.8,156.0,0.12,0.11,1.21,0.023172402506349103,257.2898142405303,3.6092717693428016,71.52425212655392,0.06244997998398316,0.024940999999999984,3960.973121519512,340,Suitcase,2026-02-08T06:07:33.920679
337.0,0.66,25.0,1527.96,7.67,1222.1,1.0,86950.0,19.8,156.0,0.12,0.11,1.21,0.023172402506349103,257.2898142405303,3.6092717693428016,71.52425212655392,0.06244997998398316,0.024940999999999984,3960.973121519512,340,Suitcase,2026-02-08T06:07:33.920679
336.9,-0.22,25.0,1550.19,7.78,1155.44,1.0,84001.4,19.8,156.0,0.12,0.11,1.19,0.023172402506349103,257.2898142405303,3.6092717693428016,71.52425212655392,0.06244997998398316,0.024940999999999984,3960.973121519512,340,Suitcase,2026-02-08T06:07:33.920679
336.9,-0.22,25.0,1550.19,7.78,1155.44,1.0,84001.4,19.8,156.0,0.12,0.11,1.19,0.023172402506349103,257.2898142405303,3.6092717693428016,71.52425212655392,0.06244997998398316,0.024940999999999984,3960.973121519512,340,Suitcase,2026-02-08T06:07:33.920679
336.9,-0.22,25.0,1550.19,7.78,1155.44,1.0,84001.4,19.8,156.0,0.12,0.11,1.19,0.023172402506349103,257.2898142405303,3.6092717693428016,71.52425212655392,0.06244997998398316,0.024940999999999984,3960.973121519512,340,Suitcase,2026-02-08T06:07:33.920679
336.9,-0.22,25.0,1550.19,7.78,1155.44,1.0,84001.4,19.8,156.0,0.12,0.11,1.19,0.023172402506349103,257.2898142405303,3.6092717693428016,71.52425212655392,0.06244997998398316,0.024940999999999984,3960.973121519512,340,Suitcase,2026-02-08T06:07:33.920679
336.9,-0.22,25.0,1550.19,7.78,1155.44,1.0,84001.4,19.8,156.0,0.12,0.11,1.19,0.023172402506349103,257.2898142405303,3.6092717693428016,71.52425212655392,0.06244997998398316,0.024940999999999984,3960.973121519512,340,Suitcase,2026-02-08T06:07:33.920679
336.9,-0.22,25.0,1550.19,7.78,1155.44,1.0,84001.4,19.8,156.0,0.12,0.11,1.19,0.023172402506349103,257.2898142405303,3.6092717693428016,71.52425212655392,0.06244997998398316,0.024940999999999984,3960.973121519512,340,Suitcase,2026-02-08T06:07:33.920679
336.9,0.0,25.0,1596.11,8.01,1133.22,1.0,83951.9,19.8,156.0,0.11,0.1,1.13,0.023172402506349103,257.2898142405303,3.6092717693428016,71.52425212655392,0.06244997998398316,0.024940999999999984,3960.973121519512,340,Suitcase,2026-02-08T06:07:33.920679
336.9,0.0,25.0,1596.11,8.01,1133.22,1.0,83951.9,19.8,156.0,0.11,0.1,1.13,0.023172402506349103,257.2898142405303,3.6092717693428016,71.52425212655392,0.06244997998398316,0.024940999999999984,3960.973121519512,340,Suitcase,2026-02-08T06:07:33.920679
336.9,0.0,25.0,1596.11,8.01,1133.22,1.0,83951.9,19.8,156.0,0.11,0.1,1.13,0.023172402506349103,257.2898142405303,3.6092717693428016,71.52425212655392,0.06244997998398316,0.024940999999999984,3960.973121519512,340,Suitcase,2026-02-08T06:07:33.920679
336.9,0.0,25.0,1596.11,8.01,1133.22,1.0,83951.9,19.8,156.0,0.11,0.1,1.13,0.023172402506349103,257.2898142405303,3.6092717693428016,71.52425212655392,0.06244997998398316,0.024940999999999984,3960.973121519512,340,Suitcase,2026-02-08T06:07:33.920679
336.9,0.0,25.0,1596.11,8.01,1133.22,1.0,83951.9,19.8,156.0,0.11,0.1,1.13,0.023172402506349103,257.2898142405303,3.6092717693428016,71.52425212655392,0.06244997998398316,0.024940999999999984,3960.973121519512,340,Suitcase,2026-02-08T06:07:33.920679
336.9,0.0,25.0,1472.84,7.39,1244.32,1.0,88951.5,19.8,156.0,0.1,0.09,0.98,0.023172402506349103,257.2898142405303,3.6092717693428016,71.52425212655392,0.06244997998398316,0.024940999999999984,3960.973121519512,340,Suitcase,2026-02-08T06:07:33.920679
346.0,0.0,25.0,902.19,4.44,4399.56,1.0,146419.1,19.7,157.0,0.35,0.32,3.45,0.013153339237076508,1123.6304789366063,32.784765860145605,34.229149578266686,0.06538348415310888,0.01300274999999999,81822.62538527026,350,Suitcase,2026-02-08T06:08:43.516064
346.0,0.0,25.0,902.19,4.44,4399.56,1.0,146419.1,19.7,157.0,0.35,0.32,3.45,0.013153339237076508,1123.6304789366063,32.784765860145605,34.229149578266686,0.06538348415310888,0.01300274999999999,81822.62538527026,350,Suitcase,2026-02-08T06:08:43.516064
346.2,0.86,25.0,903.69,4.45,12254.33,1.0,413485.6,19.2,161.0,0.33,0.31,3.34,0.013153339237076508,1123.6304789366063,32.784765860145605,34.229149578266686,0.06538348415310888,0.01300274999999999,81822.62538527026,350,Suitcase,2026-02-08T06:08:43.516064
346.2,0.86,25.0,903.69,4.45,12254.33,1.0,413485.6,19.2,161.0,0.33,0.31,3.34,0.013153339237076508,1123.6304789366063,32.784765860145605,34.229149578266686,0.06538348415310888,0.01300274999999999,81822.62538527026,350,Suitcase,2026-02-08T06:08:43.516064
346.2,0.86,25.0,903.69,4.45,12254.33,1.0,413485.6,19.2,161.0,0.33,0.31,3.34,0.013153339237076508,1123.6304789366063,32.784765860145605,34.229149578266686,0.06538348415310888,0.01300274999999999,81822.62538527026,350,Suitcase,2026-02-08T06:08:43.516064
346.2,0.86,25.0,903.69,4.45,12254.33,1.0,413485.6,19.2,161.0,0.33,0.31,3.34,0.013153339237076508,1123.6304789366063,32.784765860145605,34.229149578266686,0.06538348415310888,0.01300274999999999,81822.62538527026,350,Suitcase,2026-02-08T06:08:43.516064
346.2,0.86,25.0,903.69,4.45,12254.33,1.0,413485.6,19.2,161.0,0.33,0.31,3.34,0.013153339237076508,1123.6304789366063,32.784765860145605,34.229149578266686,0.06538348415310888,0.01300274999999999,81822.62538527026,350,Suitcase,2026-02-08T06:08:43.516064
346.2,0.86,25.0,903.69,4.45,12254.33,1.0,413485.6,19.2,161.0,0.33,0.31,3.34,0.013153339237076508,1123.6304789366063,32.784765860145605,34.229149578266686,0.06538348415310888,0.01300274999999999,81822.62538527026,350,Suitcase,2026-02-08T06:08:43.516064
346.2,-0.21,25.0,921.71,4.54,12243.22,1.0,421474.2,19.2,161.0,0.31,0.29,3.15,0.013153339237076508,1123.6304789366063,32.784765860145605,34.229149578266686,0.06538348415310888,0.01300274999999999,81822.62538527026,350,Suitcase,2026-02-08T06:08:43.516064
346.2,-0.21,25.0,921.71,4.54,12243.22,1.0,421474.2,19.2,161.0,0.31,0.29,3.15,0.013153339237076508,1123.6304789366063,32.784765860145605,34.229149578266686,0.06538348415310888,0.01300274999999999,81822.62538527026,350,Suitcase,2026-02-08T06:08:43.516064
346.2,-0.21,25.0,921.71,4.54,12243.22,1.0,421474.2,19.2,161.0,0.31,0.29,3.15,0.013153339237076508,1123.6304789366063,32.784765860145605,34.229149578266686,0.06538348415310888,0.01300274999999999,81822.62538527026,350,Suitcase,2026-02-08T06:08:43.516064
346.2,-0.21,25.0,921.71,4.54,12243.22,1.0,421474.2,19.2,161.0,0.31,0.29,3.15,0.013153339237076508,1123.6304789366063,32.784765860145605,34.229149578266686,0.06538348415310888,0.01300274999999999,81822.62538527026,350,Suitcase,2026-02-08T06:08:43.516064
346.2,-0.21,25.0,921.71,4.54,12243.22,1.0,421474.2,19.2,161.0,0.31,0.29,3.15,0.013153339237076508,1123.6304789366063,32.784765860145605,34.229149578266686,0.06538348415310888,0.01300274999999999,81822.62538527026,350,Suitcase,2026-02-08T06:08:43.516064
346.2,0.0,25.0,943.78,4.65,12243.22,1.0,422458.3,19.2,161.0,0.28,0.24,2.8,0.013153339237076508,1123.6304789366063,32.784765860145605,34.229149578266686,0.06538348415310888,0.01300274999999999,81822.62538527026,350,Suitcase,2026-02-08T06:08:43.516064
346.2,0.0,25.0,943.78,4.65,12243.22,1.0,422458.3,19.2,161.0,0.28,0.24,2.8,0.013153339237076508,1123.6304789366063,32.784765860145605,34.229149578266686,0.06538348415310888,0.01300274999999999,81822.62538527026,350,Suitcase,2026-02-08T06:08:43.516064
346.2,0.0,25.0,943.78,4.65,12243.22,1.0,422458.3,19.2,161.0,0.28,0.24,2.8,0.013153339237076508,1123.6304789366063,32.784765860145605,34.229149578266686,0.06538348415310888,0.01300274999999999,81822.62538527026,350,Suitcase,2026-02-08T06:08:43.516064
346.2,0.0,25.0,943.78,4.65,12243.22,1.0,422458.3,19.2,161.0,0.28,0.24,2.8,0.013153339237076508,1123.6304789366063,32.784765860145605,34.229149578266686,0.06538348415310888,0.01300274999999999,81822.62538527026,350,Suitcase,2026-02-08T06:08:43.516064
346.2,0.0,25.0,943.78,4.65,12243.22,1.0,422458.3,19.2,161.0,0.28,0.24,2.8,0.013153339237076508,1123.6304789366063,32.784765860145605,34.229149578266686,0.06538348415310888,0.01300274999999999,81822.62538527026,350,Suitcase,2026-02-08T06:08:43.516064
346.2,0.0,25.0,943.78,4.65,12243.22,1.0,422458.3,19.2,161.0,0.28,0.24,2.8,0.013153339237076508,1123.6304789366063,32.784765860145605,34.229149578266686,0.06538348415310888,0.01300274999999999,81822.62538527026,350,Suitcase,2026-02-08T06:08:43.516064
346.3,0.86,25.0,991.98,4.89,9999.0,1.0,364080.7,19.3,160.0,0.22,0.17,2.15,0.013153339237076508,1123.6304789366063,32.784765860145605,34.229149578266686,0.06538348415310888,0.01300274999999999,81822.62538527026,350,Suitcase,2026-02-08T06:08:43.516064
357.0,-0.43,25.0,972.89,4.87,11865.48,1.0,429208.2,19.3,160.0,0.32,0.28,3.19,0.01311872238196229,1055.4821378196543,28.072531425128723,37.885525189175986,0.4396305266925864,0.03332875,42215.67315926012,360,Suitcase,2026-02-08T06:08:59.237122
357.0,-0.43,25.0,972.89,4.87,11865.48,1.0,429208.2,19.3,160.0,0.32,0.28,3.19,0.01311872238196229,1055.4821378196543,28.072531425128723,37.885525189175986,0.4396305266925864,0.03332875,42215.67315926012,360,Suitcase,2026-02-08T06:08:59.237122
357.0,-0.43,25.0,972.89,4.87,11865.48,1.0,429208.2,19.3,160.0,0.32,0.28,3.19,0.01311872238196229,1055.4821378196543,28.072531425128723,37.885525189175986,0.4396305266925864,0.03332875,42215.67315926012,360,Suitcase,2026-02-08T06:08:59.237122
357.0,0.0,25.0,977.1,4.89,8610.25,1.0,341523.9,19.4,159.0,0.3,0.25,2.98,0.01311872238196229,1055.4821378196543,28.072531425128723,37.885525189175986,0.4396305266925864,0.03332875,42215.67315926012,360,Suitcase,2026-02-08T06:08:59.237122
357.0,0.0,25.0,977.1,4.89,8610.25,1.0,341523.9,19.4,159.0,0.3,0.25,2.98,0.01311872238196229,1055.4821378196543,28.072531425128723,37.885525189175986,0.4396305266925864,0.03332875,42215.67315926012,360,Suitcase,2026-02-08T06:08:59.237122
357.0,0.0,25.0,977.1,4.89,8610.25,1.0,341523.9,19.4,159.0,0.3,0.25,2.98,0.01311872238196229,1055.4821378196543,28.072531425128723,37.885525189175986,0.4396305266925864,0.03332875,42215.67315926012,360,Suitcase,2026-02-08T06:08:59.237122
357.0,0.0,25.0,977.1,4.89,8610.25,1.0,341523.9,19.4,159.0,0.3,0.25,2.98,0.01311872238196229,1055.4821378196543,28.072531425128723,37.885525189175986,0.4396305266925864,0.03332875,42215.67315926012,360,Suitcase,2026-02-08T06:08:59.237122
357.0,0.0,25.0,977.1,4.89,8610.25,1.0,341523.9,19.4,159.0,0.3,0.25,2.98,0.01311872238196229,1055.4821378196543,28.072531425128723,37.885525189175986,0.4396305266925864,0.03332875,42215.67315926012,360,Suitcase,2026-02-08T06:08:59.237122
356.5,-2.16,25.0,925.32,4.63,8588.03,1.0,337440.1,19.4,159.0,0.31,0.25,3.07,0.01311872238196229,1055.4821378196543,28.072531425128723,37.885525189175986,0.4396305266925864,0.03332875,42215.67315926012,360,Suitcase,2026-02-08T06:08:59.237122
356.5,-2.16,25.0,925.32,4.63,8588.03,1.0,337440.1,19.4,159.0,0.31,0.25,3.07,0.01311872238196229,1055.4821378196543,28.072531425128723,37.885525189175986,0.4396305266925864,0.03332875,42215.67315926012,360,Suitcase,2026-02-08T06:08:59.237122
356.5,-2.16,25.0,925.32,4.63,8588.03,1.0,337440.1,19.4,159.0,0.31,0.25,3.07,0.01311872238196229,1055.4821378196543,28.072531425128723,37.885525189175986,0.4396305266925864,0.03332875,42215.67315926012,360,Suitcase,2026-02-08T06:08:59.237122
356.5,-2.16,25.0,925.32,4.63,8588.03,1.0,337440.1,19.4,159.0,0.31,0.25,3.07,0.01311872238196229,1055.4821378196543,28.072531425128723,37.885525189175986,0.4396305266925864,0.03332875,42215.67315926012,360,Suitcase,2026-02-08T06:08:59.237122
356.5,-2.16,25.0,925.32,4.63,8588.03,1.0,337440.1,19.4,159.0,0.31,0.25,3.07,0.01311872238196229,1055.4821378196543,28.072531425128723,37.885525189175986,0.4396305266925864,0.03332875,42215.67315926012,360,Suitcase,2026-02-08T06:08:59.237122
356.5,-2.16,25.0,925.32,4.63,8588.03,1.0,337440.1,19.4,159.0,0.31,0.25,3.07,0.01311872238196229,1055.4821378196543,28.072531425128723,37.885525189175986,0.4396305266925864,0.03332875,42215.67315926012,360,Suitcase,2026-02-08T06:08:59.237122
356.0,-2.15,25.0,893.22,4.47,11332.2,1.0,409767.2,19.3,160.0,0.37,0.3,3.69,0.01311872238196229,1055.4821378196543,28.072531425128723,37.885525189175986,0.4396305266925864,0.03332875,42215.67315926012,360,Suitcase,2026-02-08T06:08:59.237122
356.0,-2.15,25.0,893.22,4.47,11332.2,1.0,409767.2,19.3,160.0,0.37,0.3,3.69,0.01311872238196229,1055.4821378196543,28.072531425128723,37.885525189175986,0.4396305266925864,0.03332875,42215.67315926012,360,Suitcase,2026-02-08T06:08:59.237122
356.0,-2.15,25.0,893.22,4.47,11332.2,1.0,409767.2,19.3,160.0,0.37,0.3,3.69,0.01311872238196229,1055.4821378196543,28.072531425128723,37.885525189175986,0.4396305266925864,0.03332875,42215.67315926012,360,Suitcase,2026-02-08T06:08:59.237122
356.0,-2.15,25.0,893.22,4.47,11332.2,1.0,409767.2,19.3,160.0,0.37,0.3,3.69,0.01311872238196229,1055.4821378196543,28.072531425128723,37.885525189175986,0.4396305266925864,0.03332875,42215.67315926012,360,Suitcase,2026-02-08T06:08:59.237122
356.0,-2.15,25.0,893.22,4.47,11332.2,1.0,409767.2,19.3,160.0,0.37,0.3,3.69,0.01311872238196229,1055.4821378196543,28.072531425128723,37.885525189175986,0.4396305266925864,0.03332875,42215.67315926012,360,Suitcase,2026-02-08T06:08:59.237122
355.7,-1.28,25.0,870.88,4.36,13320.89,1.0,457156.2,19.2,161.0,0.43,0.33,4.27,0.01311872238196229,1055.4821378196543,28.072531425128723,37.885525189175986,0.4396305266925864,0.03332875,42215.67315926012,360,Suitcase,2026-02-08T06:08:59.237122
367.5,-0.22,25.0,1203.99,5.97,7110.4,1.0,286835.3,19.4,159.0,0.47,0.43,4.69,0.016997278911564627,455.215605442177,10.514443537414968,46.52562385779529,0.0,0.029692749999999983,91108.817056585,370,Suitcase,2026-02-08T06:09:13.629818
367.5,-0.22,25.0,1203.99,5.97,7110.4,1.0,286835.3,19.4,159.0,0.47,0.43,4.69,0.016997278911564627,455.215605442177,10.514443537414968,46.52562385779529,0.0,0.029692749999999983,91108.817056585,370,Suitcase,2026-02-08T06:09:13.629818
367.5,-0.22,25.0,1203.99,5.97,7110.4,1.0,286835.3,19.4,159.0,0.47,0.43,4.69,0.016997278911564627,455.215605442177,10.514443537414968,46.52562385779529,0.0,0.029692749999999983,91108.817056585,370,Suitcase,2026-02-08T06:09:13.629818
367.5,0.0,25.0,1265.13,6.27,6266.04,1.0,257827.0,19.5,158.0,0.47,0.4,4.66,0.016997278911564627,455.215605442177,10.514443537414968,46.52562385779529,0.0,0.029692749999999983,91108.817056585,370,Suitcase,2026-02-08T06:09:13.629818
367.5,0.0,25.0,1265.13,6.27,6266.04,1.0,257827.0,19.5,158.0,0.47,0.4,4.66,0.016997278911564627,455.215605442177,10.514443537414968,46.52562385779529,0.0,0.029692749999999983,91108.817056585,370,Suitcase,2026-02-08T06:09:13.629818
367.5,0.0,25.0,1265.13,6.27,6266.04,1.0,257827.0,19.5,158.0,0.47,0.4,4.66,0.016997278911564627,455.215605442177,10.514443537414968,46.52562385779529,0.0,0.029692749999999983,91108.817056585,370,Suitcase,2026-02-08T06:09:13.629818
367.5,0.0,25.0,1265.13,6.27,6266.04,1.0,257827.0,19.5,158.0,0.47,0.4,4.66,0.016997278911564627,455.215605442177,10.514443537414968,46.52562385779529,0.0,0.029692749999999983,91108.817056585,370,Suitcase,2026-02-08T06:09:13.629818
367.5,0.0,25.0,1265.13,6.27,6266.04,1.0,257827.0,19.5,158.0,0.47,0.4,4.66,0.016997278911564627,455.215605442177,10.514443537414968,46.52562385779529,0.0,0.029692749999999983,91108.817056585,370,Suitcase,2026-02-08T06:09:13.629818
367.5,0.0,25.0,1265.13,6.27,6266.04,1.0,257827.0,19.5,158.0,0.47,0.4,4.66,0.016997278911564627,455.215605442177,10.514443537414968,46.52562385779529,0.0,0.029692749999999983,91108.817056585,370,Suitcase,2026-02-08T06:09:13.629818
367.5,0.0,25.0,1237.2,6.13,1722.05,1.0,86761.7,19.8,156.0,0.38,0.31,3.83,0.016997278911564627,455.215605442177,10.514443537414968,46.52562385779529,0.0,0.029692749999999983,91108.817056585,370,Suitcase,2026-02-08T06:09:13.629818
367.5,0.0,25.0,1237.2,6.13,1722.05,1.0,86761.7,19.8,156.0,0.38,0.31,3.83,0.016997278911564627,455.215605442177,10.514443537414968,46.52562385779529,0.0,0.029692749999999983,91108.817056585,370,Suitcase,2026-02-08T06:09:13.629818
367.5,0.0,25.0,1237.2,6.13,1722.05,1.0,86761.7,19.8,156.0,0.38,0.31,3.83,0.016997278911564627,455.215605442177,10.514443537414968,46.52562385779529,0.0,0.029692749999999983,91108.817056585,370,Suitcase,2026-02-08T06:09:13.629818
367.5,0.0,25.0,1237.2,6.13,1722.05,1.0,86761.7,19.8,156.0,0.38,0.31,3.83,0.016997278911564627,455.215605442177,10.514443537414968,46.52562385779529,0.0,0.029692749999999983,91108.817056585,370,Suitcase,2026-02-08T06:09:13.629818
367.5,0.0,25.0,1237.2,6.13,1722.05,1.0,86761.7,19.8,156.0,0.38,0.31,3.83,0.016997278911564627,455.215605442177,10.514443537414968,46.52562385779529,0.0,0.029692749999999983,91108.817056585,370,Suitcase,2026-02-08T06:09:13.629818
367.5,0.0,25.0,1300.26,6.43,1622.06,1.0,83610.9,19.8,156.0,0.23,0.17,2.28,0.016997278911564627,455.215605442177,10.514443537414968,46.52562385779529,0.0,0.029692749999999983,91108.817056585,370,Suitcase,2026-02-08T06:09:13.629818
367.5,0.0,25.0,1300.26,6.43,1622.06,1.0,83610.9,19.8,156.0,0.23,0.17,2.28,0.016997278911564627,455.215605442177,10.514443537414968,46.52562385779529,0.0,0.029692749999999983,91108.817056585,370,Suitcase,2026-02-08T06:09:13.629818
367.5,0.0,25.0,1300.26,6.43,1622.06,1.0,83610.9,19.8,156.0,0.23,0.17,2.28,0.016997278911564627,455.215605442177,10.514443537414968,46.52562385779529,0.0,0.029692749999999983,91108.817056585,370,Suitcase,2026-02-08T06:09:13.629818
367.5,0.0,25.0,1300.26,6.43,1622.06,1.0,83610.9,19.8,156.0,0.23,0.17,2.28,0.016997278911564627,455.215605442177,10.514443537414968,46.52562385779529,0.0,0.029692749999999983,91108.817056585,370,Suitcase,2026-02-08T06:09:13.629818
367.5,0.0,25.0,1300.26,6.43,1622.06,1.0,83610.9,19.8,156.0,0.23,0.17,2.28,0.016997278911564627,455.215605442177,10.514443537414968,46.52562385779529,0.0,0.029692749999999983,91108.817056585,370,Suitcase,2026-02-08T06:09:13.629818
367.5,0.0,25.0,1333.32,6.6,1633.17,1.0,86503.8,19.8,156.0,0.11,0.06,1.07,0.016997278911564627,455.215605442177,10.514443537414968,46.52562385779529,0.0,0.029692749999999983,91108.817056585,370,Suitcase,2026-02-08T06:09:13.629818
377.4,0.64,25.0,767.02,3.85,12265.44,1.0,376376.5,19.2,161.0,0.13,0.11,1.33,0.01021442146888867,904.3200099042666,28.672540030760757,31.657624108789527,0.2692118125194506,0.004865999999999994,30267.623689250864,380,Suitcase,2026-02-08T06:13:32.337900
377.4,0.64,25.0,767.02,3.85,12265.44,1.0,376376.5,19.2,161.0,0.13,0.11,1.33,0.01021442146888867,904.3200099042666,28.672540030760757,31.657624108789527,0.2692118125194506,0.004865999999999994,30267.623689250864,380,Suitcase,2026-02-08T06:13:32.337900
377.4,0.64,25.0,767.02,3.85,12265.44,1.0,376376.5,19.2,161.0,0.13,0.11,1.33,0.01021442146888867,904.3200099042666,28.672540030760757,31.657624108789527,0.2692118125194506,0.004865999999999994,30267.623689250864,380,Suitcase,2026-02-08T06:13:32.337900
377.4,0.64,25.0,767.02,3.85,12265.44,1.0,376376.5,19.2,161.0,0.13,0.11,1.33,0.01021442146888867,904.3200099042666,28.672540030760757,31.657624108789527,0.2692118125194506,0.004865999999999994,30267.623689250864,380,Suitcase,2026-02-08T06:13:32.337900
377.5,0.64,25.0,788.61,3.96,9710.14,1.0,316119.6,19.4,159.0,0.14,0.12,1.41,0.01021442146888867,904.3200099042666,28.672540030760757,31.657624108789527,0.2692118125194506,0.004865999999999994,30267.623689250864,380,Suitcase,2026-02-08T06:13:32.337900
377.5,0.64,25.0,788.61,3.96,9710.14,1.0,316119.6,19.4,159.0,0.14,0.12,1.41,0.01021442146888867,904.3200099042666,28.672540030760757,31.657624108789527,0.2692118125194506,0.004865999999999994,30267.623689250864,380,Suitcase,2026-02-08T06:13:32.337900
377.5,0.64,25.0,788.61,3.96,9710.14,1.0,316119.6,19.4,159.0,0.14,0.12,1.41,0.01021442146888867,904.3200099042666,28.672540030760757,31.657624108789527,0.2692118125194506,0.004865999999999994,30267.623689250864,380,Suitcase,2026-02-08T06:13:32.337900
377.5,0.64,25.0,788.61,3.96,9710.14,1.0,316119.6,19.4,159.0,0.14,0.12,1.41,0.01021442146888867,904.3200099042666,28.672540030760757,31.657624108789527,0.2692118125194506,0.004865999999999994,30267.623689250864,380,Suitcase,2026-02-08T06:13:32.337900
377.5,0.64,25.0,788.61,3.96,9710.14,1.0,316119.6,19.4,159.0,0.14,0.12,1.41,0.01021442146888867,904.3200099042666,28.672540030760757,31.657624108789527,0.2692118125194506,0.004865999999999994,30267.623689250864,380,Suitcase,2026-02-08T06:13:32.337900
377.5,0.64,25.0,788.61,3.96,9710.14,1.0,316119.6,19.4,159.0,0.14,0.12,1.41,0.01021442146888867,904.3200099042666,28.672540030760757,31.657624108789527,0.2692118125194506,0.004865999999999994,30267.623689250864,380,Suitcase,2026-02-08T06:13:32.337900
377.8,1.29,25.0,758.31,3.81,12265.44,1.0,373835.1,19.3,160.0,0.19,0.16,1.94,0.01021442146888867,904.3200099042666,28.672540030760757,31.657624108789527,0.2692118125194506,0.004865999999999994,30267.623689250864,380,Suitcase,2026-02-08T06:13:32.337900
377.8,1.29,25.0,758.31,3.81,12265.44,1.0,373835.1,19.3,160.0,0.19,0.16,1.94,0.01021442146888867,904.3200099042666,28.672540030760757,31.657624108789527,0.2692118125194506,0.004865999999999994,30267.623689250864,380,Suitcase,2026-02-08T06:13:32.337900
377.8,1.29,25.0,758.31,3.81,12265.44,1.0,373835.1,19.3,160.0,0.19,0.16,1.94,0.01021442146888867,904.3200099042666,28.672540030760757,31.657624108789527,0.2692118125194506,0.004865999999999994,30267.623689250864,380,Suitcase,2026-02-08T06:13:32.337900
377.8,1.29,25.0,758.31,3.81,12265.44,1.0,373835.1,19.3,160.0,0.19,0.16,1.94,0.01021442146888867,904.3200099042666,28.672540030760757,31.657624108789527,0.2692118125194506,0.004865999999999994,30267.623689250864,380,Suitcase,2026-02-08T06:13:32.337900
377.8,1.29,25.0,758.31,3.81,12265.44,1.0,373835.1,19.3,160.0,0.19,0.16,1.94,0.01021442146888867,904.3200099042666,28.672540030760757,31.657624108789527,0.2692118125194506,0.004865999999999994,30267.623689250864,380,Suitcase,2026-02-08T06:13:32.337900
378.1,1.29,25.0,754.89,3.79,9587.93,1.0,311955.5,19.4,159.0,0.28,0.22,2.84,0.01021442146888867,904.3200099042666,28.672540030760757,31.657624108789527,0.2692118125194506,0.004865999999999994,30267.623689250864,380,Suitcase,2026-02-08T06:13:32.337900
378.1,1.29,25.0,754.89,3.79,9587.93,1.0,311955.5,19.4,159.0,0.28,0.22,2.84,0.01021442146888867,904.3200099042666,28.672540030760757,31.657624108789527,0.2692118125194506,0.004865999999999994,30267.623689250864,380,Suitcase,2026-02-08T06:13:32.337900
378.1,1.29,25.0,754.89,3.79,9587.93,1.0,311955.5,19.4,159.0,0.28,0.22,2.84,0.01021442146888867,904.3200099042666,28.672540030760757,31.657624108789527,0.2692118125194506,0.004865999999999994,30267.623689250864,380,Suitcase,2026-02-08T06:13:32.337900
378.1,1.29,25.0,754.89,3.79,9587.93,1.0,311955.5,19.4,159.0,0.28,0.22,2.84,0.01021442146888867,904.3200099042666,28.672540030760757,31.657624108789527,0.2692118125194506,0.004865999999999994,30267.623689250864,380,Suitcase,2026-02-08T06:13:32.337900
378.1,1.29,25.0,754.89,3.79,9587.93,1.0,311955.5,19.4,159.0,0.28,0.22,2.84,0.01021442146888867,904.3200099042666,28.672540030760757,31.657624108789527,0.2692118125194506,0.004865999999999994,30267.623689250864,380,Suitcase,2026-02-08T06:13:32.337900
