r_cm,v_cms,temp,peak,snr,width_us,conf,area,power_percent,latency_ms,rmse_cm,mae_cm,resolution_mm,snr_norm_r,area_norm_r,width_rel,energy_density,stability_std,snr_variance,echo_consistency,gt_distance_cm,material,timestamp
19.4,0.0,25.0,11376.5,13.21,177.76,1.0,93396.6,19.8,156.0,0.0,0.0,0.0,0.6774226804123711,4851.8226804123715,9.162886597938146,529.5081008100811,3.552713678800501e-15,0.021666000000000088,1265.31281681646,20,Wood,2026-02-08T06:22:43.026308
19.4,0.0,25.0,11376.5,13.21,177.76,1.0,93396.6,19.8,156.0,0.0,0.0,0.0,0.6774226804123711,4851.8226804123715,9.162886597938146,529.5081008100811,3.552713678800501e-15,0.021666000000000088,1265.31281681646,20,Wood,2026-02-08T06:22:43.026308
19.4,0.0,25.0,11376.5,13.21,177.76,1.0,93396.6,19.8,156.0,0.0,0.0,0.0,0.6774226804123711,4851.8226804123715,9.162886597938146,529.5081008100811,3.552713678800501e-15,0.021666000000000088,1265.31281681646,20,Wood,2026-02-08T06:22:43.026308
19.4,0.0,25.0,11473.29,13.33,177.76,1.0,96037.1,19.8,156.0,0.0,0.0,0.0,0.6774226804123711,4851.8226804123715,9.162886597938146,529.5081008100811,3.552713678800501e-15,0.021666000000000088,1265.31281681646,20,Wood,2026-02-08T06:22:43.026308
19.4,0.0,25.0,11473.29,13.33,177.76,1.0,96037.1,19.8,156.0,0.0,0.0,0.0,0.6774226804123711,4851.8226804123715,9.162886597938146,529.5081008100811,3.552713678800501e-15,0.021666000000000088,1265.31281681646,20,Wood,2026-02-08T06:22:43.026308
19.4,0.0,25.0,11473.29,13.33,177.76,1.0,96037.1,19.8,156.0,0.0,0.0,0.0,0.6774226804123711,4851.8226804123715,9.162886597938146,529.5081008100811,3.552713678800501e-15,0.021666000000000088,1265.31281681646,20,Wood,2026-02-08T06:22:43.026308
19.4,0.0,25.0,11473.29,13.33,177.76,1.0,96037.1,19.8,156.0,0.0,0.0,0.0,0.6774226804123711,4851.8226804123715,9.162886597938146,529.5081008100811,3.552713678800501e-15,0.021666000000000088,1265.31281681646,20,Wood,2026-02-08T06:22:43.026308
19.4,0.0,25.0,11473.29,13.33,177.76,1.0,96037.1,19.8,156.0,0.0,0.0,0.0,0.6774226804123711,4851.8226804123715,9.162886597938146,529.5081008100811,3.552713678800501e-15,0.021666000000000088,1265.31281681646,20,Wood,2026-02-08T06:22:43.026308
19.4,0.0,25.0,11473.29,13.33,177.76,1.0,96037.1,19.8,156.0,0.0,0.0,0.0,0.6774226804123711,4851.8226804123715,9.162886597938146,529.5081008100811,3.552713678800501e-15,0.021666000000000088,1265.31281681646,20,Wood,2026-02-08T06:22:43.026308
19.4,0.0,25.0,11149.6,12.95,177.76,1.0,93550.2,19.8,156.0,0.0,0.0,0.0,0.6774226804123711,4851.8226804123715,9.162886597938146,529.5081008100811,3.552713678800501e-15,0.021666000000000088,1265.31281681646,20,Wood,2026-02-08T06:22:43.026308
19.4,0.0,25.0,11149.6,12.95,177.76,1.0,93550.2,19.8,156.0,0.0,0.0,0.0,0.6774226804123711,4851.8226804123715,9.162886597938146,529.5081008100811,3.552713678800501e-15,0.021666000000000088,1265.31281681646,20,Wood,2026-02-08T06:22:43.026308
19.4,0.0,25.0,11149.6,12.95,177.76,1.0,93550.2,19.8,156.0,0.0,0.0,0.0,0.6774226804123711,4851.8226804123715,9.162886597938146,529.5081008100811,3.552713678800501e-15,0.021666000000000088,1265.31281681646,20,Wood,2026-02-08T06:22:43.026308
19.4,0.0,25.0,11149.6,12.95,177.76,1.0,93550.2,19.8,156.0,0.0,0.0,0.0,0.6774226804123711,4851.8226804123715,9.162886597938146,529.5081008100811,3.552713678800501e-15,0.021666000000000088,1265.31281681646,20,Wood,2026-02-08T06:22:43.026308
19.4,0.0,25.0,11149.6,12.95,177.76,1.0,93550.2,19.8,156.0,0.0,0.0,0.0,0.6774226804123711,4851.8226804123715,9.162886597938146,529.5081008100811,3.552713678800501e-15,0.021666000000000088,1265.31281681646,20,Wood,2026-02-08T06:22:43.026308
19.4,0.0,25.0,11273.77,13.08,177.76,1.0,93057.3,19.8,156.0,0.0,0.0,0.0,0.6774226804123711,4851.8226804123715,9.162886597938146,529.5081008100811,3.552713678800501e-15,0.021666000000000088,1265.31281681646,20,Wood,2026-02-08T06:22:43.026308
19.4,0.0,25.0,11273.77,13.08,177.76,1.0,93057.3,19.8,156.0,0.0,0.0,0.0,0.6774226804123711,4851.8226804123715,9.162886597938146,529.5081008100811,3.552713678800501e-15,0.021666000000000088,1265.31281681646,20,Wood,2026-02-08T06:22:43.026308
19.4,0.0,25.0,11273.77,13.08,177.76,1.0,93057.3,19.8,156.0,0.0,0.0,0.0,0.6774226804123711,4851.8226804123715,9.162886597938146,529.5081008100811,3.552713678800501e-15,0.021666000000000088,1265.31281681646,20,Wood,2026-02-08T06:22:43.026308
19.4,0.0,25.0,11273.77,13.08,177.76,1.0,93057.3,19.8,156.0,0.0,0.0,0.0,0.6774226804123711,4851.8226804123715,9.162886597938146,529.5081008100811,3.552713678800501e-15,0.021666000000000088,1265.31281681646,20,Wood,2026-02-08T06:22:43.026308
19.4,0.0,25.0,11273.77,13.08,177.76,1.0,93057.3,19.8,156.0,0.0,0.0,0.0,0.6774226804123711,4851.8226804123715,9.162886597938146,529.5081008100811,3.552713678800501e-15,0.021666000000000088,1265.31281681646,20,Wood,2026-02-08T06:22:43.026308
19.4,0.0,25.0,11273.77,13.08,177.76,1.0,93057.3,19.8,156.0,0.0,0.0,0.0,0.6774226804123711,4851.8226804123715,9.162886597938146,529.5081008100811,3.552713678800501e-15,0.021666000000000088,1265.31281681646,20,Wood,2026-02-08T06:22:43.026308
30.7,0.0,25.0,16544.98,30.35,177.76,1.0,136566.4,19.8,156.0,0.0,0.0,0.0,1.0004397394136808,4441.32328990228,5.6816612377850175,782.2912972547252,7.105427357601002e-15,0.1293027499999998,626.6349909436915,30,Wood,2026-02-08T06:23:00.164477
30.7,0.0,25.0,16544.98,30.35,177.76,1.0,136566.4,19.8,156.0,0.0,0.0,0.0,1.0004397394136808,4441.32328990228,5.6816612377850175,782.2912972547252,7.105427357601002e-15,0.1293027499999998,626.6349909436915,30,Wood,2026-02-08T06:23:00.164477
30.7,0.0,25.0,16544.98,30.35,177.76,1.0,136566.4,19.8,156.0,0.0,0.0,0.0,1.0004397394136808,4441.32328990228,5.6816612377850175,782.2912972547252,7.105427357601002e-15,0.1293027499999998,626.6349909436915,30,Wood,2026-02-08T06:23:00.164477
30.7,0.0,25.0,16544.98,30.35,177.76,1.0,136566.4,19.8,156.0,0.0,0.0,0.0,1.0004397394136808,4441.32328990228,5.6816612377850175,782.2912972547252,7.105427357601002e-15,0.1293027499999998,626.6349909436915,30,Wood,2026-02-08T06:23:00.164477
30.7,0.0,25.0,16544.98,30.35,177.76,1.0,136566.4,19.8,156.0,0.0,0.0,0.0,1.0004397394136808,4441.32328990228,5.6816612377850175,782.2912972547252,7.105427357601002e-15,0.1293027499999998,626.6349909436915,30,Wood,2026-02-08T06:23:00.164477
30.7,0.0,25.0,16499.39,30.36,177.76,1.0,136262.9,19.8,156.0,0.0,0.0,0.0,1.0004397394136808,4441.32328990228,5.6816612377850175,782.2912972547252,7.105427357601002e-15,0.1293027499999998,626.6349909436915,30,Wood,2026-02-08T06:23:00.164477
30.7,0.0,25.0,16499.39,30.36,177.76,1.0,136262.9,19.8,156.0,0.0,0.0,0.0,1.0004397394136808,4441.32328990228,5.6816612377850175,782.2912972547252,7.105427357601002e-15,0.1293027499999998,626.6349909436915,30,Wood,2026-02-08T06:23:00.164477
30.7,0.0,25.0,16499.39,30.36,177.76,1.0,136262.9,19.8,156.0,0.0,0.0,0.0,1.0004397394136808,4441.32328990228,5.6816612377850175,782.2912972547252,7.105427357601002e-15,0.1293027499999998,626.6349909436915,30,Wood,2026-02-08T06:23:00.164477
30.7,0.0,25.0,16499.39,30.36,177.76,1.0,136262.9,19.8,156.0,0.0,0.0,0.0,1.0004397394136808,4441.32328990228,5.6816612377850175,782.2912972547252,7.105427357601002e-15,0.1293027499999998,626.6349909436915,30,Wood,2026-02-08T06:23:00.164477
30.7,0.0,25.0,16499.39,30.36,177.76,1.0,136262.9,19.8,156.0,0.0,0.0,0.0,1.0004397394136808,4441.32328990228,5.6816612377850175,782.2912972547252,7.105427357601002e-15,0.1293027499999998,626.6349909436915,30,Wood,2026-02-08T06:23:00.164477
30.7,0.0,25.0,16804.27,31.04,166.65,1.0,135573.8,19.8,156.0,0.0,0.0,0.0,1.0004397394136808,4441.32328990228,5.6816612377850175,782.2912972547252,7.105427357601002e-15,0.1293027499999998,626.6349909436915,30,Wood,2026-02-08T06:23:00.164477
30.7,0.0,25.0,16804.27,31.04,166.65,1.0,135573.8,19.8,156.0,0.0,0.0,0.0,1.0004397394136808,4441.32328990228,5.6816612377850175,782.2912972547252,7.105427357601002e-15,0.1293027499999998,626.6349909436915,30,Wood,2026-02-08T06:23:00.164477
30.7,0.0,25.0,16804.27,31.04,166.65,1.0,135573.8,19.8,156.0,0.0,0.0,0.0,1.0004397394136808,4441.32328990228,5.6816612377850175,782.2912972547252,7.105427357601002e-15,0.1293027499999998,626.6349909436915,30,Wood,2026-02-08T06:23:00.164477
30.7,0.0,25.0,16804.27,31.04,166.65,1.0,135573.8,19.8,156.0,0.0,0.0,0.0,1.0004397394136808,4441.32328990228,5.6816612377850175,782.2912972547252,7.105427357601002e-15,0.1293027499999998,626.6349909436915,30,Wood,2026-02-08T06:23:00.164477
30.7,0.0,25.0,16804.27,31.04,166.65,1.0,135573.8,19.8,156.0,0.0,0.0,0.0,1.0004397394136808,4441.32328990228,5.6816612377850175,782.2912972547252,7.105427357601002e-15,0.1293027499999998,626.6349909436915,30,Wood,2026-02-08T06:23:00.164477
30.7,0.0,25.0,16804.27,31.04,166.65,1.0,135573.8,19.8,156.0,0.0,0.0,0.0,1.0004397394136808,4441.32328990228,5.6816612377850175,782.2912972547252,7.105427357601002e-15,0.1293027499999998,626.6349909436915,30,Wood,2026-02-08T06:23:00.164477
30.7,0.0,25.0,16796.21,31.12,177.76,1.0,137345.8,19.8,156.0,0.0,0.0,0.0,1.0004397394136808,4441.32328990228,5.6816612377850175,782.2912972547252,7.105427357601002e-15,0.1293027499999998,626.6349909436915,30,Wood,2026-02-08T06:23:00.164477
30.7,0.0,25.0,16796.21,31.12,177.76,1.0,137345.8,19.8,156.0,0.0,0.0,0.0,1.0004397394136808,4441.32328990228,5.6816612377850175,782.2912972547252,7.105427357601002e-15,0.1293027499999998,626.6349909436915,30,Wood,2026-02-08T06:23:00.164477
30.7,0.0,25.0,16796.21,31.12,177.76,1.0,137345.8,19.8,156.0,0.0,0.0,0.0,1.0004397394136808,4441.32328990228,5.6816612377850175,782.2912972547252,7.105427357601002e-15,0.1293027499999998,626.6349909436915,30,Wood,2026-02-08T06:23:00.164477
30.7,0.0,25.0,16796.21,31.12,177.76,1.0,137345.8,19.8,156.0,0.0,0.0,0.0,1.0004397394136808,4441.32328990228,5.6816612377850175,782.2912972547252,7.105427357601002e-15,0.1293027499999998,626.6349909436915,30,Wood,2026-02-08T06:23:00.164477
39.9,0.22,25.0,13402.4,45.13,211.09,1.0,132158.6,19.8,156.0,0.29,0.23,2.91,1.2496577694235593,3376.4905614035088,5.000822619047618,675.7907976556171,0.03000000000000043,6.628454999999995,1781.3515585083182,40,Wood,2026-02-08T06:23:09.646766
39.9,0.22,25.0,13402.4,45.13,211.09,1.0,132158.6,19.8,156.0,0.29,0.23,2.91,1.2496577694235593,3376.4905614035088,5.000822619047618,675.7907976556171,0.03000000000000043,6.628454999999995,1781.3515585083182,40,Wood,2026-02-08T06:23:09.646766
40.0,0.22,25.0,14068.38,48.2,199.98,1.0,133353.3,19.8,156.0,0.18,0.12,1.76,1.2496577694235593,3376.4905614035088,5.000822619047618,675.7907976556171,0.03000000000000043,6.628454999999995,1781.3515585083182,40,Wood,2026-02-08T06:23:09.646766
40.0,0.22,25.0,14068.38,48.2,199.98,1.0,133353.3,19.8,156.0,0.18,0.12,1.76,1.2496577694235593,3376.4905614035088,5.000822619047618,675.7907976556171,0.03000000000000043,6.628454999999995,1781.3515585083182,40,Wood,2026-02-08T06:23:09.646766
40.0,0.22,25.0,14068.38,48.2,199.98,1.0,133353.3,19.8,156.0,0.18,0.12,1.76,1.2496577694235593,3376.4905614035088,5.000822619047618,675.7907976556171,0.03000000000000043,6.628454999999995,1781.3515585083182,40,Wood,2026-02-08T06:23:09.646766
40.0,0.22,25.0,14068.38,48.2,199.98,1.0,133353.3,19.8,156.0,0.18,0.12,1.76,1.2496577694235593,3376.4905614035088,5.000822619047618,675.7907976556171,0.03000000000000043,6.628454999999995,1781.3515585083182,40,Wood,2026-02-08T06:23:09.646766
40.0,0.22,25.0,14068.38,48.2,199.98,1.0,133353.3,19.8,156.0,0.18,0.12,1.76,1.2496577694235593,3376.4905614035088,5.000822619047618,675.7907976556171,0.03000000000000043,6.628454999999995,1781.3515585083182,40,Wood,2026-02-08T06:23:09.646766
40.0,0.22,25.0,14300.71,49.8,199.98,1.0,135029.6,19.8,156.0,0.09,0.07,0.91,1.2496577694235593,3376.4905614035088,5.000822619047618,675.7907976556171,0.03000000000000043,6.628454999999995,1781.3515585083182,40,Wood,2026-02-08T06:23:09.646766
40.0,0.22,25.0,14300.71,49.8,199.98,1.0,135029.6,19.8,156.0,0.09,0.07,0.91,1.2496577694235593,3376.4905614035088,5.000822619047618,675.7907976556171,0.03000000000000043,6.628454999999995,1781.3515585083182,40,Wood,2026-02-08T06:23:09.646766
40.0,0.22,25.0,14300.71,49.8,199.98,1.0,135029.6,19.8,156.0,0.09,0.07,0.91,1.2496577694235593,3376.4905614035088,5.000822619047618,675.7907976556171,0.03000000000000043,6.628454999999995,1781.3515585083182,40,Wood,2026-02-08T06:23:09.646766
40.0,0.22,25.0,14300.71,49.8,199.98,1.0,135029.6,19.8,156.0,0.09,0.07,0.91,1.2496577694235593,3376.4905614035088,5.000822619047618,675.7907976556171,0.03000000000000043,6.628454999999995,1781.3515585083182,40,Wood,2026-02-08T06:23:09.646766
40.0,0.22,25.0,14300.71,49.8,199.98,1.0,135029.6,19.8,156.0,0.09,0.07,0.91,1.2496577694235593,3376.4905614035088,5.000822619047618,675.7907976556171,0.03000000000000043,6.628454999999995,1781.3515585083182,40,Wood,2026-02-08T06:23:09.646766
40.0,0.22,25.0,14300.71,49.8,199.98,1.0,135029.6,19.8,156.0,0.09,0.07,0.91,1.2496577694235593,3376.4905614035088,5.000822619047618,675.7907976556171,0.03000000000000043,6.628454999999995,1781.3515585083182,40,Wood,2026-02-08T06:23:09.646766
40.0,0.0,25.0,14659.59,51.86,199.98,1.0,136521.1,19.8,156.0,0.07,0.06,0.67,1.2496577694235593,3376.4905614035088,5.000822619047618,675.7907976556171,0.03000000000000043,6.628454999999995,1781.3515585083182,40,Wood,2026-02-08T06:23:09.646766
40.0,0.0,25.0,14659.59,51.86,199.98,1.0,136521.1,19.8,156.0,0.07,0.06,0.67,1.2496577694235593,3376.4905614035088,5.000822619047618,675.7907976556171,0.03000000000000043,6.628454999999995,1781.3515585083182,40,Wood,2026-02-08T06:23:09.646766
40.0,0.0,25.0,14659.59,51.86,199.98,1.0,136521.1,19.8,156.0,0.07,0.06,0.67,1.2496577694235593,3376.4905614035088,5.000822619047618,675.7907976556171,0.03000000000000043,6.628454999999995,1781.3515585083182,40,Wood,2026-02-08T06:23:09.646766
40.0,0.0,25.0,14659.59,51.86,199.98,1.0,136521.1,19.8,156.0,0.07,0.06,0.67,1.2496577694235593,3376.4905614035088,5.000822619047618,675.7907976556171,0.03000000000000043,6.628454999999995,1781.3515585083182,40,Wood,2026-02-08T06:23:09.646766
40.0,0.0,25.0,14659.59,51.86,199.98,1.0,136521.1,19.8,156.0,0.07,0.06,0.67,1.2496577694235593,3376.4905614035088,5.000822619047618,675.7907976556171,0.03000000000000043,6.628454999999995,1781.3515585083182,40,Wood,2026-02-08T06:23:09.646766
40.0,0.0,25.0,15347.73,55.07,188.87,1.0,138331.6,19.8,156.0,0.07,0.06,0.72,1.2496577694235593,3376.4905614035088,5.000822619047618,675.7907976556171,0.03000000000000043,6.628454999999995,1781.3515585083182,40,Wood,2026-02-08T06:23:09.646766
40.0,0.0,25.0,15347.73,55.07,188.87,1.0,138331.6,19.8,156.0,0.07,0.06,0.72,1.2496577694235593,3376.4905614035088,5.000822619047618,675.7907976556171,0.03000000000000043,6.628454999999995,1781.3515585083182,40,Wood,2026-02-08T06:23:09.646766
49.5,0.44,25.0,8551.82,42.58,399.96,1.0,140890.9,19.8,156.0,0.92,0.88,9.23,0.9840266512620423,2687.7647672416883,6.379151140780425,432.80797293580025,0.10712142642814186,22.751022749999986,4395.433762724671,50,Wood,2026-02-08T06:23:20.646046
49.5,0.44,25.0,8551.82,42.58,399.96,1.0,140890.9,19.8,156.0,0.92,0.88,9.23,0.9840266512620423,2687.7647672416883,6.379151140780425,432.80797293580025,0.10712142642814186,22.751022749999986,4395.433762724671,50,Wood,2026-02-08T06:23:20.646046
49.5,0.44,25.0,8551.82,42.58,399.96,1.0,140890.9,19.8,156.0,0.92,0.88,9.23,0.9840266512620423,2687.7647672416883,6.379151140780425,432.80797293580025,0.10712142642814186,22.751022749999986,4395.433762724671,50,Wood,2026-02-08T06:23:20.646046
49.5,0.44,25.0,8551.82,42.58,399.96,1.0,140890.9,19.8,156.0,0.92,0.88,9.23,0.9840266512620423,2687.7647672416883,6.379151140780425,432.80797293580025,0.10712142642814186,22.751022749999986,4395.433762724671,50,Wood,2026-02-08T06:23:20.646046
49.6,0.44,25.0,9091.65,45.31,344.41,1.0,132567.9,19.8,156.0,0.93,0.86,9.31,0.9840266512620423,2687.7647672416883,6.379151140780425,432.80797293580025,0.10712142642814186,22.751022749999986,4395.433762724671,50,Wood,2026-02-08T06:23:20.646046
49.6,0.44,25.0,9091.65,45.31,344.41,1.0,132567.9,19.8,156.0,0.93,0.86,9.31,0.9840266512620423,2687.7647672416883,6.379151140780425,432.80797293580025,0.10712142642814186,22.751022749999986,4395.433762724671,50,Wood,2026-02-08T06:23:20.646046
49.6,0.44,25.0,9091.65,45.31,344.41,1.0,132567.9,19.8,156.0,0.93,0.86,9.31,0.9840266512620423,2687.7647672416883,6.379151140780425,432.80797293580025,0.10712142642814186,22.751022749999986,4395.433762724671,50,Wood,2026-02-08T06:23:20.646046
49.6,0.44,25.0,9091.65,45.31,344.41,1.0,132567.9,19.8,156.0,0.93,0.86,9.31,0.9840266512620423,2687.7647672416883,6.379151140780425,432.80797293580025,0.10712142642814186,22.751022749999986,4395.433762724671,50,Wood,2026-02-08T06:23:20.646046
49.6,0.44,25.0,9091.65,45.31,344.41,1.0,132567.9,19.8,156.0,0.93,0.86,9.31,0.9840266512620423,2687.7647672416883,6.379151140780425,432.80797293580025,0.10712142642814186,22.751022749999986,4395.433762724671,50,Wood,2026-02-08T06:23:20.646046
49.6,0.44,25.0,9091.65,45.31,344.41,1.0,132567.9,19.8,156.0,0.93,0.86,9.31,0.9840266512620423,2687.7647672416883,6.379151140780425,432.80797293580025,0.10712142642814186,22.751022749999986,4395.433762724671,50,Wood,2026-02-08T06:23:20.646046
49.7,0.44,25.0,10596.42,52.89,288.86,1.0,134178.4,19.8,156.0,0.85,0.75,8.53,0.9840266512620423,2687.7647672416883,6.379151140780425,432.80797293580025,0.10712142642814186,22.751022749999986,4395.433762724671,50,Wood,2026-02-08T06:23:20.646046
49.7,0.44,25.0,10596.42,52.89,288.86,1.0,134178.4,19.8,156.0,0.85,0.75,8.53,0.9840266512620423,2687.7647672416883,6.379151140780425,432.80797293580025,0.10712142642814186,22.751022749999986,4395.433762724671,50,Wood,2026-02-08T06:23:20.646046
49.7,0.44,25.0,10596.42,52.89,288.86,1.0,134178.4,19.8,156.0,0.85,0.75,8.53,0.9840266512620423,2687.7647672416883,6.379151140780425,432.80797293580025,0.10712142642814186,22.751022749999986,4395.433762724671,50,Wood,2026-02-08T06:23:20.646046
49.7,0.44,25.0,10596.42,52.89,288.86,1.0,134178.4,19.8,156.0,0.85,0.75,8.53,0.9840266512620423,2687.7647672416883,6.379151140780425,432.80797293580025,0.10712142642814186,22.751022749999986,4395.433762724671,50,Wood,2026-02-08T06:23:20.646046
49.7,0.44,25.0,10596.42,52.89,288.86,1.0,134178.4,19.8,156.0,0.85,0.75,8.53,0.9840266512620423,2687.7647672416883,6.379151140780425,432.80797293580025,0.10712142642814186,22.751022749999986,4395.433762724671,50,Wood,2026-02-08T06:23:20.646046
49.8,0.44,25.0,10834.65,54.16,244.42,1.0,127835.6,19.8,156.0,0.7,0.58,7.02,0.9840266512620423,2687.7647672416883,6.379151140780425,432.80797293580025,0.10712142642814186,22.751022749999986,4395.433762724671,50,Wood,2026-02-08T06:23:20.646046
49.8,0.44,25.0,10834.65,54.16,244.42,1.0,127835.6,19.8,156.0,0.7,0.58,7.02,0.9840266512620423,2687.7647672416883,6.379151140780425,432.80797293580025,0.10712142642814186,22.751022749999986,4395.433762724671,50,Wood,2026-02-08T06:23:20.646046
49.8,0.44,25.0,10834.65,54.16,244.42,1.0,127835.6,19.8,156.0,0.7,0.58,7.02,0.9840266512620423,2687.7647672416883,6.379151140780425,432.80797293580025,0.10712142642814186,22.751022749999986,4395.433762724671,50,Wood,2026-02-08T06:23:20.646046
49.8,0.44,25.0,10834.65,54.16,244.42,1.0,127835.6,19.8,156.0,0.7,0.58,7.02,0.9840266512620423,2687.7647672416883,6.379151140780425,432.80797293580025,0.10712142642814186,22.751022749999986,4395.433762724671,50,Wood,2026-02-08T06:23:20.646046
49.8,0.44,25.0,10834.65,54.16,244.42,1.0,127835.6,19.8,156.0,0.7,0.58,7.02,0.9840266512620423,2687.7647672416883,6.379151140780425,432.80797293580025,0.10712142642814186,22.751022749999986,4395.433762724671,50,Wood,2026-02-08T06:23:20.646046
58.1,0.0,25.0,4647.88,23.33,799.92,1.0,163960.9,19.8,156.0,1.61,1.31,16.06,0.4437210665321384,2784.510459819574,12.4631431390587,224.3234950427127,0.04330127018922254,2.4911490000000045,5738.546321279895,60,Wood,2026-02-08T06:23:32.205237
58.1,0.0,25.0,4647.88,23.33,799.92,1.0,163960.9,19.8,156.0,1.61,1.31,16.06,0.4437210665321384,2784.510459819574,12.4631431390587,224.3234950427127,0.04330127018922254,2.4911490000000045,5738.546321279895,60,Wood,2026-02-08T06:23:32.205237
58.1,0.0,25.0,4647.88,23.33,799.92,1.0,163960.9,19.8,156.0,1.61,1.31,16.06,0.4437210665321384,2784.510459819574,12.4631431390587,224.3234950427127,0.04330127018922254,2.4911490000000045,5738.546321279895,60,Wood,2026-02-08T06:23:32.205237
58.1,0.0,25.0,4647.88,23.33,799.92,1.0,163960.9,19.8,156.0,1.61,1.31,16.06,0.4437210665321384,2784.510459819574,12.4631431390587,224.3234950427127,0.04330127018922254,2.4911490000000045,5738.546321279895,60,Wood,2026-02-08T06:23:32.205237
58.0,-0.22,25.0,5172.35,25.97,677.71,1.0,155005.5,19.8,156.0,1.0,0.74,10.0,0.4437210665321384,2784.510459819574,12.4631431390587,224.3234950427127,0.04330127018922254,2.4911490000000045,5738.546321279895,60,Wood,2026-02-08T06:23:32.205237
58.0,-0.22,25.0,5172.35,25.97,677.71,1.0,155005.5,19.8,156.0,1.0,0.74,10.0,0.4437210665321384,2784.510459819574,12.4631431390587,224.3234950427127,0.04330127018922254,2.4911490000000045,5738.546321279895,60,Wood,2026-02-08T06:23:32.205237
58.0,-0.22,25.0,5172.35,25.97,677.71,1.0,155005.5,19.8,156.0,1.0,0.74,10.0,0.4437210665321384,2784.510459819574,12.4631431390587,224.3234950427127,0.04330127018922254,2.4911490000000045,5738.546321279895,60,Wood,2026-02-08T06:23:32.205237
58.0,-0.22,25.0,5172.35,25.97,677.71,1.0,155005.5,19.8,156.0,1.0,0.74,10.0,0.4437210665321384,2784.510459819574,12.4631431390587,224.3234950427127,0.04330127018922254,2.4911490000000045,5738.546321279895,60,Wood,2026-02-08T06:23:32.205237
58.0,-0.22,25.0,5172.35,25.97,677.71,1.0,155005.5,19.8,156.0,1.0,0.74,10.0,0.4437210665321384,2784.510459819574,12.4631431390587,224.3234950427127,0.04330127018922254,2.4911490000000045,5738.546321279895,60,Wood,2026-02-08T06:23:32.205237
58.1,0.22,25.0,5524.69,27.76,666.6,1.0,158732.3,19.8,156.0,0.45,0.27,4.47,0.4437210665321384,2784.510459819574,12.4631431390587,224.3234950427127,0.04330127018922254,2.4911490000000045,5738.546321279895,60,Wood,2026-02-08T06:23:32.205237
58.1,0.22,25.0,5524.69,27.76,666.6,1.0,158732.3,19.8,156.0,0.45,0.27,4.47,0.4437210665321384,2784.510459819574,12.4631431390587,224.3234950427127,0.04330127018922254,2.4911490000000045,5738.546321279895,60,Wood,2026-02-08T06:23:32.205237
58.1,0.22,25.0,5524.69,27.76,666.6,1.0,158732.3,19.8,156.0,0.45,0.27,4.47,0.4437210665321384,2784.510459819574,12.4631431390587,224.3234950427127,0.04330127018922254,2.4911490000000045,5738.546321279895,60,Wood,2026-02-08T06:23:32.205237
58.1,0.22,25.0,5524.69,27.76,666.6,1.0,158732.3,19.8,156.0,0.45,0.27,4.47,0.4437210665321384,2784.510459819574,12.4631431390587,224.3234950427127,0.04330127018922254,2.4911490000000045,5738.546321279895,60,Wood,2026-02-08T06:23:32.205237
58.1,0.22,25.0,5524.69,27.76,666.6,1.0,158732.3,19.8,156.0,0.45,0.27,4.47,0.4437210665321384,2784.510459819574,12.4631431390587,224.3234950427127,0.04330127018922254,2.4911490000000045,5738.546321279895,60,Wood,2026-02-08T06:23:32.205237
58.1,0.22,25.0,5524.69,27.76,666.6,1.0,158732.3,19.8,156.0,0.45,0.27,4.47,0.4437210665321384,2784.510459819574,12.4631431390587,224.3234950427127,0.04330127018922254,2.4911490000000045,5738.546321279895,60,Wood,2026-02-08T06:23:32.205237
58.1,0.0,25.0,4997.62,25.13,777.7,1.0,170200.0,19.8,156.0,0.05,0.03,0.5,0.4437210665321384,2784.510459819574,12.4631431390587,224.3234950427127,0.04330127018922254,2.4911490000000045,5738.546321279895,60,Wood,2026-02-08T06:23:32.205237
58.1,0.0,25.0,4997.62,25.13,777.7,1.0,170200.0,19.8,156.0,0.05,0.03,0.5,0.4437210665321384,2784.510459819574,12.4631431390587,224.3234950427127,0.04330127018922254,2.4911490000000045,5738.546321279895,60,Wood,2026-02-08T06:23:32.205237
58.1,0.0,25.0,4997.62,25.13,777.7,1.0,170200.0,19.8,156.0,0.05,0.03,0.5,0.4437210665321384,2784.510459819574,12.4631431390587,224.3234950427127,0.04330127018922254,2.4911490000000045,5738.546321279895,60,Wood,2026-02-08T06:23:32.205237
58.1,0.0,25.0,4997.62,25.13,777.7,1.0,170200.0,19.8,156.0,0.05,0.03,0.5,0.4437210665321384,2784.510459819574,12.4631431390587,224.3234950427127,0.04330127018922254,2.4911490000000045,5738.546321279895,60,Wood,2026-02-08T06:23:32.205237
58.1,0.0,25.0,4997.62,25.13,777.7,1.0,170200.0,19.8,156.0,0.05,0.03,0.5,0.4437210665321384,2784.510459819574,12.4631431390587,224.3234950427127,0.04330127018922254,2.4911490000000045,5738.546321279895,60,Wood,2026-02-08T06:23:32.205237
68.6,0.0,25.0,4960.16,24.79,733.26,1.0,173680.5,19.8,156.0,0.27,0.23,2.66,0.3591161818220511,2574.853307867464,10.840128971505184,239.11823825360898,0.04769696007084457,2.0688387499999985,6337.038117407452,70,Wood,2026-02-08T06:23:46.865330
68.6,0.0,25.0,4960.16,24.79,733.26,1.0,173680.5,19.8,156.0,0.27,0.23,2.66,0.3591161818220511,2574.853307867464,10.840128971505184,239.11823825360898,0.04769696007084457,2.0688387499999985,6337.038117407452,70,Wood,2026-02-08T06:23:46.865330
68.6,0.0,25.0,5194.54,25.95,655.49,1.0,167390.0,19.8,156.0,0.21,0.15,2.09,0.3591161818220511,2574.853307867464,10.840128971505184,239.11823825360898,0.04769696007084457,2.0688387499999985,6337.038117407452,70,Wood,2026-02-08T06:23:46.865330
68.6,0.0,25.0,5194.54,25.95,655.49,1.0,167390.0,19.8,156.0,0.21,0.15,2.09,0.3591161818220511,2574.853307867464,10.840128971505184,239.11823825360898,0.04769696007084457,2.0688387499999985,6337.038117407452,70,Wood,2026-02-08T06:23:46.865330
68.6,0.0,25.0,5194.54,25.95,655.49,1.0,167390.0,19.8,156.0,0.21,0.15,2.09,0.3591161818220511,2574.853307867464,10.840128971505184,239.11823825360898,0.04769696007084457,2.0688387499999985,6337.038117407452,70,Wood,2026-02-08T06:23:46.865330
68.6,0.0,25.0,5194.54,25.95,655.49,1.0,167390.0,19.8,156.0,0.21,0.15,2.09,0.3591161818220511,2574.853307867464,10.840128971505184,239.11823825360898,0.04769696007084457,2.0688387499999985,6337.038117407452,70,Wood,2026-02-08T06:23:46.865330
68.6,0.0,25.0,5194.54,25.95,655.49,1.0,167390.0,19.8,156.0,0.21,0.15,2.09,0.3591161818220511,2574.853307867464,10.840128971505184,239.11823825360898,0.04769696007084457,2.0688387499999985,6337.038117407452,70,Wood,2026-02-08T06:23:46.865330
68.6,0.0,25.0,4567.82,22.8,833.25,1.0,183238.3,19.8,156.0,0.09,0.05,0.86,0.3591161818220511,2574.853307867464,10.840128971505184,239.11823825360898,0.04769696007084457,2.0688387499999985,6337.038117407452,70,Wood,2026-02-08T06:23:46.865330
68.6,0.0,25.0,4567.82,22.8,833.25,1.0,183238.3,19.8,156.0,0.09,0.05,0.86,0.3591161818220511,2574.853307867464,10.840128971505184,239.11823825360898,0.04769696007084457,2.0688387499999985,6337.038117407452,70,Wood,2026-02-08T06:23:46.865330
68.6,0.0,25.0,4567.82,22.8,833.25,1.0,183238.3,19.8,156.0,0.09,0.05,0.86,0.3591161818220511,2574.853307867464,10.840128971505184,239.11823825360898,0.04769696007084457,2.0688387499999985,6337.038117407452,70,Wood,2026-02-08T06:23:46.865330
68.6,0.0,25.0,4567.82,22.8,833.25,1.0,183238.3,19.8,156.0,0.09,0.05,0.86,0.3591161818220511,2574.853307867464,10.840128971505184,239.11823825360898,0.04769696007084457,2.0688387499999985,6337.038117407452,70,Wood,2026-02-08T06:23:46.865330
68.6,0.0,25.0,4567.82,22.8,833.25,1.0,183238.3,19.8,156.0,0.09,0.05,0.86,0.3591161818220511,2574.853307867464,10.840128971505184,239.11823825360898,0.04769696007084457,2.0688387499999985,6337.038117407452,70,Wood,2026-02-08T06:23:46.865330
68.6,0.0,25.0,4567.82,22.8,833.25,1.0,183238.3,19.8,156.0,0.09,0.05,0.86,0.3591161818220511,2574.853307867464,10.840128971505184,239.11823825360898,0.04769696007084457,2.0688387499999985,6337.038117407452,70,Wood,2026-02-08T06:23:46.865330
68.5,-0.22,25.0,4889.38,24.42,766.59,1.0,180308.1,19.8,156.0,0.01,0.01,0.14,0.3591161818220511,2574.853307867464,10.840128971505184,239.11823825360898,0.04769696007084457,2.0688387499999985,6337.038117407452,70,Wood,2026-02-08T06:23:46.865330
68.5,-0.22,25.0,4889.38,24.42,766.59,1.0,180308.1,19.8,156.0,0.01,0.01,0.14,0.3591161818220511,2574.853307867464,10.840128971505184,239.11823825360898,0.04769696007084457,2.0688387499999985,6337.038117407452,70,Wood,2026-02-08T06:23:46.865330
68.5,-0.22,25.0,4889.38,24.42,766.59,1.0,180308.1,19.8,156.0,0.01,0.01,0.14,0.3591161818220511,2574.853307867464,10.840128971505184,239.11823825360898,0.04769696007084457,2.0688387499999985,6337.038117407452,70,Wood,2026-02-08T06:23:46.865330
68.5,-0.22,25.0,4889.38,24.42,766.59,1.0,180308.1,19.8,156.0,0.01,0.01,0.14,0.3591161818220511,2574.853307867464,10.840128971505184,239.11823825360898,0.04769696007084457,2.0688387499999985,6337.038117407452,70,Wood,2026-02-08T06:23:46.865330
68.5,-0.22,25.0,4889.38,24.42,766.59,1.0,180308.1,19.8,156.0,0.01,0.01,0.14,0.3591161818220511,2574.853307867464,10.840128971505184,239.11823825360898,0.04769696007084457,2.0688387499999985,6337.038117407452,70,Wood,2026-02-08T06:23:46.865330
68.5,0.0,25.0,5426.05,27.11,644.38,1.0,172798.4,19.8,156.0,0.02,0.02,0.19,0.3591161818220511,2574.853307867464,10.840128971505184,239.11823825360898,0.04769696007084457,2.0688387499999985,6337.038117407452,70,Wood,2026-02-08T06:23:46.865330
68.5,0.0,25.0,5426.05,27.11,644.38,1.0,172798.4,19.8,156.0,0.02,0.02,0.19,0.3591161818220511,2574.853307867464,10.840128971505184,239.11823825360898,0.04769696007084457,2.0688387499999985,6337.038117407452,70,Wood,2026-02-08T06:23:46.865330
76.4,0.0,25.0,3468.35,17.31,822.14,1.0,134316.4,19.8,156.0,0.06,0.05,0.58,0.23262434554973824,1759.1631544502616,10.731910994764398,163.9210164352237,1.4210854715202004e-14,0.13361875000000023,512.0907939760257,80,Wood,2026-02-08T06:24:05.014487
76.4,0.0,25.0,3468.35,17.31,822.14,1.0,134316.4,19.8,156.0,0.06,0.05,0.58,0.23262434554973824,1759.1631544502616,10.731910994764398,163.9210164352237,1.4210854715202004e-14,0.13361875000000023,512.0907939760257,80,Wood,2026-02-08T06:24:05.014487
76.4,0.0,25.0,3468.35,17.31,822.14,1.0,134316.4,19.8,156.0,0.06,0.05,0.58,0.23262434554973824,1759.1631544502616,10.731910994764398,163.9210164352237,1.4210854715202004e-14,0.13361875000000023,512.0907939760257,80,Wood,2026-02-08T06:24:05.014487
76.4,0.0,25.0,3468.35,17.31,822.14,1.0,134316.4,19.8,156.0,0.06,0.05,0.58,0.23262434554973824,1759.1631544502616,10.731910994764398,163.9210164352237,1.4210854715202004e-14,0.13361875000000023,512.0907939760257,80,Wood,2026-02-08T06:24:05.014487
76.4,0.0,25.0,3468.35,17.31,822.14,1.0,134316.4,19.8,156.0,0.06,0.05,0.58,0.23262434554973824,1759.1631544502616,10.731910994764398,163.9210164352237,1.4210854715202004e-14,0.13361875000000023,512.0907939760257,80,Wood,2026-02-08T06:24:05.014487
76.4,0.0,25.0,3629.48,18.11,822.14,1.0,135043.5,19.8,156.0,0.05,0.05,0.51,0.23262434554973824,1759.1631544502616,10.731910994764398,163.9210164352237,1.4210854715202004e-14,0.13361875000000023,512.0907939760257,80,Wood,2026-02-08T06:24:05.014487
76.4,0.0,25.0,3629.48,18.11,822.14,1.0,135043.5,19.8,156.0,0.05,0.05,0.51,0.23262434554973824,1759.1631544502616,10.731910994764398,163.9210164352237,1.4210854715202004e-14,0.13361875000000023,512.0907939760257,80,Wood,2026-02-08T06:24:05.014487
76.4,0.0,25.0,3629.48,18.11,822.14,1.0,135043.5,19.8,156.0,0.05,0.05,0.51,0.23262434554973824,1759.1631544502616,10.731910994764398,163.9210164352237,1.4210854715202004e-14,0.13361875000000023,512.0907939760257,80,Wood,2026-02-08T06:24:05.014487
76.4,0.0,25.0,3629.48,18.11,822.14,1.0,135043.5,19.8,156.0,0.05,0.05,0.51,0.23262434554973824,1759.1631544502616,10.731910994764398,163.9210164352237,1.4210854715202004e-14,0.13361875000000023,512.0907939760257,80,Wood,2026-02-08T06:24:05.014487
76.4,0.0,25.0,3629.48,18.11,822.14,1.0,135043.5,19.8,156.0,0.05,0.05,0.51,0.23262434554973824,1759.1631544502616,10.731910994764398,163.9210164352237,1.4210854715202004e-14,0.13361875000000023,512.0907939760257,80,Wood,2026-02-08T06:24:05.014487
76.4,0.0,25.0,3629.48,18.11,822.14,1.0,135043.5,19.8,156.0,0.05,0.05,0.51,0.23262434554973824,1759.1631544502616,10.731910994764398,163.9210164352237,1.4210854715202004e-14,0.13361875000000023,512.0907939760257,80,Wood,2026-02-08T06:24:05.014487
76.4,0.0,25.0,3511.98,17.52,822.14,1.0,134371.5,19.8,156.0,0.04,0.03,0.38,0.23262434554973824,1759.1631544502616,10.731910994764398,163.9210164352237,1.4210854715202004e-14,0.13361875000000023,512.0907939760257,80,Wood,2026-02-08T06:24:05.014487
76.4,0.0,25.0,3511.98,17.52,822.14,1.0,134371.5,19.8,156.0,0.04,0.03,0.38,0.23262434554973824,1759.1631544502616,10.731910994764398,163.9210164352237,1.4210854715202004e-14,0.13361875000000023,512.0907939760257,80,Wood,2026-02-08T06:24:05.014487
76.4,0.0,25.0,3511.98,17.52,822.14,1.0,134371.5,19.8,156.0,0.04,0.03,0.38,0.23262434554973824,1759.1631544502616,10.731910994764398,163.9210164352237,1.4210854715202004e-14,0.13361875000000023,512.0907939760257,80,Wood,2026-02-08T06:24:05.014487
76.4,0.0,25.0,3511.98,17.52,822.14,1.0,134371.5,19.8,156.0,0.04,0.03,0.38,0.23262434554973824,1759.1631544502616,10.731910994764398,163.9210164352237,1.4210854715202004e-14,0.13361875000000023,512.0907939760257,80,Wood,2026-02-08T06:24:05.014487
76.4,0.0,25.0,3511.98,17.52,822.14,1.0,134371.5,19.8,156.0,0.04,0.03,0.38,0.23262434554973824,1759.1631544502616,10.731910994764398,163.9210164352237,1.4210854715202004e-14,0.13361875000000023,512.0907939760257,80,Wood,2026-02-08T06:24:05.014487
76.4,0.0,25.0,3639.61,18.16,811.03,1.0,133575.2,19.8,156.0,0.03,0.02,0.31,0.23262434554973824,1759.1631544502616,10.731910994764398,163.9210164352237,1.4210854715202004e-14,0.13361875000000023,512.0907939760257,80,Wood,2026-02-08T06:24:05.014487
76.4,0.0,25.0,3639.61,18.16,811.03,1.0,133575.2,19.8,156.0,0.03,0.02,0.31,0.23262434554973824,1759.1631544502616,10.731910994764398,163.9210164352237,1.4210854715202004e-14,0.13361875000000023,512.0907939760257,80,Wood,2026-02-08T06:24:05.014487
76.4,0.0,25.0,3639.61,18.16,811.03,1.0,133575.2,19.8,156.0,0.03,0.02,0.31,0.23262434554973824,1759.1631544502616,10.731910994764398,163.9210164352237,1.4210854715202004e-14,0.13361875000000023,512.0907939760257,80,Wood,2026-02-08T06:24:05.014487
76.4,0.0,25.0,3639.61,18.16,811.03,1.0,133575.2,19.8,156.0,0.03,0.02,0.31,0.23262434554973824,1759.1631544502616,10.731910994764398,163.9210164352237,1.4210854715202004e-14,0.13361875000000023,512.0907939760257,80,Wood,2026-02-08T06:24:05.014487
86.4,-1.31,25.0,1760.23,8.89,1044.34,1.0,95307.6,19.8,156.0,0.17,0.14,1.65,0.0997947315782682,1086.155332946187,12.082250451671184,89.8974963041946,0.12000000000000453,0.021822750000000064,927.1674516504581,90,Wood,2026-02-08T06:24:16.830554
86.4,-1.31,25.0,1760.23,8.89,1044.34,1.0,95307.6,19.8,156.0,0.17,0.14,1.65,0.0997947315782682,1086.155332946187,12.082250451671184,89.8974963041946,0.12000000000000453,0.021822750000000064,927.1674516504581,90,Wood,2026-02-08T06:24:16.830554
86.4,-1.31,25.0,1760.23,8.89,1044.34,1.0,95307.6,19.8,156.0,0.17,0.14,1.65,0.0997947315782682,1086.155332946187,12.082250451671184,89.8974963041946,0.12000000000000453,0.021822750000000064,927.1674516504581,90,Wood,2026-02-08T06:24:16.830554
86.4,-1.31,25.0,1760.23,8.89,1044.34,1.0,95307.6,19.8,156.0,0.17,0.14,1.65,0.0997947315782682,1086.155332946187,12.082250451671184,89.8974963041946,0.12000000000000453,0.021822750000000064,927.1674516504581,90,Wood,2026-02-08T06:24:16.830554
86.1,-1.31,25.0,1683.49,8.5,1044.34,1.0,93707.6,19.8,156.0,0.22,0.19,2.22,0.0997947315782682,1086.155332946187,12.082250451671184,89.8974963041946,0.12000000000000453,0.021822750000000064,927.1674516504581,90,Wood,2026-02-08T06:24:16.830554
86.1,-1.31,25.0,1683.49,8.5,1044.34,1.0,93707.6,19.8,156.0,0.22,0.19,2.22,0.0997947315782682,1086.155332946187,12.082250451671184,89.8974963041946,0.12000000000000453,0.021822750000000064,927.1674516504581,90,Wood,2026-02-08T06:24:16.830554
86.1,-1.31,25.0,1683.49,8.5,1044.34,1.0,93707.6,19.8,156.0,0.22,0.19,2.22,0.0997947315782682,1086.155332946187,12.082250451671184,89.8974963041946,0.12000000000000453,0.021822750000000064,927.1674516504581,90,Wood,2026-02-08T06:24:16.830554
86.1,-1.31,25.0,1683.49,8.5,1044.34,1.0,93707.6,19.8,156.0,0.22,0.19,2.22,0.0997947315782682,1086.155332946187,12.082250451671184,89.8974963041946,0.12000000000000453,0.021822750000000064,927.1674516504581,90,Wood,2026-02-08T06:24:16.830554
86.1,-1.31,25.0,1683.49,8.5,1044.34,1.0,93707.6,19.8,156.0,0.22,0.19,2.22,0.0997947315782682,1086.155332946187,12.082250451671184,89.8974963041946,0.12000000000000453,0.021822750000000064,927.1674516504581,90,Wood,2026-02-08T06:24:16.830554
86.1,0.0,25.0,1694.31,8.56,1033.23,1.0,92811.3,19.8,156.0,0.23,0.2,2.33,0.0997947315782682,1086.155332946187,12.082250451671184,89.8974963041946,0.12000000000000453,0.021822750000000064,927.1674516504581,90,Wood,2026-02-08T06:24:16.830554
86.1,0.0,25.0,1694.31,8.56,1033.23,1.0,92811.3,19.8,156.0,0.23,0.2,2.33,0.0997947315782682,1086.155332946187,12.082250451671184,89.8974963041946,0.12000000000000453,0.021822750000000064,927.1674516504581,90,Wood,2026-02-08T06:24:16.830554
86.1,0.0,25.0,1694.31,8.56,1033.23,1.0,92811.3,19.8,156.0,0.23,0.2,2.33,0.0997947315782682,1086.155332946187,12.082250451671184,89.8974963041946,0.12000000000000453,0.021822750000000064,927.1674516504581,90,Wood,2026-02-08T06:24:16.830554
86.1,0.0,25.0,1694.31,8.56,1033.23,1.0,92811.3,19.8,156.0,0.23,0.2,2.33,0.0997947315782682,1086.155332946187,12.082250451671184,89.8974963041946,0.12000000000000453,0.021822750000000064,927.1674516504581,90,Wood,2026-02-08T06:24:16.830554
86.1,0.0,25.0,1694.31,8.56,1033.23,1.0,92811.3,19.8,156.0,0.23,0.2,2.33,0.0997947315782682,1086.155332946187,12.082250451671184,89.8974963041946,0.12000000000000453,0.021822750000000064,927.1674516504581,90,Wood,2026-02-08T06:24:16.830554
86.1,0.0,25.0,1694.31,8.56,1033.23,1.0,92811.3,19.8,156.0,0.23,0.2,2.33,0.0997947315782682,1086.155332946187,12.082250451671184,89.8974963041946,0.12000000000000453,0.021822750000000064,927.1674516504581,90,Wood,2026-02-08T06:24:16.830554
86.1,0.0,25.0,1683.47,8.51,1044.34,1.0,93009.4,19.8,156.0,0.25,0.21,2.48,0.0997947315782682,1086.155332946187,12.082250451671184,89.8974963041946,0.12000000000000453,0.021822750000000064,927.1674516504581,90,Wood,2026-02-08T06:24:16.830554
86.1,0.0,25.0,1683.47,8.51,1044.34,1.0,93009.4,19.8,156.0,0.25,0.21,2.48,0.0997947315782682,1086.155332946187,12.082250451671184,89.8974963041946,0.12000000000000453,0.021822750000000064,927.1674516504581,90,Wood,2026-02-08T06:24:16.830554
86.1,0.0,25.0,1683.47,8.51,1044.34,1.0,93009.4,19.8,156.0,0.25,0.21,2.48,0.0997947315782682,1086.155332946187,12.082250451671184,89.8974963041946,0.12000000000000453,0.021822750000000064,927.1674516504581,90,Wood,2026-02-08T06:24:16.830554
86.1,0.0,25.0,1683.47,8.51,1044.34,1.0,93009.4,19.8,156.0,0.25,0.21,2.48,0.0997947315782682,1086.155332946187,12.082250451671184,89.8974963041946,0.12000000000000453,0.021822750000000064,927.1674516504581,90,Wood,2026-02-08T06:24:16.830554
86.1,0.0,25.0,1683.47,8.51,1044.34,1.0,93009.4,19.8,156.0,0.25,0.21,2.48,0.0997947315782682,1086.155332946187,12.082250451671184,89.8974963041946,0.12000000000000453,0.021822750000000064,927.1674516504581,90,Wood,2026-02-08T06:24:16.830554
95.5,0.0,25.0,3464.03,17.51,899.91,1.0,149481.5,19.8,156.0,0.49,0.46,4.92,0.1853316100848453,1577.5251123404348,9.302989419034759,169.65370082508178,0.039999999999997725,0.15783474999999952,2355.4378509047974,100,Wood,2026-02-08T06:24:25.296688
95.5,0.0,25.0,3464.03,17.51,899.91,1.0,149481.5,19.8,156.0,0.49,0.46,4.92,0.1853316100848453,1577.5251123404348,9.302989419034759,169.65370082508178,0.039999999999997725,0.15783474999999952,2355.4378509047974,100,Wood,2026-02-08T06:24:25.296688
95.5,0.0,25.0,3464.03,17.51,899.91,1.0,149481.5,19.8,156.0,0.49,0.46,4.92,0.1853316100848453,1577.5251123404348,9.302989419034759,169.65370082508178,0.039999999999997725,0.15783474999999952,2355.4378509047974,100,Wood,2026-02-08T06:24:25.296688
95.5,0.0,25.0,3464.03,17.51,899.91,1.0,149481.5,19.8,156.0,0.49,0.46,4.92,0.1853316100848453,1577.5251123404348,9.302989419034759,169.65370082508178,0.039999999999997725,0.15783474999999952,2355.4378509047974,100,Wood,2026-02-08T06:24:25.296688
95.5,0.0,25.0,3464.03,17.51,899.91,1.0,149481.5,19.8,156.0,0.49,0.46,4.92,0.1853316100848453,1577.5251123404348,9.302989419034759,169.65370082508178,0.039999999999997725,0.15783474999999952,2355.4378509047974,100,Wood,2026-02-08T06:24:25.296688
95.5,0.0,25.0,3638.5,18.38,844.36,1.0,147625.0,19.8,156.0,0.46,0.42,4.64,0.1853316100848453,1577.5251123404348,9.302989419034759,169.65370082508178,0.039999999999997725,0.15783474999999952,2355.4378509047974,100,Wood,2026-02-08T06:24:25.296688
95.5,0.0,25.0,3638.5,18.38,844.36,1.0,147625.0,19.8,156.0,0.46,0.42,4.64,0.1853316100848453,1577.5251123404348,9.302989419034759,169.65370082508178,0.039999999999997725,0.15783474999999952,2355.4378509047974,100,Wood,2026-02-08T06:24:25.296688
95.5,0.0,25.0,3638.5,18.38,844.36,1.0,147625.0,19.8,156.0,0.46,0.42,4.64,0.1853316100848453,1577.5251123404348,9.302989419034759,169.65370082508178,0.039999999999997725,0.15783474999999952,2355.4378509047974,100,Wood,2026-02-08T06:24:25.296688
95.5,0.0,25.0,3638.5,18.38,844.36,1.0,147625.0,19.8,156.0,0.46,0.42,4.64,0.1853316100848453,1577.5251123404348,9.302989419034759,169.65370082508178,0.039999999999997725,0.15783474999999952,2355.4378509047974,100,Wood,2026-02-08T06:24:25.296688
95.5,0.0,25.0,3638.5,18.38,844.36,1.0,147625.0,19.8,156.0,0.46,0.42,4.64,0.1853316100848453,1577.5251123404348,9.302989419034759,169.65370082508178,0.039999999999997725,0.15783474999999952,2355.4378509047974,100,Wood,2026-02-08T06:24:25.296688
95.5,0.0,25.0,3449.09,17.41,899.91,1.0,151630.8,19.8,156.0,0.4,0.34,4.04,0.1853316100848453,1577.5251123404348,9.302989419034759,169.65370082508178,0.039999999999997725,0.15783474999999952,2355.4378509047974,100,Wood,2026-02-08T06:24:25.296688
95.5,0.0,25.0,3449.09,17.41,899.91,1.0,151630.8,19.8,156.0,0.4,0.34,4.04,0.1853316100848453,1577.5251123404348,9.302989419034759,169.65370082508178,0.039999999999997725,0.15783474999999952,2355.4378509047974,100,Wood,2026-02-08T06:24:25.296688
95.5,0.0,25.0,3449.09,17.41,899.91,1.0,151630.8,19.8,156.0,0.4,0.34,4.04,0.1853316100848453,1577.5251123404348,9.302989419034759,169.65370082508178,0.039999999999997725,0.15783474999999952,2355.4378509047974,100,Wood,2026-02-08T06:24:25.296688
95.5,0.0,25.0,3449.09,17.41,899.91,1.0,151630.8,19.8,156.0,0.4,0.34,4.04,0.1853316100848453,1577.5251123404348,9.302989419034759,169.65370082508178,0.039999999999997725,0.15783474999999952,2355.4378509047974,100,Wood,2026-02-08T06:24:25.296688
95.5,0.0,25.0,3449.09,17.41,899.91,1.0,151630.8,19.8,156.0,0.4,0.34,4.04,0.1853316100848453,1577.5251123404348,9.302989419034759,169.65370082508178,0.039999999999997725,0.15783474999999952,2355.4378509047974,100,Wood,2026-02-08T06:24:25.296688
95.5,0.0,25.0,3449.09,17.41,899.91,1.0,151630.8,19.8,156.0,0.4,0.34,4.04,0.1853316100848453,1577.5251123404348,9.302989419034759,169.65370082508178,0.039999999999997725,0.15783474999999952,2355.4378509047974,100,Wood,2026-02-08T06:24:25.296688
95.4,-0.22,25.0,3468.16,17.5,911.02,1.0,154277.2,19.8,156.0,0.29,0.24,2.95,0.1853316100848453,1577.5251123404348,9.302989419034759,169.65370082508178,0.039999999999997725,0.15783474999999952,2355.4378509047974,100,Wood,2026-02-08T06:24:25.296688
95.4,-0.22,25.0,3468.16,17.5,911.02,1.0,154277.2,19.8,156.0,0.29,0.24,2.95,0.1853316100848453,1577.5251123404348,9.302989419034759,169.65370082508178,0.039999999999997725,0.15783474999999952,2355.4378509047974,100,Wood,2026-02-08T06:24:25.296688
95.4,-0.22,25.0,3468.16,17.5,911.02,1.0,154277.2,19.8,156.0,0.29,0.24,2.95,0.1853316100848453,1577.5251123404348,9.302989419034759,169.65370082508178,0.039999999999997725,0.15783474999999952,2355.4378509047974,100,Wood,2026-02-08T06:24:25.296688
95.4,-0.22,25.0,3468.16,17.5,911.02,1.0,154277.2,19.8,156.0,0.29,0.24,2.95,0.1853316100848453,1577.5251123404348,9.302989419034759,169.65370082508178,0.039999999999997725,0.15783474999999952,2355.4378509047974,100,Wood,2026-02-08T06:24:25.296688
106.8,-0.87,25.0,3023.18,15.21,888.8,1.0,137934.5,19.8,156.0,0.36,0.3,3.56,0.14579707121268895,1285.3738231810432,8.185403231963173,157.11953262212188,0.3316624790355383,0.19267499999999954,921.7735331820946,110,Wood,2026-02-08T06:24:34.221955
106.8,-0.87,25.0,3023.18,15.21,888.8,1.0,137934.5,19.8,156.0,0.36,0.3,3.56,0.14579707121268895,1285.3738231810432,8.185403231963173,157.11953262212188,0.3316624790355383,0.19267499999999954,921.7735331820946,110,Wood,2026-02-08T06:24:34.221955
106.8,-0.87,25.0,3023.18,15.21,888.8,1.0,137934.5,19.8,156.0,0.36,0.3,3.56,0.14579707121268895,1285.3738231810432,8.185403231963173,157.11953262212188,0.3316624790355383,0.19267499999999954,921.7735331820946,110,Wood,2026-02-08T06:24:34.221955
106.8,-0.87,25.0,3023.18,15.21,888.8,1.0,137934.5,19.8,156.0,0.36,0.3,3.56,0.14579707121268895,1285.3738231810432,8.185403231963173,157.11953262212188,0.3316624790355383,0.19267499999999954,921.7735331820946,110,Wood,2026-02-08T06:24:34.221955
106.8,-0.87,25.0,3023.18,15.21,888.8,1.0,137934.5,19.8,156.0,0.36,0.3,3.56,0.14579707121268895,1285.3738231810432,8.185403231963173,157.11953262212188,0.3316624790355383,0.19267499999999954,921.7735331820946,110,Wood,2026-02-08T06:24:34.221955
107.2,1.75,25.0,3041.31,15.31,899.91,1.0,138635.4,19.8,156.0,0.37,0.32,3.67,0.14579707121268895,1285.3738231810432,8.185403231963173,157.11953262212188,0.3316624790355383,0.19267499999999954,921.7735331820946,110,Wood,2026-02-08T06:24:34.221955
107.2,1.75,25.0,3041.31,15.31,899.91,1.0,138635.4,19.8,156.0,0.37,0.32,3.67,0.14579707121268895,1285.3738231810432,8.185403231963173,157.11953262212188,0.3316624790355383,0.19267499999999954,921.7735331820946,110,Wood,2026-02-08T06:24:34.221955
107.2,1.75,25.0,3041.31,15.31,899.91,1.0,138635.4,19.8,156.0,0.37,0.32,3.67,0.14579707121268895,1285.3738231810432,8.185403231963173,157.11953262212188,0.3316624790355383,0.19267499999999954,921.7735331820946,110,Wood,2026-02-08T06:24:34.221955
107.2,1.75,25.0,3041.31,15.31,899.91,1.0,138635.4,19.8,156.0,0.37,0.32,3.67,0.14579707121268895,1285.3738231810432,8.185403231963173,157.11953262212188,0.3316624790355383,0.19267499999999954,921.7735331820946,110,Wood,2026-02-08T06:24:34.221955
107.2,1.75,25.0,3041.31,15.31,899.91,1.0,138635.4,19.8,156.0,0.37,0.32,3.67,0.14579707121268895,1285.3738231810432,8.185403231963173,157.11953262212188,0.3316624790355383,0.19267499999999954,921.7735331820946,110,Wood,2026-02-08T06:24:34.221955
107.6,1.75,25.0,3227.15,16.27,844.36,1.0,136618.4,19.8,156.0,0.37,0.32,3.67,0.14579707121268895,1285.3738231810432,8.185403231963173,157.11953262212188,0.3316624790355383,0.19267499999999954,921.7735331820946,110,Wood,2026-02-08T06:24:34.221955
107.6,1.75,25.0,3227.15,16.27,844.36,1.0,136618.4,19.8,156.0,0.37,0.32,3.67,0.14579707121268895,1285.3738231810432,8.185403231963173,157.11953262212188,0.3316624790355383,0.19267499999999954,921.7735331820946,110,Wood,2026-02-08T06:24:34.221955
107.6,1.75,25.0,3227.15,16.27,844.36,1.0,136618.4,19.8,156.0,0.37,0.32,3.67,0.14579707121268895,1285.3738231810432,8.185403231963173,157.11953262212188,0.3316624790355383,0.19267499999999954,921.7735331820946,110,Wood,2026-02-08T06:24:34.221955
107.6,1.75,25.0,3227.15,16.27,844.36,1.0,136618.4,19.8,156.0,0.37,0.32,3.67,0.14579707121268895,1285.3738231810432,8.185403231963173,157.11953262212188,0.3316624790355383,0.19267499999999954,921.7735331820946,110,Wood,2026-02-08T06:24:34.221955
107.6,1.75,25.0,3227.15,16.27,844.36,1.0,136618.4,19.8,156.0,0.37,0.32,3.67,0.14579707121268895,1285.3738231810432,8.185403231963173,157.11953262212188,0.3316624790355383,0.19267499999999954,921.7735331820946,110,Wood,2026-02-08T06:24:34.221955
107.6,1.75,25.0,3227.15,16.27,844.36,1.0,136618.4,19.8,156.0,0.37,0.32,3.67,0.14579707121268895,1285.3738231810432,8.185403231963173,157.11953262212188,0.3316624790355383,0.19267499999999954,921.7735331820946,110,Wood,2026-02-08T06:24:34.221955
107.6,0.22,25.0,3105.27,15.67,888.8,1.0,138953.0,19.8,156.0,0.35,0.31,3.53,0.14579707121268895,1285.3738231810432,8.185403231963173,157.11953262212188,0.3316624790355383,0.19267499999999954,921.7735331820946,110,Wood,2026-02-08T06:24:34.221955
107.6,0.22,25.0,3105.27,15.67,888.8,1.0,138953.0,19.8,156.0,0.35,0.31,3.53,0.14579707121268895,1285.3738231810432,8.185403231963173,157.11953262212188,0.3316624790355383,0.19267499999999954,921.7735331820946,110,Wood,2026-02-08T06:24:34.221955
107.6,0.22,25.0,3105.27,15.67,888.8,1.0,138953.0,19.8,156.0,0.35,0.31,3.53,0.14579707121268895,1285.3738231810432,8.185403231963173,157.11953262212188,0.3316624790355383,0.19267499999999954,921.7735331820946,110,Wood,2026-02-08T06:24:34.221955
107.6,0.22,25.0,3105.27,15.67,888.8,1.0,138953.0,19.8,156.0,0.35,0.31,3.53,0.14579707121268895,1285.3738231810432,8.185403231963173,157.11953262212188,0.3316624790355383,0.19267499999999954,921.7735331820946,110,Wood,2026-02-08T06:24:34.221955
117.6,-1.09,25.0,2904.42,14.57,888.8,1.0,126814.9,19.8,156.0,0.22,0.19,2.2,0.12457057823129251,1117.4508928571431,7.628677721088432,146.47899141201387,1.4210854715202004e-14,0.08632474999999995,3353.2633518521934,120,Wood,2026-02-08T06:24:46.488959
117.6,-1.09,25.0,2904.42,14.57,888.8,1.0,126814.9,19.8,156.0,0.22,0.19,2.2,0.12457057823129251,1117.4508928571431,7.628677721088432,146.47899141201387,1.4210854715202004e-14,0.08632474999999995,3353.2633518521934,120,Wood,2026-02-08T06:24:46.488959
117.6,-1.09,25.0,2904.42,14.57,888.8,1.0,126814.9,19.8,156.0,0.22,0.19,2.2,0.12457057823129251,1117.4508928571431,7.628677721088432,146.47899141201387,1.4210854715202004e-14,0.08632474999999995,3353.2633518521934,120,Wood,2026-02-08T06:24:46.488959
117.6,-1.09,25.0,2904.42,14.57,888.8,1.0,126814.9,19.8,156.0,0.22,0.19,2.2,0.12457057823129251,1117.4508928571431,7.628677721088432,146.47899141201387,1.4210854715202004e-14,0.08632474999999995,3353.2633518521934,120,Wood,2026-02-08T06:24:46.488959
117.6,-1.09,25.0,2904.42,14.57,888.8,1.0,126814.9,19.8,156.0,0.22,0.19,2.2,0.12457057823129251,1117.4508928571431,7.628677721088432,146.47899141201387,1.4210854715202004e-14,0.08632474999999995,3353.2633518521934,120,Wood,2026-02-08T06:24:46.488959
117.6,-1.09,25.0,2904.42,14.57,888.8,1.0,126814.9,19.8,156.0,0.22,0.19,2.2,0.12457057823129251,1117.4508928571431,7.628677721088432,146.47899141201387,1.4210854715202004e-14,0.08632474999999995,3353.2633518521934,120,Wood,2026-02-08T06:24:46.488959
117.6,0.0,25.0,2880.51,14.46,899.91,1.0,131143.7,19.8,156.0,0.24,0.2,2.39,0.12457057823129251,1117.4508928571431,7.628677721088432,146.47899141201387,1.4210854715202004e-14,0.08632474999999995,3353.2633518521934,120,Wood,2026-02-08T06:24:46.488959
117.6,0.0,25.0,2880.51,14.46,899.91,1.0,131143.7,19.8,156.0,0.24,0.2,2.39,0.12457057823129251,1117.4508928571431,7.628677721088432,146.47899141201387,1.4210854715202004e-14,0.08632474999999995,3353.2633518521934,120,Wood,2026-02-08T06:24:46.488959
117.6,0.0,25.0,2880.51,14.46,899.91,1.0,131143.7,19.8,156.0,0.24,0.2,2.39,0.12457057823129251,1117.4508928571431,7.628677721088432,146.47899141201387,1.4210854715202004e-14,0.08632474999999995,3353.2633518521934,120,Wood,2026-02-08T06:24:46.488959
117.6,0.0,25.0,2880.51,14.46,899.91,1.0,131143.7,19.8,156.0,0.24,0.2,2.39,0.12457057823129251,1117.4508928571431,7.628677721088432,146.47899141201387,1.4210854715202004e-14,0.08632474999999995,3353.2633518521934,120,Wood,2026-02-08T06:24:46.488959
117.6,0.0,25.0,2880.51,14.46,899.91,1.0,131143.7,19.8,156.0,0.24,0.2,2.39,0.12457057823129251,1117.4508928571431,7.628677721088432,146.47899141201387,1.4210854715202004e-14,0.08632474999999995,3353.2633518521934,120,Wood,2026-02-08T06:24:46.488959
117.6,0.0,25.0,2879.79,14.47,911.02,1.0,133977.0,19.8,156.0,0.21,0.14,2.13,0.12457057823129251,1117.4508928571431,7.628677721088432,146.47899141201387,1.4210854715202004e-14,0.08632474999999995,3353.2633518521934,120,Wood,2026-02-08T06:24:46.488959
117.6,0.0,25.0,2879.79,14.47,911.02,1.0,133977.0,19.8,156.0,0.21,0.14,2.13,0.12457057823129251,1117.4508928571431,7.628677721088432,146.47899141201387,1.4210854715202004e-14,0.08632474999999995,3353.2633518521934,120,Wood,2026-02-08T06:24:46.488959
117.6,0.0,25.0,2879.79,14.47,911.02,1.0,133977.0,19.8,156.0,0.21,0.14,2.13,0.12457057823129251,1117.4508928571431,7.628677721088432,146.47899141201387,1.4210854715202004e-14,0.08632474999999995,3353.2633518521934,120,Wood,2026-02-08T06:24:46.488959
117.6,0.0,25.0,2879.79,14.47,911.02,1.0,133977.0,19.8,156.0,0.21,0.14,2.13,0.12457057823129251,1117.4508928571431,7.628677721088432,146.47899141201387,1.4210854715202004e-14,0.08632474999999995,3353.2633518521934,120,Wood,2026-02-08T06:24:46.488959
117.6,0.0,25.0,2879.79,14.47,911.02,1.0,133977.0,19.8,156.0,0.21,0.14,2.13,0.12457057823129251,1117.4508928571431,7.628677721088432,146.47899141201387,1.4210854715202004e-14,0.08632474999999995,3353.2633518521934,120,Wood,2026-02-08T06:24:46.488959
117.6,0.0,25.0,3032.88,15.23,888.8,1.0,135437.9,19.8,156.0,0.15,0.13,1.53,0.12457057823129251,1117.4508928571431,7.628677721088432,146.47899141201387,1.4210854715202004e-14,0.08632474999999995,3353.2633518521934,120,Wood,2026-02-08T06:24:46.488959
117.6,0.0,25.0,3032.88,15.23,888.8,1.0,135437.9,19.8,156.0,0.15,0.13,1.53,0.12457057823129251,1117.4508928571431,7.628677721088432,146.47899141201387,1.4210854715202004e-14,0.08632474999999995,3353.2633518521934,120,Wood,2026-02-08T06:24:46.488959
117.6,0.0,25.0,3032.88,15.23,888.8,1.0,135437.9,19.8,156.0,0.15,0.13,1.53,0.12457057823129251,1117.4508928571431,7.628677721088432,146.47899141201387,1.4210854715202004e-14,0.08632474999999995,3353.2633518521934,120,Wood,2026-02-08T06:24:46.488959
117.6,0.0,25.0,3032.88,15.23,888.8,1.0,135437.9,19.8,156.0,0.15,0.13,1.53,0.12457057823129251,1117.4508928571431,7.628677721088432,146.47899141201387,1.4210854715202004e-14,0.08632474999999995,3353.2633518521934,120,Wood,2026-02-08T06:24:46.488959
128.5,-0.66,25.0,2449.11,12.44,966.57,1.0,122905.2,19.8,156.0,0.11,0.09,1.07,0.09682983887705164,959.3985292116822,7.509762050668613,127.75621623910588,0.17109938632268853,0.054200000000000005,212.01475915605528,130,Wood,2026-02-08T06:24:56.980276
128.5,-0.66,25.0,2449.11,12.44,966.57,1.0,122905.2,19.8,156.0,0.11,0.09,1.07,0.09682983887705164,959.3985292116822,7.509762050668613,127.75621623910588,0.17109938632268853,0.054200000000000005,212.01475915605528,130,Wood,2026-02-08T06:24:56.980276
128.5,-0.66,25.0,2449.11,12.44,966.57,1.0,122905.2,19.8,156.0,0.11,0.09,1.07,0.09682983887705164,959.3985292116822,7.509762050668613,127.75621623910588,0.17109938632268853,0.054200000000000005,212.01475915605528,130,Wood,2026-02-08T06:24:56.980276
128.5,-0.66,25.0,2449.11,12.44,966.57,1.0,122905.2,19.8,156.0,0.11,0.09,1.07,0.09682983887705164,959.3985292116822,7.509762050668613,127.75621623910588,0.17109938632268853,0.054200000000000005,212.01475915605528,130,Wood,2026-02-08T06:24:56.980276
128.5,-0.66,25.0,2449.11,12.44,966.57,1.0,122905.2,19.8,156.0,0.11,0.09,1.07,0.09682983887705164,959.3985292116822,7.509762050668613,127.75621623910588,0.17109938632268853,0.054200000000000005,212.01475915605528,130,Wood,2026-02-08T06:24:56.980276
128.3,-0.66,25.0,2514.73,12.74,955.46,1.0,122835.5,19.8,156.0,0.14,0.11,1.42,0.09682983887705164,959.3985292116822,7.509762050668613,127.75621623910588,0.17109938632268853,0.054200000000000005,212.01475915605528,130,Wood,2026-02-08T06:24:56.980276
128.3,-0.66,25.0,2514.73,12.74,955.46,1.0,122835.5,19.8,156.0,0.14,0.11,1.42,0.09682983887705164,959.3985292116822,7.509762050668613,127.75621623910588,0.17109938632268853,0.054200000000000005,212.01475915605528,130,Wood,2026-02-08T06:24:56.980276
128.3,-0.66,25.0,2514.73,12.74,955.46,1.0,122835.5,19.8,156.0,0.14,0.11,1.42,0.09682983887705164,959.3985292116822,7.509762050668613,127.75621623910588,0.17109938632268853,0.054200000000000005,212.01475915605528,130,Wood,2026-02-08T06:24:56.980276
128.3,-0.66,25.0,2514.73,12.74,955.46,1.0,122835.5,19.8,156.0,0.14,0.11,1.42,0.09682983887705164,959.3985292116822,7.509762050668613,127.75621623910588,0.17109938632268853,0.054200000000000005,212.01475915605528,130,Wood,2026-02-08T06:24:56.980276
128.3,-0.66,25.0,2514.73,12.74,955.46,1.0,122835.5,19.8,156.0,0.14,0.11,1.42,0.09682983887705164,959.3985292116822,7.509762050668613,127.75621623910588,0.17109938632268853,0.054200000000000005,212.01475915605528,130,Wood,2026-02-08T06:24:56.980276
128.3,-0.66,25.0,2514.73,12.74,955.46,1.0,122835.5,19.8,156.0,0.14,0.11,1.42,0.09682983887705164,959.3985292116822,7.509762050668613,127.75621623910588,0.17109938632268853,0.054200000000000005,212.01475915605528,130,Wood,2026-02-08T06:24:56.980276
128.2,-0.66,25.0,2403.09,12.16,966.57,1.0,123312.8,19.8,156.0,0.18,0.15,1.84,0.09682983887705164,959.3985292116822,7.509762050668613,127.75621623910588,0.17109938632268853,0.054200000000000005,212.01475915605528,130,Wood,2026-02-08T06:24:56.980276
128.2,-0.66,25.0,2403.09,12.16,966.57,1.0,123312.8,19.8,156.0,0.18,0.15,1.84,0.09682983887705164,959.3985292116822,7.509762050668613,127.75621623910588,0.17109938632268853,0.054200000000000005,212.01475915605528,130,Wood,2026-02-08T06:24:56.980276
128.2,-0.66,25.0,2403.09,12.16,966.57,1.0,123312.8,19.8,156.0,0.18,0.15,1.84,0.09682983887705164,959.3985292116822,7.509762050668613,127.75621623910588,0.17109938632268853,0.054200000000000005,212.01475915605528,130,Wood,2026-02-08T06:24:56.980276
128.2,-0.66,25.0,2403.09,12.16,966.57,1.0,123312.8,19.8,156.0,0.18,0.15,1.84,0.09682983887705164,959.3985292116822,7.509762050668613,127.75621623910588,0.17109938632268853,0.054200000000000005,212.01475915605528,130,Wood,2026-02-08T06:24:56.980276
128.2,-0.66,25.0,2403.09,12.16,966.57,1.0,123312.8,19.8,156.0,0.18,0.15,1.84,0.09682983887705164,959.3985292116822,7.509762050668613,127.75621623910588,0.17109938632268853,0.054200000000000005,212.01475915605528,130,Wood,2026-02-08T06:24:56.980276
128.0,-0.66,25.0,2423.53,12.24,966.57,1.0,123258.4,19.8,156.0,0.23,0.19,2.27,0.09682983887705164,959.3985292116822,7.509762050668613,127.75621623910588,0.17109938632268853,0.054200000000000005,212.01475915605528,130,Wood,2026-02-08T06:24:56.980276
128.0,-0.66,25.0,2423.53,12.24,966.57,1.0,123258.4,19.8,156.0,0.23,0.19,2.27,0.09682983887705164,959.3985292116822,7.509762050668613,127.75621623910588,0.17109938632268853,0.054200000000000005,212.01475915605528,130,Wood,2026-02-08T06:24:56.980276
128.0,-0.66,25.0,2423.53,12.24,966.57,1.0,123258.4,19.8,156.0,0.23,0.19,2.27,0.09682983887705164,959.3985292116822,7.509762050668613,127.75621623910588,0.17109938632268853,0.054200000000000005,212.01475915605528,130,Wood,2026-02-08T06:24:56.980276
128.0,-0.66,25.0,2423.53,12.24,966.57,1.0,123258.4,19.8,156.0,0.23,0.19,2.27,0.09682983887705164,959.3985292116822,7.509762050668613,127.75621623910588,0.17109938632268853,0.054200000000000005,212.01475915605528,130,Wood,2026-02-08T06:24:56.980276
137.6,0.0,25.0,2518.6,12.69,988.79,1.0,130796.8,19.8,156.0,0.07,0.07,0.7,0.09597883333475885,978.5196106210126,7.04298181436811,138.95481355180294,0.10428326807306512,0.12836475000000028,1908.673766224863,140,Wood,2026-02-08T06:25:05.449101
137.6,0.0,25.0,2587.27,13.05,966.57,1.0,132069.5,19.8,156.0,0.07,0.07,0.7,0.09597883333475885,978.5196106210126,7.04298181436811,138.95481355180294,0.10428326807306512,0.12836475000000028,1908.673766224863,140,Wood,2026-02-08T06:25:05.449101
137.6,0.0,25.0,2587.27,13.05,966.57,1.0,132069.5,19.8,156.0,0.07,0.07,0.7,0.09597883333475885,978.5196106210126,7.04298181436811,138.95481355180294,0.10428326807306512,0.12836475000000028,1908.673766224863,140,Wood,2026-02-08T06:25:05.449101
137.6,0.0,25.0,2587.27,13.05,966.57,1.0,132069.5,19.8,156.0,0.07,0.07,0.7,0.09597883333475885,978.5196106210126,7.04298181436811,138.95481355180294,0.10428326807306512,0.12836475000000028,1908.673766224863,140,Wood,2026-02-08T06:25:05.449101
137.6,0.0,25.0,2587.27,13.05,966.57,1.0,132069.5,19.8,156.0,0.07,0.07,0.7,0.09597883333475885,978.5196106210126,7.04298181436811,138.95481355180294,0.10428326807306512,0.12836475000000028,1908.673766224863,140,Wood,2026-02-08T06:25:05.449101
137.6,0.0,25.0,2587.27,13.05,966.57,1.0,132069.5,19.8,156.0,0.07,0.07,0.7,0.09597883333475885,978.5196106210126,7.04298181436811,138.95481355180294,0.10428326807306512,0.12836475000000028,1908.673766224863,140,Wood,2026-02-08T06:25:05.449101
137.5,-0.44,25.0,2546.78,12.86,977.68,1.0,134737.9,19.8,156.0,0.08,0.08,0.83,0.09597883333475885,978.5196106210126,7.04298181436811,138.95481355180294,0.10428326807306512,0.12836475000000028,1908.673766224863,140,Wood,2026-02-08T06:25:05.449101
137.5,-0.44,25.0,2546.78,12.86,977.68,1.0,134737.9,19.8,156.0,0.08,0.08,0.83,0.09597883333475885,978.5196106210126,7.04298181436811,138.95481355180294,0.10428326807306512,0.12836475000000028,1908.673766224863,140,Wood,2026-02-08T06:25:05.449101
137.5,-0.44,25.0,2546.78,12.86,977.68,1.0,134737.9,19.8,156.0,0.08,0.08,0.83,0.09597883333475885,978.5196106210126,7.04298181436811,138.95481355180294,0.10428326807306512,0.12836475000000028,1908.673766224863,140,Wood,2026-02-08T06:25:05.449101
137.5,-0.44,25.0,2546.78,12.86,977.68,1.0,134737.9,19.8,156.0,0.08,0.08,0.83,0.09597883333475885,978.5196106210126,7.04298181436811,138.95481355180294,0.10428326807306512,0.12836475000000028,1908.673766224863,140,Wood,2026-02-08T06:25:05.449101
137.5,-0.44,25.0,2546.78,12.86,977.68,1.0,134737.9,19.8,156.0,0.08,0.08,0.83,0.09597883333475885,978.5196106210126,7.04298181436811,138.95481355180294,0.10428326807306512,0.12836475000000028,1908.673766224863,140,Wood,2026-02-08T06:25:05.449101
137.5,-0.44,25.0,2546.78,12.86,977.68,1.0,134737.9,19.8,156.0,0.08,0.08,0.83,0.09597883333475885,978.5196106210126,7.04298181436811,138.95481355180294,0.10428326807306512,0.12836475000000028,1908.673766224863,140,Wood,2026-02-08T06:25:05.449101
137.4,-0.44,25.0,2717.53,13.73,955.46,1.0,135992.0,19.8,156.0,0.1,0.08,1.02,0.09597883333475885,978.5196106210126,7.04298181436811,138.95481355180294,0.10428326807306512,0.12836475000000028,1908.673766224863,140,Wood,2026-02-08T06:25:05.449101
137.4,-0.44,25.0,2717.53,13.73,955.46,1.0,135992.0,19.8,156.0,0.1,0.08,1.02,0.09597883333475885,978.5196106210126,7.04298181436811,138.95481355180294,0.10428326807306512,0.12836475000000028,1908.673766224863,140,Wood,2026-02-08T06:25:05.449101
137.4,-0.44,25.0,2717.53,13.73,955.46,1.0,135992.0,19.8,156.0,0.1,0.08,1.02,0.09597883333475885,978.5196106210126,7.04298181436811,138.95481355180294,0.10428326807306512,0.12836475000000028,1908.673766224863,140,Wood,2026-02-08T06:25:05.449101
137.4,-0.44,25.0,2717.53,13.73,955.46,1.0,135992.0,19.8,156.0,0.1,0.08,1.02,0.09597883333475885,978.5196106210126,7.04298181436811,138.95481355180294,0.10428326807306512,0.12836475000000028,1908.673766224863,140,Wood,2026-02-08T06:25:05.449101
137.4,-0.44,25.0,2717.53,13.73,955.46,1.0,135992.0,19.8,156.0,0.1,0.08,1.02,0.09597883333475885,978.5196106210126,7.04298181436811,138.95481355180294,0.10428326807306512,0.12836475000000028,1908.673766224863,140,Wood,2026-02-08T06:25:05.449101
137.3,-0.44,25.0,2645.88,13.38,966.57,1.0,136959.6,19.8,156.0,0.13,0.1,1.26,0.09597883333475885,978.5196106210126,7.04298181436811,138.95481355180294,0.10428326807306512,0.12836475000000028,1908.673766224863,140,Wood,2026-02-08T06:25:05.449101
137.3,-0.44,25.0,2645.88,13.38,966.57,1.0,136959.6,19.8,156.0,0.13,0.1,1.26,0.09597883333475885,978.5196106210126,7.04298181436811,138.95481355180294,0.10428326807306512,0.12836475000000028,1908.673766224863,140,Wood,2026-02-08T06:25:05.449101
137.3,-0.44,25.0,2645.88,13.38,966.57,1.0,136959.6,19.8,156.0,0.13,0.1,1.26,0.09597883333475885,978.5196106210126,7.04298181436811,138.95481355180294,0.10428326807306512,0.12836475000000028,1908.673766224863,140,Wood,2026-02-08T06:25:05.449101
145.4,-1.75,25.0,2057.71,10.41,966.57,1.0,105956.1,19.8,156.0,0.22,0.17,2.15,0.07118358882003432,730.6970619974759,6.650578853453206,109.87474723724469,0.039999999999997725,0.005082749999999985,263.4472020633361,150,Wood,2026-02-08T06:25:19.245474
145.4,-1.75,25.0,2057.71,10.41,966.57,1.0,105956.1,19.8,156.0,0.22,0.17,2.15,0.07118358882003432,730.6970619974759,6.650578853453206,109.87474723724469,0.039999999999997725,0.005082749999999985,263.4472020633361,150,Wood,2026-02-08T06:25:19.245474
145.4,-1.75,25.0,2057.71,10.41,966.57,1.0,105956.1,19.8,156.0,0.22,0.17,2.15,0.07118358882003432,730.6970619974759,6.650578853453206,109.87474723724469,0.039999999999997725,0.005082749999999985,263.4472020633361,150,Wood,2026-02-08T06:25:19.245474
145.4,-1.75,25.0,2057.71,10.41,966.57,1.0,105956.1,19.8,156.0,0.22,0.17,2.15,0.07118358882003432,730.6970619974759,6.650578853453206,109.87474723724469,0.039999999999997725,0.005082749999999985,263.4472020633361,150,Wood,2026-02-08T06:25:19.245474
145.4,-1.75,25.0,2057.71,10.41,966.57,1.0,105956.1,19.8,156.0,0.22,0.17,2.15,0.07118358882003432,730.6970619974759,6.650578853453206,109.87474723724469,0.039999999999997725,0.005082749999999985,263.4472020633361,150,Wood,2026-02-08T06:25:19.245474
145.4,0.0,25.0,2040.36,10.32,977.68,1.0,106659.8,19.8,156.0,0.22,0.17,2.23,0.07118358882003432,730.6970619974759,6.650578853453206,109.87474723724469,0.039999999999997725,0.005082749999999985,263.4472020633361,150,Wood,2026-02-08T06:25:19.245474
145.4,0.0,25.0,2040.36,10.32,977.68,1.0,106659.8,19.8,156.0,0.22,0.17,2.23,0.07118358882003432,730.6970619974759,6.650578853453206,109.87474723724469,0.039999999999997725,0.005082749999999985,263.4472020633361,150,Wood,2026-02-08T06:25:19.245474
145.4,0.0,25.0,2040.36,10.32,977.68,1.0,106659.8,19.8,156.0,0.22,0.17,2.23,0.07118358882003432,730.6970619974759,6.650578853453206,109.87474723724469,0.039999999999997725,0.005082749999999985,263.4472020633361,150,Wood,2026-02-08T06:25:19.245474
145.4,0.0,25.0,2040.36,10.32,977.68,1.0,106659.8,19.8,156.0,0.22,0.17,2.23,0.07118358882003432,730.6970619974759,6.650578853453206,109.87474723724469,0.039999999999997725,0.005082749999999985,263.4472020633361,150,Wood,2026-02-08T06:25:19.245474
145.4,0.0,25.0,2040.36,10.32,977.68,1.0,106659.8,19.8,156.0,0.22,0.17,2.23,0.07118358882003432,730.6970619974759,6.650578853453206,109.87474723724469,0.039999999999997725,0.005082749999999985,263.4472020633361,150,Wood,2026-02-08T06:25:19.245474
145.4,0.0,25.0,2059.57,10.41,966.57,1.0,106289.6,19.8,156.0,0.25,0.22,2.52,0.07118358882003432,730.6970619974759,6.650578853453206,109.87474723724469,0.039999999999997725,0.005082749999999985,263.4472020633361,150,Wood,2026-02-08T06:25:19.245474
145.4,0.0,25.0,2059.57,10.41,966.57,1.0,106289.6,19.8,156.0,0.25,0.22,2.52,0.07118358882003432,730.6970619974759,6.650578853453206,109.87474723724469,0.039999999999997725,0.005082749999999985,263.4472020633361,150,Wood,2026-02-08T06:25:19.245474
145.4,0.0,25.0,2059.57,10.41,966.57,1.0,106289.6,19.8,156.0,0.25,0.22,2.52,0.07118358882003432,730.6970619974759,6.650578853453206,109.87474723724469,0.039999999999997725,0.005082749999999985,263.4472020633361,150,Wood,2026-02-08T06:25:19.245474
145.4,0.0,25.0,2059.57,10.41,966.57,1.0,106289.6,19.8,156.0,0.25,0.22,2.52,0.07118358882003432,730.6970619974759,6.650578853453206,109.87474723724469,0.039999999999997725,0.005082749999999985,263.4472020633361,150,Wood,2026-02-08T06:25:19.245474
145.4,0.0,25.0,2059.57,10.41,966.57,1.0,106289.6,19.8,156.0,0.25,0.22,2.52,0.07118358882003432,730.6970619974759,6.650578853453206,109.87474723724469,0.039999999999997725,0.005082749999999985,263.4472020633361,150,Wood,2026-02-08T06:25:19.245474
145.4,0.0,25.0,2059.57,10.41,966.57,1.0,106289.6,19.8,156.0,0.25,0.22,2.52,0.07118358882003432,730.6970619974759,6.650578853453206,109.87474723724469,0.039999999999997725,0.005082749999999985,263.4472020633361,150,Wood,2026-02-08T06:25:19.245474
145.5,0.22,25.0,2026.13,10.23,955.46,1.0,106085.4,19.8,156.0,0.27,0.25,2.68,0.07118358882003432,730.6970619974759,6.650578853453206,109.87474723724469,0.039999999999997725,0.005082749999999985,263.4472020633361,150,Wood,2026-02-08T06:25:19.245474
145.5,0.22,25.0,2026.13,10.23,955.46,1.0,106085.4,19.8,156.0,0.27,0.25,2.68,0.07118358882003432,730.6970619974759,6.650578853453206,109.87474723724469,0.039999999999997725,0.005082749999999985,263.4472020633361,150,Wood,2026-02-08T06:25:19.245474
145.5,0.22,25.0,2026.13,10.23,955.46,1.0,106085.4,19.8,156.0,0.27,0.25,2.68,0.07118358882003432,730.6970619974759,6.650578853453206,109.87474723724469,0.039999999999997725,0.005082749999999985,263.4472020633361,150,Wood,2026-02-08T06:25:19.245474
145.5,0.22,25.0,2026.13,10.23,955.46,1.0,106085.4,19.8,156.0,0.27,0.25,2.68,0.07118358882003432,730.6970619974759,6.650578853453206,109.87474723724469,0.039999999999997725,0.005082749999999985,263.4472020633361,150,Wood,2026-02-08T06:25:19.245474
155.3,0.0,25.0,2010.13,10.17,1066.56,1.0,114405.9,19.8,156.0,0.18,0.14,1.83,0.06713022538682552,743.9939079176684,6.869530634028381,108.3115172448233,0.04898979485566078,0.01259600000000002,1084.5112375973792,160,Wood,2026-02-08T06:25:32.738512
155.3,0.0,25.0,2047.93,10.37,1044.34,1.0,114077.5,19.8,156.0,0.09,0.05,0.86,0.06713022538682552,743.9939079176684,6.869530634028381,108.3115172448233,0.04898979485566078,0.01259600000000002,1084.5112375973792,160,Wood,2026-02-08T06:25:32.738512
155.3,0.0,25.0,2047.93,10.37,1044.34,1.0,114077.5,19.8,156.0,0.09,0.05,0.86,0.06713022538682552,743.9939079176684,6.869530634028381,108.3115172448233,0.04898979485566078,0.01259600000000002,1084.5112375973792,160,Wood,2026-02-08T06:25:32.738512
155.3,0.0,25.0,2047.93,10.37,1044.34,1.0,114077.5,19.8,156.0,0.09,0.05,0.86,0.06713022538682552,743.9939079176684,6.869530634028381,108.3115172448233,0.04898979485566078,0.01259600000000002,1084.5112375973792,160,Wood,2026-02-08T06:25:32.738512
155.3,0.0,25.0,2047.93,10.37,1044.34,1.0,114077.5,19.8,156.0,0.09,0.05,0.86,0.06713022538682552,743.9939079176684,6.869530634028381,108.3115172448233,0.04898979485566078,0.01259600000000002,1084.5112375973792,160,Wood,2026-02-08T06:25:32.738512
155.3,0.0,25.0,2047.93,10.37,1044.34,1.0,114077.5,19.8,156.0,0.09,0.05,0.86,0.06713022538682552,743.9939079176684,6.869530634028381,108.3115172448233,0.04898979485566078,0.01259600000000002,1084.5112375973792,160,Wood,2026-02-08T06:25:32.738512
155.3,0.0,25.0,2047.93,10.37,1044.34,1.0,114077.5,19.8,156.0,0.09,0.05,0.86,0.06713022538682552,743.9939079176684,6.869530634028381,108.3115172448233,0.04898979485566078,0.01259600000000002,1084.5112375973792,160,Wood,2026-02-08T06:25:32.738512
155.3,0.0,25.0,2092.43,10.6,1077.67,1.0,116028.0,19.8,156.0,0.0,0.0,0.0,0.06713022538682552,743.9939079176684,6.869530634028381,108.3115172448233,0.04898979485566078,0.01259600000000002,1084.5112375973792,160,Wood,2026-02-08T06:25:32.738512
155.3,0.0,25.0,2092.43,10.6,1077.67,1.0,116028.0,19.8,156.0,0.0,0.0,0.0,0.06713022538682552,743.9939079176684,6.869530634028381,108.3115172448233,0.04898979485566078,0.01259600000000002,1084.5112375973792,160,Wood,2026-02-08T06:25:32.738512
155.3,0.0,25.0,2092.43,10.6,1077.67,1.0,116028.0,19.8,156.0,0.0,0.0,0.0,0.06713022538682552,743.9939079176684,6.869530634028381,108.3115172448233,0.04898979485566078,0.01259600000000002,1084.5112375973792,160,Wood,2026-02-08T06:25:32.738512
155.3,0.0,25.0,2092.43,10.6,1077.67,1.0,116028.0,19.8,156.0,0.0,0.0,0.0,0.06713022538682552,743.9939079176684,6.869530634028381,108.3115172448233,0.04898979485566078,0.01259600000000002,1084.5112375973792,160,Wood,2026-02-08T06:25:32.738512
155.3,0.0,25.0,2092.43,10.6,1077.67,1.0,116028.0,19.8,156.0,0.0,0.0,0.0,0.06713022538682552,743.9939079176684,6.869530634028381,108.3115172448233,0.04898979485566078,0.01259600000000002,1084.5112375973792,160,Wood,2026-02-08T06:25:32.738512
155.4,0.44,25.0,2048.05,10.37,1077.67,1.0,116571.0,19.8,156.0,0.03,0.02,0.29,0.06713022538682552,743.9939079176684,6.869530634028381,108.3115172448233,0.04898979485566078,0.01259600000000002,1084.5112375973792,160,Wood,2026-02-08T06:25:32.738512
155.4,0.44,25.0,2048.05,10.37,1077.67,1.0,116571.0,19.8,156.0,0.03,0.02,0.29,0.06713022538682552,743.9939079176684,6.869530634028381,108.3115172448233,0.04898979485566078,0.01259600000000002,1084.5112375973792,160,Wood,2026-02-08T06:25:32.738512
155.4,0.44,25.0,2048.05,10.37,1077.67,1.0,116571.0,19.8,156.0,0.03,0.02,0.29,0.06713022538682552,743.9939079176684,6.869530634028381,108.3115172448233,0.04898979485566078,0.01259600000000002,1084.5112375973792,160,Wood,2026-02-08T06:25:32.738512
155.4,0.44,25.0,2048.05,10.37,1077.67,1.0,116571.0,19.8,156.0,0.03,0.02,0.29,0.06713022538682552,743.9939079176684,6.869530634028381,108.3115172448233,0.04898979485566078,0.01259600000000002,1084.5112375973792,160,Wood,2026-02-08T06:25:32.738512
155.4,0.44,25.0,2048.05,10.37,1077.67,1.0,116571.0,19.8,156.0,0.03,0.02,0.29,0.06713022538682552,743.9939079176684,6.869530634028381,108.3115172448233,0.04898979485566078,0.01259600000000002,1084.5112375973792,160,Wood,2026-02-08T06:25:32.738512
155.4,0.22,25.0,2062.76,10.44,1077.67,1.0,116526.4,19.8,156.0,0.05,0.04,0.49,0.06713022538682552,743.9939079176684,6.869530634028381,108.3115172448233,0.04898979485566078,0.01259600000000002,1084.5112375973792,160,Wood,2026-02-08T06:25:32.738512
155.4,0.22,25.0,2062.76,10.44,1077.67,1.0,116526.4,19.8,156.0,0.05,0.04,0.49,0.06713022538682552,743.9939079176684,6.869530634028381,108.3115172448233,0.04898979485566078,0.01259600000000002,1084.5112375973792,160,Wood,2026-02-08T06:25:32.738512
155.4,0.22,25.0,2062.76,10.44,1077.67,1.0,116526.4,19.8,156.0,0.05,0.04,0.49,0.06713022538682552,743.9939079176684,6.869530634028381,108.3115172448233,0.04898979485566078,0.01259600000000002,1084.5112375973792,160,Wood,2026-02-08T06:25:32.738512
166.1,0.0,25.0,2012.86,10.14,1011.01,1.0,104771.1,19.8,156.0,0.06,0.05,0.65,0.05981692479155657,628.8087714033389,6.025139882801335,104.39504014325514,0.05830951894845359,0.02693599999999995,1114.0588893209397,170,Wood,2026-02-08T06:25:50.840429
166.1,0.0,25.0,2012.86,10.14,1011.01,1.0,104771.1,19.8,156.0,0.06,0.05,0.65,0.05981692479155657,628.8087714033389,6.025139882801335,104.39504014325514,0.05830951894845359,0.02693599999999995,1114.0588893209397,170,Wood,2026-02-08T06:25:50.840429
166.1,0.22,25.0,1930.41,9.72,1022.12,1.0,105667.8,19.8,156.0,0.07,0.06,0.68,0.05981692479155657,628.8087714033389,6.025139882801335,104.39504014325514,0.05830951894845359,0.02693599999999995,1114.0588893209397,170,Wood,2026-02-08T06:25:50.840429
166.1,0.22,25.0,1930.41,9.72,1022.12,1.0,105667.8,19.8,156.0,0.07,0.06,0.68,0.05981692479155657,628.8087714033389,6.025139882801335,104.39504014325514,0.05830951894845359,0.02693599999999995,1114.0588893209397,170,Wood,2026-02-08T06:25:50.840429
166.1,0.22,25.0,1930.41,9.72,1022.12,1.0,105667.8,19.8,156.0,0.07,0.06,0.68,0.05981692479155657,628.8087714033389,6.025139882801335,104.39504014325514,0.05830951894845359,0.02693599999999995,1114.0588893209397,170,Wood,2026-02-08T06:25:50.840429
166.1,0.22,25.0,1930.41,9.72,1022.12,1.0,105667.8,19.8,156.0,0.07,0.06,0.68,0.05981692479155657,628.8087714033389,6.025139882801335,104.39504014325514,0.05830951894845359,0.02693599999999995,1114.0588893209397,170,Wood,2026-02-08T06:25:50.840429
166.1,0.22,25.0,1930.41,9.72,1022.12,1.0,105667.8,19.8,156.0,0.07,0.06,0.68,0.05981692479155657,628.8087714033389,6.025139882801335,104.39504014325514,0.05830951894845359,0.02693599999999995,1114.0588893209397,170,Wood,2026-02-08T06:25:50.840429
166.1,0.22,25.0,1930.41,9.72,1022.12,1.0,105667.8,19.8,156.0,0.07,0.06,0.68,0.05981692479155657,628.8087714033389,6.025139882801335,104.39504014325514,0.05830951894845359,0.02693599999999995,1114.0588893209397,170,Wood,2026-02-08T06:25:50.840429
166.1,0.22,25.0,1980.56,9.97,1011.01,1.0,104868.3,19.8,156.0,0.06,0.05,0.62,0.05981692479155657,628.8087714033389,6.025139882801335,104.39504014325514,0.05830951894845359,0.02693599999999995,1114.0588893209397,170,Wood,2026-02-08T06:25:50.840429
166.1,0.22,25.0,1980.56,9.97,1011.01,1.0,104868.3,19.8,156.0,0.06,0.05,0.62,0.05981692479155657,628.8087714033389,6.025139882801335,104.39504014325514,0.05830951894845359,0.02693599999999995,1114.0588893209397,170,Wood,2026-02-08T06:25:50.840429
166.1,0.22,25.0,1980.56,9.97,1011.01,1.0,104868.3,19.8,156.0,0.06,0.05,0.62,0.05981692479155657,628.8087714033389,6.025139882801335,104.39504014325514,0.05830951894845359,0.02693599999999995,1114.0588893209397,170,Wood,2026-02-08T06:25:50.840429
166.1,0.22,25.0,1980.56,9.97,1011.01,1.0,104868.3,19.8,156.0,0.06,0.05,0.62,0.05981692479155657,628.8087714033389,6.025139882801335,104.39504014325514,0.05830951894845359,0.02693599999999995,1114.0588893209397,170,Wood,2026-02-08T06:25:50.840429
166.1,0.22,25.0,1980.56,9.97,1011.01,1.0,104868.3,19.8,156.0,0.06,0.05,0.62,0.05981692479155657,628.8087714033389,6.025139882801335,104.39504014325514,0.05830951894845359,0.02693599999999995,1114.0588893209397,170,Wood,2026-02-08T06:25:50.840429
166.2,0.44,25.0,2006.53,10.09,966.57,1.0,102879.2,19.8,156.0,0.07,0.06,0.67,0.05981692479155657,628.8087714033389,6.025139882801335,104.39504014325514,0.05830951894845359,0.02693599999999995,1114.0588893209397,170,Wood,2026-02-08T06:25:50.840429
166.2,0.44,25.0,2006.53,10.09,966.57,1.0,102879.2,19.8,156.0,0.07,0.06,0.67,0.05981692479155657,628.8087714033389,6.025139882801335,104.39504014325514,0.05830951894845359,0.02693599999999995,1114.0588893209397,170,Wood,2026-02-08T06:25:50.840429
166.2,0.44,25.0,2006.53,10.09,966.57,1.0,102879.2,19.8,156.0,0.07,0.06,0.67,0.05981692479155657,628.8087714033389,6.025139882801335,104.39504014325514,0.05830951894845359,0.02693599999999995,1114.0588893209397,170,Wood,2026-02-08T06:25:50.840429
166.2,0.44,25.0,2006.53,10.09,966.57,1.0,102879.2,19.8,156.0,0.07,0.06,0.67,0.05981692479155657,628.8087714033389,6.025139882801335,104.39504014325514,0.05830951894845359,0.02693599999999995,1114.0588893209397,170,Wood,2026-02-08T06:25:50.840429
166.2,0.44,25.0,2006.53,10.09,966.57,1.0,102879.2,19.8,156.0,0.07,0.06,0.67,0.05981692479155657,628.8087714033389,6.025139882801335,104.39504014325514,0.05830951894845359,0.02693599999999995,1114.0588893209397,170,Wood,2026-02-08T06:25:50.840429
166.2,0.44,25.0,2006.53,10.09,966.57,1.0,102879.2,19.8,156.0,0.07,0.06,0.67,0.05981692479155657,628.8087714033389,6.025139882801335,104.39504014325514,0.05830951894845359,0.02693599999999995,1114.0588893209397,170,Wood,2026-02-08T06:25:50.840429
166.3,0.44,25.0,1943.61,9.77,1011.01,1.0,104233.8,19.8,156.0,0.09,0.07,0.86,0.05981692479155657,628.8087714033389,6.025139882801335,104.39504014325514,0.05830951894845359,0.02693599999999995,1114.0588893209397,170,Wood,2026-02-08T06:25:50.840429
175.6,1.09,25.0,1805.5,9.18,1044.34,1.0,103554.8,19.8,156.0,0.16,0.12,1.61,0.054190774627272606,589.5031805474266,5.804701821643588,101.59441916034154,0.15321553446044786,0.071496,904.2404607597466,180,Wood,2026-02-08T06:26:07.013754
175.6,1.09,25.0,1805.5,9.18,1044.34,1.0,103554.8,19.8,156.0,0.16,0.12,1.61,0.054190774627272606,589.5031805474266,5.804701821643588,101.59441916034154,0.15321553446044786,0.071496,904.2404607597466,180,Wood,2026-02-08T06:26:07.013754
175.6,1.09,25.0,1805.5,9.18,1044.34,1.0,103554.8,19.8,156.0,0.16,0.12,1.61,0.054190774627272606,589.5031805474266,5.804701821643588,101.59441916034154,0.15321553446044786,0.071496,904.2404607597466,180,Wood,2026-02-08T06:26:07.013754
175.9,1.31,25.0,1825.87,9.28,1022.12,1.0,103165.9,19.8,156.0,0.24,0.17,2.42,0.054190774627272606,589.5031805474266,5.804701821643588,101.59441916034154,0.15321553446044786,0.071496,904.2404607597466,180,Wood,2026-02-08T06:26:07.013754
175.9,1.31,25.0,1825.87,9.28,1022.12,1.0,103165.9,19.8,156.0,0.24,0.17,2.42,0.054190774627272606,589.5031805474266,5.804701821643588,101.59441916034154,0.15321553446044786,0.071496,904.2404607597466,180,Wood,2026-02-08T06:26:07.013754
175.9,1.31,25.0,1825.87,9.28,1022.12,1.0,103165.9,19.8,156.0,0.24,0.17,2.42,0.054190774627272606,589.5031805474266,5.804701821643588,101.59441916034154,0.15321553446044786,0.071496,904.2404607597466,180,Wood,2026-02-08T06:26:07.013754
175.9,1.31,25.0,1825.87,9.28,1022.12,1.0,103165.9,19.8,156.0,0.24,0.17,2.42,0.054190774627272606,589.5031805474266,5.804701821643588,101.59441916034154,0.15321553446044786,0.071496,904.2404607597466,180,Wood,2026-02-08T06:26:07.013754
175.9,1.31,25.0,1825.87,9.28,1022.12,1.0,103165.9,19.8,156.0,0.24,0.17,2.42,0.054190774627272606,589.5031805474266,5.804701821643588,101.59441916034154,0.15321553446044786,0.071496,904.2404607597466,180,Wood,2026-02-08T06:26:07.013754
176.0,0.66,25.0,1938.31,9.86,988.79,1.0,102955.1,19.8,156.0,0.32,0.26,3.18,0.054190774627272606,589.5031805474266,5.804701821643588,101.59441916034154,0.15321553446044786,0.071496,904.2404607597466,180,Wood,2026-02-08T06:26:07.013754
176.0,0.66,25.0,1938.31,9.86,988.79,1.0,102955.1,19.8,156.0,0.32,0.26,3.18,0.054190774627272606,589.5031805474266,5.804701821643588,101.59441916034154,0.15321553446044786,0.071496,904.2404607597466,180,Wood,2026-02-08T06:26:07.013754
176.0,0.66,25.0,1938.31,9.86,988.79,1.0,102955.1,19.8,156.0,0.32,0.26,3.18,0.054190774627272606,589.5031805474266,5.804701821643588,101.59441916034154,0.15321553446044786,0.071496,904.2404607597466,180,Wood,2026-02-08T06:26:07.013754
176.0,0.66,25.0,1938.31,9.86,988.79,1.0,102955.1,19.8,156.0,0.32,0.26,3.18,0.054190774627272606,589.5031805474266,5.804701821643588,101.59441916034154,0.15321553446044786,0.071496,904.2404607597466,180,Wood,2026-02-08T06:26:07.013754
176.0,0.66,25.0,1938.31,9.86,988.79,1.0,102955.1,19.8,156.0,0.32,0.26,3.18,0.054190774627272606,589.5031805474266,5.804701821643588,101.59441916034154,0.15321553446044786,0.071496,904.2404607597466,180,Wood,2026-02-08T06:26:07.013754
176.0,0.66,25.0,1938.31,9.86,988.79,1.0,102955.1,19.8,156.0,0.32,0.26,3.18,0.054190774627272606,589.5031805474266,5.804701821643588,101.59441916034154,0.15321553446044786,0.071496,904.2404607597466,180,Wood,2026-02-08T06:26:07.013754
176.0,-0.22,25.0,1876.17,9.54,1044.34,1.0,105216.5,19.8,156.0,0.36,0.32,3.58,0.054190774627272606,589.5031805474266,5.804701821643588,101.59441916034154,0.15321553446044786,0.071496,904.2404607597466,180,Wood,2026-02-08T06:26:07.013754
176.0,-0.22,25.0,1876.17,9.54,1044.34,1.0,105216.5,19.8,156.0,0.36,0.32,3.58,0.054190774627272606,589.5031805474266,5.804701821643588,101.59441916034154,0.15321553446044786,0.071496,904.2404607597466,180,Wood,2026-02-08T06:26:07.013754
176.0,-0.22,25.0,1876.17,9.54,1044.34,1.0,105216.5,19.8,156.0,0.36,0.32,3.58,0.054190774627272606,589.5031805474266,5.804701821643588,101.59441916034154,0.15321553446044786,0.071496,904.2404607597466,180,Wood,2026-02-08T06:26:07.013754
176.0,-0.22,25.0,1876.17,9.54,1044.34,1.0,105216.5,19.8,156.0,0.36,0.32,3.58,0.054190774627272606,589.5031805474266,5.804701821643588,101.59441916034154,0.15321553446044786,0.071496,904.2404607597466,180,Wood,2026-02-08T06:26:07.013754
176.0,-0.22,25.0,1876.17,9.54,1044.34,1.0,105216.5,19.8,156.0,0.36,0.32,3.58,0.054190774627272606,589.5031805474266,5.804701821643588,101.59441916034154,0.15321553446044786,0.071496,904.2404607597466,180,Wood,2026-02-08T06:26:07.013754
175.6,-1.53,25.0,1935.0,9.84,1022.12,1.0,103507.5,19.8,156.0,0.32,0.29,3.2,0.054190774627272606,589.5031805474266,5.804701821643588,101.59441916034154,0.15321553446044786,0.071496,904.2404607597466,180,Wood,2026-02-08T06:26:07.013754
185.2,0.22,25.0,1426.45,7.27,966.57,1.0,69827.2,19.8,156.0,0.5,0.47,5.03,0.03937010818950997,373.6666407955578,5.197199866482348,71.9215713336644,0.045825756949568815,0.01672875000000003,987.2229177217271,190,Wood,2026-02-08T06:26:31.309901
185.2,0.22,25.0,1459.97,7.45,933.24,1.0,68591.2,19.8,156.0,0.49,0.44,4.9,0.03937010818950997,373.6666407955578,5.197199866482348,71.9215713336644,0.045825756949568815,0.01672875000000003,987.2229177217271,190,Wood,2026-02-08T06:26:31.309901
185.2,0.22,25.0,1459.97,7.45,933.24,1.0,68591.2,19.8,156.0,0.49,0.44,4.9,0.03937010818950997,373.6666407955578,5.197199866482348,71.9215713336644,0.045825756949568815,0.01672875000000003,987.2229177217271,190,Wood,2026-02-08T06:26:31.309901
185.2,0.22,25.0,1459.97,7.45,933.24,1.0,68591.2,19.8,156.0,0.49,0.44,4.9,0.03937010818950997,373.6666407955578,5.197199866482348,71.9215713336644,0.045825756949568815,0.01672875000000003,987.2229177217271,190,Wood,2026-02-08T06:26:31.309901
185.2,0.22,25.0,1459.97,7.45,933.24,1.0,68591.2,19.8,156.0,0.49,0.44,4.9,0.03937010818950997,373.6666407955578,5.197199866482348,71.9215713336644,0.045825756949568815,0.01672875000000003,987.2229177217271,190,Wood,2026-02-08T06:26:31.309901
185.2,0.22,25.0,1459.97,7.45,933.24,1.0,68591.2,19.8,156.0,0.49,0.44,4.9,0.03937010818950997,373.6666407955578,5.197199866482348,71.9215713336644,0.045825756949568815,0.01672875000000003,987.2229177217271,190,Wood,2026-02-08T06:26:31.309901
185.3,0.22,25.0,1398.05,7.14,988.79,1.0,70433.3,19.8,156.0,0.44,0.37,4.38,0.03937010818950997,373.6666407955578,5.197199866482348,71.9215713336644,0.045825756949568815,0.01672875000000003,987.2229177217271,190,Wood,2026-02-08T06:26:31.309901
185.3,0.22,25.0,1398.05,7.14,988.79,1.0,70433.3,19.8,156.0,0.44,0.37,4.38,0.03937010818950997,373.6666407955578,5.197199866482348,71.9215713336644,0.045825756949568815,0.01672875000000003,987.2229177217271,190,Wood,2026-02-08T06:26:31.309901
185.3,0.22,25.0,1398.05,7.14,988.79,1.0,70433.3,19.8,156.0,0.44,0.37,4.38,0.03937010818950997,373.6666407955578,5.197199866482348,71.9215713336644,0.045825756949568815,0.01672875000000003,987.2229177217271,190,Wood,2026-02-08T06:26:31.309901
185.3,0.22,25.0,1398.05,7.14,988.79,1.0,70433.3,19.8,156.0,0.44,0.37,4.38,0.03937010818950997,373.6666407955578,5.197199866482348,71.9215713336644,0.045825756949568815,0.01672875000000003,987.2229177217271,190,Wood,2026-02-08T06:26:31.309901
185.3,0.22,25.0,1398.05,7.14,988.79,1.0,70433.3,19.8,156.0,0.44,0.37,4.38,0.03937010818950997,373.6666407955578,5.197199866482348,71.9215713336644,0.045825756949568815,0.01672875000000003,987.2229177217271,190,Wood,2026-02-08T06:26:31.309901
185.3,0.22,25.0,1398.05,7.14,988.79,1.0,70433.3,19.8,156.0,0.44,0.37,4.38,0.03937010818950997,373.6666407955578,5.197199866482348,71.9215713336644,0.045825756949568815,0.01672875000000003,987.2229177217271,190,Wood,2026-02-08T06:26:31.309901
185.2,-0.22,25.0,1418.17,7.24,977.68,1.0,69247.9,19.8,156.0,0.32,0.26,3.25,0.03937010818950997,373.6666407955578,5.197199866482348,71.9215713336644,0.045825756949568815,0.01672875000000003,987.2229177217271,190,Wood,2026-02-08T06:26:31.309901
185.2,-0.22,25.0,1418.17,7.24,977.68,1.0,69247.9,19.8,156.0,0.32,0.26,3.25,0.03937010818950997,373.6666407955578,5.197199866482348,71.9215713336644,0.045825756949568815,0.01672875000000003,987.2229177217271,190,Wood,2026-02-08T06:26:31.309901
185.2,-0.22,25.0,1418.17,7.24,977.68,1.0,69247.9,19.8,156.0,0.32,0.26,3.25,0.03937010818950997,373.6666407955578,5.197199866482348,71.9215713336644,0.045825756949568815,0.01672875000000003,987.2229177217271,190,Wood,2026-02-08T06:26:31.309901
185.2,-0.22,25.0,1418.17,7.24,977.68,1.0,69247.9,19.8,156.0,0.32,0.26,3.25,0.03937010818950997,373.6666407955578,5.197199866482348,71.9215713336644,0.045825756949568815,0.01672875000000003,987.2229177217271,190,Wood,2026-02-08T06:26:31.309901
185.2,-0.22,25.0,1418.17,7.24,977.68,1.0,69247.9,19.8,156.0,0.32,0.26,3.25,0.03937010818950997,373.6666407955578,5.197199866482348,71.9215713336644,0.045825756949568815,0.01672875000000003,987.2229177217271,190,Wood,2026-02-08T06:26:31.309901
185.2,0.0,25.0,1455.76,7.43,933.24,1.0,67555.6,19.8,156.0,0.21,0.15,2.1,0.03937010818950997,373.6666407955578,5.197199866482348,71.9215713336644,0.045825756949568815,0.01672875000000003,987.2229177217271,190,Wood,2026-02-08T06:26:31.309901
185.2,0.0,25.0,1455.76,7.43,933.24,1.0,67555.6,19.8,156.0,0.21,0.15,2.1,0.03937010818950997,373.6666407955578,5.197199866482348,71.9215713336644,0.045825756949568815,0.01672875000000003,987.2229177217271,190,Wood,2026-02-08T06:26:31.309901
185.2,0.0,25.0,1455.76,7.43,933.24,1.0,67555.6,19.8,156.0,0.21,0.15,2.1,0.03937010818950997,373.6666407955578,5.197199866482348,71.9215713336644,0.045825756949568815,0.01672875000000003,987.2229177217271,190,Wood,2026-02-08T06:26:31.309901
194.7,0.22,25.0,1822.16,9.08,944.35,1.0,88446.1,19.8,156.0,0.11,0.09,1.05,0.04889827854933371,459.39713801717863,4.804633400577768,95.6203190277011,0.07071067811866079,0.06986474999999995,761.3783673542339,200,Wood,2026-02-08T06:26:43.430760
194.7,0.22,25.0,1822.16,9.08,944.35,1.0,88446.1,19.8,156.0,0.11,0.09,1.05,0.04889827854933371,459.39713801717863,4.804633400577768,95.6203190277011,0.07071067811866079,0.06986474999999995,761.3783673542339,200,Wood,2026-02-08T06:26:43.430760
194.7,0.22,25.0,1822.16,9.08,944.35,1.0,88446.1,19.8,156.0,0.11,0.09,1.05,0.04889827854933371,459.39713801717863,4.804633400577768,95.6203190277011,0.07071067811866079,0.06986474999999995,761.3783673542339,200,Wood,2026-02-08T06:26:43.430760
194.7,0.22,25.0,1822.16,9.08,944.35,1.0,88446.1,19.8,156.0,0.11,0.09,1.05,0.04889827854933371,459.39713801717863,4.804633400577768,95.6203190277011,0.07071067811866079,0.06986474999999995,761.3783673542339,200,Wood,2026-02-08T06:26:43.430760
194.6,-0.22,25.0,1902.51,9.48,933.24,1.0,88795.0,19.8,156.0,0.12,0.1,1.15,0.04889827854933371,459.39713801717863,4.804633400577768,95.6203190277011,0.07071067811866079,0.06986474999999995,761.3783673542339,200,Wood,2026-02-08T06:26:43.430760
194.6,-0.22,25.0,1902.51,9.48,933.24,1.0,88795.0,19.8,156.0,0.12,0.1,1.15,0.04889827854933371,459.39713801717863,4.804633400577768,95.6203190277011,0.07071067811866079,0.06986474999999995,761.3783673542339,200,Wood,2026-02-08T06:26:43.430760
194.6,-0.22,25.0,1902.51,9.48,933.24,1.0,88795.0,19.8,156.0,0.12,0.1,1.15,0.04889827854933371,459.39713801717863,4.804633400577768,95.6203190277011,0.07071067811866079,0.06986474999999995,761.3783673542339,200,Wood,2026-02-08T06:26:43.430760
194.6,-0.22,25.0,1902.51,9.48,933.24,1.0,88795.0,19.8,156.0,0.12,0.1,1.15,0.04889827854933371,459.39713801717863,4.804633400577768,95.6203190277011,0.07071067811866079,0.06986474999999995,761.3783673542339,200,Wood,2026-02-08T06:26:43.430760
194.6,-0.22,25.0,1902.51,9.48,933.24,1.0,88795.0,19.8,156.0,0.12,0.1,1.15,0.04889827854933371,459.39713801717863,4.804633400577768,95.6203190277011,0.07071067811866079,0.06986474999999995,761.3783673542339,200,Wood,2026-02-08T06:26:43.430760
194.7,0.22,25.0,1977.04,9.84,933.24,1.0,89869.4,19.8,156.0,0.11,0.1,1.13,0.04889827854933371,459.39713801717863,4.804633400577768,95.6203190277011,0.07071067811866079,0.06986474999999995,761.3783673542339,200,Wood,2026-02-08T06:26:43.430760
194.7,0.22,25.0,1977.04,9.84,933.24,1.0,89869.4,19.8,156.0,0.11,0.1,1.13,0.04889827854933371,459.39713801717863,4.804633400577768,95.6203190277011,0.07071067811866079,0.06986474999999995,761.3783673542339,200,Wood,2026-02-08T06:26:43.430760
194.7,0.22,25.0,1977.04,9.84,933.24,1.0,89869.4,19.8,156.0,0.11,0.1,1.13,0.04889827854933371,459.39713801717863,4.804633400577768,95.6203190277011,0.07071067811866079,0.06986474999999995,761.3783673542339,200,Wood,2026-02-08T06:26:43.430760
194.7,0.22,25.0,1977.04,9.84,933.24,1.0,89869.4,19.8,156.0,0.11,0.1,1.13,0.04889827854933371,459.39713801717863,4.804633400577768,95.6203190277011,0.07071067811866079,0.06986474999999995,761.3783673542339,200,Wood,2026-02-08T06:26:43.430760
194.7,0.22,25.0,1977.04,9.84,933.24,1.0,89869.4,19.8,156.0,0.11,0.1,1.13,0.04889827854933371,459.39713801717863,4.804633400577768,95.6203190277011,0.07071067811866079,0.06986474999999995,761.3783673542339,200,Wood,2026-02-08T06:26:43.430760
194.7,0.22,25.0,1977.04,9.84,933.24,1.0,89869.4,19.8,156.0,0.11,0.1,1.13,0.04889827854933371,459.39713801717863,4.804633400577768,95.6203190277011,0.07071067811866079,0.06986474999999995,761.3783673542339,200,Wood,2026-02-08T06:26:43.430760
194.8,0.44,25.0,1917.63,9.53,933.24,1.0,90384.1,19.8,156.0,0.1,0.09,1.02,0.04889827854933371,459.39713801717863,4.804633400577768,95.6203190277011,0.07071067811866079,0.06986474999999995,761.3783673542339,200,Wood,2026-02-08T06:26:43.430760
194.8,0.44,25.0,1917.63,9.53,933.24,1.0,90384.1,19.8,156.0,0.1,0.09,1.02,0.04889827854933371,459.39713801717863,4.804633400577768,95.6203190277011,0.07071067811866079,0.06986474999999995,761.3783673542339,200,Wood,2026-02-08T06:26:43.430760
194.8,0.44,25.0,1917.63,9.53,933.24,1.0,90384.1,19.8,156.0,0.1,0.09,1.02,0.04889827854933371,459.39713801717863,4.804633400577768,95.6203190277011,0.07071067811866079,0.06986474999999995,761.3783673542339,200,Wood,2026-02-08T06:26:43.430760
194.8,0.44,25.0,1917.63,9.53,933.24,1.0,90384.1,19.8,156.0,0.1,0.09,1.02,0.04889827854933371,459.39713801717863,4.804633400577768,95.6203190277011,0.07071067811866079,0.06986474999999995,761.3783673542339,200,Wood,2026-02-08T06:26:43.430760
194.8,0.44,25.0,1917.63,9.53,933.24,1.0,90384.1,19.8,156.0,0.1,0.09,1.02,0.04889827854933371,459.39713801717863,4.804633400577768,95.6203190277011,0.07071067811866079,0.06986474999999995,761.3783673542339,200,Wood,2026-02-08T06:26:43.430760
205.6,-1.53,25.0,1784.56,8.93,955.46,1.0,91324.0,19.8,156.0,0.16,0.11,1.61,0.042962393421993,445.0244921933828,4.880597997699157,91.32739952578214,0.15842979517755243,0.00737274999999994,1691.3050350542937,210,Wood,2026-02-08T06:27:00.266506
205.6,-1.53,25.0,1784.56,8.93,955.46,1.0,91324.0,19.8,156.0,0.16,0.11,1.61,0.042962393421993,445.0244921933828,4.880597997699157,91.32739952578214,0.15842979517755243,0.00737274999999994,1691.3050350542937,210,Wood,2026-02-08T06:27:00.266506
205.6,-1.53,25.0,1784.56,8.93,955.46,1.0,91324.0,19.8,156.0,0.16,0.11,1.61,0.042962393421993,445.0244921933828,4.880597997699157,91.32739952578214,0.15842979517755243,0.00737274999999994,1691.3050350542937,210,Wood,2026-02-08T06:27:00.266506
205.6,-1.53,25.0,1784.56,8.93,955.46,1.0,91324.0,19.8,156.0,0.16,0.11,1.61,0.042962393421993,445.0244921933828,4.880597997699157,91.32739952578214,0.15842979517755243,0.00737274999999994,1691.3050350542937,210,Wood,2026-02-08T06:27:00.266506
205.4,-1.09,25.0,1759.28,8.8,1033.23,1.0,92510.4,19.8,156.0,0.16,0.12,1.59,0.042962393421993,445.0244921933828,4.880597997699157,91.32739952578214,0.15842979517755243,0.00737274999999994,1691.3050350542937,210,Wood,2026-02-08T06:27:00.266506
205.4,-1.09,25.0,1759.28,8.8,1033.23,1.0,92510.4,19.8,156.0,0.16,0.12,1.59,0.042962393421993,445.0244921933828,4.880597997699157,91.32739952578214,0.15842979517755243,0.00737274999999994,1691.3050350542937,210,Wood,2026-02-08T06:27:00.266506
205.4,-1.09,25.0,1759.28,8.8,1033.23,1.0,92510.4,19.8,156.0,0.16,0.12,1.59,0.042962393421993,445.0244921933828,4.880597997699157,91.32739952578214,0.15842979517755243,0.00737274999999994,1691.3050350542937,210,Wood,2026-02-08T06:27:00.266506
205.4,-1.09,25.0,1759.28,8.8,1033.23,1.0,92510.4,19.8,156.0,0.16,0.12,1.59,0.042962393421993,445.0244921933828,4.880597997699157,91.32739952578214,0.15842979517755243,0.00737274999999994,1691.3050350542937,210,Wood,2026-02-08T06:27:00.266506
205.4,-1.09,25.0,1759.28,8.8,1033.23,1.0,92510.4,19.8,156.0,0.16,0.12,1.59,0.042962393421993,445.0244921933828,4.880597997699157,91.32739952578214,0.15842979517755243,0.00737274999999994,1691.3050350542937,210,Wood,2026-02-08T06:27:00.266506
205.2,-0.66,25.0,1740.77,8.71,1055.45,1.0,92789.6,19.8,156.0,0.21,0.17,2.05,0.042962393421993,445.0244921933828,4.880597997699157,91.32739952578214,0.15842979517755243,0.00737274999999994,1691.3050350542937,210,Wood,2026-02-08T06:27:00.266506
205.2,-0.66,25.0,1740.77,8.71,1055.45,1.0,92789.6,19.8,156.0,0.21,0.17,2.05,0.042962393421993,445.0244921933828,4.880597997699157,91.32739952578214,0.15842979517755243,0.00737274999999994,1691.3050350542937,210,Wood,2026-02-08T06:27:00.266506
205.2,-0.66,25.0,1740.77,8.71,1055.45,1.0,92789.6,19.8,156.0,0.21,0.17,2.05,0.042962393421993,445.0244921933828,4.880597997699157,91.32739952578214,0.15842979517755243,0.00737274999999994,1691.3050350542937,210,Wood,2026-02-08T06:27:00.266506
205.2,-0.66,25.0,1740.77,8.71,1055.45,1.0,92789.6,19.8,156.0,0.21,0.17,2.05,0.042962393421993,445.0244921933828,4.880597997699157,91.32739952578214,0.15842979517755243,0.00737274999999994,1691.3050350542937,210,Wood,2026-02-08T06:27:00.266506
205.2,-0.66,25.0,1740.77,8.71,1055.45,1.0,92789.6,19.8,156.0,0.21,0.17,2.05,0.042962393421993,445.0244921933828,4.880597997699157,91.32739952578214,0.15842979517755243,0.00737274999999994,1691.3050350542937,210,Wood,2026-02-08T06:27:00.266506
205.2,-0.66,25.0,1740.77,8.71,1055.45,1.0,92789.6,19.8,156.0,0.21,0.17,2.05,0.042962393421993,445.0244921933828,4.880597997699157,91.32739952578214,0.15842979517755243,0.00737274999999994,1691.3050350542937,210,Wood,2026-02-08T06:27:00.266506
205.2,0.0,25.0,1776.65,8.89,944.35,1.0,88591.2,19.8,156.0,0.24,0.21,2.35,0.042962393421993,445.0244921933828,4.880597997699157,91.32739952578214,0.15842979517755243,0.00737274999999994,1691.3050350542937,210,Wood,2026-02-08T06:27:00.266506
205.2,0.0,25.0,1776.65,8.89,944.35,1.0,88591.2,19.8,156.0,0.24,0.21,2.35,0.042962393421993,445.0244921933828,4.880597997699157,91.32739952578214,0.15842979517755243,0.00737274999999994,1691.3050350542937,210,Wood,2026-02-08T06:27:00.266506
205.2,0.0,25.0,1776.65,8.89,944.35,1.0,88591.2,19.8,156.0,0.24,0.21,2.35,0.042962393421993,445.0244921933828,4.880597997699157,91.32739952578214,0.15842979517755243,0.00737274999999994,1691.3050350542937,210,Wood,2026-02-08T06:27:00.266506
205.2,0.0,25.0,1776.65,8.89,944.35,1.0,88591.2,19.8,156.0,0.24,0.21,2.35,0.042962393421993,445.0244921933828,4.880597997699157,91.32739952578214,0.15842979517755243,0.00737274999999994,1691.3050350542937,210,Wood,2026-02-08T06:27:00.266506
205.2,0.0,25.0,1776.65,8.89,944.35,1.0,88591.2,19.8,156.0,0.24,0.21,2.35,0.042962393421993,445.0244921933828,4.880597997699157,91.32739952578214,0.15842979517755243,0.00737274999999994,1691.3050350542937,210,Wood,2026-02-08T06:27:00.266506
215.7,0.0,25.0,1577.25,7.97,1044.34,1.0,78500.8,19.8,156.0,0.34,0.28,3.45,0.03763880477388492,361.4477446845575,4.747600547017479,76.16062001002622,0.19899748742132684,0.01127474999999999,685.6063611140148,220,Wood,2026-02-08T06:27:14.007788
215.7,0.0,25.0,1577.25,7.97,1044.34,1.0,78500.8,19.8,156.0,0.34,0.28,3.45,0.03763880477388492,361.4477446845575,4.747600547017479,76.16062001002622,0.19899748742132684,0.01127474999999999,685.6063611140148,220,Wood,2026-02-08T06:27:14.007788
215.7,0.0,25.0,1577.25,7.97,1044.34,1.0,78500.8,19.8,156.0,0.34,0.28,3.45,0.03763880477388492,361.4477446845575,4.747600547017479,76.16062001002622,0.19899748742132684,0.01127474999999999,685.6063611140148,220,Wood,2026-02-08T06:27:14.007788
215.7,0.0,25.0,1577.25,7.97,1044.34,1.0,78500.8,19.8,156.0,0.34,0.28,3.45,0.03763880477388492,361.4477446845575,4.747600547017479,76.16062001002622,0.19899748742132684,0.01127474999999999,685.6063611140148,220,Wood,2026-02-08T06:27:14.007788
215.7,0.0,25.0,1577.25,7.97,1044.34,1.0,78500.8,19.8,156.0,0.34,0.28,3.45,0.03763880477388492,361.4477446845575,4.747600547017479,76.16062001002622,0.19899748742132684,0.01127474999999999,685.6063611140148,220,Wood,2026-02-08T06:27:14.007788
215.7,0.0,25.0,1618.39,8.18,1033.23,1.0,78234.6,19.8,156.0,0.36,0.3,3.65,0.03763880477388492,361.4477446845575,4.747600547017479,76.16062001002622,0.19899748742132684,0.01127474999999999,685.6063611140148,220,Wood,2026-02-08T06:27:14.007788
215.7,0.0,25.0,1618.39,8.18,1033.23,1.0,78234.6,19.8,156.0,0.36,0.3,3.65,0.03763880477388492,361.4477446845575,4.747600547017479,76.16062001002622,0.19899748742132684,0.01127474999999999,685.6063611140148,220,Wood,2026-02-08T06:27:14.007788
215.7,0.0,25.0,1618.39,8.18,1033.23,1.0,78234.6,19.8,156.0,0.36,0.3,3.65,0.03763880477388492,361.4477446845575,4.747600547017479,76.16062001002622,0.19899748742132684,0.01127474999999999,685.6063611140148,220,Wood,2026-02-08T06:27:14.007788
215.7,0.0,25.0,1618.39,8.18,1033.23,1.0,78234.6,19.8,156.0,0.36,0.3,3.65,0.03763880477388492,361.4477446845575,4.747600547017479,76.16062001002622,0.19899748742132684,0.01127474999999999,685.6063611140148,220,Wood,2026-02-08T06:27:14.007788
215.7,0.0,25.0,1618.39,8.18,1033.23,1.0,78234.6,19.8,156.0,0.36,0.3,3.65,0.03763880477388492,361.4477446845575,4.747600547017479,76.16062001002622,0.19899748742132684,0.01127474999999999,685.6063611140148,220,Wood,2026-02-08T06:27:14.007788
215.7,0.0,25.0,1618.39,8.18,1033.23,1.0,78234.6,19.8,156.0,0.36,0.3,3.65,0.03763880477388492,361.4477446845575,4.747600547017479,76.16062001002622,0.19899748742132684,0.01127474999999999,685.6063611140148,220,Wood,2026-02-08T06:27:14.007788
216.1,1.53,25.0,1604.16,8.1,1033.23,1.0,78395.6,19.8,156.0,0.43,0.35,4.26,0.03763880477388492,361.4477446845575,4.747600547017479,76.16062001002622,0.19899748742132684,0.01127474999999999,685.6063611140148,220,Wood,2026-02-08T06:27:14.007788
216.1,1.53,25.0,1604.16,8.1,1033.23,1.0,78395.6,19.8,156.0,0.43,0.35,4.26,0.03763880477388492,361.4477446845575,4.747600547017479,76.16062001002622,0.19899748742132684,0.01127474999999999,685.6063611140148,220,Wood,2026-02-08T06:27:14.007788
216.1,1.53,25.0,1604.16,8.1,1033.23,1.0,78395.6,19.8,156.0,0.43,0.35,4.26,0.03763880477388492,361.4477446845575,4.747600547017479,76.16062001002622,0.19899748742132684,0.01127474999999999,685.6063611140148,220,Wood,2026-02-08T06:27:14.007788
216.1,1.53,25.0,1604.16,8.1,1033.23,1.0,78395.6,19.8,156.0,0.43,0.35,4.26,0.03763880477388492,361.4477446845575,4.747600547017479,76.16062001002622,0.19899748742132684,0.01127474999999999,685.6063611140148,220,Wood,2026-02-08T06:27:14.007788
216.1,1.53,25.0,1604.16,8.1,1033.23,1.0,78395.6,19.8,156.0,0.43,0.35,4.26,0.03763880477388492,361.4477446845575,4.747600547017479,76.16062001002622,0.19899748742132684,0.01127474999999999,685.6063611140148,220,Wood,2026-02-08T06:27:14.007788
216.1,0.0,25.0,1637.11,8.27,977.68,1.0,76672.3,19.8,156.0,0.47,0.41,4.73,0.03763880477388492,361.4477446845575,4.747600547017479,76.16062001002622,0.19899748742132684,0.01127474999999999,685.6063611140148,220,Wood,2026-02-08T06:27:14.007788
216.1,0.0,25.0,1637.11,8.27,977.68,1.0,76672.3,19.8,156.0,0.47,0.41,4.73,0.03763880477388492,361.4477446845575,4.747600547017479,76.16062001002622,0.19899748742132684,0.01127474999999999,685.6063611140148,220,Wood,2026-02-08T06:27:14.007788
216.1,0.0,25.0,1637.11,8.27,977.68,1.0,76672.3,19.8,156.0,0.47,0.41,4.73,0.03763880477388492,361.4477446845575,4.747600547017479,76.16062001002622,0.19899748742132684,0.01127474999999999,685.6063611140148,220,Wood,2026-02-08T06:27:14.007788
216.1,0.0,25.0,1637.11,8.27,977.68,1.0,76672.3,19.8,156.0,0.47,0.41,4.73,0.03763880477388492,361.4477446845575,4.747600547017479,76.16062001002622,0.19899748742132684,0.01127474999999999,685.6063611140148,220,Wood,2026-02-08T06:27:14.007788
226.3,0.22,25.0,1685.67,8.54,977.68,1.0,84321.6,19.8,156.0,0.05,0.04,0.48,0.04080203269995581,383.6975916924436,4.244186920017675,90.41516434786124,2.842170943040401e-14,0.06127274999999999,1284.735445247387,230,Wood,2026-02-08T06:27:23.789659
226.3,-0.22,25.0,1777.77,9.01,944.35,1.0,85027.5,19.8,156.0,0.05,0.04,0.5,0.04080203269995581,383.6975916924436,4.244186920017675,90.41516434786124,2.842170943040401e-14,0.06127274999999999,1284.735445247387,230,Wood,2026-02-08T06:27:23.789659
226.3,-0.22,25.0,1777.77,9.01,944.35,1.0,85027.5,19.8,156.0,0.05,0.04,0.5,0.04080203269995581,383.6975916924436,4.244186920017675,90.41516434786124,2.842170943040401e-14,0.06127274999999999,1284.735445247387,230,Wood,2026-02-08T06:27:23.789659
226.3,-0.22,25.0,1777.77,9.01,944.35,1.0,85027.5,19.8,156.0,0.05,0.04,0.5,0.04080203269995581,383.6975916924436,4.244186920017675,90.41516434786124,2.842170943040401e-14,0.06127274999999999,1284.735445247387,230,Wood,2026-02-08T06:27:23.789659
226.3,-0.22,25.0,1777.77,9.01,944.35,1.0,85027.5,19.8,156.0,0.05,0.04,0.5,0.04080203269995581,383.6975916924436,4.244186920017675,90.41516434786124,2.842170943040401e-14,0.06127274999999999,1284.735445247387,230,Wood,2026-02-08T06:27:23.789659
226.3,-0.22,25.0,1777.77,9.01,944.35,1.0,85027.5,19.8,156.0,0.05,0.04,0.5,0.04080203269995581,383.6975916924436,4.244186920017675,90.41516434786124,2.842170943040401e-14,0.06127274999999999,1284.735445247387,230,Wood,2026-02-08T06:27:23.789659
226.3,0.22,25.0,1824.26,9.25,977.68,1.0,87553.1,19.8,156.0,0.06,0.05,0.56,0.04080203269995581,383.6975916924436,4.244186920017675,90.41516434786124,2.842170943040401e-14,0.06127274999999999,1284.735445247387,230,Wood,2026-02-08T06:27:23.789659
226.3,0.22,25.0,1824.26,9.25,977.68,1.0,87553.1,19.8,156.0,0.06,0.05,0.56,0.04080203269995581,383.6975916924436,4.244186920017675,90.41516434786124,2.842170943040401e-14,0.06127274999999999,1284.735445247387,230,Wood,2026-02-08T06:27:23.789659
226.3,0.22,25.0,1824.26,9.25,977.68,1.0,87553.1,19.8,156.0,0.06,0.05,0.56,0.04080203269995581,383.6975916924436,4.244186920017675,90.41516434786124,2.842170943040401e-14,0.06127274999999999,1284.735445247387,230,Wood,2026-02-08T06:27:23.789659
226.3,0.22,25.0,1824.26,9.25,977.68,1.0,87553.1,19.8,156.0,0.06,0.05,0.56,0.04080203269995581,383.6975916924436,4.244186920017675,90.41516434786124,2.842170943040401e-14,0.06127274999999999,1284.735445247387,230,Wood,2026-02-08T06:27:23.789659
226.3,0.22,25.0,1824.26,9.25,977.68,1.0,87553.1,19.8,156.0,0.06,0.05,0.56,0.04080203269995581,383.6975916924436,4.244186920017675,90.41516434786124,2.842170943040401e-14,0.06127274999999999,1284.735445247387,230,Wood,2026-02-08T06:27:23.789659
226.3,0.22,25.0,1824.26,9.25,977.68,1.0,87553.1,19.8,156.0,0.06,0.05,0.56,0.04080203269995581,383.6975916924436,4.244186920017675,90.41516434786124,2.842170943040401e-14,0.06127274999999999,1284.735445247387,230,Wood,2026-02-08T06:27:23.789659
226.3,0.0,25.0,1843.53,9.35,955.46,1.0,87475.6,19.8,156.0,0.06,0.05,0.57,0.04080203269995581,383.6975916924436,4.244186920017675,90.41516434786124,2.842170943040401e-14,0.06127274999999999,1284.735445247387,230,Wood,2026-02-08T06:27:23.789659
226.3,0.0,25.0,1843.53,9.35,955.46,1.0,87475.6,19.8,156.0,0.06,0.05,0.57,0.04080203269995581,383.6975916924436,4.244186920017675,90.41516434786124,2.842170943040401e-14,0.06127274999999999,1284.735445247387,230,Wood,2026-02-08T06:27:23.789659
226.3,0.0,25.0,1843.53,9.35,955.46,1.0,87475.6,19.8,156.0,0.06,0.05,0.57,0.04080203269995581,383.6975916924436,4.244186920017675,90.41516434786124,2.842170943040401e-14,0.06127274999999999,1284.735445247387,230,Wood,2026-02-08T06:27:23.789659
226.3,0.0,25.0,1843.53,9.35,955.46,1.0,87475.6,19.8,156.0,0.06,0.05,0.57,0.04080203269995581,383.6975916924436,4.244186920017675,90.41516434786124,2.842170943040401e-14,0.06127274999999999,1284.735445247387,230,Wood,2026-02-08T06:27:23.789659
226.3,0.0,25.0,1843.53,9.35,955.46,1.0,87475.6,19.8,156.0,0.06,0.05,0.57,0.04080203269995581,383.6975916924436,4.244186920017675,90.41516434786124,2.842170943040401e-14,0.06127274999999999,1284.735445247387,230,Wood,2026-02-08T06:27:23.789659
226.3,0.0,25.0,1894.19,9.61,955.46,1.0,88153.2,19.8,156.0,0.06,0.05,0.56,0.04080203269995581,383.6975916924436,4.244186920017675,90.41516434786124,2.842170943040401e-14,0.06127274999999999,1284.735445247387,230,Wood,2026-02-08T06:27:23.789659
226.3,0.0,25.0,1894.19,9.61,955.46,1.0,88153.2,19.8,156.0,0.06,0.05,0.56,0.04080203269995581,383.6975916924436,4.244186920017675,90.41516434786124,2.842170943040401e-14,0.06127274999999999,1284.735445247387,230,Wood,2026-02-08T06:27:23.789659
226.3,0.0,25.0,1894.19,9.61,955.46,1.0,88153.2,19.8,156.0,0.06,0.05,0.56,0.04080203269995581,383.6975916924436,4.244186920017675,90.41516434786124,2.842170943040401e-14,0.06127274999999999,1284.735445247387,230,Wood,2026-02-08T06:27:23.789659
236.2,0.0,25.0,1306.31,6.51,1122.11,1.0,79887.7,19.8,156.0,0.04,0.04,0.44,0.02884208298052498,343.21111346316684,4.905897544453853,70.06496423944827,2.842170943040401e-14,0.057828750000000054,1544.1324801567403,240,Wood,2026-02-08T06:27:44.777166
236.2,0.0,25.0,1377.95,6.87,1111.0,1.0,79788.7,19.8,156.0,0.05,0.04,0.49,0.02884208298052498,343.21111346316684,4.905897544453853,70.06496423944827,2.842170943040401e-14,0.057828750000000054,1544.1324801567403,240,Wood,2026-02-08T06:27:44.777166
236.2,0.0,25.0,1377.95,6.87,1111.0,1.0,79788.7,19.8,156.0,0.05,0.04,0.49,0.02884208298052498,343.21111346316684,4.905897544453853,70.06496423944827,2.842170943040401e-14,0.057828750000000054,1544.1324801567403,240,Wood,2026-02-08T06:27:44.777166
236.2,0.0,25.0,1377.95,6.87,1111.0,1.0,79788.7,19.8,156.0,0.05,0.04,0.49,0.02884208298052498,343.21111346316684,4.905897544453853,70.06496423944827,2.842170943040401e-14,0.057828750000000054,1544.1324801567403,240,Wood,2026-02-08T06:27:44.777166
236.2,0.0,25.0,1377.95,6.87,1111.0,1.0,79788.7,19.8,156.0,0.05,0.04,0.49,0.02884208298052498,343.21111346316684,4.905897544453853,70.06496423944827,2.842170943040401e-14,0.057828750000000054,1544.1324801567403,240,Wood,2026-02-08T06:27:44.777166
236.2,0.0,25.0,1377.95,6.87,1111.0,1.0,79788.7,19.8,156.0,0.05,0.04,0.49,0.02884208298052498,343.21111346316684,4.905897544453853,70.06496423944827,2.842170943040401e-14,0.057828750000000054,1544.1324801567403,240,Wood,2026-02-08T06:27:44.777166
236.2,0.0,25.0,1435.44,7.15,1099.89,1.0,79533.9,19.8,156.0,0.05,0.05,0.51,0.02884208298052498,343.21111346316684,4.905897544453853,70.06496423944827,2.842170943040401e-14,0.057828750000000054,1544.1324801567403,240,Wood,2026-02-08T06:27:44.777166
236.2,0.0,25.0,1435.44,7.15,1099.89,1.0,79533.9,19.8,156.0,0.05,0.05,0.51,0.02884208298052498,343.21111346316684,4.905897544453853,70.06496423944827,2.842170943040401e-14,0.057828750000000054,1544.1324801567403,240,Wood,2026-02-08T06:27:44.777166
236.2,0.0,25.0,1435.44,7.15,1099.89,1.0,79533.9,19.8,156.0,0.05,0.05,0.51,0.02884208298052498,343.21111346316684,4.905897544453853,70.06496423944827,2.842170943040401e-14,0.057828750000000054,1544.1324801567403,240,Wood,2026-02-08T06:27:44.777166
236.2,0.0,25.0,1435.44,7.15,1099.89,1.0,79533.9,19.8,156.0,0.05,0.05,0.51,0.02884208298052498,343.21111346316684,4.905897544453853,70.06496423944827,2.842170943040401e-14,0.057828750000000054,1544.1324801567403,240,Wood,2026-02-08T06:27:44.777166
236.2,0.0,25.0,1435.44,7.15,1099.89,1.0,79533.9,19.8,156.0,0.05,0.05,0.51,0.02884208298052498,343.21111346316684,4.905897544453853,70.06496423944827,2.842170943040401e-14,0.057828750000000054,1544.1324801567403,240,Wood,2026-02-08T06:27:44.777166
236.2,-0.22,25.0,1314.03,6.53,1222.1,1.0,82573.7,19.8,156.0,0.05,0.05,0.51,0.02884208298052498,343.21111346316684,4.905897544453853,70.06496423944827,2.842170943040401e-14,0.057828750000000054,1544.1324801567403,240,Wood,2026-02-08T06:27:44.777166
236.2,-0.22,25.0,1314.03,6.53,1222.1,1.0,82573.7,19.8,156.0,0.05,0.05,0.51,0.02884208298052498,343.21111346316684,4.905897544453853,70.06496423944827,2.842170943040401e-14,0.057828750000000054,1544.1324801567403,240,Wood,2026-02-08T06:27:44.777166
236.2,-0.22,25.0,1314.03,6.53,1222.1,1.0,82573.7,19.8,156.0,0.05,0.05,0.51,0.02884208298052498,343.21111346316684,4.905897544453853,70.06496423944827,2.842170943040401e-14,0.057828750000000054,1544.1324801567403,240,Wood,2026-02-08T06:27:44.777166
236.2,-0.22,25.0,1314.03,6.53,1222.1,1.0,82573.7,19.8,156.0,0.05,0.05,0.51,0.02884208298052498,343.21111346316684,4.905897544453853,70.06496423944827,2.842170943040401e-14,0.057828750000000054,1544.1324801567403,240,Wood,2026-02-08T06:27:44.777166
236.2,-0.22,25.0,1314.03,6.53,1222.1,1.0,82573.7,19.8,156.0,0.05,0.05,0.51,0.02884208298052498,343.21111346316684,4.905897544453853,70.06496423944827,2.842170943040401e-14,0.057828750000000054,1544.1324801567403,240,Wood,2026-02-08T06:27:44.777166
236.2,-0.22,25.0,1314.03,6.53,1222.1,1.0,82573.7,19.8,156.0,0.05,0.05,0.51,0.02884208298052498,343.21111346316684,4.905897544453853,70.06496423944827,2.842170943040401e-14,0.057828750000000054,1544.1324801567403,240,Wood,2026-02-08T06:27:44.777166
236.2,0.0,25.0,1372.59,6.82,1222.1,1.0,83128.8,19.8,156.0,0.05,0.04,0.5,0.02884208298052498,343.21111346316684,4.905897544453853,70.06496423944827,2.842170943040401e-14,0.057828750000000054,1544.1324801567403,240,Wood,2026-02-08T06:27:44.777166
236.2,0.0,25.0,1372.59,6.82,1222.1,1.0,83128.8,19.8,156.0,0.05,0.04,0.5,0.02884208298052498,343.21111346316684,4.905897544453853,70.06496423944827,2.842170943040401e-14,0.057828750000000054,1544.1324801567403,240,Wood,2026-02-08T06:27:44.777166
236.2,0.0,25.0,1372.59,6.82,1222.1,1.0,83128.8,19.8,156.0,0.05,0.04,0.5,0.02884208298052498,343.21111346316684,4.905897544453853,70.06496423944827,2.842170943040401e-14,0.057828750000000054,1544.1324801567403,240,Wood,2026-02-08T06:27:44.777166
246.8,0.44,25.0,1753.1,8.79,1066.56,1.0,94042.8,19.8,156.0,0.07,0.06,0.74,0.03646704057377937,385.65867141533954,4.351654237012208,88.63401868245334,0.039999999999997725,0.02411100000000011,1820.4412331835902,250,Wood,2026-02-08T06:28:00.400019
246.8,0.44,25.0,1753.1,8.79,1066.56,1.0,94042.8,19.8,156.0,0.07,0.06,0.74,0.03646704057377937,385.65867141533954,4.351654237012208,88.63401868245334,0.039999999999997725,0.02411100000000011,1820.4412331835902,250,Wood,2026-02-08T06:28:00.400019
246.8,0.44,25.0,1753.1,8.79,1066.56,1.0,94042.8,19.8,156.0,0.07,0.06,0.74,0.03646704057377937,385.65867141533954,4.351654237012208,88.63401868245334,0.039999999999997725,0.02411100000000011,1820.4412331835902,250,Wood,2026-02-08T06:28:00.400019
246.8,0.44,25.0,1753.1,8.79,1066.56,1.0,94042.8,19.8,156.0,0.07,0.06,0.74,0.03646704057377937,385.65867141533954,4.351654237012208,88.63401868245334,0.039999999999997725,0.02411100000000011,1820.4412331835902,250,Wood,2026-02-08T06:28:00.400019
246.9,0.44,25.0,1844.17,9.24,1044.34,1.0,93335.0,19.8,156.0,0.11,0.09,1.07,0.03646704057377937,385.65867141533954,4.351654237012208,88.63401868245334,0.039999999999997725,0.02411100000000011,1820.4412331835902,250,Wood,2026-02-08T06:28:00.400019
246.9,0.44,25.0,1844.17,9.24,1044.34,1.0,93335.0,19.8,156.0,0.11,0.09,1.07,0.03646704057377937,385.65867141533954,4.351654237012208,88.63401868245334,0.039999999999997725,0.02411100000000011,1820.4412331835902,250,Wood,2026-02-08T06:28:00.400019
246.9,0.44,25.0,1844.17,9.24,1044.34,1.0,93335.0,19.8,156.0,0.11,0.09,1.07,0.03646704057377937,385.65867141533954,4.351654237012208,88.63401868245334,0.039999999999997725,0.02411100000000011,1820.4412331835902,250,Wood,2026-02-08T06:28:00.400019
246.9,0.44,25.0,1844.17,9.24,1044.34,1.0,93335.0,19.8,156.0,0.11,0.09,1.07,0.03646704057377937,385.65867141533954,4.351654237012208,88.63401868245334,0.039999999999997725,0.02411100000000011,1820.4412331835902,250,Wood,2026-02-08T06:28:00.400019
246.9,0.44,25.0,1844.17,9.24,1044.34,1.0,93335.0,19.8,156.0,0.11,0.09,1.07,0.03646704057377937,385.65867141533954,4.351654237012208,88.63401868245334,0.039999999999997725,0.02411100000000011,1820.4412331835902,250,Wood,2026-02-08T06:28:00.400019
246.9,0.22,25.0,1784.46,8.94,1066.56,1.0,94829.9,19.8,156.0,0.13,0.11,1.31,0.03646704057377937,385.65867141533954,4.351654237012208,88.63401868245334,0.039999999999997725,0.02411100000000011,1820.4412331835902,250,Wood,2026-02-08T06:28:00.400019
246.9,0.22,25.0,1784.46,8.94,1066.56,1.0,94829.9,19.8,156.0,0.13,0.11,1.31,0.03646704057377937,385.65867141533954,4.351654237012208,88.63401868245334,0.039999999999997725,0.02411100000000011,1820.4412331835902,250,Wood,2026-02-08T06:28:00.400019
246.9,0.22,25.0,1784.46,8.94,1066.56,1.0,94829.9,19.8,156.0,0.13,0.11,1.31,0.03646704057377937,385.65867141533954,4.351654237012208,88.63401868245334,0.039999999999997725,0.02411100000000011,1820.4412331835902,250,Wood,2026-02-08T06:28:00.400019
246.9,0.22,25.0,1784.46,8.94,1066.56,1.0,94829.9,19.8,156.0,0.13,0.11,1.31,0.03646704057377937,385.65867141533954,4.351654237012208,88.63401868245334,0.039999999999997725,0.02411100000000011,1820.4412331835902,250,Wood,2026-02-08T06:28:00.400019
246.9,0.22,25.0,1784.46,8.94,1066.56,1.0,94829.9,19.8,156.0,0.13,0.11,1.31,0.03646704057377937,385.65867141533954,4.351654237012208,88.63401868245334,0.039999999999997725,0.02411100000000011,1820.4412331835902,250,Wood,2026-02-08T06:28:00.400019
246.9,-0.22,25.0,1796.6,9.0,1111.0,1.0,97872.4,19.8,156.0,0.14,0.12,1.35,0.03646704057377937,385.65867141533954,4.351654237012208,88.63401868245334,0.039999999999997725,0.02411100000000011,1820.4412331835902,250,Wood,2026-02-08T06:28:00.400019
246.9,-0.22,25.0,1796.6,9.0,1111.0,1.0,97872.4,19.8,156.0,0.14,0.12,1.35,0.03646704057377937,385.65867141533954,4.351654237012208,88.63401868245334,0.039999999999997725,0.02411100000000011,1820.4412331835902,250,Wood,2026-02-08T06:28:00.400019
246.9,-0.22,25.0,1796.6,9.0,1111.0,1.0,97872.4,19.8,156.0,0.14,0.12,1.35,0.03646704057377937,385.65867141533954,4.351654237012208,88.63401868245334,0.039999999999997725,0.02411100000000011,1820.4412331835902,250,Wood,2026-02-08T06:28:00.400019
246.9,-0.22,25.0,1796.6,9.0,1111.0,1.0,97872.4,19.8,156.0,0.14,0.12,1.35,0.03646704057377937,385.65867141533954,4.351654237012208,88.63401868245334,0.039999999999997725,0.02411100000000011,1820.4412331835902,250,Wood,2026-02-08T06:28:00.400019
246.9,-0.22,25.0,1796.6,9.0,1111.0,1.0,97872.4,19.8,156.0,0.14,0.12,1.35,0.03646704057377937,385.65867141533954,4.351654237012208,88.63401868245334,0.039999999999997725,0.02411100000000011,1820.4412331835902,250,Wood,2026-02-08T06:28:00.400019
246.9,-0.22,25.0,1796.6,9.0,1111.0,1.0,97872.4,19.8,156.0,0.14,0.12,1.35,0.03646704057377937,385.65867141533954,4.351654237012208,88.63401868245334,0.039999999999997725,0.02411100000000011,1820.4412331835902,250,Wood,2026-02-08T06:28:00.400019
256.1,0.22,25.0,1616.66,8.07,1077.67,1.0,87228.7,19.8,156.0,0.12,0.11,1.2,0.033364507881234184,335.0340422191883,3.9273567444593915,85.32985150581558,0.04974937185531403,0.06376275000000005,567.6894191369055,260,Wood,2026-02-08T06:28:12.770125
256.1,-0.22,25.0,1654.74,8.26,1011.01,1.0,85471.5,19.8,156.0,0.12,0.11,1.19,0.033364507881234184,335.0340422191883,3.9273567444593915,85.32985150581558,0.04974937185531403,0.06376275000000005,567.6894191369055,260,Wood,2026-02-08T06:28:12.770125
256.1,-0.22,25.0,1654.74,8.26,1011.01,1.0,85471.5,19.8,156.0,0.12,0.11,1.19,0.033364507881234184,335.0340422191883,3.9273567444593915,85.32985150581558,0.04974937185531403,0.06376275000000005,567.6894191369055,260,Wood,2026-02-08T06:28:12.770125
256.1,-0.22,25.0,1654.74,8.26,1011.01,1.0,85471.5,19.8,156.0,0.12,0.11,1.19,0.033364507881234184,335.0340422191883,3.9273567444593915,85.32985150581558,0.04974937185531403,0.06376275000000005,567.6894191369055,260,Wood,2026-02-08T06:28:12.770125
256.1,-0.22,25.0,1654.74,8.26,1011.01,1.0,85471.5,19.8,156.0,0.12,0.11,1.19,0.033364507881234184,335.0340422191883,3.9273567444593915,85.32985150581558,0.04974937185531403,0.06376275000000005,567.6894191369055,260,Wood,2026-02-08T06:28:12.770125
256.1,-0.22,25.0,1654.74,8.26,1011.01,1.0,85471.5,19.8,156.0,0.12,0.11,1.19,0.033364507881234184,335.0340422191883,3.9273567444593915,85.32985150581558,0.04974937185531403,0.06376275000000005,567.6894191369055,260,Wood,2026-02-08T06:28:12.770125
256.2,0.44,25.0,1745.03,8.72,988.79,1.0,85239.6,19.8,156.0,0.11,0.09,1.06,0.033364507881234184,335.0340422191883,3.9273567444593915,85.32985150581558,0.04974937185531403,0.06376275000000005,567.6894191369055,260,Wood,2026-02-08T06:28:12.770125
256.2,0.44,25.0,1745.03,8.72,988.79,1.0,85239.6,19.8,156.0,0.11,0.09,1.06,0.033364507881234184,335.0340422191883,3.9273567444593915,85.32985150581558,0.04974937185531403,0.06376275000000005,567.6894191369055,260,Wood,2026-02-08T06:28:12.770125
256.2,0.44,25.0,1745.03,8.72,988.79,1.0,85239.6,19.8,156.0,0.11,0.09,1.06,0.033364507881234184,335.0340422191883,3.9273567444593915,85.32985150581558,0.04974937185531403,0.06376275000000005,567.6894191369055,260,Wood,2026-02-08T06:28:12.770125
256.2,0.44,25.0,1745.03,8.72,988.79,1.0,85239.6,19.8,156.0,0.11,0.09,1.06,0.033364507881234184,335.0340422191883,3.9273567444593915,85.32985150581558,0.04974937185531403,0.06376275000000005,567.6894191369055,260,Wood,2026-02-08T06:28:12.770125
256.2,0.44,25.0,1745.03,8.72,988.79,1.0,85239.6,19.8,156.0,0.11,0.09,1.06,0.033364507881234184,335.0340422191883,3.9273567444593915,85.32985150581558,0.04974937185531403,0.06376275000000005,567.6894191369055,260,Wood,2026-02-08T06:28:12.770125
256.2,0.44,25.0,1745.03,8.72,988.79,1.0,85239.6,19.8,156.0,0.11,0.09,1.06,0.033364507881234184,335.0340422191883,3.9273567444593915,85.32985150581558,0.04974937185531403,0.06376275000000005,567.6894191369055,260,Wood,2026-02-08T06:28:12.770125
256.2,0.0,25.0,1700.23,8.49,1011.01,1.0,86294.0,19.8,156.0,0.09,0.07,0.87,0.033364507881234184,335.0340422191883,3.9273567444593915,85.32985150581558,0.04974937185531403,0.06376275000000005,567.6894191369055,260,Wood,2026-02-08T06:28:12.770125
256.2,0.0,25.0,1700.23,8.49,1011.01,1.0,86294.0,19.8,156.0,0.09,0.07,0.87,0.033364507881234184,335.0340422191883,3.9273567444593915,85.32985150581558,0.04974937185531403,0.06376275000000005,567.6894191369055,260,Wood,2026-02-08T06:28:12.770125
256.2,0.0,25.0,1700.23,8.49,1011.01,1.0,86294.0,19.8,156.0,0.09,0.07,0.87,0.033364507881234184,335.0340422191883,3.9273567444593915,85.32985150581558,0.04974937185531403,0.06376275000000005,567.6894191369055,260,Wood,2026-02-08T06:28:12.770125
256.2,0.0,25.0,1700.23,8.49,1011.01,1.0,86294.0,19.8,156.0,0.09,0.07,0.87,0.033364507881234184,335.0340422191883,3.9273567444593915,85.32985150581558,0.04974937185531403,0.06376275000000005,567.6894191369055,260,Wood,2026-02-08T06:28:12.770125
256.2,0.0,25.0,1700.23,8.49,1011.01,1.0,86294.0,19.8,156.0,0.09,0.07,0.87,0.033364507881234184,335.0340422191883,3.9273567444593915,85.32985150581558,0.04974937185531403,0.06376275000000005,567.6894191369055,260,Wood,2026-02-08T06:28:12.770125
256.1,-0.44,25.0,1786.97,8.93,999.9,1.0,86306.2,19.8,156.0,0.06,0.05,0.59,0.033364507881234184,335.0340422191883,3.9273567444593915,85.32985150581558,0.04974937185531403,0.06376275000000005,567.6894191369055,260,Wood,2026-02-08T06:28:12.770125
256.1,-0.44,25.0,1786.97,8.93,999.9,1.0,86306.2,19.8,156.0,0.06,0.05,0.59,0.033364507881234184,335.0340422191883,3.9273567444593915,85.32985150581558,0.04974937185531403,0.06376275000000005,567.6894191369055,260,Wood,2026-02-08T06:28:12.770125
256.1,-0.44,25.0,1786.97,8.93,999.9,1.0,86306.2,19.8,156.0,0.06,0.05,0.59,0.033364507881234184,335.0340422191883,3.9273567444593915,85.32985150581558,0.04974937185531403,0.06376275000000005,567.6894191369055,260,Wood,2026-02-08T06:28:12.770125
266.3,0.0,25.0,1519.18,7.63,1111.0,1.0,81367.2,19.8,156.0,0.06,0.05,0.65,0.028514455217476524,307.0391483291199,4.132195481068072,74.31163908227556,0.10712142642814788,0.03316875000000001,446.8707592526063,270,Wood,2026-02-08T06:28:25.498305
266.3,0.0,25.0,1519.18,7.63,1111.0,1.0,81367.2,19.8,156.0,0.06,0.05,0.65,0.028514455217476524,307.0391483291199,4.132195481068072,74.31163908227556,0.10712142642814788,0.03316875000000001,446.8707592526063,270,Wood,2026-02-08T06:28:25.498305
266.3,0.0,25.0,1519.18,7.63,1111.0,1.0,81367.2,19.8,156.0,0.06,0.05,0.65,0.028514455217476524,307.0391483291199,4.132195481068072,74.31163908227556,0.10712142642814788,0.03316875000000001,446.8707592526063,270,Wood,2026-02-08T06:28:25.498305
266.3,0.0,25.0,1519.18,7.63,1111.0,1.0,81367.2,19.8,156.0,0.06,0.05,0.65,0.028514455217476524,307.0391483291199,4.132195481068072,74.31163908227556,0.10712142642814788,0.03316875000000001,446.8707592526063,270,Wood,2026-02-08T06:28:25.498305
266.3,0.0,25.0,1519.18,7.63,1111.0,1.0,81367.2,19.8,156.0,0.06,0.05,0.65,0.028514455217476524,307.0391483291199,4.132195481068072,74.31163908227556,0.10712142642814788,0.03316875000000001,446.8707592526063,270,Wood,2026-02-08T06:28:25.498305
266.4,0.44,25.0,1566.54,7.86,1088.78,1.0,81359.3,19.8,156.0,0.06,0.05,0.64,0.028514455217476524,307.0391483291199,4.132195481068072,74.31163908227556,0.10712142642814788,0.03316875000000001,446.8707592526063,270,Wood,2026-02-08T06:28:25.498305
266.4,0.44,25.0,1566.54,7.86,1088.78,1.0,81359.3,19.8,156.0,0.06,0.05,0.64,0.028514455217476524,307.0391483291199,4.132195481068072,74.31163908227556,0.10712142642814788,0.03316875000000001,446.8707592526063,270,Wood,2026-02-08T06:28:25.498305
266.4,0.44,25.0,1566.54,7.86,1088.78,1.0,81359.3,19.8,156.0,0.06,0.05,0.64,0.028514455217476524,307.0391483291199,4.132195481068072,74.31163908227556,0.10712142642814788,0.03316875000000001,446.8707592526063,270,Wood,2026-02-08T06:28:25.498305
266.4,0.44,25.0,1566.54,7.86,1088.78,1.0,81359.3,19.8,156.0,0.06,0.05,0.64,0.028514455217476524,307.0391483291199,4.132195481068072,74.31163908227556,0.10712142642814788,0.03316875000000001,446.8707592526063,270,Wood,2026-02-08T06:28:25.498305
266.4,0.44,25.0,1566.54,7.86,1088.78,1.0,81359.3,19.8,156.0,0.06,0.05,0.64,0.028514455217476524,307.0391483291199,4.132195481068072,74.31163908227556,0.10712142642814788,0.03316875000000001,446.8707592526063,270,Wood,2026-02-08T06:28:25.498305
266.5,0.66,25.0,1470.38,7.37,1111.0,1.0,82222.1,19.8,156.0,0.07,0.06,0.71,0.028514455217476524,307.0391483291199,4.132195481068072,74.31163908227556,0.10712142642814788,0.03316875000000001,446.8707592526063,270,Wood,2026-02-08T06:28:25.498305
266.5,0.66,25.0,1470.38,7.37,1111.0,1.0,82222.1,19.8,156.0,0.07,0.06,0.71,0.028514455217476524,307.0391483291199,4.132195481068072,74.31163908227556,0.10712142642814788,0.03316875000000001,446.8707592526063,270,Wood,2026-02-08T06:28:25.498305
266.5,0.66,25.0,1470.38,7.37,1111.0,1.0,82222.1,19.8,156.0,0.07,0.06,0.71,0.028514455217476524,307.0391483291199,4.132195481068072,74.31163908227556,0.10712142642814788,0.03316875000000001,446.8707592526063,270,Wood,2026-02-08T06:28:25.498305
266.5,0.66,25.0,1470.38,7.37,1111.0,1.0,82222.1,19.8,156.0,0.07,0.06,0.71,0.028514455217476524,307.0391483291199,4.132195481068072,74.31163908227556,0.10712142642814788,0.03316875000000001,446.8707592526063,270,Wood,2026-02-08T06:28:25.498305
266.5,0.66,25.0,1470.38,7.37,1111.0,1.0,82222.1,19.8,156.0,0.07,0.06,0.71,0.028514455217476524,307.0391483291199,4.132195481068072,74.31163908227556,0.10712142642814788,0.03316875000000001,446.8707592526063,270,Wood,2026-02-08T06:28:25.498305
266.5,0.66,25.0,1470.38,7.37,1111.0,1.0,82222.1,19.8,156.0,0.07,0.06,0.71,0.028514455217476524,307.0391483291199,4.132195481068072,74.31163908227556,0.10712142642814788,0.03316875000000001,446.8707592526063,270,Wood,2026-02-08T06:28:25.498305
266.6,0.44,25.0,1512.13,7.57,1088.78,1.0,82304.7,19.8,156.0,0.1,0.08,0.97,0.028514455217476524,307.0391483291199,4.132195481068072,74.31163908227556,0.10712142642814788,0.03316875000000001,446.8707592526063,270,Wood,2026-02-08T06:28:25.498305
266.6,0.44,25.0,1512.13,7.57,1088.78,1.0,82304.7,19.8,156.0,0.1,0.08,0.97,0.028514455217476524,307.0391483291199,4.132195481068072,74.31163908227556,0.10712142642814788,0.03316875000000001,446.8707592526063,270,Wood,2026-02-08T06:28:25.498305
266.6,0.44,25.0,1512.13,7.57,1088.78,1.0,82304.7,19.8,156.0,0.1,0.08,0.97,0.028514455217476524,307.0391483291199,4.132195481068072,74.31163908227556,0.10712142642814788,0.03316875000000001,446.8707592526063,270,Wood,2026-02-08T06:28:25.498305
266.6,0.44,25.0,1512.13,7.57,1088.78,1.0,82304.7,19.8,156.0,0.1,0.08,0.97,0.028514455217476524,307.0391483291199,4.132195481068072,74.31163908227556,0.10712142642814788,0.03316875000000001,446.8707592526063,270,Wood,2026-02-08T06:28:25.498305
276.3,-0.22,25.0,1535.33,7.75,1188.77,1.0,85853.7,19.8,156.0,0.13,0.11,1.33,0.02793095709114603,309.2878907982945,4.267889875148816,72.47505413604931,0.04330127018920716,0.02134599999999993,708.1559916254299,280,Wood,2026-02-08T06:28:36.855724
276.3,-0.22,25.0,1535.33,7.75,1188.77,1.0,85853.7,19.8,156.0,0.13,0.11,1.33,0.02793095709114603,309.2878907982945,4.267889875148816,72.47505413604931,0.04330127018920716,0.02134599999999993,708.1559916254299,280,Wood,2026-02-08T06:28:36.855724
276.3,-0.22,25.0,1535.33,7.75,1188.77,1.0,85853.7,19.8,156.0,0.13,0.11,1.33,0.02793095709114603,309.2878907982945,4.267889875148816,72.47505413604931,0.04330127018920716,0.02134599999999993,708.1559916254299,280,Wood,2026-02-08T06:28:36.855724
276.3,-0.22,25.0,1535.33,7.75,1188.77,1.0,85853.7,19.8,156.0,0.13,0.11,1.33,0.02793095709114603,309.2878907982945,4.267889875148816,72.47505413604931,0.04330127018920716,0.02134599999999993,708.1559916254299,280,Wood,2026-02-08T06:28:36.855724
276.3,-0.22,25.0,1535.33,7.75,1188.77,1.0,85853.7,19.8,156.0,0.13,0.11,1.33,0.02793095709114603,309.2878907982945,4.267889875148816,72.47505413604931,0.04330127018920716,0.02134599999999993,708.1559916254299,280,Wood,2026-02-08T06:28:36.855724
276.3,-0.22,25.0,1535.33,7.75,1188.77,1.0,85853.7,19.8,156.0,0.13,0.11,1.33,0.02793095709114603,309.2878907982945,4.267889875148816,72.47505413604931,0.04330127018920716,0.02134599999999993,708.1559916254299,280,Wood,2026-02-08T06:28:36.855724
276.4,0.22,25.0,1482.14,7.48,1199.88,1.0,86355.9,19.8,156.0,0.11,0.09,1.12,0.02793095709114603,309.2878907982945,4.267889875148816,72.47505413604931,0.04330127018920716,0.02134599999999993,708.1559916254299,280,Wood,2026-02-08T06:28:36.855724
276.4,0.22,25.0,1482.14,7.48,1199.88,1.0,86355.9,19.8,156.0,0.11,0.09,1.12,0.02793095709114603,309.2878907982945,4.267889875148816,72.47505413604931,0.04330127018920716,0.02134599999999993,708.1559916254299,280,Wood,2026-02-08T06:28:36.855724
276.4,0.22,25.0,1482.14,7.48,1199.88,1.0,86355.9,19.8,156.0,0.11,0.09,1.12,0.02793095709114603,309.2878907982945,4.267889875148816,72.47505413604931,0.04330127018920716,0.02134599999999993,708.1559916254299,280,Wood,2026-02-08T06:28:36.855724
276.4,0.22,25.0,1482.14,7.48,1199.88,1.0,86355.9,19.8,156.0,0.11,0.09,1.12,0.02793095709114603,309.2878907982945,4.267889875148816,72.47505413604931,0.04330127018920716,0.02134599999999993,708.1559916254299,280,Wood,2026-02-08T06:28:36.855724
276.4,0.22,25.0,1482.14,7.48,1199.88,1.0,86355.9,19.8,156.0,0.11,0.09,1.12,0.02793095709114603,309.2878907982945,4.267889875148816,72.47505413604931,0.04330127018920716,0.02134599999999993,708.1559916254299,280,Wood,2026-02-08T06:28:36.855724
276.3,-0.22,25.0,1541.92,7.78,1166.55,1.0,84736.2,19.8,156.0,0.08,0.06,0.83,0.02793095709114603,309.2878907982945,4.267889875148816,72.47505413604931,0.04330127018920716,0.02134599999999993,708.1559916254299,280,Wood,2026-02-08T06:28:36.855724
276.3,-0.22,25.0,1541.92,7.78,1166.55,1.0,84736.2,19.8,156.0,0.08,0.06,0.83,0.02793095709114603,309.2878907982945,4.267889875148816,72.47505413604931,0.04330127018920716,0.02134599999999993,708.1559916254299,280,Wood,2026-02-08T06:28:36.855724
276.3,-0.22,25.0,1541.92,7.78,1166.55,1.0,84736.2,19.8,156.0,0.08,0.06,0.83,0.02793095709114603,309.2878907982945,4.267889875148816,72.47505413604931,0.04330127018920716,0.02134599999999993,708.1559916254299,280,Wood,2026-02-08T06:28:36.855724
276.3,-0.22,25.0,1541.92,7.78,1166.55,1.0,84736.2,19.8,156.0,0.08,0.06,0.83,0.02793095709114603,309.2878907982945,4.267889875148816,72.47505413604931,0.04330127018920716,0.02134599999999993,708.1559916254299,280,Wood,2026-02-08T06:28:36.855724
276.3,-0.22,25.0,1541.92,7.78,1166.55,1.0,84736.2,19.8,156.0,0.08,0.06,0.83,0.02793095709114603,309.2878907982945,4.267889875148816,72.47505413604931,0.04330127018920716,0.02134599999999993,708.1559916254299,280,Wood,2026-02-08T06:28:36.855724
276.3,0.0,25.0,1563.73,7.89,1155.44,1.0,84674.6,19.8,156.0,0.04,0.04,0.45,0.02793095709114603,309.2878907982945,4.267889875148816,72.47505413604931,0.04330127018920716,0.02134599999999993,708.1559916254299,280,Wood,2026-02-08T06:28:36.855724
276.3,0.0,25.0,1563.73,7.89,1155.44,1.0,84674.6,19.8,156.0,0.04,0.04,0.45,0.02793095709114603,309.2878907982945,4.267889875148816,72.47505413604931,0.04330127018920716,0.02134599999999993,708.1559916254299,280,Wood,2026-02-08T06:28:36.855724
276.3,0.0,25.0,1563.73,7.89,1155.44,1.0,84674.6,19.8,156.0,0.04,0.04,0.45,0.02793095709114603,309.2878907982945,4.267889875148816,72.47505413604931,0.04330127018920716,0.02134599999999993,708.1559916254299,280,Wood,2026-02-08T06:28:36.855724
276.3,0.0,25.0,1563.73,7.89,1155.44,1.0,84674.6,19.8,156.0,0.04,0.04,0.45,0.02793095709114603,309.2878907982945,4.267889875148816,72.47505413604931,0.04330127018920716,0.02134599999999993,708.1559916254299,280,Wood,2026-02-08T06:28:36.855724
285.3,-1.53,25.0,1338.58,6.75,1322.09,1.0,87164.1,19.8,156.0,0.4,0.36,4.05,0.024794072178477577,299.068001387383,4.354363368640816,68.74069809506524,0.2156385865284752,0.01987875000000002,1605.2199881636143,290,Wood,2026-02-08T06:28:52.174593
285.0,-1.09,25.0,1415.94,7.14,1233.21,1.0,84867.5,19.8,156.0,0.46,0.37,4.65,0.024794072178477577,299.068001387383,4.354363368640816,68.74069809506524,0.2156385865284752,0.01987875000000002,1605.2199881636143,290,Wood,2026-02-08T06:28:52.174593
285.0,-1.09,25.0,1415.94,7.14,1233.21,1.0,84867.5,19.8,156.0,0.46,0.37,4.65,0.024794072178477577,299.068001387383,4.354363368640816,68.74069809506524,0.2156385865284752,0.01987875000000002,1605.2199881636143,290,Wood,2026-02-08T06:28:52.174593
285.0,-1.09,25.0,1415.94,7.14,1233.21,1.0,84867.5,19.8,156.0,0.46,0.37,4.65,0.024794072178477577,299.068001387383,4.354363368640816,68.74069809506524,0.2156385865284752,0.01987875000000002,1605.2199881636143,290,Wood,2026-02-08T06:28:52.174593
285.0,-1.09,25.0,1415.94,7.14,1233.21,1.0,84867.5,19.8,156.0,0.46,0.37,4.65,0.024794072178477577,299.068001387383,4.354363368640816,68.74069809506524,0.2156385865284752,0.01987875000000002,1605.2199881636143,290,Wood,2026-02-08T06:28:52.174593
285.0,-1.09,25.0,1415.94,7.14,1233.21,1.0,84867.5,19.8,156.0,0.46,0.37,4.65,0.024794072178477577,299.068001387383,4.354363368640816,68.74069809506524,0.2156385865284752,0.01987875000000002,1605.2199881636143,290,Wood,2026-02-08T06:28:52.174593
285.1,0.44,25.0,1410.92,7.11,1177.66,1.0,83000.5,19.8,156.0,0.42,0.3,4.2,0.024794072178477577,299.068001387383,4.354363368640816,68.74069809506524,0.2156385865284752,0.01987875000000002,1605.2199881636143,290,Wood,2026-02-08T06:28:52.174593
285.1,0.44,25.0,1410.92,7.11,1177.66,1.0,83000.5,19.8,156.0,0.42,0.3,4.2,0.024794072178477577,299.068001387383,4.354363368640816,68.74069809506524,0.2156385865284752,0.01987875000000002,1605.2199881636143,290,Wood,2026-02-08T06:28:52.174593
285.1,0.44,25.0,1410.92,7.11,1177.66,1.0,83000.5,19.8,156.0,0.42,0.3,4.2,0.024794072178477577,299.068001387383,4.354363368640816,68.74069809506524,0.2156385865284752,0.01987875000000002,1605.2199881636143,290,Wood,2026-02-08T06:28:52.174593
285.1,0.44,25.0,1410.92,7.11,1177.66,1.0,83000.5,19.8,156.0,0.42,0.3,4.2,0.024794072178477577,299.068001387383,4.354363368640816,68.74069809506524,0.2156385865284752,0.01987875000000002,1605.2199881636143,290,Wood,2026-02-08T06:28:52.174593
285.1,0.44,25.0,1410.92,7.11,1177.66,1.0,83000.5,19.8,156.0,0.42,0.3,4.2,0.024794072178477577,299.068001387383,4.354363368640816,68.74069809506524,0.2156385865284752,0.01987875000000002,1605.2199881636143,290,Wood,2026-02-08T06:28:52.174593
285.4,1.31,25.0,1377.84,6.93,1299.87,1.0,87143.9,19.8,156.0,0.3,0.25,3.04,0.024794072178477577,299.068001387383,4.354363368640816,68.74069809506524,0.2156385865284752,0.01987875000000002,1605.2199881636143,290,Wood,2026-02-08T06:28:52.174593
285.4,1.31,25.0,1377.84,6.93,1299.87,1.0,87143.9,19.8,156.0,0.3,0.25,3.04,0.024794072178477577,299.068001387383,4.354363368640816,68.74069809506524,0.2156385865284752,0.01987875000000002,1605.2199881636143,290,Wood,2026-02-08T06:28:52.174593
285.4,1.31,25.0,1377.84,6.93,1299.87,1.0,87143.9,19.8,156.0,0.3,0.25,3.04,0.024794072178477577,299.068001387383,4.354363368640816,68.74069809506524,0.2156385865284752,0.01987875000000002,1605.2199881636143,290,Wood,2026-02-08T06:28:52.174593
285.4,1.31,25.0,1377.84,6.93,1299.87,1.0,87143.9,19.8,156.0,0.3,0.25,3.04,0.024794072178477577,299.068001387383,4.354363368640816,68.74069809506524,0.2156385865284752,0.01987875000000002,1605.2199881636143,290,Wood,2026-02-08T06:28:52.174593
285.4,1.31,25.0,1377.84,6.93,1299.87,1.0,87143.9,19.8,156.0,0.3,0.25,3.04,0.024794072178477577,299.068001387383,4.354363368640816,68.74069809506524,0.2156385865284752,0.01987875000000002,1605.2199881636143,290,Wood,2026-02-08T06:28:52.174593
285.4,1.31,25.0,1377.84,6.93,1299.87,1.0,87143.9,19.8,156.0,0.3,0.25,3.04,0.024794072178477577,299.068001387383,4.354363368640816,68.74069809506524,0.2156385865284752,0.01987875000000002,1605.2199881636143,290,Wood,2026-02-08T06:28:52.174593
285.6,0.87,25.0,1449.71,7.29,1222.1,1.0,85609.9,19.8,156.0,0.23,0.21,2.32,0.024794072178477577,299.068001387383,4.354363368640816,68.74069809506524,0.2156385865284752,0.01987875000000002,1605.2199881636143,290,Wood,2026-02-08T06:28:52.174593
285.6,0.87,25.0,1449.71,7.29,1222.1,1.0,85609.9,19.8,156.0,0.23,0.21,2.32,0.024794072178477577,299.068001387383,4.354363368640816,68.74069809506524,0.2156385865284752,0.01987875000000002,1605.2199881636143,290,Wood,2026-02-08T06:28:52.174593
285.6,0.87,25.0,1449.71,7.29,1222.1,1.0,85609.9,19.8,156.0,0.23,0.21,2.32,0.024794072178477577,299.068001387383,4.354363368640816,68.74069809506524,0.2156385865284752,0.01987875000000002,1605.2199881636143,290,Wood,2026-02-08T06:28:52.174593
296.1,0.0,25.0,1170.88,5.87,1477.63,1.0,82954.4,19.8,156.0,0.25,0.21,2.46,0.020483206462031656,279.5558657351784,4.805578560144246,58.23098428494673,0.17853571071357086,0.02614274999999997,1216.704800793934,300,Wood,2026-02-08T06:29:09.268718
296.0,-0.66,25.0,1166.65,5.84,1477.63,1.0,83434.7,19.8,156.0,0.21,0.18,2.12,0.020483206462031656,279.5558657351784,4.805578560144246,58.23098428494673,0.17853571071357086,0.02614274999999997,1216.704800793934,300,Wood,2026-02-08T06:29:09.268718
296.0,-0.66,25.0,1166.65,5.84,1477.63,1.0,83434.7,19.8,156.0,0.21,0.18,2.12,0.020483206462031656,279.5558657351784,4.805578560144246,58.23098428494673,0.17853571071357086,0.02614274999999997,1216.704800793934,300,Wood,2026-02-08T06:29:09.268718
296.0,-0.66,25.0,1166.65,5.84,1477.63,1.0,83434.7,19.8,156.0,0.21,0.18,2.12,0.020483206462031656,279.5558657351784,4.805578560144246,58.23098428494673,0.17853571071357086,0.02614274999999997,1216.704800793934,300,Wood,2026-02-08T06:29:09.268718
296.0,-0.66,25.0,1166.65,5.84,1477.63,1.0,83434.7,19.8,156.0,0.21,0.18,2.12,0.020483206462031656,279.5558657351784,4.805578560144246,58.23098428494673,0.17853571071357086,0.02614274999999997,1216.704800793934,300,Wood,2026-02-08T06:29:09.268718
296.0,-0.66,25.0,1166.65,5.84,1477.63,1.0,83434.7,19.8,156.0,0.21,0.18,2.12,0.020483206462031656,279.5558657351784,4.805578560144246,58.23098428494673,0.17853571071357086,0.02614274999999997,1216.704800793934,300,Wood,2026-02-08T06:29:09.268718
296.1,0.66,25.0,1242.14,6.22,1344.31,1.0,80922.9,19.8,156.0,0.16,0.14,1.59,0.020483206462031656,279.5558657351784,4.805578560144246,58.23098428494673,0.17853571071357086,0.02614274999999997,1216.704800793934,300,Wood,2026-02-08T06:29:09.268718
296.1,0.66,25.0,1242.14,6.22,1344.31,1.0,80922.9,19.8,156.0,0.16,0.14,1.59,0.020483206462031656,279.5558657351784,4.805578560144246,58.23098428494673,0.17853571071357086,0.02614274999999997,1216.704800793934,300,Wood,2026-02-08T06:29:09.268718
296.1,0.66,25.0,1242.14,6.22,1344.31,1.0,80922.9,19.8,156.0,0.16,0.14,1.59,0.020483206462031656,279.5558657351784,4.805578560144246,58.23098428494673,0.17853571071357086,0.02614274999999997,1216.704800793934,300,Wood,2026-02-08T06:29:09.268718
296.1,0.66,25.0,1242.14,6.22,1344.31,1.0,80922.9,19.8,156.0,0.16,0.14,1.59,0.020483206462031656,279.5558657351784,4.805578560144246,58.23098428494673,0.17853571071357086,0.02614274999999997,1216.704800793934,300,Wood,2026-02-08T06:29:09.268718
296.1,0.66,25.0,1242.14,6.22,1344.31,1.0,80922.9,19.8,156.0,0.16,0.14,1.59,0.020483206462031656,279.5558657351784,4.805578560144246,58.23098428494673,0.17853571071357086,0.02614274999999997,1216.704800793934,300,Wood,2026-02-08T06:29:09.268718
296.1,0.66,25.0,1242.14,6.22,1344.31,1.0,80922.9,19.8,156.0,0.16,0.14,1.59,0.020483206462031656,279.5558657351784,4.805578560144246,58.23098428494673,0.17853571071357086,0.02614274999999997,1216.704800793934,300,Wood,2026-02-08T06:29:09.268718
295.8,-1.53,25.0,1234.99,6.18,1455.41,1.0,83920.8,19.8,156.0,0.19,0.16,1.88,0.020483206462031656,279.5558657351784,4.805578560144246,58.23098428494673,0.17853571071357086,0.02614274999999997,1216.704800793934,300,Wood,2026-02-08T06:29:09.268718
295.8,-1.53,25.0,1234.99,6.18,1455.41,1.0,83920.8,19.8,156.0,0.19,0.16,1.88,0.020483206462031656,279.5558657351784,4.805578560144246,58.23098428494673,0.17853571071357086,0.02614274999999997,1216.704800793934,300,Wood,2026-02-08T06:29:09.268718
295.8,-1.53,25.0,1234.99,6.18,1455.41,1.0,83920.8,19.8,156.0,0.19,0.16,1.88,0.020483206462031656,279.5558657351784,4.805578560144246,58.23098428494673,0.17853571071357086,0.02614274999999997,1216.704800793934,300,Wood,2026-02-08T06:29:09.268718
295.8,-1.53,25.0,1234.99,6.18,1455.41,1.0,83920.8,19.8,156.0,0.19,0.16,1.88,0.020483206462031656,279.5558657351784,4.805578560144246,58.23098428494673,0.17853571071357086,0.02614274999999997,1216.704800793934,300,Wood,2026-02-08T06:29:09.268718
295.8,-1.53,25.0,1234.99,6.18,1455.41,1.0,83920.8,19.8,156.0,0.19,0.16,1.88,0.020483206462031656,279.5558657351784,4.805578560144246,58.23098428494673,0.17853571071357086,0.02614274999999997,1216.704800793934,300,Wood,2026-02-08T06:29:09.268718
295.6,-0.66,25.0,1197.84,5.98,1410.97,1.0,83090.8,19.8,156.0,0.23,0.19,2.29,0.020483206462031656,279.5558657351784,4.805578560144246,58.23098428494673,0.17853571071357086,0.02614274999999997,1216.704800793934,300,Wood,2026-02-08T06:29:09.268718
295.6,-0.66,25.0,1197.84,5.98,1410.97,1.0,83090.8,19.8,156.0,0.23,0.19,2.29,0.020483206462031656,279.5558657351784,4.805578560144246,58.23098428494673,0.17853571071357086,0.02614274999999997,1216.704800793934,300,Wood,2026-02-08T06:29:09.268718
295.6,-0.66,25.0,1197.84,5.98,1410.97,1.0,83090.8,19.8,156.0,0.23,0.19,2.29,0.020483206462031656,279.5558657351784,4.805578560144246,58.23098428494673,0.17853571071357086,0.02614274999999997,1216.704800793934,300,Wood,2026-02-08T06:29:09.268718
307.1,-0.22,25.0,1234.84,6.24,2188.67,1.0,96307.2,19.7,157.0,0.06,0.05,0.59,0.02008279952580593,310.7992475285431,6.948964595713936,44.755176477596144,0.045825756949542766,0.05716600000000001,2187.0541736317364,310,Wood,2026-02-08T06:29:20.622821
307.1,-0.22,25.0,1234.84,6.24,2188.67,1.0,96307.2,19.7,157.0,0.06,0.05,0.59,0.02008279952580593,310.7992475285431,6.948964595713936,44.755176477596144,0.045825756949542766,0.05716600000000001,2187.0541736317364,310,Wood,2026-02-08T06:29:20.622821
307.1,-0.22,25.0,1234.84,6.24,2188.67,1.0,96307.2,19.7,157.0,0.06,0.05,0.59,0.02008279952580593,310.7992475285431,6.948964595713936,44.755176477596144,0.045825756949542766,0.05716600000000001,2187.0541736317364,310,Wood,2026-02-08T06:29:20.622821
307.1,0.0,25.0,1276.3,6.44,2133.12,1.0,96152.7,19.7,157.0,0.06,0.05,0.59,0.02008279952580593,310.7992475285431,6.948964595713936,44.755176477596144,0.045825756949542766,0.05716600000000001,2187.0541736317364,310,Wood,2026-02-08T06:29:20.622821
307.1,0.0,25.0,1276.3,6.44,2133.12,1.0,96152.7,19.7,157.0,0.06,0.05,0.59,0.02008279952580593,310.7992475285431,6.948964595713936,44.755176477596144,0.045825756949542766,0.05716600000000001,2187.0541736317364,310,Wood,2026-02-08T06:29:20.622821
307.1,0.0,25.0,1276.3,6.44,2133.12,1.0,96152.7,19.7,157.0,0.06,0.05,0.59,0.02008279952580593,310.7992475285431,6.948964595713936,44.755176477596144,0.045825756949542766,0.05716600000000001,2187.0541736317364,310,Wood,2026-02-08T06:29:20.622821
307.1,0.0,25.0,1276.3,6.44,2133.12,1.0,96152.7,19.7,157.0,0.06,0.05,0.59,0.02008279952580593,310.7992475285431,6.948964595713936,44.755176477596144,0.045825756949542766,0.05716600000000001,2187.0541736317364,310,Wood,2026-02-08T06:29:20.622821
307.1,0.0,25.0,1276.3,6.44,2133.12,1.0,96152.7,19.7,157.0,0.06,0.05,0.59,0.02008279952580593,310.7992475285431,6.948964595713936,44.755176477596144,0.045825756949542766,0.05716600000000001,2187.0541736317364,310,Wood,2026-02-08T06:29:20.622821
307.1,0.0,25.0,1246.73,6.29,2088.68,1.0,94158.6,19.7,157.0,0.06,0.06,0.64,0.02008279952580593,310.7992475285431,6.948964595713936,44.755176477596144,0.045825756949542766,0.05716600000000001,2187.0541736317364,310,Wood,2026-02-08T06:29:20.622821
307.1,0.0,25.0,1246.73,6.29,2088.68,1.0,94158.6,19.7,157.0,0.06,0.06,0.64,0.02008279952580593,310.7992475285431,6.948964595713936,44.755176477596144,0.045825756949542766,0.05716600000000001,2187.0541736317364,310,Wood,2026-02-08T06:29:20.622821
307.1,0.0,25.0,1246.73,6.29,2088.68,1.0,94158.6,19.7,157.0,0.06,0.06,0.64,0.02008279952580593,310.7992475285431,6.948964595713936,44.755176477596144,0.045825756949542766,0.05716600000000001,2187.0541736317364,310,Wood,2026-02-08T06:29:20.622821
307.1,0.0,25.0,1246.73,6.29,2088.68,1.0,94158.6,19.7,157.0,0.06,0.06,0.64,0.02008279952580593,310.7992475285431,6.948964595713936,44.755176477596144,0.045825756949542766,0.05716600000000001,2187.0541736317364,310,Wood,2026-02-08T06:29:20.622821
307.1,0.0,25.0,1246.73,6.29,2088.68,1.0,94158.6,19.7,157.0,0.06,0.06,0.64,0.02008279952580593,310.7992475285431,6.948964595713936,44.755176477596144,0.045825756949542766,0.05716600000000001,2187.0541736317364,310,Wood,2026-02-08T06:29:20.622821
307.2,0.22,25.0,1162.56,5.86,2088.68,1.0,94116.7,19.7,157.0,0.06,0.06,0.65,0.02008279952580593,310.7992475285431,6.948964595713936,44.755176477596144,0.045825756949542766,0.05716600000000001,2187.0541736317364,310,Wood,2026-02-08T06:29:20.622821
307.2,0.22,25.0,1162.56,5.86,2088.68,1.0,94116.7,19.7,157.0,0.06,0.06,0.65,0.02008279952580593,310.7992475285431,6.948964595713936,44.755176477596144,0.045825756949542766,0.05716600000000001,2187.0541736317364,310,Wood,2026-02-08T06:29:20.622821
307.2,0.22,25.0,1162.56,5.86,2088.68,1.0,94116.7,19.7,157.0,0.06,0.06,0.65,0.02008279952580593,310.7992475285431,6.948964595713936,44.755176477596144,0.045825756949542766,0.05716600000000001,2187.0541736317364,310,Wood,2026-02-08T06:29:20.622821
307.2,0.22,25.0,1162.56,5.86,2088.68,1.0,94116.7,19.7,157.0,0.06,0.06,0.65,0.02008279952580593,310.7992475285431,6.948964595713936,44.755176477596144,0.045825756949542766,0.05716600000000001,2187.0541736317364,310,Wood,2026-02-08T06:29:20.622821
307.2,0.22,25.0,1162.56,5.86,2088.68,1.0,94116.7,19.7,157.0,0.06,0.06,0.65,0.02008279952580593,310.7992475285431,6.948964595713936,44.755176477596144,0.045825756949542766,0.05716600000000001,2187.0541736317364,310,Wood,2026-02-08T06:29:20.622821
307.2,0.22,25.0,1162.56,5.86,2088.68,1.0,94116.7,19.7,157.0,0.06,0.06,0.65,0.02008279952580593,310.7992475285431,6.948964595713936,44.755176477596144,0.045825756949542766,0.05716600000000001,2187.0541736317364,310,Wood,2026-02-08T06:29:20.622821
307.1,-0.22,25.0,1156.99,5.83,2477.53,1.0,103934.5,19.7,157.0,0.07,0.06,0.68,0.02008279952580593,310.7992475285431,6.948964595713936,44.755176477596144,0.045825756949542766,0.05716600000000001,2187.0541736317364,310,Wood,2026-02-08T06:29:20.622821
316.2,-0.22,25.0,1438.04,7.3,855.47,1.0,64016.5,19.8,156.0,0.05,0.04,0.48,0.023495495387412822,208.73397957477687,2.8476634107396124,73.34477847683294,0.10440306508909057,0.007794750000000042,1449.8448923505562,320,Wood,2026-02-08T06:29:33.253630
316.2,-0.22,25.0,1438.04,7.3,855.47,1.0,64016.5,19.8,156.0,0.05,0.04,0.48,0.023495495387412822,208.73397957477687,2.8476634107396124,73.34477847683294,0.10440306508909057,0.007794750000000042,1449.8448923505562,320,Wood,2026-02-08T06:29:33.253630
316.2,-0.22,25.0,1438.04,7.3,855.47,1.0,64016.5,19.8,156.0,0.05,0.04,0.48,0.023495495387412822,208.73397957477687,2.8476634107396124,73.34477847683294,0.10440306508909057,0.007794750000000042,1449.8448923505562,320,Wood,2026-02-08T06:29:33.253630
316.2,-0.22,25.0,1438.04,7.3,855.47,1.0,64016.5,19.8,156.0,0.05,0.04,0.48,0.023495495387412822,208.73397957477687,2.8476634107396124,73.34477847683294,0.10440306508909057,0.007794750000000042,1449.8448923505562,320,Wood,2026-02-08T06:29:33.253630
316.2,-0.22,25.0,1438.04,7.3,855.47,1.0,64016.5,19.8,156.0,0.05,0.04,0.48,0.023495495387412822,208.73397957477687,2.8476634107396124,73.34477847683294,0.10440306508909057,0.007794750000000042,1449.8448923505562,320,Wood,2026-02-08T06:29:33.253630
316.2,-0.22,25.0,1486.38,7.53,888.8,1.0,65495.8,19.8,156.0,0.04,0.03,0.38,0.023495495387412822,208.73397957477687,2.8476634107396124,73.34477847683294,0.10440306508909057,0.007794750000000042,1449.8448923505562,320,Wood,2026-02-08T06:29:33.253630
316.2,-0.22,25.0,1486.38,7.53,888.8,1.0,65495.8,19.8,156.0,0.04,0.03,0.38,0.023495495387412822,208.73397957477687,2.8476634107396124,73.34477847683294,0.10440306508909057,0.007794750000000042,1449.8448923505562,320,Wood,2026-02-08T06:29:33.253630
316.2,-0.22,25.0,1486.38,7.53,888.8,1.0,65495.8,19.8,156.0,0.04,0.03,0.38,0.023495495387412822,208.73397957477687,2.8476634107396124,73.34477847683294,0.10440306508909057,0.007794750000000042,1449.8448923505562,320,Wood,2026-02-08T06:29:33.253630
316.2,-0.22,25.0,1486.38,7.53,888.8,1.0,65495.8,19.8,156.0,0.04,0.03,0.38,0.023495495387412822,208.73397957477687,2.8476634107396124,73.34477847683294,0.10440306508909057,0.007794750000000042,1449.8448923505562,320,Wood,2026-02-08T06:29:33.253630
316.2,-0.22,25.0,1486.38,7.53,888.8,1.0,65495.8,19.8,156.0,0.04,0.03,0.38,0.023495495387412822,208.73397957477687,2.8476634107396124,73.34477847683294,0.10440306508909057,0.007794750000000042,1449.8448923505562,320,Wood,2026-02-08T06:29:33.253630
316.1,-0.22,25.0,1477.39,7.48,911.02,1.0,66650.2,19.8,156.0,0.05,0.04,0.48,0.023495495387412822,208.73397957477687,2.8476634107396124,73.34477847683294,0.10440306508909057,0.007794750000000042,1449.8448923505562,320,Wood,2026-02-08T06:29:33.253630
316.1,-0.22,25.0,1477.39,7.48,911.02,1.0,66650.2,19.8,156.0,0.05,0.04,0.48,0.023495495387412822,208.73397957477687,2.8476634107396124,73.34477847683294,0.10440306508909057,0.007794750000000042,1449.8448923505562,320,Wood,2026-02-08T06:29:33.253630
316.1,-0.22,25.0,1477.39,7.48,911.02,1.0,66650.2,19.8,156.0,0.05,0.04,0.48,0.023495495387412822,208.73397957477687,2.8476634107396124,73.34477847683294,0.10440306508909057,0.007794750000000042,1449.8448923505562,320,Wood,2026-02-08T06:29:33.253630
316.1,-0.22,25.0,1477.39,7.48,911.02,1.0,66650.2,19.8,156.0,0.05,0.04,0.48,0.023495495387412822,208.73397957477687,2.8476634107396124,73.34477847683294,0.10440306508909057,0.007794750000000042,1449.8448923505562,320,Wood,2026-02-08T06:29:33.253630
316.1,-0.22,25.0,1477.39,7.48,911.02,1.0,66650.2,19.8,156.0,0.05,0.04,0.48,0.023495495387412822,208.73397957477687,2.8476634107396124,73.34477847683294,0.10440306508909057,0.007794750000000042,1449.8448923505562,320,Wood,2026-02-08T06:29:33.253630
316.1,-0.22,25.0,1477.39,7.48,911.02,1.0,66650.2,19.8,156.0,0.05,0.04,0.48,0.023495495387412822,208.73397957477687,2.8476634107396124,73.34477847683294,0.10440306508909057,0.007794750000000042,1449.8448923505562,320,Wood,2026-02-08T06:29:33.253630
316.4,1.31,25.0,1460.11,7.39,955.46,1.0,68154.2,19.8,156.0,0.07,0.05,0.71,0.023495495387412822,208.73397957477687,2.8476634107396124,73.34477847683294,0.10440306508909057,0.007794750000000042,1449.8448923505562,320,Wood,2026-02-08T06:29:33.253630
316.4,1.31,25.0,1460.11,7.39,955.46,1.0,68154.2,19.8,156.0,0.07,0.05,0.71,0.023495495387412822,208.73397957477687,2.8476634107396124,73.34477847683294,0.10440306508909057,0.007794750000000042,1449.8448923505562,320,Wood,2026-02-08T06:29:33.253630
316.4,1.31,25.0,1460.11,7.39,955.46,1.0,68154.2,19.8,156.0,0.07,0.05,0.71,0.023495495387412822,208.73397957477687,2.8476634107396124,73.34477847683294,0.10440306508909057,0.007794750000000042,1449.8448923505562,320,Wood,2026-02-08T06:29:33.253630
316.4,1.31,25.0,1460.11,7.39,955.46,1.0,68154.2,19.8,156.0,0.07,0.05,0.71,0.023495495387412822,208.73397957477687,2.8476634107396124,73.34477847683294,0.10440306508909057,0.007794750000000042,1449.8448923505562,320,Wood,2026-02-08T06:29:33.253630
328.2,0.22,25.0,1368.79,6.88,1422.08,1.0,83252.7,19.8,156.0,0.4,0.35,4.04,0.021291535558883648,250.36622520352253,4.241517182628138,59.044357268561726,0.16155494421402752,0.05397500000000004,1013.7841921607402,330,Wood,2026-02-08T06:29:45.778786
328.2,0.22,25.0,1368.79,6.88,1422.08,1.0,83252.7,19.8,156.0,0.4,0.35,4.04,0.021291535558883648,250.36622520352253,4.241517182628138,59.044357268561726,0.16155494421402752,0.05397500000000004,1013.7841921607402,330,Wood,2026-02-08T06:29:45.778786
328.2,0.22,25.0,1368.79,6.88,1422.08,1.0,83252.7,19.8,156.0,0.4,0.35,4.04,0.021291535558883648,250.36622520352253,4.241517182628138,59.044357268561726,0.16155494421402752,0.05397500000000004,1013.7841921607402,330,Wood,2026-02-08T06:29:45.778786
328.2,0.22,25.0,1368.79,6.88,1422.08,1.0,83252.7,19.8,156.0,0.4,0.35,4.04,0.021291535558883648,250.36622520352253,4.241517182628138,59.044357268561726,0.16155494421402752,0.05397500000000004,1013.7841921607402,330,Wood,2026-02-08T06:29:45.778786
328.2,0.22,25.0,1343.52,6.75,1433.19,1.0,83263.3,19.8,156.0,0.39,0.31,3.88,0.021291535558883648,250.36622520352253,4.241517182628138,59.044357268561726,0.16155494421402752,0.05397500000000004,1013.7841921607402,330,Wood,2026-02-08T06:29:45.778786
328.2,0.22,25.0,1343.52,6.75,1433.19,1.0,83263.3,19.8,156.0,0.39,0.31,3.88,0.021291535558883648,250.36622520352253,4.241517182628138,59.044357268561726,0.16155494421402752,0.05397500000000004,1013.7841921607402,330,Wood,2026-02-08T06:29:45.778786
328.2,0.22,25.0,1343.52,6.75,1433.19,1.0,83263.3,19.8,156.0,0.39,0.31,3.88,0.021291535558883648,250.36622520352253,4.241517182628138,59.044357268561726,0.16155494421402752,0.05397500000000004,1013.7841921607402,330,Wood,2026-02-08T06:29:45.778786
328.2,0.22,25.0,1343.52,6.75,1433.19,1.0,83263.3,19.8,156.0,0.39,0.31,3.88,0.021291535558883648,250.36622520352253,4.241517182628138,59.044357268561726,0.16155494421402752,0.05397500000000004,1013.7841921607402,330,Wood,2026-02-08T06:29:45.778786
328.2,0.22,25.0,1343.52,6.75,1433.19,1.0,83263.3,19.8,156.0,0.39,0.31,3.88,0.021291535558883648,250.36622520352253,4.241517182628138,59.044357268561726,0.16155494421402752,0.05397500000000004,1013.7841921607402,330,Wood,2026-02-08T06:29:45.778786
328.1,-0.66,25.0,1381.16,6.93,1366.53,1.0,81199.4,19.8,156.0,0.36,0.27,3.56,0.021291535558883648,250.36622520352253,4.241517182628138,59.044357268561726,0.16155494421402752,0.05397500000000004,1013.7841921607402,330,Wood,2026-02-08T06:29:45.778786
328.1,-0.66,25.0,1381.16,6.93,1366.53,1.0,81199.4,19.8,156.0,0.36,0.27,3.56,0.021291535558883648,250.36622520352253,4.241517182628138,59.044357268561726,0.16155494421402752,0.05397500000000004,1013.7841921607402,330,Wood,2026-02-08T06:29:45.778786
328.1,-0.66,25.0,1381.16,6.93,1366.53,1.0,81199.4,19.8,156.0,0.36,0.27,3.56,0.021291535558883648,250.36622520352253,4.241517182628138,59.044357268561726,0.16155494421402752,0.05397500000000004,1013.7841921607402,330,Wood,2026-02-08T06:29:45.778786
328.1,-0.66,25.0,1381.16,6.93,1366.53,1.0,81199.4,19.8,156.0,0.36,0.27,3.56,0.021291535558883648,250.36622520352253,4.241517182628138,59.044357268561726,0.16155494421402752,0.05397500000000004,1013.7841921607402,330,Wood,2026-02-08T06:29:45.778786
328.1,-0.66,25.0,1381.16,6.93,1366.53,1.0,81199.4,19.8,156.0,0.36,0.27,3.56,0.021291535558883648,250.36622520352253,4.241517182628138,59.044357268561726,0.16155494421402752,0.05397500000000004,1013.7841921607402,330,Wood,2026-02-08T06:29:45.778786
328.1,-0.66,25.0,1381.16,6.93,1366.53,1.0,81199.4,19.8,156.0,0.36,0.27,3.56,0.021291535558883648,250.36622520352253,4.241517182628138,59.044357268561726,0.16155494421402752,0.05397500000000004,1013.7841921607402,330,Wood,2026-02-08T06:29:45.778786
327.8,-1.09,25.0,1469.9,7.37,1355.42,1.0,81247.2,19.8,156.0,0.27,0.22,2.72,0.021291535558883648,250.36622520352253,4.241517182628138,59.044357268561726,0.16155494421402752,0.05397500000000004,1013.7841921607402,330,Wood,2026-02-08T06:29:45.778786
327.8,-1.09,25.0,1469.9,7.37,1355.42,1.0,81247.2,19.8,156.0,0.27,0.22,2.72,0.021291535558883648,250.36622520352253,4.241517182628138,59.044357268561726,0.16155494421402752,0.05397500000000004,1013.7841921607402,330,Wood,2026-02-08T06:29:45.778786
327.8,-1.09,25.0,1469.9,7.37,1355.42,1.0,81247.2,19.8,156.0,0.27,0.22,2.72,0.021291535558883648,250.36622520352253,4.241517182628138,59.044357268561726,0.16155494421402752,0.05397500000000004,1013.7841921607402,330,Wood,2026-02-08T06:29:45.778786
327.8,-1.09,25.0,1469.9,7.37,1355.42,1.0,81247.2,19.8,156.0,0.27,0.22,2.72,0.021291535558883648,250.36622520352253,4.241517182628138,59.044357268561726,0.16155494421402752,0.05397500000000004,1013.7841921607402,330,Wood,2026-02-08T06:29:45.778786
327.8,-1.09,25.0,1469.9,7.37,1355.42,1.0,81247.2,19.8,156.0,0.27,0.22,2.72,0.021291535558883648,250.36622520352253,4.241517182628138,59.044357268561726,0.16155494421402752,0.05397500000000004,1013.7841921607402,330,Wood,2026-02-08T06:29:45.778786
338.0,0.22,25.0,1368.38,6.94,1155.44,1.0,72035.7,19.8,156.0,0.19,0.17,1.91,0.020381445188507208,208.26403369493823,3.3017702404828264,63.136993914148334,0.1479019945774784,0.0028687500000000353,1758.8399534565372,340,Wood,2026-02-08T06:29:56.938033
338.0,0.22,25.0,1368.38,6.94,1155.44,1.0,72035.7,19.8,156.0,0.19,0.17,1.91,0.020381445188507208,208.26403369493823,3.3017702404828264,63.136993914148334,0.1479019945774784,0.0028687500000000353,1758.8399534565372,340,Wood,2026-02-08T06:29:56.938033
338.0,0.22,25.0,1368.38,6.94,1155.44,1.0,72035.7,19.8,156.0,0.19,0.17,1.91,0.020381445188507208,208.26403369493823,3.3017702404828264,63.136993914148334,0.1479019945774784,0.0028687500000000353,1758.8399534565372,340,Wood,2026-02-08T06:29:56.938033
338.0,0.22,25.0,1368.38,6.94,1155.44,1.0,72035.7,19.8,156.0,0.19,0.17,1.91,0.020381445188507208,208.26403369493823,3.3017702404828264,63.136993914148334,0.1479019945774784,0.0028687500000000353,1758.8399534565372,340,Wood,2026-02-08T06:29:56.938033
338.0,0.22,25.0,1368.38,6.94,1155.44,1.0,72035.7,19.8,156.0,0.19,0.17,1.91,0.020381445188507208,208.26403369493823,3.3017702404828264,63.136993914148334,0.1479019945774784,0.0028687500000000353,1758.8399534565372,340,Wood,2026-02-08T06:29:56.938033
338.1,0.44,25.0,1343.33,6.81,1155.44,1.0,71908.6,19.8,156.0,0.2,0.18,1.98,0.020381445188507208,208.26403369493823,3.3017702404828264,63.136993914148334,0.1479019945774784,0.0028687500000000353,1758.8399534565372,340,Wood,2026-02-08T06:29:56.938033
338.1,0.44,25.0,1343.33,6.81,1155.44,1.0,71908.6,19.8,156.0,0.2,0.18,1.98,0.020381445188507208,208.26403369493823,3.3017702404828264,63.136993914148334,0.1479019945774784,0.0028687500000000353,1758.8399534565372,340,Wood,2026-02-08T06:29:56.938033
338.1,0.44,25.0,1343.33,6.81,1155.44,1.0,71908.6,19.8,156.0,0.2,0.18,1.98,0.020381445188507208,208.26403369493823,3.3017702404828264,63.136993914148334,0.1479019945774784,0.0028687500000000353,1758.8399534565372,340,Wood,2026-02-08T06:29:56.938033
338.1,0.44,25.0,1343.33,6.81,1155.44,1.0,71908.6,19.8,156.0,0.2,0.18,1.98,0.020381445188507208,208.26403369493823,3.3017702404828264,63.136993914148334,0.1479019945774784,0.0028687500000000353,1758.8399534565372,340,Wood,2026-02-08T06:29:56.938033
338.1,0.44,25.0,1343.33,6.81,1155.44,1.0,71908.6,19.8,156.0,0.2,0.18,1.98,0.020381445188507208,208.26403369493823,3.3017702404828264,63.136993914148334,0.1479019945774784,0.0028687500000000353,1758.8399534565372,340,Wood,2026-02-08T06:29:56.938033
338.2,0.44,25.0,1356.92,6.88,1122.11,1.0,70077.3,19.8,156.0,0.19,0.17,1.91,0.020381445188507208,208.26403369493823,3.3017702404828264,63.136993914148334,0.1479019945774784,0.0028687500000000353,1758.8399534565372,340,Wood,2026-02-08T06:29:56.938033
338.2,0.44,25.0,1356.92,6.88,1122.11,1.0,70077.3,19.8,156.0,0.19,0.17,1.91,0.020381445188507208,208.26403369493823,3.3017702404828264,63.136993914148334,0.1479019945774784,0.0028687500000000353,1758.8399534565372,340,Wood,2026-02-08T06:29:56.938033
338.2,0.44,25.0,1356.92,6.88,1122.11,1.0,70077.3,19.8,156.0,0.19,0.17,1.91,0.020381445188507208,208.26403369493823,3.3017702404828264,63.136993914148334,0.1479019945774784,0.0028687500000000353,1758.8399534565372,340,Wood,2026-02-08T06:29:56.938033
338.2,0.44,25.0,1356.92,6.88,1122.11,1.0,70077.3,19.8,156.0,0.19,0.17,1.91,0.020381445188507208,208.26403369493823,3.3017702404828264,63.136993914148334,0.1479019945774784,0.0028687500000000353,1758.8399534565372,340,Wood,2026-02-08T06:29:56.938033
338.2,0.44,25.0,1356.92,6.88,1122.11,1.0,70077.3,19.8,156.0,0.19,0.17,1.91,0.020381445188507208,208.26403369493823,3.3017702404828264,63.136993914148334,0.1479019945774784,0.0028687500000000353,1758.8399534565372,340,Wood,2026-02-08T06:29:56.938033
338.4,0.87,25.0,1366.54,6.94,1033.23,1.0,67694.1,19.8,156.0,0.19,0.16,1.87,0.020381445188507208,208.26403369493823,3.3017702404828264,63.136993914148334,0.1479019945774784,0.0028687500000000353,1758.8399534565372,340,Wood,2026-02-08T06:29:56.938033
338.4,0.87,25.0,1366.54,6.94,1033.23,1.0,67694.1,19.8,156.0,0.19,0.16,1.87,0.020381445188507208,208.26403369493823,3.3017702404828264,63.136993914148334,0.1479019945774784,0.0028687500000000353,1758.8399534565372,340,Wood,2026-02-08T06:29:56.938033
338.4,0.87,25.0,1366.54,6.94,1033.23,1.0,67694.1,19.8,156.0,0.19,0.16,1.87,0.020381445188507208,208.26403369493823,3.3017702404828264,63.136993914148334,0.1479019945774784,0.0028687500000000353,1758.8399534565372,340,Wood,2026-02-08T06:29:56.938033
338.4,0.87,25.0,1366.54,6.94,1033.23,1.0,67694.1,19.8,156.0,0.19,0.16,1.87,0.020381445188507208,208.26403369493823,3.3017702404828264,63.136993914148334,0.1479019945774784,0.0028687500000000353,1758.8399534565372,340,Wood,2026-02-08T06:29:56.938033
338.4,0.87,25.0,1366.54,6.94,1033.23,1.0,67694.1,19.8,156.0,0.19,0.16,1.87,0.020381445188507208,208.26403369493823,3.3017702404828264,63.136993914148334,0.1479019945774784,0.0028687500000000353,1758.8399534565372,340,Wood,2026-02-08T06:29:56.938033
346.3,0.43,25.0,966.97,4.85,9487.94,1.0,334311.3,19.4,159.0,0.16,0.11,1.55,0.014318342849353998,898.155571099211,25.93396965758002,34.675754744402965,0.057227615711304296,0.005958749999999986,46089.42661595471,350,Wood,2026-02-08T06:30:08.496013
346.3,0.43,25.0,966.97,4.85,9487.94,1.0,334311.3,19.4,159.0,0.16,0.11,1.55,0.014318342849353998,898.155571099211,25.93396965758002,34.675754744402965,0.057227615711304296,0.005958749999999986,46089.42661595471,350,Wood,2026-02-08T06:30:08.496013
346.3,0.43,25.0,966.97,4.85,9487.94,1.0,334311.3,19.4,159.0,0.16,0.11,1.55,0.014318342849353998,898.155571099211,25.93396965758002,34.675754744402965,0.057227615711304296,0.005958749999999986,46089.42661595471,350,Wood,2026-02-08T06:30:08.496013
346.3,0.0,25.0,978.0,4.91,6843.76,1.0,237524.6,19.5,158.0,0.13,0.1,1.28,0.014318342849353998,898.155571099211,25.93396965758002,34.675754744402965,0.057227615711304296,0.005958749999999986,46089.42661595471,350,Wood,2026-02-08T06:30:08.496013
346.3,0.0,25.0,978.0,4.91,6843.76,1.0,237524.6,19.5,158.0,0.13,0.1,1.28,0.014318342849353998,898.155571099211,25.93396965758002,34.675754744402965,0.057227615711304296,0.005958749999999986,46089.42661595471,350,Wood,2026-02-08T06:30:08.496013
346.3,0.0,25.0,978.0,4.91,6843.76,1.0,237524.6,19.5,158.0,0.13,0.1,1.28,0.014318342849353998,898.155571099211,25.93396965758002,34.675754744402965,0.057227615711304296,0.005958749999999986,46089.42661595471,350,Wood,2026-02-08T06:30:08.496013
346.3,0.0,25.0,978.0,4.91,6843.76,1.0,237524.6,19.5,158.0,0.13,0.1,1.28,0.014318342849353998,898.155571099211,25.93396965758002,34.675754744402965,0.057227615711304296,0.005958749999999986,46089.42661595471,350,Wood,2026-02-08T06:30:08.496013
346.3,0.0,25.0,978.0,4.91,6843.76,1.0,237524.6,19.5,158.0,0.13,0.1,1.28,0.014318342849353998,898.155571099211,25.93396965758002,34.675754744402965,0.057227615711304296,0.005958749999999986,46089.42661595471,350,Wood,2026-02-08T06:30:08.496013
346.2,-0.43,25.0,1001.53,5.02,10543.39,1.0,356976.8,19.3,160.0,0.12,0.09,1.17,0.014318342849353998,898.155571099211,25.93396965758002,34.675754744402965,0.057227615711304296,0.005958749999999986,46089.42661595471,350,Wood,2026-02-08T06:30:08.496013
346.2,-0.43,25.0,1001.53,5.02,10543.39,1.0,356976.8,19.3,160.0,0.12,0.09,1.17,0.014318342849353998,898.155571099211,25.93396965758002,34.675754744402965,0.057227615711304296,0.005958749999999986,46089.42661595471,350,Wood,2026-02-08T06:30:08.496013
346.2,-0.43,25.0,1001.53,5.02,10543.39,1.0,356976.8,19.3,160.0,0.12,0.09,1.17,0.014318342849353998,898.155571099211,25.93396965758002,34.675754744402965,0.057227615711304296,0.005958749999999986,46089.42661595471,350,Wood,2026-02-08T06:30:08.496013
346.2,-0.43,25.0,1001.53,5.02,10543.39,1.0,356976.8,19.3,160.0,0.12,0.09,1.17,0.014318342849353998,898.155571099211,25.93396965758002,34.675754744402965,0.057227615711304296,0.005958749999999986,46089.42661595471,350,Wood,2026-02-08T06:30:08.496013
346.2,-0.43,25.0,1001.53,5.02,10543.39,1.0,356976.8,19.3,160.0,0.12,0.09,1.17,0.014318342849353998,898.155571099211,25.93396965758002,34.675754744402965,0.057227615711304296,0.005958749999999986,46089.42661595471,350,Wood,2026-02-08T06:30:08.496013
346.2,-0.43,25.0,1001.53,5.02,10543.39,1.0,356976.8,19.3,160.0,0.12,0.09,1.17,0.014318342849353998,898.155571099211,25.93396965758002,34.675754744402965,0.057227615711304296,0.005958749999999986,46089.42661595471,350,Wood,2026-02-08T06:30:08.496013
346.2,0.0,25.0,987.95,4.95,8743.57,1.0,308421.7,19.4,159.0,0.11,0.09,1.14,0.014318342849353998,898.155571099211,25.93396965758002,34.675754744402965,0.057227615711304296,0.005958749999999986,46089.42661595471,350,Wood,2026-02-08T06:30:08.496013
346.2,0.0,25.0,987.95,4.95,8743.57,1.0,308421.7,19.4,159.0,0.11,0.09,1.14,0.014318342849353998,898.155571099211,25.93396965758002,34.675754744402965,0.057227615711304296,0.005958749999999986,46089.42661595471,350,Wood,2026-02-08T06:30:08.496013
346.2,0.0,25.0,987.95,4.95,8743.57,1.0,308421.7,19.4,159.0,0.11,0.09,1.14,0.014318342849353998,898.155571099211,25.93396965758002,34.675754744402965,0.057227615711304296,0.005958749999999986,46089.42661595471,350,Wood,2026-02-08T06:30:08.496013
346.2,0.0,25.0,987.95,4.95,8743.57,1.0,308421.7,19.4,159.0,0.11,0.09,1.14,0.014318342849353998,898.155571099211,25.93396965758002,34.675754744402965,0.057227615711304296,0.005958749999999986,46089.42661595471,350,Wood,2026-02-08T06:30:08.496013
346.2,0.0,25.0,987.95,4.95,8743.57,1.0,308421.7,19.4,159.0,0.11,0.09,1.14,0.014318342849353998,898.155571099211,25.93396965758002,34.675754744402965,0.057227615711304296,0.005958749999999986,46089.42661595471,350,Wood,2026-02-08T06:30:08.496013
346.1,-0.43,25.0,1034.35,5.18,9921.23,1.0,344835.9,19.3,160.0,0.08,0.06,0.83,0.014318342849353998,898.155571099211,25.93396965758002,34.675754744402965,0.057227615711304296,0.005958749999999986,46089.42661595471,350,Wood,2026-02-08T06:30:08.496013
356.5,-0.65,25.0,1003.97,5.07,4666.2,1.0,160133.0,19.5,158.0,0.23,0.18,2.33,0.014028114434202255,444.400554328003,13.0110223656194,34.220511371007966,0.12990381056766798,0.03272274999999993,7975.196862552984,360,Wood,2026-02-08T06:30:22.796673
356.5,-0.65,25.0,1003.97,5.07,4666.2,1.0,160133.0,19.5,158.0,0.23,0.18,2.33,0.014028114434202255,444.400554328003,13.0110223656194,34.220511371007966,0.12990381056766798,0.03272274999999993,7975.196862552984,360,Wood,2026-02-08T06:30:22.796673
356.5,-0.65,25.0,1003.97,5.07,4666.2,1.0,160133.0,19.5,158.0,0.23,0.18,2.33,0.014028114434202255,444.400554328003,13.0110223656194,34.220511371007966,0.12990381056766798,0.03272274999999993,7975.196862552984,360,Wood,2026-02-08T06:30:22.796673
356.5,-0.65,25.0,1003.97,5.07,4666.2,1.0,160133.0,19.5,158.0,0.23,0.18,2.33,0.014028114434202255,444.400554328003,13.0110223656194,34.220511371007966,0.12990381056766798,0.03272274999999993,7975.196862552984,360,Wood,2026-02-08T06:30:22.796673
356.5,-0.65,25.0,1003.97,5.07,4666.2,1.0,160133.0,19.5,158.0,0.23,0.18,2.33,0.014028114434202255,444.400554328003,13.0110223656194,34.220511371007966,0.12990381056766798,0.03272274999999993,7975.196862552984,360,Wood,2026-02-08T06:30:22.796673
356.6,0.22,25.0,938.2,4.74,5021.72,1.0,167061.5,19.5,158.0,0.18,0.1,1.84,0.014028114434202255,444.400554328003,13.0110223656194,34.220511371007966,0.12990381056766798,0.03272274999999993,7975.196862552984,360,Wood,2026-02-08T06:30:22.796673
356.6,0.22,25.0,938.2,4.74,5021.72,1.0,167061.5,19.5,158.0,0.18,0.1,1.84,0.014028114434202255,444.400554328003,13.0110223656194,34.220511371007966,0.12990381056766798,0.03272274999999993,7975.196862552984,360,Wood,2026-02-08T06:30:22.796673
356.6,0.22,25.0,938.2,4.74,5021.72,1.0,167061.5,19.5,158.0,0.18,0.1,1.84,0.014028114434202255,444.400554328003,13.0110223656194,34.220511371007966,0.12990381056766798,0.03272274999999993,7975.196862552984,360,Wood,2026-02-08T06:30:22.796673
356.6,0.22,25.0,938.2,4.74,5021.72,1.0,167061.5,19.5,158.0,0.18,0.1,1.84,0.014028114434202255,444.400554328003,13.0110223656194,34.220511371007966,0.12990381056766798,0.03272274999999993,7975.196862552984,360,Wood,2026-02-08T06:30:22.796673
356.6,0.22,25.0,938.2,4.74,5021.72,1.0,167061.5,19.5,158.0,0.18,0.1,1.84,0.014028114434202255,444.400554328003,13.0110223656194,34.220511371007966,0.12990381056766798,0.03272274999999993,7975.196862552984,360,Wood,2026-02-08T06:30:22.796673
356.8,0.87,25.0,986.66,4.99,4721.75,1.0,159911.2,19.5,158.0,0.07,0.05,0.69,0.014028114434202255,444.400554328003,13.0110223656194,34.220511371007966,0.12990381056766798,0.03272274999999993,7975.196862552984,360,Wood,2026-02-08T06:30:22.796673
356.8,0.87,25.0,986.66,4.99,4721.75,1.0,159911.2,19.5,158.0,0.07,0.05,0.69,0.014028114434202255,444.400554328003,13.0110223656194,34.220511371007966,0.12990381056766798,0.03272274999999993,7975.196862552984,360,Wood,2026-02-08T06:30:22.796673
356.8,0.87,25.0,986.66,4.99,4721.75,1.0,159911.2,19.5,158.0,0.07,0.05,0.69,0.014028114434202255,444.400554328003,13.0110223656194,34.220511371007966,0.12990381056766798,0.03272274999999993,7975.196862552984,360,Wood,2026-02-08T06:30:22.796673
356.8,0.87,25.0,986.66,4.99,4721.75,1.0,159911.2,19.5,158.0,0.07,0.05,0.69,0.014028114434202255,444.400554328003,13.0110223656194,34.220511371007966,0.12990381056766798,0.03272274999999993,7975.196862552984,360,Wood,2026-02-08T06:30:22.796673
356.8,0.87,25.0,986.66,4.99,4721.75,1.0,159911.2,19.5,158.0,0.07,0.05,0.69,0.014028114434202255,444.400554328003,13.0110223656194,34.220511371007966,0.12990381056766798,0.03272274999999993,7975.196862552984,360,Wood,2026-02-08T06:30:22.796673
356.8,0.87,25.0,986.66,4.99,4721.75,1.0,159911.2,19.5,158.0,0.07,0.05,0.69,0.014028114434202255,444.400554328003,13.0110223656194,34.220511371007966,0.12990381056766798,0.03272274999999993,7975.196862552984,360,Wood,2026-02-08T06:30:22.796673
356.8,0.0,25.0,1040.64,5.27,4010.71,1.0,143665.1,19.7,157.0,0.07,0.06,0.74,0.014028114434202255,444.400554328003,13.0110223656194,34.220511371007966,0.12990381056766798,0.03272274999999993,7975.196862552984,360,Wood,2026-02-08T06:30:22.796673
356.8,0.0,25.0,1040.64,5.27,4010.71,1.0,143665.1,19.7,157.0,0.07,0.06,0.74,0.014028114434202255,444.400554328003,13.0110223656194,34.220511371007966,0.12990381056766798,0.03272274999999993,7975.196862552984,360,Wood,2026-02-08T06:30:22.796673
356.8,0.0,25.0,1040.64,5.27,4010.71,1.0,143665.1,19.7,157.0,0.07,0.06,0.74,0.014028114434202255,444.400554328003,13.0110223656194,34.220511371007966,0.12990381056766798,0.03272274999999993,7975.196862552984,360,Wood,2026-02-08T06:30:22.796673
356.8,0.0,25.0,1040.64,5.27,4010.71,1.0,143665.1,19.7,157.0,0.07,0.06,0.74,0.014028114434202255,444.400554328003,13.0110223656194,34.220511371007966,0.12990381056766798,0.03272274999999993,7975.196862552984,360,Wood,2026-02-08T06:30:22.796673
367.3,-0.22,25.0,763.93,3.84,9387.95,1.0,315315.1,19.4,159.0,0.09,0.07,0.92,0.010679087731501688,866.5116733388147,26.619994791278703,32.60610030074862,0.17853571071357202,0.003150000000000016,13527.45843100247,370,Wood,2026-02-08T06:30:36.787610
367.3,-0.22,25.0,763.93,3.84,9387.95,1.0,315315.1,19.4,159.0,0.09,0.07,0.92,0.010679087731501688,866.5116733388147,26.619994791278703,32.60610030074862,0.17853571071357202,0.003150000000000016,13527.45843100247,370,Wood,2026-02-08T06:30:36.787610
367.3,-0.22,25.0,763.93,3.84,9387.95,1.0,315315.1,19.4,159.0,0.09,0.07,0.92,0.010679087731501688,866.5116733388147,26.619994791278703,32.60610030074862,0.17853571071357202,0.003150000000000016,13527.45843100247,370,Wood,2026-02-08T06:30:36.787610
367.3,-0.22,25.0,763.93,3.84,9387.95,1.0,315315.1,19.4,159.0,0.09,0.07,0.92,0.010679087731501688,866.5116733388147,26.619994791278703,32.60610030074862,0.17853571071357202,0.003150000000000016,13527.45843100247,370,Wood,2026-02-08T06:30:36.787610
367.3,-0.22,25.0,763.93,3.84,9387.95,1.0,315315.1,19.4,159.0,0.09,0.07,0.92,0.010679087731501688,866.5116733388147,26.619994791278703,32.60610030074862,0.17853571071357202,0.003150000000000016,13527.45843100247,370,Wood,2026-02-08T06:30:36.787610
367.1,-0.86,25.0,785.65,3.95,9387.95,1.0,308339.8,19.4,159.0,0.09,0.08,0.93,0.010679087731501688,866.5116733388147,26.619994791278703,32.60610030074862,0.17853571071357202,0.003150000000000016,13527.45843100247,370,Wood,2026-02-08T06:30:36.787610
367.1,-0.86,25.0,785.65,3.95,9387.95,1.0,308339.8,19.4,159.0,0.09,0.08,0.93,0.010679087731501688,866.5116733388147,26.619994791278703,32.60610030074862,0.17853571071357202,0.003150000000000016,13527.45843100247,370,Wood,2026-02-08T06:30:36.787610
367.1,-0.86,25.0,785.65,3.95,9387.95,1.0,308339.8,19.4,159.0,0.09,0.08,0.93,0.010679087731501688,866.5116733388147,26.619994791278703,32.60610030074862,0.17853571071357202,0.003150000000000016,13527.45843100247,370,Wood,2026-02-08T06:30:36.787610
367.1,-0.86,25.0,785.65,3.95,9387.95,1.0,308339.8,19.4,159.0,0.09,0.08,0.93,0.010679087731501688,866.5116733388147,26.619994791278703,32.60610030074862,0.17853571071357202,0.003150000000000016,13527.45843100247,370,Wood,2026-02-08T06:30:36.787610
367.1,-0.86,25.0,785.65,3.95,9387.95,1.0,308339.8,19.4,159.0,0.09,0.08,0.93,0.010679087731501688,866.5116733388147,26.619994791278703,32.60610030074862,0.17853571071357202,0.003150000000000016,13527.45843100247,370,Wood,2026-02-08T06:30:36.787610
367.1,-0.22,25.0,776.23,3.9,9387.95,1.0,307701.9,19.4,159.0,0.09,0.09,0.95,0.010679087731501688,866.5116733388147,26.619994791278703,32.60610030074862,0.17853571071357202,0.003150000000000016,13527.45843100247,370,Wood,2026-02-08T06:30:36.787610
367.1,-0.22,25.0,776.23,3.9,9387.95,1.0,307701.9,19.4,159.0,0.09,0.09,0.95,0.010679087731501688,866.5116733388147,26.619994791278703,32.60610030074862,0.17853571071357202,0.003150000000000016,13527.45843100247,370,Wood,2026-02-08T06:30:36.787610
367.1,-0.22,25.0,776.23,3.9,9387.95,1.0,307701.9,19.4,159.0,0.09,0.09,0.95,0.010679087731501688,866.5116733388147,26.619994791278703,32.60610030074862,0.17853571071357202,0.003150000000000016,13527.45843100247,370,Wood,2026-02-08T06:30:36.787610
367.1,-0.22,25.0,776.23,3.9,9387.95,1.0,307701.9,19.4,159.0,0.09,0.09,0.95,0.010679087731501688,866.5116733388147,26.619994791278703,32.60610030074862,0.17853571071357202,0.003150000000000016,13527.45843100247,370,Wood,2026-02-08T06:30:36.787610
367.1,-0.22,25.0,776.23,3.9,9387.95,1.0,307701.9,19.4,159.0,0.09,0.09,0.95,0.010679087731501688,866.5116733388147,26.619994791278703,32.60610030074862,0.17853571071357202,0.003150000000000016,13527.45843100247,370,Wood,2026-02-08T06:30:36.787610
366.8,-1.29,25.0,793.37,3.99,10921.13,1.0,340921.8,19.3,160.0,0.15,0.12,1.55,0.010679087731501688,866.5116733388147,26.619994791278703,32.60610030074862,0.17853571071357202,0.003150000000000016,13527.45843100247,370,Wood,2026-02-08T06:30:36.787610
366.8,-1.29,25.0,793.37,3.99,10921.13,1.0,340921.8,19.3,160.0,0.15,0.12,1.55,0.010679087731501688,866.5116733388147,26.619994791278703,32.60610030074862,0.17853571071357202,0.003150000000000016,13527.45843100247,370,Wood,2026-02-08T06:30:36.787610
366.8,-1.29,25.0,793.37,3.99,10921.13,1.0,340921.8,19.3,160.0,0.15,0.12,1.55,0.010679087731501688,866.5116733388147,26.619994791278703,32.60610030074862,0.17853571071357202,0.003150000000000016,13527.45843100247,370,Wood,2026-02-08T06:30:36.787610
366.8,-1.29,25.0,793.37,3.99,10921.13,1.0,340921.8,19.3,160.0,0.15,0.12,1.55,0.010679087731501688,866.5116733388147,26.619994791278703,32.60610030074862,0.17853571071357202,0.003150000000000016,13527.45843100247,370,Wood,2026-02-08T06:30:36.787610
366.8,-1.29,25.0,793.37,3.99,10921.13,1.0,340921.8,19.3,160.0,0.15,0.12,1.55,0.010679087731501688,866.5116733388147,26.619994791278703,32.60610030074862,0.17853571071357202,0.003150000000000016,13527.45843100247,370,Wood,2026-02-08T06:30:36.787610
377.3,0.0,25.0,1061.15,5.42,6710.44,1.0,254863.8,19.5,158.0,0.55,0.48,5.53,0.01464809929287714,675.7073033116924,17.68158711265145,38.2174126660641,0.03570714214272237,0.010722750000000027,1769.4283555077816,380,Wood,2026-02-08T06:30:52.507814
377.3,0.0,25.0,1061.15,5.42,6710.44,1.0,254863.8,19.5,158.0,0.55,0.48,5.53,0.01464809929287714,675.7073033116924,17.68158711265145,38.2174126660641,0.03570714214272237,0.010722750000000027,1769.4283555077816,380,Wood,2026-02-08T06:30:52.507814
377.3,0.0,25.0,1061.15,5.42,6710.44,1.0,254863.8,19.5,158.0,0.55,0.48,5.53,0.01464809929287714,675.7073033116924,17.68158711265145,38.2174126660641,0.03570714214272237,0.010722750000000027,1769.4283555077816,380,Wood,2026-02-08T06:30:52.507814
377.3,0.0,25.0,1061.15,5.42,6710.44,1.0,254863.8,19.5,158.0,0.55,0.48,5.53,0.01464809929287714,675.7073033116924,17.68158711265145,38.2174126660641,0.03570714214272237,0.010722750000000027,1769.4283555077816,380,Wood,2026-02-08T06:30:52.507814
377.3,0.0,25.0,1061.15,5.42,6710.44,1.0,254863.8,19.5,158.0,0.55,0.48,5.53,0.01464809929287714,675.7073033116924,17.68158711265145,38.2174126660641,0.03570714214272237,0.010722750000000027,1769.4283555077816,380,Wood,2026-02-08T06:30:52.507814
377.3,0.0,25.0,1061.15,5.42,6710.44,1.0,254863.8,19.5,158.0,0.55,0.48,5.53,0.01464809929287714,675.7073033116924,17.68158711265145,38.2174126660641,0.03570714214272237,0.010722750000000027,1769.4283555077816,380,Wood,2026-02-08T06:30:52.507814
377.3,0.0,25.0,1073.9,5.48,6699.33,1.0,252692.2,19.5,158.0,0.42,0.35,4.15,0.01464809929287714,675.7073033116924,17.68158711265145,38.2174126660641,0.03570714214272237,0.010722750000000027,1769.4283555077816,380,Wood,2026-02-08T06:30:52.507814
377.3,0.0,25.0,1073.9,5.48,6699.33,1.0,252692.2,19.5,158.0,0.42,0.35,4.15,0.01464809929287714,675.7073033116924,17.68158711265145,38.2174126660641,0.03570714214272237,0.010722750000000027,1769.4283555077816,380,Wood,2026-02-08T06:30:52.507814
377.3,0.0,25.0,1073.9,5.48,6699.33,1.0,252692.2,19.5,158.0,0.42,0.35,4.15,0.01464809929287714,675.7073033116924,17.68158711265145,38.2174126660641,0.03570714214272237,0.010722750000000027,1769.4283555077816,380,Wood,2026-02-08T06:30:52.507814
377.3,0.0,25.0,1073.9,5.48,6699.33,1.0,252692.2,19.5,158.0,0.42,0.35,4.15,0.01464809929287714,675.7073033116924,17.68158711265145,38.2174126660641,0.03570714214272237,0.010722750000000027,1769.4283555077816,380,Wood,2026-02-08T06:30:52.507814
377.3,0.0,25.0,1073.9,5.48,6699.33,1.0,252692.2,19.5,158.0,0.42,0.35,4.15,0.01464809929287714,675.7073033116924,17.68158711265145,38.2174126660641,0.03570714214272237,0.010722750000000027,1769.4283555077816,380,Wood,2026-02-08T06:30:52.507814
377.3,0.0,25.0,1091.83,5.57,6632.67,1.0,257342.8,19.5,158.0,0.27,0.21,2.75,0.01464809929287714,675.7073033116924,17.68158711265145,38.2174126660641,0.03570714214272237,0.010722750000000027,1769.4283555077816,380,Wood,2026-02-08T06:30:52.507814
377.3,0.0,25.0,1091.83,5.57,6632.67,1.0,257342.8,19.5,158.0,0.27,0.21,2.75,0.01464809929287714,675.7073033116924,17.68158711265145,38.2174126660641,0.03570714214272237,0.010722750000000027,1769.4283555077816,380,Wood,2026-02-08T06:30:52.507814
377.3,0.0,25.0,1091.83,5.57,6632.67,1.0,257342.8,19.5,158.0,0.27,0.21,2.75,0.01464809929287714,675.7073033116924,17.68158711265145,38.2174126660641,0.03570714214272237,0.010722750000000027,1769.4283555077816,380,Wood,2026-02-08T06:30:52.507814
377.3,0.0,25.0,1091.83,5.57,6632.67,1.0,257342.8,19.5,158.0,0.27,0.21,2.75,0.01464809929287714,675.7073033116924,17.68158711265145,38.2174126660641,0.03570714214272237,0.010722750000000027,1769.4283555077816,380,Wood,2026-02-08T06:30:52.507814
377.3,0.0,25.0,1091.83,5.57,6632.67,1.0,257342.8,19.5,158.0,0.27,0.21,2.75,0.01464809929287714,675.7073033116924,17.68158711265145,38.2174126660641,0.03570714214272237,0.010722750000000027,1769.4283555077816,380,Wood,2026-02-08T06:30:52.507814
377.3,0.0,25.0,1091.83,5.57,6632.67,1.0,257342.8,19.5,158.0,0.27,0.21,2.75,0.01464809929287714,675.7073033116924,17.68158711265145,38.2174126660641,0.03570714214272237,0.010722750000000027,1769.4283555077816,380,Wood,2026-02-08T06:30:52.507814
377.2,-0.22,25.0,1123.81,5.73,6621.56,1.0,253994.9,19.5,158.0,0.13,0.08,1.31,0.01464809929287714,675.7073033116924,17.68158711265145,38.2174126660641,0.03570714214272237,0.010722750000000027,1769.4283555077816,380,Wood,2026-02-08T06:30:52.507814
377.2,-0.22,25.0,1123.81,5.73,6621.56,1.0,253994.9,19.5,158.0,0.13,0.08,1.31,0.01464809929287714,675.7073033116924,17.68158711265145,38.2174126660641,0.03570714214272237,0.010722750000000027,1769.4283555077816,380,Wood,2026-02-08T06:30:52.507814
377.2,-0.22,25.0,1123.81,5.73,6621.56,1.0,253994.9,19.5,158.0,0.13,0.08,1.31,0.01464809929287714,675.7073033116924,17.68158711265145,38.2174126660641,0.03570714214272237,0.010722750000000027,1769.4283555077816,380,Wood,2026-02-08T06:30:52.507814
387.6,0.0,25.0,856.31,4.31,11287.76,1.0,360139.5,19.3,160.0,0.15,0.14,1.5,0.011095654747787554,927.7773744793791,28.291632582590616,32.79797499360806,0.045825756949542766,0.005618999999999966,811.2877069819363,390,Wood,2026-02-08T06:31:13.549480
387.6,0.0,25.0,856.31,4.31,11287.76,1.0,360139.5,19.3,160.0,0.15,0.14,1.5,0.011095654747787554,927.7773744793791,28.291632582590616,32.79797499360806,0.045825756949542766,0.005618999999999966,811.2877069819363,390,Wood,2026-02-08T06:31:13.549480
387.6,0.0,25.0,856.31,4.31,11287.76,1.0,360139.5,19.3,160.0,0.15,0.14,1.5,0.011095654747787554,927.7773744793791,28.291632582590616,32.79797499360806,0.045825756949542766,0.005618999999999966,811.2877069819363,390,Wood,2026-02-08T06:31:13.549480
387.6,0.0,25.0,863.48,4.35,10910.02,1.0,360359.9,19.3,160.0,0.15,0.14,1.46,0.011095654747787554,927.7773744793791,28.291632582590616,32.79797499360806,0.045825756949542766,0.005618999999999966,811.2877069819363,390,Wood,2026-02-08T06:31:13.549480
387.6,0.0,25.0,863.48,4.35,10910.02,1.0,360359.9,19.3,160.0,0.15,0.14,1.46,0.011095654747787554,927.7773744793791,28.291632582590616,32.79797499360806,0.045825756949542766,0.005618999999999966,811.2877069819363,390,Wood,2026-02-08T06:31:13.549480
387.6,0.0,25.0,863.48,4.35,10910.02,1.0,360359.9,19.3,160.0,0.15,0.14,1.46,0.011095654747787554,927.7773744793791,28.291632582590616,32.79797499360806,0.045825756949542766,0.005618999999999966,811.2877069819363,390,Wood,2026-02-08T06:31:13.549480
387.6,0.0,25.0,863.48,4.35,10910.02,1.0,360359.9,19.3,160.0,0.15,0.14,1.46,0.011095654747787554,927.7773744793791,28.291632582590616,32.79797499360806,0.045825756949542766,0.005618999999999966,811.2877069819363,390,Wood,2026-02-08T06:31:13.549480
387.6,0.0,25.0,863.48,4.35,10910.02,1.0,360359.9,19.3,160.0,0.15,0.14,1.46,0.011095654747787554,927.7773744793791,28.291632582590616,32.79797499360806,0.045825756949542766,0.005618999999999966,811.2877069819363,390,Wood,2026-02-08T06:31:13.549480
387.6,0.0,25.0,863.48,4.35,10910.02,1.0,360359.9,19.3,160.0,0.15,0.14,1.46,0.011095654747787554,927.7773744793791,28.291632582590616,32.79797499360806,0.045825756949542766,0.005618999999999966,811.2877069819363,390,Wood,2026-02-08T06:31:13.549480
387.6,0.0,25.0,868.4,4.37,10910.02,1.0,358284.5,19.3,160.0,0.14,0.12,1.35,0.011095654747787554,927.7773744793791,28.291632582590616,32.79797499360806,0.045825756949542766,0.005618999999999966,811.2877069819363,390,Wood,2026-02-08T06:31:13.549480
387.6,0.0,25.0,868.4,4.37,10910.02,1.0,358284.5,19.3,160.0,0.14,0.12,1.35,0.011095654747787554,927.7773744793791,28.291632582590616,32.79797499360806,0.045825756949542766,0.005618999999999966,811.2877069819363,390,Wood,2026-02-08T06:31:13.549480
387.6,0.0,25.0,868.4,4.37,10910.02,1.0,358284.5,19.3,160.0,0.14,0.12,1.35,0.011095654747787554,927.7773744793791,28.291632582590616,32.79797499360806,0.045825756949542766,0.005618999999999966,811.2877069819363,390,Wood,2026-02-08T06:31:13.549480
387.6,0.0,25.0,868.4,4.37,10910.02,1.0,358284.5,19.3,160.0,0.14,0.12,1.35,0.011095654747787554,927.7773744793791,28.291632582590616,32.79797499360806,0.045825756949542766,0.005618999999999966,811.2877069819363,390,Wood,2026-02-08T06:31:13.549480
387.6,0.0,25.0,868.4,4.37,10910.02,1.0,358284.5,19.3,160.0,0.14,0.12,1.35,0.011095654747787554,927.7773744793791,28.291632582590616,32.79797499360806,0.045825756949542766,0.005618999999999966,811.2877069819363,390,Wood,2026-02-08T06:31:13.549480
387.7,0.43,25.0,833.04,4.19,10910.02,1.0,359781.1,19.3,160.0,0.12,0.09,1.24,0.011095654747787554,927.7773744793791,28.291632582590616,32.79797499360806,0.045825756949542766,0.005618999999999966,811.2877069819363,390,Wood,2026-02-08T06:31:13.549480
387.7,0.43,25.0,833.04,4.19,10910.02,1.0,359781.1,19.3,160.0,0.12,0.09,1.24,0.011095654747787554,927.7773744793791,28.291632582590616,32.79797499360806,0.045825756949542766,0.005618999999999966,811.2877069819363,390,Wood,2026-02-08T06:31:13.549480
387.7,0.43,25.0,833.04,4.19,10910.02,1.0,359781.1,19.3,160.0,0.12,0.09,1.24,0.011095654747787554,927.7773744793791,28.291632582590616,32.79797499360806,0.045825756949542766,0.005618999999999966,811.2877069819363,390,Wood,2026-02-08T06:31:13.549480
387.7,0.43,25.0,833.04,4.19,10910.02,1.0,359781.1,19.3,160.0,0.12,0.09,1.24,0.011095654747787554,927.7773744793791,28.291632582590616,32.79797499360806,0.045825756949542766,0.005618999999999966,811.2877069819363,390,Wood,2026-02-08T06:31:13.549480
387.7,0.43,25.0,833.04,4.19,10910.02,1.0,359781.1,19.3,160.0,0.12,0.09,1.24,0.011095654747787554,927.7773744793791,28.291632582590616,32.79797499360806,0.045825756949542766,0.005618999999999966,811.2877069819363,390,Wood,2026-02-08T06:31:13.549480
387.7,0.43,25.0,833.04,4.19,10910.02,1.0,359781.1,19.3,160.0,0.12,0.09,1.24,0.011095654747787554,927.7773744793791,28.291632582590616,32.79797499360806,0.045825756949542766,0.005618999999999966,811.2877069819363,390,Wood,2026-02-08T06:31:13.549480
397.7,-1.07,25.0,810.21,4.11,11065.56,1.0,348745.1,19.3,160.0,0.28,0.26,2.77,0.010664207395762163,681.3541623488751,19.723742794015173,35.1919887487977,0.14491376746189205,0.009638999999999997,51039.569603458396,400,Wood,2026-02-08T06:31:32.561915
397.7,-1.07,25.0,810.21,4.11,11065.56,1.0,348745.1,19.3,160.0,0.28,0.26,2.77,0.010664207395762163,681.3541623488751,19.723742794015173,35.1919887487977,0.14491376746189205,0.009638999999999997,51039.569603458396,400,Wood,2026-02-08T06:31:32.561915
397.7,-1.07,25.0,810.21,4.11,11065.56,1.0,348745.1,19.3,160.0,0.28,0.26,2.77,0.010664207395762163,681.3541623488751,19.723742794015173,35.1919887487977,0.14491376746189205,0.009638999999999997,51039.569603458396,400,Wood,2026-02-08T06:31:32.561915
397.7,-1.07,25.0,810.21,4.11,11065.56,1.0,348745.1,19.3,160.0,0.28,0.26,2.77,0.010664207395762163,681.3541623488751,19.723742794015173,35.1919887487977,0.14491376746189205,0.009638999999999997,51039.569603458396,400,Wood,2026-02-08T06:31:32.561915
397.7,-1.07,25.0,810.21,4.11,11065.56,1.0,348745.1,19.3,160.0,0.28,0.26,2.77,0.010664207395762163,681.3541623488751,19.723742794015173,35.1919887487977,0.14491376746189205,0.009638999999999997,51039.569603458396,400,Wood,2026-02-08T06:31:32.561915
397.7,-1.07,25.0,810.21,4.11,11065.56,1.0,348745.1,19.3,160.0,0.28,0.26,2.77,0.010664207395762163,681.3541623488751,19.723742794015173,35.1919887487977,0.14491376746189205,0.009638999999999997,51039.569603458396,400,Wood,2026-02-08T06:31:32.561915
397.5,-1.08,25.0,853.42,4.32,6466.02,1.0,233911.4,19.5,158.0,0.26,0.24,2.64,0.010664207395762163,681.3541623488751,19.723742794015173,35.1919887487977,0.14491376746189205,0.009638999999999997,51039.569603458396,400,Wood,2026-02-08T06:31:32.561915
397.5,-1.08,25.0,853.42,4.32,6466.02,1.0,233911.4,19.5,158.0,0.26,0.24,2.64,0.010664207395762163,681.3541623488751,19.723742794015173,35.1919887487977,0.14491376746189205,0.009638999999999997,51039.569603458396,400,Wood,2026-02-08T06:31:32.561915
397.5,-1.08,25.0,853.42,4.32,6466.02,1.0,233911.4,19.5,158.0,0.26,0.24,2.64,0.010664207395762163,681.3541623488751,19.723742794015173,35.1919887487977,0.14491376746189205,0.009638999999999997,51039.569603458396,400,Wood,2026-02-08T06:31:32.561915
397.5,-1.08,25.0,853.42,4.32,6466.02,1.0,233911.4,19.5,158.0,0.26,0.24,2.64,0.010664207395762163,681.3541623488751,19.723742794015173,35.1919887487977,0.14491376746189205,0.009638999999999997,51039.569603458396,400,Wood,2026-02-08T06:31:32.561915
397.5,-1.08,25.0,853.42,4.32,6466.02,1.0,233911.4,19.5,158.0,0.26,0.24,2.64,0.010664207395762163,681.3541623488751,19.723742794015173,35.1919887487977,0.14491376746189205,0.009638999999999997,51039.569603458396,400,Wood,2026-02-08T06:31:32.561915
397.4,-0.65,25.0,855.34,4.33,6454.91,1.0,239432.0,19.5,158.0,0.26,0.23,2.56,0.010664207395762163,681.3541623488751,19.723742794015173,35.1919887487977,0.14491376746189205,0.009638999999999997,51039.569603458396,400,Wood,2026-02-08T06:31:32.561915
397.4,-0.65,25.0,855.34,4.33,6454.91,1.0,239432.0,19.5,158.0,0.26,0.23,2.56,0.010664207395762163,681.3541623488751,19.723742794015173,35.1919887487977,0.14491376746189205,0.009638999999999997,51039.569603458396,400,Wood,2026-02-08T06:31:32.561915
397.4,-0.65,25.0,855.34,4.33,6454.91,1.0,239432.0,19.5,158.0,0.26,0.23,2.56,0.010664207395762163,681.3541623488751,19.723742794015173,35.1919887487977,0.14491376746189205,0.009638999999999997,51039.569603458396,400,Wood,2026-02-08T06:31:32.561915
397.4,-0.65,25.0,855.34,4.33,6454.91,1.0,239432.0,19.5,158.0,0.26,0.23,2.56,0.010664207395762163,681.3541623488751,19.723742794015173,35.1919887487977,0.14491376746189205,0.009638999999999997,51039.569603458396,400,Wood,2026-02-08T06:31:32.561915
397.4,-0.65,25.0,855.34,4.33,6454.91,1.0,239432.0,19.5,158.0,0.26,0.23,2.56,0.010664207395762163,681.3541623488751,19.723742794015173,35.1919887487977,0.14491376746189205,0.009638999999999997,51039.569603458396,400,Wood,2026-02-08T06:31:32.561915
397.4,-0.65,25.0,855.34,4.33,6454.91,1.0,239432.0,19.5,158.0,0.26,0.23,2.56,0.010664207395762163,681.3541623488751,19.723742794015173,35.1919887487977,0.14491376746189205,0.009638999999999997,51039.569603458396,400,Wood,2026-02-08T06:31:32.561915
397.3,-0.43,25.0,826.11,4.18,6454.91,1.0,239491.7,19.5,158.0,0.26,0.23,2.56,0.010664207395762163,681.3541623488751,19.723742794015173,35.1919887487977,0.14491376746189205,0.009638999999999997,51039.569603458396,400,Wood,2026-02-08T06:31:32.561915
397.3,-0.43,25.0,826.11,4.18,6454.91,1.0,239491.7,19.5,158.0,0.26,0.23,2.56,0.010664207395762163,681.3541623488751,19.723742794015173,35.1919887487977,0.14491376746189205,0.009638999999999997,51039.569603458396,400,Wood,2026-02-08T06:31:32.561915
397.3,-0.43,25.0,826.11,4.18,6454.91,1.0,239491.7,19.5,158.0,0.26,0.23,2.56,0.010664207395762163,681.3541623488751,19.723742794015173,35.1919887487977,0.14491376746189205,0.009638999999999997,51039.569603458396,400,Wood,2026-02-08T06:31:32.561915
